series,plot_record_kind,series_kind,sampling_scheme,beta0,beta,temperature,method,energy_per_site,energy_error_per_site,energy_error_available,error_definition,sse_energy_per_site_at_same_beta,sse_energy_mcse_at_same_beta,difference_from_sse,absolute_difference_from_sse,combined_statistical_error,difference_over_combined_error,contributes_to_energy_panel,specific_heat_per_site,specific_heat_error_per_site,specific_heat_error_available,specific_heat_definition,specific_heat_error_definition,specific_heat_beta_left,specific_heat_beta_right,specific_heat_temperature_left,specific_heat_temperature_right,contributes_to_specific_heat_panel,contributes_to_absolute_error_panel,number_of_bootstrap_replicates,number_of_samples,D,DSETTN,source_path
SSE,data_knot,reference,SSE,,0.10000000000000001,10,SSE,-1.0363413556417129,0.00014654710681766495,true,energy_final_mcse,,,,,,,true,0.095274246903239754,0.00012449503520367653,true,SSE fluctuation estimator from input aggregate,heat_capacity_final_mcse,,,,,true,false,,,,,/Users/jxgao/project/2026-Hackathon/HarnessingQuantum-2026/QuantumMC-Methods/results/prelearning/tables/tfim-sse-l10-h3-critical-beta16-aggregate-2026-07-29.csv
SSE,data_knot,reference,SSE,,0.5,2,SSE,-2.9067928962707699,8.6957843385190029e-05,true,energy_final_mcse,,,,,,,true,0.34000701189032678,0.00073508326910246404,true,SSE fluctuation estimator from input aggregate,heat_capacity_final_mcse,,,,,true,false,,,,,/Users/jxgao/project/2026-Hackathon/HarnessingQuantum-2026/QuantumMC-Methods/results/prelearning/tables/tfim-sse-l10-h3-critical-beta16-aggregate-2026-07-29.csv
SSE,data_knot,reference,SSE,,1,1,SSE,-3.1389534854889081,5.9308109328284641e-05,true,energy_final_mcse,,,,,,,true,0.10376905845631405,0.001455229080233403,true,SSE fluctuation estimator from input aggregate,heat_capacity_final_mcse,,,,,true,false,,,,,/Users/jxgao/project/2026-Hackathon/HarnessingQuantum-2026/QuantumMC-Methods/results/prelearning/tables/tfim-sse-l10-h3-critical-beta16-aggregate-2026-07-29.csv
SSE,data_knot,reference,SSE,,2,0.5,SSE,-3.1670337573687259,4.3875955397721998e-05,true,energy_final_mcse,,,,,,,true,0.020473551687248924,0.0033829456964974453,true,SSE fluctuation estimator from input aggregate,heat_capacity_final_mcse,,,,,true,false,,,,,/Users/jxgao/project/2026-Hackathon/HarnessingQuantum-2026/QuantumMC-Methods/results/prelearning/tables/tfim-sse-l10-h3-critical-beta16-aggregate-2026-07-29.csv
SSE,data_knot,reference,SSE,,3,0.33333333333333331,SSE,-3.1693065201441639,3.6483270651704813e-05,true,energy_final_mcse,,,,,,,true,0.011478846117343974,0.0042450820714940917,true,SSE fluctuation estimator from input aggregate,heat_capacity_final_mcse,,,,,true,false,,,,,/Users/jxgao/project/2026-Hackathon/HarnessingQuantum-2026/QuantumMC-Methods/results/prelearning/tables/tfim-sse-l10-h3-critical-beta16-aggregate-2026-07-29.csv
SSE,data_knot,reference,SSE,,4,0.25,SSE,-3.1698331457773445,3.8692992591750324e-05,true,energy_final_mcse,,,,,,,true,0.0041734098199112512,0.0059429339848241841,true,SSE fluctuation estimator from input aggregate,heat_capacity_final_mcse,,,,,true,false,,,,,/Users/jxgao/project/2026-Hackathon/HarnessingQuantum-2026/QuantumMC-Methods/results/prelearning/tables/tfim-sse-l10-h3-critical-beta16-aggregate-2026-07-29.csv
SSE,data_knot,reference,SSE,,5,0.20000000000000001,SSE,-3.1699199651718346,2.9543246561417826e-05,true,energy_final_mcse,,,,,,,true,0.0046698848576705327,0.0078892891143255775,true,SSE fluctuation estimator from input aggregate,heat_capacity_final_mcse,,,,,true,false,,,,,/Users/jxgao/project/2026-Hackathon/HarnessingQuantum-2026/QuantumMC-Methods/results/prelearning/tables/tfim-sse-l10-h3-critical-beta16-aggregate-2026-07-29.csv
SSE,data_knot,reference,SSE,,6,0.16666666666666666,SSE,-3.1699495888286267,2.6858954285257616e-05,true,energy_final_mcse,,,,,,,true,0.0015850086877777633,0.0086897759500448746,true,SSE fluctuation estimator from input aggregate,heat_capacity_final_mcse,,,,,true,false,,,,,/Users/jxgao/project/2026-Hackathon/HarnessingQuantum-2026/QuantumMC-Methods/results/prelearning/tables/tfim-sse-l10-h3-critical-beta16-aggregate-2026-07-29.csv
SSE,data_knot,reference,SSE,,7,0.14285714285714285,SSE,-3.1699605157488882,2.5059348866873719e-05,true,energy_final_mcse,,,,,,,true,-0.013813560808370673,0.014254555883932901,true,SSE fluctuation estimator from input aggregate,heat_capacity_final_mcse,,,,,true,false,,,,,/Users/jxgao/project/2026-Hackathon/HarnessingQuantum-2026/QuantumMC-Methods/results/prelearning/tables/tfim-sse-l10-h3-critical-beta16-aggregate-2026-07-29.csv
SSE,data_knot,reference,SSE,,8,0.125,SSE,-3.16998120558261,2.3693167659023988e-05,true,energy_final_mcse,,,,,,,true,-0.0019265783030824935,0.011829574242920284,true,SSE fluctuation estimator from input aggregate,heat_capacity_final_mcse,,,,,true,false,,,,,/Users/jxgao/project/2026-Hackathon/HarnessingQuantum-2026/QuantumMC-Methods/results/prelearning/tables/tfim-sse-l10-h3-critical-beta16-aggregate-2026-07-29.csv
SSE,data_knot,reference,SSE,,9,0.1111111111111111,SSE,-3.1699802803463553,2.2386639750152277e-05,true,energy_final_mcse,,,,,,,true,-0.0066141722764989008,0.015287848836530966,true,SSE fluctuation estimator from input aggregate,heat_capacity_final_mcse,,,,,true,false,,,,,/Users/jxgao/project/2026-Hackathon/HarnessingQuantum-2026/QuantumMC-Methods/results/prelearning/tables/tfim-sse-l10-h3-critical-beta16-aggregate-2026-07-29.csv
SSE,data_knot,reference,SSE,,10,0.10000000000000001,SSE,-3.1699609834353737,2.1568712764459014e-05,true,energy_final_mcse,,,,,,,true,-0.024774618626195604,0.014871565121443964,true,SSE fluctuation estimator from input aggregate,heat_capacity_final_mcse,,,,,true,false,,,,,/Users/jxgao/project/2026-Hackathon/HarnessingQuantum-2026/QuantumMC-Methods/results/prelearning/tables/tfim-sse-l10-h3-critical-beta16-aggregate-2026-07-29.csv
SSE,data_knot,reference,SSE,,11,0.090909090909090912,SSE,-3.1699935445785701,2.0356766568949295e-05,true,energy_final_mcse,,,,,,,true,-0.01685951546117085,0.016351042543371268,true,SSE fluctuation estimator from input aggregate,heat_capacity_final_mcse,,,,,true,false,,,,,/Users/jxgao/project/2026-Hackathon/HarnessingQuantum-2026/QuantumMC-Methods/results/prelearning/tables/tfim-sse-l10-h3-critical-beta16-aggregate-2026-07-29.csv
SSE,data_knot,reference,SSE,,12,0.083333333333333329,SSE,-3.1699690398904976,1.9739267008127378e-05,true,energy_final_mcse,,,,,,,true,-0.0046965157126646305,0.017824149880846525,true,SSE fluctuation estimator from input aggregate,heat_capacity_final_mcse,,,,,true,false,,,,,/Users/jxgao/project/2026-Hackathon/HarnessingQuantum-2026/QuantumMC-Methods/results/prelearning/tables/tfim-sse-l10-h3-critical-beta16-aggregate-2026-07-29.csv
SSE,data_knot,reference,SSE,,13,0.076923076923076927,SSE,-3.1699980550668365,1.9000291621177575e-05,true,energy_final_mcse,,,,,,,true,-0.019013545008334142,0.019314866020962423,true,SSE fluctuation estimator from input aggregate,heat_capacity_final_mcse,,,,,true,false,,,,,/Users/jxgao/project/2026-Hackathon/HarnessingQuantum-2026/QuantumMC-Methods/results/prelearning/tables/tfim-sse-l10-h3-critical-beta16-aggregate-2026-07-29.csv
SSE,data_knot,reference,SSE,,14,0.071428571428571425,SSE,-3.1699494120053333,2.0206270432997582e-05,true,energy_final_mcse,,,,,,,true,0.0055776562738143612,0.020758726596278414,true,SSE fluctuation estimator from input aggregate,heat_capacity_final_mcse,,,,,true,false,,,,,/Users/jxgao/project/2026-Hackathon/HarnessingQuantum-2026/QuantumMC-Methods/results/prelearning/tables/tfim-sse-l10-h3-critical-beta16-aggregate-2026-07-29.csv
SSE,data_knot,reference,SSE,,15,0.066666666666666666,SSE,-3.1700175520791465,1.7887569196158749e-05,true,energy_final_mcse,,,,,,,true,-0.024926886065432811,0.023040498459290307,true,SSE fluctuation estimator from input aggregate,heat_capacity_final_mcse,,,,,true,false,,,,,/Users/jxgao/project/2026-Hackathon/HarnessingQuantum-2026/QuantumMC-Methods/results/prelearning/tables/tfim-sse-l10-h3-critical-beta16-aggregate-2026-07-29.csv
SSE,data_knot,reference,SSE,,16,0.0625,SSE,-3.1699823721448563,2.0250299964097677e-05,true,energy_final_mcse,,,,,,,true,0.0070007232459904038,0.028330061314211761,true,SSE fluctuation estimator from input aggregate,heat_capacity_final_mcse,,,,,true,false,,,,,/Users/jxgao/project/2026-Hackathon/HarnessingQuantum-2026/QuantumMC-Methods/results/prelearning/tables/tfim-sse-l10-h3-critical-beta16-aggregate-2026-07-29.csv
stoMPS,data_knot,born_hybrid,purification_born_sequential_v1,3.0517578125e-05,3.0517578125e-05,32768,Born-sampled stoMPS,-0.029454931523966613,0.023365786869759219,true,weighted_sample_standard_error,,,,,,,true,,,false,,,,,,,false,false,,100,256,128,/Users/jxgao/project/stoMPS/example/Z2transverseIsing/data/Z2TFIM_Open_W10xL10_J1.0_h3.0_D256_DSETTN128_Dfilterexact_born_beta03.0517578125e-5_bmax16.0_tdvptol1.0e-12_filtertol1.0e-14/energy_temperature.jld2
stoMPS,data_knot,born_hybrid,purification_born_sequential_v1,3.0517578125e-05,6.103515625e-05,16384,Born-sampled stoMPS,-0.029804395025856915,0.023364133731316662,true,weighted_sample_standard_error,,,,,,,true,,,false,,,,,,,false,false,,100,256,128,/Users/jxgao/project/stoMPS/example/Z2transverseIsing/data/Z2TFIM_Open_W10xL10_J1.0_h3.0_D256_DSETTN128_Dfilterexact_born_beta03.0517578125e-5_bmax16.0_tdvptol1.0e-12_filtertol1.0e-14/energy_temperature.jld2
stoMPS,data_knot,born_hybrid,purification_born_sequential_v1,3.0517578125e-05,0.0001220703125,8192,Born-sampled stoMPS,-0.030503259963133127,0.023360974526480449,true,weighted_sample_standard_error,,,,,,,true,,,false,,,,,,,false,false,,100,256,128,/Users/jxgao/project/stoMPS/example/Z2transverseIsing/data/Z2TFIM_Open_W10xL10_J1.0_h3.0_D256_DSETTN128_Dfilterexact_born_beta03.0517578125e-5_bmax16.0_tdvptol1.0e-12_filtertol1.0e-14/energy_temperature.jld2
stoMPS,data_knot,born_hybrid,purification_born_sequential_v1,3.0517578125e-05,0.000244140625,4096,Born-sampled stoMPS,-0.031900736976448123,0.023355244656329387,true,weighted_sample_standard_error,,,,,,,true,,,false,,,,,,,false,false,,100,256,128,/Users/jxgao/project/stoMPS/example/Z2transverseIsing/data/Z2TFIM_Open_W10xL10_J1.0_h3.0_D256_DSETTN128_Dfilterexact_born_beta03.0517578125e-5_bmax16.0_tdvptol1.0e-12_filtertol1.0e-14/energy_temperature.jld2
stoMPS,data_knot,born_hybrid,purification_born_sequential_v1,3.0517578125e-05,0.00048828125,2048,Born-sampled stoMPS,-0.034694642699430095,0.023346140902000809,true,weighted_sample_standard_error,,,,,,,true,,,false,,,,,,,false,false,,100,256,128,/Users/jxgao/project/stoMPS/example/Z2transverseIsing/data/Z2TFIM_Open_W10xL10_J1.0_h3.0_D256_DSETTN128_Dfilterexact_born_beta03.0517578125e-5_bmax16.0_tdvptol1.0e-12_filtertol1.0e-14/energy_temperature.jld2
stoMPS,data_knot,born_hybrid,purification_born_sequential_v1,3.0517578125e-05,0.0009765625,1024,Born-sampled stoMPS,-0.040277964569094722,0.023337368849082482,true,weighted_sample_standard_error,,,,,,,true,,,false,,,,,,,false,false,,100,256,128,/Users/jxgao/project/stoMPS/example/Z2transverseIsing/data/Z2TFIM_Open_W10xL10_J1.0_h3.0_D256_DSETTN128_Dfilterexact_born_beta03.0517578125e-5_bmax16.0_tdvptol1.0e-12_filtertol1.0e-14/energy_temperature.jld2
stoMPS,data_knot,born_hybrid,purification_born_sequential_v1,3.0517578125e-05,0.001953125,512,Born-sampled stoMPS,-0.051424257207108942,0.023357602973056623,true,weighted_sample_standard_error,,,,,,,true,,,false,,,,,,,false,false,,100,256,128,/Users/jxgao/project/stoMPS/example/Z2transverseIsing/data/Z2TFIM_Open_W10xL10_J1.0_h3.0_D256_DSETTN128_Dfilterexact_born_beta03.0517578125e-5_bmax16.0_tdvptol1.0e-12_filtertol1.0e-14/energy_temperature.jld2
stoMPS,data_knot,born_hybrid,purification_born_sequential_v1,3.0517578125e-05,0.00390625,256,Born-sampled stoMPS,-0.073616010250744338,0.023548408185265796,true,weighted_sample_standard_error,,,,,,,true,,,false,,,,,,,false,false,,100,256,128,/Users/jxgao/project/stoMPS/example/Z2transverseIsing/data/Z2TFIM_Open_W10xL10_J1.0_h3.0_D256_DSETTN128_Dfilterexact_born_beta03.0517578125e-5_bmax16.0_tdvptol1.0e-12_filtertol1.0e-14/energy_temperature.jld2
stoMPS,data_knot,born_hybrid,purification_born_sequential_v1,3.0517578125e-05,0.0078125,128,Born-sampled stoMPS,-0.11743836930865775,0.024503914677053769,true,weighted_sample_standard_error,,,,,,,true,,,false,,,,,,,false,false,,100,256,128,/Users/jxgao/project/stoMPS/example/Z2transverseIsing/data/Z2TFIM_Open_W10xL10_J1.0_h3.0_D256_DSETTN128_Dfilterexact_born_beta03.0517578125e-5_bmax16.0_tdvptol1.0e-12_filtertol1.0e-14/energy_temperature.jld2
stoMPS,data_knot,born_hybrid,purification_born_sequential_v1,3.0517578125e-05,0.015625,64,Born-sampled stoMPS,-0.20160857382113323,0.028144249104431873,true,weighted_sample_standard_error,,,,,,,true,,,false,,,,,,,false,false,,100,256,128,/Users/jxgao/project/stoMPS/example/Z2transverseIsing/data/Z2TFIM_Open_W10xL10_J1.0_h3.0_D256_DSETTN128_Dfilterexact_born_beta03.0517578125e-5_bmax16.0_tdvptol1.0e-12_filtertol1.0e-14/energy_temperature.jld2
stoMPS,data_knot,born_hybrid,purification_born_sequential_v1,3.0517578125e-05,0.03125,32,Born-sampled stoMPS,-0.34860451268892673,0.036267125747864337,true,weighted_sample_standard_error,,,,,,,true,,,false,,,,,,,false,false,,100,256,128,/Users/jxgao/project/stoMPS/example/Z2transverseIsing/data/Z2TFIM_Open_W10xL10_J1.0_h3.0_D256_DSETTN128_Dfilterexact_born_beta03.0517578125e-5_bmax16.0_tdvptol1.0e-12_filtertol1.0e-14/energy_temperature.jld2
stoMPS,data_knot,born_hybrid,purification_born_sequential_v1,3.0517578125e-05,0.0625,16,Born-sampled stoMPS,-0.55011333052110489,0.04091885452054897,true,weighted_sample_standard_error,,,,,,,true,,,false,,,,,,,false,false,,100,256,128,/Users/jxgao/project/stoMPS/example/Z2transverseIsing/data/Z2TFIM_Open_W10xL10_J1.0_h3.0_D256_DSETTN128_Dfilterexact_born_beta03.0517578125e-5_bmax16.0_tdvptol1.0e-12_filtertol1.0e-14/energy_temperature.jld2
stoMPS,data_knot,born_hybrid,purification_born_sequential_v1,3.0517578125e-05,0.125,8,Born-sampled stoMPS,-0.79119506116914506,0.038223352910198558,true,weighted_sample_standard_error,,,,,,,true,,,false,,,,,,,false,false,,100,256,128,/Users/jxgao/project/stoMPS/example/Z2transverseIsing/data/Z2TFIM_Open_W10xL10_J1.0_h3.0_D256_DSETTN128_Dfilterexact_born_beta03.0517578125e-5_bmax16.0_tdvptol1.0e-12_filtertol1.0e-14/energy_temperature.jld2
stoMPS,data_knot,born_hybrid,purification_born_sequential_v1,3.0517578125e-05,0.25,4,Born-sampled stoMPS,-1.3508932129161983,0.030827670567506543,true,weighted_sample_standard_error,,,,,,,true,,,false,,,,,,,false,false,,100,256,128,/Users/jxgao/project/stoMPS/example/Z2transverseIsing/data/Z2TFIM_Open_W10xL10_J1.0_h3.0_D256_DSETTN128_Dfilterexact_born_beta03.0517578125e-5_bmax16.0_tdvptol1.0e-12_filtertol1.0e-14/energy_temperature.jld2
stoMPS,data_knot,born_hybrid,purification_born_sequential_v1,3.0517578125e-05,0.5,2,Born-sampled stoMPS,-2.6395173817099415,0.01361102822414258,true,weighted_sample_standard_error,-2.9067928962707699,8.6957843385190029e-05,0.26727551456082832,0.26727551456082832,0.013611305998504778,19.636287259296715,true,,,false,,,,,,,false,true,,100,256,128,/Users/jxgao/project/stoMPS/example/Z2transverseIsing/data/Z2TFIM_Open_W10xL10_J1.0_h3.0_D256_DSETTN128_Dfilterexact_born_beta03.0517578125e-5_bmax16.0_tdvptol1.0e-12_filtertol1.0e-14/energy_temperature.jld2
stoMPS,data_knot,born_hybrid,purification_born_sequential_v1,3.0517578125e-05,1,1,Born-sampled stoMPS,-3.0949085368133034,0.0034716448367658227,true,weighted_sample_standard_error,-3.1389534854889081,5.9308109328284641e-05,0.044044948675604711,0.044044948675604711,0.0034721513971131632,12.685203966689016,true,,,false,,,,,,,false,true,,100,256,128,/Users/jxgao/project/stoMPS/example/Z2transverseIsing/data/Z2TFIM_Open_W10xL10_J1.0_h3.0_D256_DSETTN128_Dfilterexact_born_beta03.0517578125e-5_bmax16.0_tdvptol1.0e-12_filtertol1.0e-14/energy_temperature.jld2
stoMPS,data_knot,born_hybrid,purification_born_sequential_v1,3.0517578125e-05,1.5,0.66666666666666663,Born-sampled stoMPS,-3.1442847669437088,0.00092695859172716583,true,weighted_sample_standard_error,,,,,,,true,,,false,,,,,,,false,false,,100,256,128,/Users/jxgao/project/stoMPS/example/Z2transverseIsing/data/Z2TFIM_Open_W10xL10_J1.0_h3.0_D256_DSETTN128_Dfilterexact_born_beta03.0517578125e-5_bmax16.0_tdvptol1.0e-12_filtertol1.0e-14/energy_temperature.jld2
stoMPS,data_knot,born_hybrid,purification_born_sequential_v1,3.0517578125e-05,2,0.5,Born-sampled stoMPS,-3.1558374246137508,0.00073192010946933686,true,weighted_sample_standard_error,-3.1670337573687259,4.3875955397721998e-05,0.011196332754975113,0.011196332754975113,0.00073323403228960191,15.269794174737585,true,,,false,,,,,,,false,true,,100,256,128,/Users/jxgao/project/stoMPS/example/Z2transverseIsing/data/Z2TFIM_Open_W10xL10_J1.0_h3.0_D256_DSETTN128_Dfilterexact_born_beta03.0517578125e-5_bmax16.0_tdvptol1.0e-12_filtertol1.0e-14/energy_temperature.jld2
stoMPS,data_knot,born_hybrid,purification_born_sequential_v1,3.0517578125e-05,3,0.33333333333333331,Born-sampled stoMPS,-3.160439646553725,0.0013706442138469168,true,weighted_sample_standard_error,-3.1693065201441639,3.6483270651704813e-05,0.0088668735904389173,0.0088668735904389173,0.0013711296765767556,6.4668380693039076,true,,,false,,,,,,,false,true,,100,256,128,/Users/jxgao/project/stoMPS/example/Z2transverseIsing/data/Z2TFIM_Open_W10xL10_J1.0_h3.0_D256_DSETTN128_Dfilterexact_born_beta03.0517578125e-5_bmax16.0_tdvptol1.0e-12_filtertol1.0e-14/energy_temperature.jld2
stoMPS,data_knot,born_hybrid,purification_born_sequential_v1,3.0517578125e-05,4,0.25,Born-sampled stoMPS,-3.1623116443279184,0.0014703665999790208,true,weighted_sample_standard_error,-3.1698331457773445,3.8692992591750324e-05,0.0075215014494260934,0.0075215014494260934,0.0014708756188099559,5.1136216776178047,true,,,false,,,,,,,false,true,,100,256,128,/Users/jxgao/project/stoMPS/example/Z2transverseIsing/data/Z2TFIM_Open_W10xL10_J1.0_h3.0_D256_DSETTN128_Dfilterexact_born_beta03.0517578125e-5_bmax16.0_tdvptol1.0e-12_filtertol1.0e-14/energy_temperature.jld2
stoMPS,data_knot,born_hybrid,purification_born_sequential_v1,3.0517578125e-05,5,0.20000000000000001,Born-sampled stoMPS,-3.1647131270444344,0.0015110699056672791,true,weighted_sample_standard_error,-3.1699199651718346,2.9543246561417826e-05,0.0052068381274001929,0.0052068381274001929,0.0015113586811973882,3.4451372742802695,true,,,false,,,,,,,false,true,,100,256,128,/Users/jxgao/project/stoMPS/example/Z2transverseIsing/data/Z2TFIM_Open_W10xL10_J1.0_h3.0_D256_DSETTN128_Dfilterexact_born_beta03.0517578125e-5_bmax16.0_tdvptol1.0e-12_filtertol1.0e-14/energy_temperature.jld2
stoMPS,data_knot,born_hybrid,purification_born_sequential_v1,3.0517578125e-05,6,0.16666666666666666,Born-sampled stoMPS,-3.1671254148255752,0.0015500600829061243,true,weighted_sample_standard_error,-3.1699495888286267,2.6858954285257616e-05,0.0028241740030514606,0.0028241740030514606,0.0015502927672037428,1.8217036567521454,true,,,false,,,,,,,false,true,,100,256,128,/Users/jxgao/project/stoMPS/example/Z2transverseIsing/data/Z2TFIM_Open_W10xL10_J1.0_h3.0_D256_DSETTN128_Dfilterexact_born_beta03.0517578125e-5_bmax16.0_tdvptol1.0e-12_filtertol1.0e-14/energy_temperature.jld2
stoMPS,data_knot,born_hybrid,purification_born_sequential_v1,3.0517578125e-05,7,0.14285714285714285,Born-sampled stoMPS,-3.1687102904063136,0.0015486742662181002,true,weighted_sample_standard_error,-3.1699605157488882,2.5059348866873719e-05,0.0012502253425745735,0.0012502253425745735,0.0015488769976379024,0.80718181268184352,true,,,false,,,,,,,false,true,,100,256,128,/Users/jxgao/project/stoMPS/example/Z2transverseIsing/data/Z2TFIM_Open_W10xL10_J1.0_h3.0_D256_DSETTN128_Dfilterexact_born_beta03.0517578125e-5_bmax16.0_tdvptol1.0e-12_filtertol1.0e-14/energy_temperature.jld2
stoMPS,data_knot,born_hybrid,purification_born_sequential_v1,3.0517578125e-05,8,0.125,Born-sampled stoMPS,-3.1694727874059709,0.0015129659653061022,true,weighted_sample_standard_error,-3.16998120558261,2.3693167659023988e-05,0.0005084181766390472,0.0005084181766390472,0.0015131514723808533,0.33599952544016076,true,,,false,,,,,,,false,true,,100,256,128,/Users/jxgao/project/stoMPS/example/Z2transverseIsing/data/Z2TFIM_Open_W10xL10_J1.0_h3.0_D256_DSETTN128_Dfilterexact_born_beta03.0517578125e-5_bmax16.0_tdvptol1.0e-12_filtertol1.0e-14/energy_temperature.jld2
stoMPS,data_knot,born_hybrid,purification_born_sequential_v1,3.0517578125e-05,9,0.1111111111111111,Born-sampled stoMPS,-3.1697843433702992,0.0014850768904493255,true,weighted_sample_standard_error,-3.1699802803463553,2.2386639750152277e-05,0.00019593697605602145,0.00019593697605602145,0.0014852456134208714,0.13192227217202973,true,,,false,,,,,,,false,true,,100,256,128,/Users/jxgao/project/stoMPS/example/Z2transverseIsing/data/Z2TFIM_Open_W10xL10_J1.0_h3.0_D256_DSETTN128_Dfilterexact_born_beta03.0517578125e-5_bmax16.0_tdvptol1.0e-12_filtertol1.0e-14/energy_temperature.jld2
stoMPS,data_knot,born_hybrid,purification_born_sequential_v1,3.0517578125e-05,10,0.10000000000000001,Born-sampled stoMPS,-3.1699030463652353,0.0014713465991852853,true,weighted_sample_standard_error,-3.1699609834353737,2.1568712764459014e-05,5.793707013834748e-05,5.793707013834748e-05,0.0014715046803542354,0.039372671328779113,true,,,false,,,,,,,false,true,,100,256,128,/Users/jxgao/project/stoMPS/example/Z2transverseIsing/data/Z2TFIM_Open_W10xL10_J1.0_h3.0_D256_DSETTN128_Dfilterexact_born_beta03.0517578125e-5_bmax16.0_tdvptol1.0e-12_filtertol1.0e-14/energy_temperature.jld2
stoMPS,data_knot,born_hybrid,purification_born_sequential_v1,3.0517578125e-05,11,0.090909090909090912,Born-sampled stoMPS,-3.1699470871691751,0.0014303322971466609,true,weighted_sample_standard_error,-3.1699935445785701,2.0356766568949295e-05,4.6457409395017635e-05,4.6457409395017635e-05,0.0014304771505361373,0.032476862267674517,true,,,false,,,,,,,false,true,,100,256,128,/Users/jxgao/project/stoMPS/example/Z2transverseIsing/data/Z2TFIM_Open_W10xL10_J1.0_h3.0_D256_DSETTN128_Dfilterexact_born_beta03.0517578125e-5_bmax16.0_tdvptol1.0e-12_filtertol1.0e-14/energy_temperature.jld2
stoMPS,data_knot,born_hybrid,purification_born_sequential_v1,3.0517578125e-05,12,0.083333333333333329,Born-sampled stoMPS,-3.1699632790646786,0.0013375981765502958,true,weighted_sample_standard_error,-3.1699690398904976,1.9739267008127378e-05,5.7608258190455786e-06,5.7608258190455786e-06,0.0013377438172433071,0.0043063744678087396,true,,,false,,,,,,,false,true,,100,256,128,/Users/jxgao/project/stoMPS/example/Z2transverseIsing/data/Z2TFIM_Open_W10xL10_J1.0_h3.0_D256_DSETTN128_Dfilterexact_born_beta03.0517578125e-5_bmax16.0_tdvptol1.0e-12_filtertol1.0e-14/energy_temperature.jld2
stoMPS,data_knot,born_hybrid,purification_born_sequential_v1,3.0517578125e-05,13,0.076923076923076927,Born-sampled stoMPS,-3.1699692204566063,0.0012121503284899778,true,weighted_sample_standard_error,-3.1699980550668365,1.9000291621177575e-05,2.8834610230177304e-05,2.8834610230177304e-05,0.0012122992328381845,0.023785060197283894,true,,,false,,,,,,,false,true,,100,256,128,/Users/jxgao/project/stoMPS/example/Z2transverseIsing/data/Z2TFIM_Open_W10xL10_J1.0_h3.0_D256_DSETTN128_Dfilterexact_born_beta03.0517578125e-5_bmax16.0_tdvptol1.0e-12_filtertol1.0e-14/energy_temperature.jld2
stoMPS,data_knot,born_hybrid,purification_born_sequential_v1,3.0517578125e-05,14,0.071428571428571425,Born-sampled stoMPS,-3.1699714073510803,0.0010921759199205862,true,weighted_sample_standard_error,-3.1699494120053333,2.0206270432997582e-05,-2.1995345746983475e-05,2.1995345746983475e-05,0.0010923628213277813,-0.020135567887826722,true,,,false,,,,,,,false,true,,100,256,128,/Users/jxgao/project/stoMPS/example/Z2transverseIsing/data/Z2TFIM_Open_W10xL10_J1.0_h3.0_D256_DSETTN128_Dfilterexact_born_beta03.0517578125e-5_bmax16.0_tdvptol1.0e-12_filtertol1.0e-14/energy_temperature.jld2
stoMPS,data_knot,born_hybrid,purification_born_sequential_v1,3.0517578125e-05,15,0.066666666666666666,Born-sampled stoMPS,-3.169972217517218,0.0010177456142212208,true,weighted_sample_standard_error,-3.1700175520791465,1.7887569196158749e-05,4.5334561928456196e-05,4.5334561928456196e-05,0.0010179027951618352,0.04453722118058287,true,,,false,,,,,,,false,true,,100,256,128,/Users/jxgao/project/stoMPS/example/Z2transverseIsing/data/Z2TFIM_Open_W10xL10_J1.0_h3.0_D256_DSETTN128_Dfilterexact_born_beta03.0517578125e-5_bmax16.0_tdvptol1.0e-12_filtertol1.0e-14/energy_temperature.jld2
stoMPS,data_knot,born_hybrid,purification_born_sequential_v1,3.0517578125e-05,16,0.0625,Born-sampled stoMPS,-3.1699725259833031,0.00099950280423741775,true,weighted_sample_standard_error,-3.1699823721448563,2.0250299964097677e-05,9.8461615531952873e-06,9.8461615531952873e-06,0.0009997079225089185,0.0098490382355726994,true,,,false,,,,,,,false,true,,100,256,128,/Users/jxgao/project/stoMPS/example/Z2transverseIsing/data/Z2TFIM_Open_W10xL10_J1.0_h3.0_D256_DSETTN128_Dfilterexact_born_beta03.0517578125e-5_bmax16.0_tdvptol1.0e-12_filtertol1.0e-14/energy_temperature.jld2
stoMPS,specific_heat_interval,born_hybrid,purification_born_sequential_v1,3.0517578125e-05,4.3158372875155492e-05,23170.475005920791,Born-sampled stoMPS,,,false,,,,,,,,false,2.1329559441544599e-08,2.1592491930881281e-09,true,"interval average c=Delta(E/N)/Delta(T), plotted at geometric-mean T","trajectory bootstrap over complete samples, preserving cross-beta covariance",3.0517578125e-05,6.103515625e-05,32768,16384,true,false,1000,100,256,128,/Users/jxgao/project/stoMPS/example/Z2transverseIsing/data/Z2TFIM_Open_W10xL10_J1.0_h3.0_D256_DSETTN128_Dfilterexact_born_beta03.0517578125e-5_bmax16.0_tdvptol1.0e-12_filtertol1.0e-14/energy_temperature.jld2
stoMPS,specific_heat_interval,born_hybrid,purification_born_sequential_v1,3.0517578125e-05,8.6316745750310983e-05,11585.237502960395,Born-sampled stoMPS,,,false,,,,,,,,false,8.5310661288602207e-08,8.6297452666958855e-09,true,"interval average c=Delta(E/N)/Delta(T), plotted at geometric-mean T","trajectory bootstrap over complete samples, preserving cross-beta covariance",6.103515625e-05,0.0001220703125,16384,8192,true,false,1000,100,256,128,/Users/jxgao/project/stoMPS/example/Z2transverseIsing/data/Z2TFIM_Open_W10xL10_J1.0_h3.0_D256_DSETTN128_Dfilterexact_born_beta03.0517578125e-5_bmax16.0_tdvptol1.0e-12_filtertol1.0e-14/energy_temperature.jld2
stoMPS,specific_heat_interval,born_hybrid,purification_born_sequential_v1,3.0517578125e-05,0.00017263349150062197,5792.6187514801977,Born-sampled stoMPS,,,false,,,,,,,,false,3.4118091145385646e-07,3.4461092348865815e-08,true,"interval average c=Delta(E/N)/Delta(T), plotted at geometric-mean T","trajectory bootstrap over complete samples, preserving cross-beta covariance",0.0001220703125,0.000244140625,8192,4096,true,false,1000,100,256,128,/Users/jxgao/project/stoMPS/example/Z2transverseIsing/data/Z2TFIM_Open_W10xL10_J1.0_h3.0_D256_DSETTN128_Dfilterexact_born_beta03.0517578125e-5_bmax16.0_tdvptol1.0e-12_filtertol1.0e-14/energy_temperature.jld2
stoMPS,specific_heat_interval,born_hybrid,purification_born_sequential_v1,3.0517578125e-05,0.00034526698300124393,2896.3093757400989,Born-sampled stoMPS,,,false,,,,,,,,false,1.3642117787997877e-06,1.3738323051546692e-07,true,"interval average c=Delta(E/N)/Delta(T), plotted at geometric-mean T","trajectory bootstrap over complete samples, preserving cross-beta covariance",0.000244140625,0.00048828125,4096,2048,true,false,1000,100,256,128,/Users/jxgao/project/stoMPS/example/Z2transverseIsing/data/Z2TFIM_Open_W10xL10_J1.0_h3.0_D256_DSETTN128_Dfilterexact_born_beta03.0517578125e-5_bmax16.0_tdvptol1.0e-12_filtertol1.0e-14/energy_temperature.jld2
stoMPS,specific_heat_interval,born_hybrid,purification_born_sequential_v1,3.0517578125e-05,0.00069053396600248786,1448.1546878700494,Born-sampled stoMPS,,,false,,,,,,,,false,5.45246276334441e-06,5.4587525263209278e-07,true,"interval average c=Delta(E/N)/Delta(T), plotted at geometric-mean T","trajectory bootstrap over complete samples, preserving cross-beta covariance",0.00048828125,0.0009765625,2048,1024,true,false,1000,100,256,128,/Users/jxgao/project/stoMPS/example/Z2transverseIsing/data/Z2TFIM_Open_W10xL10_J1.0_h3.0_D256_DSETTN128_Dfilterexact_born_beta03.0517578125e-5_bmax16.0_tdvptol1.0e-12_filtertol1.0e-14/energy_temperature.jld2
stoMPS,specific_heat_interval,born_hybrid,purification_born_sequential_v1,3.0517578125e-05,0.0013810679320049757,724.07734393502471,Born-sampled stoMPS,,,false,,,,,,,,false,2.1770102808621361e-05,2.1547387683434104e-06,true,"interval average c=Delta(E/N)/Delta(T), plotted at geometric-mean T","trajectory bootstrap over complete samples, preserving cross-beta covariance",0.0009765625,0.001953125,1024,512,true,false,1000,100,256,128,/Users/jxgao/project/stoMPS/example/Z2transverseIsing/data/Z2TFIM_Open_W10xL10_J1.0_h3.0_D256_DSETTN128_Dfilterexact_born_beta03.0517578125e-5_bmax16.0_tdvptol1.0e-12_filtertol1.0e-14/energy_temperature.jld2
stoMPS,specific_heat_interval,born_hybrid,purification_born_sequential_v1,3.0517578125e-05,0.0027621358640099515,362.03867196751236,Born-sampled stoMPS,,,false,,,,,,,,false,8.6686535326700953e-05,8.3966580980799225e-06,true,"interval average c=Delta(E/N)/Delta(T), plotted at geometric-mean T","trajectory bootstrap over complete samples, preserving cross-beta covariance",0.001953125,0.00390625,512,256,true,false,1000,100,256,128,/Users/jxgao/project/stoMPS/example/Z2transverseIsing/data/Z2TFIM_Open_W10xL10_J1.0_h3.0_D256_DSETTN128_Dfilterexact_born_beta03.0517578125e-5_bmax16.0_tdvptol1.0e-12_filtertol1.0e-14/energy_temperature.jld2
stoMPS,specific_heat_interval,born_hybrid,purification_born_sequential_v1,3.0517578125e-05,0.0055242717280199029,181.01933598375618,Born-sampled stoMPS,,,false,,,,,,,,false,0.00034236218013994856,3.1924205712530189e-05,true,"interval average c=Delta(E/N)/Delta(T), plotted at geometric-mean T","trajectory bootstrap over complete samples, preserving cross-beta covariance",0.00390625,0.0078125,256,128,true,false,1000,100,256,128,/Users/jxgao/project/stoMPS/example/Z2transverseIsing/data/Z2TFIM_Open_W10xL10_J1.0_h3.0_D256_DSETTN128_Dfilterexact_born_beta03.0517578125e-5_bmax16.0_tdvptol1.0e-12_filtertol1.0e-14/energy_temperature.jld2
stoMPS,specific_heat_interval,born_hybrid,purification_born_sequential_v1,3.0517578125e-05,0.011048543456039806,90.509667991878089,Born-sampled stoMPS,,,false,,,,,,,,false,0.00131515944550743,0.000115879020888019,true,"interval average c=Delta(E/N)/Delta(T), plotted at geometric-mean T","trajectory bootstrap over complete samples, preserving cross-beta covariance",0.0078125,0.015625,128,64,true,false,1000,100,256,128,/Users/jxgao/project/stoMPS/example/Z2transverseIsing/data/Z2TFIM_Open_W10xL10_J1.0_h3.0_D256_DSETTN128_Dfilterexact_born_beta03.0517578125e-5_bmax16.0_tdvptol1.0e-12_filtertol1.0e-14/energy_temperature.jld2
stoMPS,specific_heat_interval,born_hybrid,purification_born_sequential_v1,3.0517578125e-05,0.022097086912079612,45.254833995939045,Born-sampled stoMPS,,,false,,,,,,,,false,0.0045936230896185398,0.00038338902262052474,true,"interval average c=Delta(E/N)/Delta(T), plotted at geometric-mean T","trajectory bootstrap over complete samples, preserving cross-beta covariance",0.015625,0.03125,64,32,true,false,1000,100,256,128,/Users/jxgao/project/stoMPS/example/Z2transverseIsing/data/Z2TFIM_Open_W10xL10_J1.0_h3.0_D256_DSETTN128_Dfilterexact_born_beta03.0517578125e-5_bmax16.0_tdvptol1.0e-12_filtertol1.0e-14/energy_temperature.jld2
stoMPS,specific_heat_interval,born_hybrid,purification_born_sequential_v1,3.0517578125e-05,0.044194173824159223,22.627416997969522,Born-sampled stoMPS,,,false,,,,,,,,false,0.012594301114511125,0.0010661554622088162,true,"interval average c=Delta(E/N)/Delta(T), plotted at geometric-mean T","trajectory bootstrap over complete samples, preserving cross-beta covariance",0.03125,0.0625,32,16,true,false,1000,100,256,128,/Users/jxgao/project/stoMPS/example/Z2transverseIsing/data/Z2TFIM_Open_W10xL10_J1.0_h3.0_D256_DSETTN128_Dfilterexact_born_beta03.0517578125e-5_bmax16.0_tdvptol1.0e-12_filtertol1.0e-14/energy_temperature.jld2
stoMPS,specific_heat_interval,born_hybrid,purification_born_sequential_v1,3.0517578125e-05,0.088388347648318447,11.313708498984761,Born-sampled stoMPS,,,false,,,,,,,,false,0.030135216331005091,0.002403844517003928,true,"interval average c=Delta(E/N)/Delta(T), plotted at geometric-mean T","trajectory bootstrap over complete samples, preserving cross-beta covariance",0.0625,0.125,16,8,true,false,1000,100,256,128,/Users/jxgao/project/stoMPS/example/Z2transverseIsing/data/Z2TFIM_Open_W10xL10_J1.0_h3.0_D256_DSETTN128_Dfilterexact_born_beta03.0517578125e-5_bmax16.0_tdvptol1.0e-12_filtertol1.0e-14/energy_temperature.jld2
stoMPS,specific_heat_interval,born_hybrid,purification_born_sequential_v1,3.0517578125e-05,0.17677669529663689,5.6568542494923806,Born-sampled stoMPS,,,false,,,,,,,,false,0.13992453793676315,0.0071273896790980864,true,"interval average c=Delta(E/N)/Delta(T), plotted at geometric-mean T","trajectory bootstrap over complete samples, preserving cross-beta covariance",0.125,0.25,8,4,true,false,1000,100,256,128,/Users/jxgao/project/stoMPS/example/Z2transverseIsing/data/Z2TFIM_Open_W10xL10_J1.0_h3.0_D256_DSETTN128_Dfilterexact_born_beta03.0517578125e-5_bmax16.0_tdvptol1.0e-12_filtertol1.0e-14/energy_temperature.jld2
stoMPS,specific_heat_interval,born_hybrid,purification_born_sequential_v1,3.0517578125e-05,0.35355339059327379,2.8284271247461903,Born-sampled stoMPS,,,false,,,,,,,,false,0.64431208439687115,0.020716440380885898,true,"interval average c=Delta(E/N)/Delta(T), plotted at geometric-mean T","trajectory bootstrap over complete samples, preserving cross-beta covariance",0.25,0.5,4,2,true,false,1000,100,256,128,/Users/jxgao/project/stoMPS/example/Z2transverseIsing/data/Z2TFIM_Open_W10xL10_J1.0_h3.0_D256_DSETTN128_Dfilterexact_born_beta03.0517578125e-5_bmax16.0_tdvptol1.0e-12_filtertol1.0e-14/energy_temperature.jld2
stoMPS,specific_heat_interval,born_hybrid,purification_born_sequential_v1,3.0517578125e-05,0.70710678118654757,1.4142135623730951,Born-sampled stoMPS,,,false,,,,,,,,false,0.45539115510336359,0.026733144554286999,true,"interval average c=Delta(E/N)/Delta(T), plotted at geometric-mean T","trajectory bootstrap over complete samples, preserving cross-beta covariance",0.5,1,2,1,true,false,1000,100,256,128,/Users/jxgao/project/stoMPS/example/Z2transverseIsing/data/Z2TFIM_Open_W10xL10_J1.0_h3.0_D256_DSETTN128_Dfilterexact_born_beta03.0517578125e-5_bmax16.0_tdvptol1.0e-12_filtertol1.0e-14/energy_temperature.jld2
stoMPS,specific_heat_interval,born_hybrid,purification_born_sequential_v1,3.0517578125e-05,1.2247448713915889,0.81649658092772603,Born-sampled stoMPS,,,false,,,,,,,,false,0.1481286903912071,0.014926657770124122,true,"interval average c=Delta(E/N)/Delta(T), plotted at geometric-mean T","trajectory bootstrap over complete samples, preserving cross-beta covariance",1,1.5,1,0.66666666666666663,true,false,1000,100,256,128,/Users/jxgao/project/stoMPS/example/Z2transverseIsing/data/Z2TFIM_Open_W10xL10_J1.0_h3.0_D256_DSETTN128_Dfilterexact_born_beta03.0517578125e-5_bmax16.0_tdvptol1.0e-12_filtertol1.0e-14/energy_temperature.jld2
stoMPS,specific_heat_interval,born_hybrid,purification_born_sequential_v1,3.0517578125e-05,1.7320508075688772,0.57735026918962573,Born-sampled stoMPS,,,false,,,,,,,,false,0.069315946020257271,0.0039615524078485728,true,"interval average c=Delta(E/N)/Delta(T), plotted at geometric-mean T","trajectory bootstrap over complete samples, preserving cross-beta covariance",1.5,2,0.66666666666666663,0.5,true,false,1000,100,256,128,/Users/jxgao/project/stoMPS/example/Z2transverseIsing/data/Z2TFIM_Open_W10xL10_J1.0_h3.0_D256_DSETTN128_Dfilterexact_born_beta03.0517578125e-5_bmax16.0_tdvptol1.0e-12_filtertol1.0e-14/energy_temperature.jld2
stoMPS,specific_heat_interval,born_hybrid,purification_born_sequential_v1,3.0517578125e-05,2.4494897427831779,0.40824829046386302,Born-sampled stoMPS,,,false,,,,,,,,false,0.027613331639858348,0.0095012449701984344,true,"interval average c=Delta(E/N)/Delta(T), plotted at geometric-mean T","trajectory bootstrap over complete samples, preserving cross-beta covariance",2,3,0.5,0.33333333333333331,true,false,1000,100,256,128,/Users/jxgao/project/stoMPS/example/Z2transverseIsing/data/Z2TFIM_Open_W10xL10_J1.0_h3.0_D256_DSETTN128_Dfilterexact_born_beta03.0517578125e-5_bmax16.0_tdvptol1.0e-12_filtertol1.0e-14/energy_temperature.jld2
stoMPS,specific_heat_interval,born_hybrid,purification_born_sequential_v1,3.0517578125e-05,3.4641016151377544,0.28867513459481287,Born-sampled stoMPS,,,false,,,,,,,,false,0.022463973290337339,0.0089116569355423194,true,"interval average c=Delta(E/N)/Delta(T), plotted at geometric-mean T","trajectory bootstrap over complete samples, preserving cross-beta covariance",3,4,0.33333333333333331,0.25,true,false,1000,100,256,128,/Users/jxgao/project/stoMPS/example/Z2transverseIsing/data/Z2TFIM_Open_W10xL10_J1.0_h3.0_D256_DSETTN128_Dfilterexact_born_beta03.0517578125e-5_bmax16.0_tdvptol1.0e-12_filtertol1.0e-14/energy_temperature.jld2
stoMPS,specific_heat_interval,born_hybrid,purification_born_sequential_v1,3.0517578125e-05,4.4721359549995796,0.22360679774997896,Born-sampled stoMPS,,,false,,,,,,,,false,0.048029654330292729,0.018557388158775931,true,"interval average c=Delta(E/N)/Delta(T), plotted at geometric-mean T","trajectory bootstrap over complete samples, preserving cross-beta covariance",4,5,0.25,0.20000000000000001,true,false,1000,100,256,128,/Users/jxgao/project/stoMPS/example/Z2transverseIsing/data/Z2TFIM_Open_W10xL10_J1.0_h3.0_D256_DSETTN128_Dfilterexact_born_beta03.0517578125e-5_bmax16.0_tdvptol1.0e-12_filtertol1.0e-14/energy_temperature.jld2
stoMPS,specific_heat_interval,born_hybrid,purification_born_sequential_v1,3.0517578125e-05,5.4772255750516612,0.18257418583505536,Born-sampled stoMPS,,,false,,,,,,,,false,0.072368633434289856,0.028499509886096386,true,"interval average c=Delta(E/N)/Delta(T), plotted at geometric-mean T","trajectory bootstrap over complete samples, preserving cross-beta covariance",5,6,0.20000000000000001,0.16666666666666666,true,false,1000,100,256,128,/Users/jxgao/project/stoMPS/example/Z2transverseIsing/data/Z2TFIM_Open_W10xL10_J1.0_h3.0_D256_DSETTN128_Dfilterexact_born_beta03.0517578125e-5_bmax16.0_tdvptol1.0e-12_filtertol1.0e-14/energy_temperature.jld2
stoMPS,specific_heat_interval,born_hybrid,purification_born_sequential_v1,3.0517578125e-05,6.4807406984078604,0.15430334996209191,Born-sampled stoMPS,,,false,,,,,,,,false,0.066564774391030923,0.036687364670240405,true,"interval average c=Delta(E/N)/Delta(T), plotted at geometric-mean T","trajectory bootstrap over complete samples, preserving cross-beta covariance",6,7,0.16666666666666666,0.14285714285714285,true,false,1000,100,256,128,/Users/jxgao/project/stoMPS/example/Z2transverseIsing/data/Z2TFIM_Open_W10xL10_J1.0_h3.0_D256_DSETTN128_Dfilterexact_born_beta03.0517578125e-5_bmax16.0_tdvptol1.0e-12_filtertol1.0e-14/energy_temperature.jld2
stoMPS,specific_heat_interval,born_hybrid,purification_born_sequential_v1,3.0517578125e-05,7.4833147735478827,0.1336306209562122,Born-sampled stoMPS,,,false,,,,,,,,false,0.042699831980662871,0.046753856147429759,true,"interval average c=Delta(E/N)/Delta(T), plotted at geometric-mean T","trajectory bootstrap over complete samples, preserving cross-beta covariance",7,8,0.14285714285714285,0.125,true,false,1000,100,256,128,/Users/jxgao/project/stoMPS/example/Z2transverseIsing/data/Z2TFIM_Open_W10xL10_J1.0_h3.0_D256_DSETTN128_Dfilterexact_born_beta03.0517578125e-5_bmax16.0_tdvptol1.0e-12_filtertol1.0e-14/energy_temperature.jld2
stoMPS,specific_heat_interval,born_hybrid,purification_born_sequential_v1,3.0517578125e-05,8.4852813742385695,0.11785113019775792,Born-sampled stoMPS,,,false,,,,,,,,false,0.022432029431797663,0.051034129536792934,true,"interval average c=Delta(E/N)/Delta(T), plotted at geometric-mean T","trajectory bootstrap over complete samples, preserving cross-beta covariance",8,9,0.125,0.1111111111111111,true,false,1000,100,256,128,/Users/jxgao/project/stoMPS/example/Z2transverseIsing/data/Z2TFIM_Open_W10xL10_J1.0_h3.0_D256_DSETTN128_Dfilterexact_born_beta03.0517578125e-5_bmax16.0_tdvptol1.0e-12_filtertol1.0e-14/energy_temperature.jld2
stoMPS,specific_heat_interval,born_hybrid,purification_born_sequential_v1,3.0517578125e-05,9.4868329805051381,0.10540925533894598,Born-sampled stoMPS,,,false,,,,,,,,false,0.010683269544049533,0.046765423949137346,true,"interval average c=Delta(E/N)/Delta(T), plotted at geometric-mean T","trajectory bootstrap over complete samples, preserving cross-beta covariance",9,10,0.1111111111111111,0.10000000000000001,true,false,1000,100,256,128,/Users/jxgao/project/stoMPS/example/Z2transverseIsing/data/Z2TFIM_Open_W10xL10_J1.0_h3.0_D256_DSETTN128_Dfilterexact_born_beta03.0517578125e-5_bmax16.0_tdvptol1.0e-12_filtertol1.0e-14/energy_temperature.jld2
stoMPS,specific_heat_interval,born_hybrid,purification_born_sequential_v1,3.0517578125e-05,10.488088481701515,0.095346258924559238,Born-sampled stoMPS,,,false,,,,,,,,false,0.0048444884331733089,0.046363831667401628,true,"interval average c=Delta(E/N)/Delta(T), plotted at geometric-mean T","trajectory bootstrap over complete samples, preserving cross-beta covariance",10,11,0.10000000000000001,0.090909090909090912,true,false,1000,100,256,128,/Users/jxgao/project/stoMPS/example/Z2transverseIsing/data/Z2TFIM_Open_W10xL10_J1.0_h3.0_D256_DSETTN128_Dfilterexact_born_beta03.0517578125e-5_bmax16.0_tdvptol1.0e-12_filtertol1.0e-14/energy_temperature.jld2
stoMPS,specific_heat_interval,born_hybrid,purification_born_sequential_v1,3.0517578125e-05,11.489125293076057,0.087038827977848926,Born-sampled stoMPS,,,false,,,,,,,,false,0.002137330206696928,0.051106580451697477,true,"interval average c=Delta(E/N)/Delta(T), plotted at geometric-mean T","trajectory bootstrap over complete samples, preserving cross-beta covariance",11,12,0.090909090909090912,0.083333333333333329,true,false,1000,100,256,128,/Users/jxgao/project/stoMPS/example/Z2transverseIsing/data/Z2TFIM_Open_W10xL10_J1.0_h3.0_D256_DSETTN128_Dfilterexact_born_beta03.0517578125e-5_bmax16.0_tdvptol1.0e-12_filtertol1.0e-14/energy_temperature.jld2
stoMPS,specific_heat_interval,born_hybrid,purification_born_sequential_v1,3.0517578125e-05,12.489995996796797,0.080064076902543566,Born-sampled stoMPS,,,false,,,,,,,,false,0.00092685714107965242,0.048185396930948442,true,"interval average c=Delta(E/N)/Delta(T), plotted at geometric-mean T","trajectory bootstrap over complete samples, preserving cross-beta covariance",12,13,0.083333333333333329,0.076923076923076927,true,false,1000,100,256,128,/Users/jxgao/project/stoMPS/example/Z2transverseIsing/data/Z2TFIM_Open_W10xL10_J1.0_h3.0_D256_DSETTN128_Dfilterexact_born_beta03.0517578125e-5_bmax16.0_tdvptol1.0e-12_filtertol1.0e-14/energy_temperature.jld2
stoMPS,specific_heat_interval,born_hybrid,purification_born_sequential_v1,3.0517578125e-05,13.490737563232042,0.074124931666110117,Born-sampled stoMPS,,,false,,,,,,,,false,0.00039801479353229692,0.037737987195934262,true,"interval average c=Delta(E/N)/Delta(T), plotted at geometric-mean T","trajectory bootstrap over complete samples, preserving cross-beta covariance",13,14,0.076923076923076927,0.071428571428571425,true,false,1000,100,256,128,/Users/jxgao/project/stoMPS/example/Z2transverseIsing/data/Z2TFIM_Open_W10xL10_J1.0_h3.0_D256_DSETTN128_Dfilterexact_born_beta03.0517578125e-5_bmax16.0_tdvptol1.0e-12_filtertol1.0e-14/energy_temperature.jld2
stoMPS,specific_heat_interval,born_hybrid,purification_born_sequential_v1,3.0517578125e-05,14.491376746189438,0.069006555934235422,Born-sampled stoMPS,,,false,,,,,,,,false,0.00017013488864403581,0.027429671234575254,true,"interval average c=Delta(E/N)/Delta(T), plotted at geometric-mean T","trajectory bootstrap over complete samples, preserving cross-beta covariance",14,15,0.071428571428571425,0.066666666666666666,true,false,1000,100,256,128,/Users/jxgao/project/stoMPS/example/Z2transverseIsing/data/Z2TFIM_Open_W10xL10_J1.0_h3.0_D256_DSETTN128_Dfilterexact_born_beta03.0517578125e-5_bmax16.0_tdvptol1.0e-12_filtertol1.0e-14/energy_temperature.jld2
stoMPS,specific_heat_interval,born_hybrid,purification_born_sequential_v1,3.0517578125e-05,15.491933384829668,0.064549722436790274,Born-sampled stoMPS,,,false,,,,,,,,false,7.4031860961554244e-05,0.018896495435885761,true,"interval average c=Delta(E/N)/Delta(T), plotted at geometric-mean T","trajectory bootstrap over complete samples, preserving cross-beta covariance",15,16,0.066666666666666666,0.0625,true,false,1000,100,256,128,/Users/jxgao/project/stoMPS/example/Z2transverseIsing/data/Z2TFIM_Open_W10xL10_J1.0_h3.0_D256_DSETTN128_Dfilterexact_born_beta03.0517578125e-5_bmax16.0_tdvptol1.0e-12_filtertol1.0e-14/energy_temperature.jld2
"tanTRG+stoMPS, T0=4",data_knot,born_hybrid,purification_born_sequential_v1,0.25,3.0517578125e-05,32768,SETTN+tanTRG,-0.00032958984244070691,,false,,,,,,,,true,,,false,,,,,,,false,false,,100,256,128,/Users/jxgao/project/stoMPS/example/Z2transverseIsing/data/Z2TFIM_Open_W10xL10_J1.0_h3.0_D256_DSETTN128_Dfilterexact_born_beta00.25_bmax16.0_tdvptol1.0e-12_filtertol1.0e-14/energy_temperature.jld2
"tanTRG+stoMPS, T0=4",data_knot,born_hybrid,purification_born_sequential_v1,0.25,6.103515625e-05,16384,SETTN+tanTRG,-0.00065917967704349632,,false,,,,,,,,true,,,false,,,,,,,false,false,,100,256,128,/Users/jxgao/project/stoMPS/example/Z2transverseIsing/data/Z2TFIM_Open_W10xL10_J1.0_h3.0_D256_DSETTN128_Dfilterexact_born_beta00.25_bmax16.0_tdvptol1.0e-12_filtertol1.0e-14/energy_temperature.jld2
"tanTRG+stoMPS, T0=4",data_knot,born_hybrid,purification_born_sequential_v1,0.25,0.0001220703125,8192,SETTN+tanTRG,-0.001318359291393699,,false,,,,,,,,true,,,false,,,,,,,false,false,,100,256,128,/Users/jxgao/project/stoMPS/example/Z2transverseIsing/data/Z2TFIM_Open_W10xL10_J1.0_h3.0_D256_DSETTN128_Dfilterexact_born_beta00.25_bmax16.0_tdvptol1.0e-12_filtertol1.0e-14/energy_temperature.jld2
"tanTRG+stoMPS, T0=4",data_knot,born_hybrid,purification_born_sequential_v1,0.25,0.000244140625,4096,SETTN+tanTRG,-0.0026367180811904369,,false,,,,,,,,true,,,false,,,,,,,false,false,,100,256,128,/Users/jxgao/project/stoMPS/example/Z2transverseIsing/data/Z2TFIM_Open_W10xL10_J1.0_h3.0_D256_DSETTN128_Dfilterexact_born_beta00.25_bmax16.0_tdvptol1.0e-12_filtertol1.0e-14/energy_temperature.jld2
"tanTRG+stoMPS, T0=4",data_knot,born_hybrid,purification_born_sequential_v1,0.25,0.00048828125,2048,SETTN+tanTRG,-0.0052734321495551736,,false,,,,,,,,true,,,false,,,,,,,false,false,,100,256,128,/Users/jxgao/project/stoMPS/example/Z2transverseIsing/data/Z2TFIM_Open_W10xL10_J1.0_h3.0_D256_DSETTN128_Dfilterexact_born_beta00.25_bmax16.0_tdvptol1.0e-12_filtertol1.0e-14/energy_temperature.jld2
"tanTRG+stoMPS, T0=4",data_knot,born_hybrid,purification_born_sequential_v1,0.25,0.0009765625,1024,SETTN+tanTRG,-0.010546832196624107,,false,,,,,,,,true,,,false,,,,,,,false,false,,100,256,128,/Users/jxgao/project/stoMPS/example/Z2transverseIsing/data/Z2TFIM_Open_W10xL10_J1.0_h3.0_D256_DSETTN128_Dfilterexact_born_beta00.25_bmax16.0_tdvptol1.0e-12_filtertol1.0e-14/energy_temperature.jld2
"tanTRG+stoMPS, T0=4",data_knot,born_hybrid,purification_born_sequential_v1,0.25,0.001953125,512,SETTN+tanTRG,-0.021093407578406099,,false,,,,,,,,true,,,false,,,,,,,false,false,,100,256,128,/Users/jxgao/project/stoMPS/example/Z2transverseIsing/data/Z2TFIM_Open_W10xL10_J1.0_h3.0_D256_DSETTN128_Dfilterexact_born_beta00.25_bmax16.0_tdvptol1.0e-12_filtertol1.0e-14/energy_temperature.jld2
"tanTRG+stoMPS, T0=4",data_knot,born_hybrid,purification_born_sequential_v1,0.25,0.00390625,256,SETTN+tanTRG,-0.042184760822967793,,false,,,,,,,,true,,,false,,,,,,,false,false,,100,256,128,/Users/jxgao/project/stoMPS/example/Z2transverseIsing/data/Z2TFIM_Open_W10xL10_J1.0_h3.0_D256_DSETTN128_Dfilterexact_born_beta00.25_bmax16.0_tdvptol1.0e-12_filtertol1.0e-14/energy_temperature.jld2
"tanTRG+stoMPS, T0=4",data_knot,born_hybrid,purification_born_sequential_v1,0.25,0.0078125,128,SETTN+tanTRG,-0.08435309263980216,,false,,,,,,,,true,,,false,,,,,,,false,false,,100,256,128,/Users/jxgao/project/stoMPS/example/Z2transverseIsing/data/Z2TFIM_Open_W10xL10_J1.0_h3.0_D256_DSETTN128_Dfilterexact_born_beta00.25_bmax16.0_tdvptol1.0e-12_filtertol1.0e-14/energy_temperature.jld2
"tanTRG+stoMPS, T0=4",data_knot,born_hybrid,purification_born_sequential_v1,0.25,0.015625,64,SETTN+tanTRG,-0.16857492916650185,,false,,,,,,,,true,,,false,,,,,,,false,false,,100,256,128,/Users/jxgao/project/stoMPS/example/Z2transverseIsing/data/Z2TFIM_Open_W10xL10_J1.0_h3.0_D256_DSETTN128_Dfilterexact_born_beta00.25_bmax16.0_tdvptol1.0e-12_filtertol1.0e-14/energy_temperature.jld2
"tanTRG+stoMPS, T0=4",data_knot,born_hybrid,purification_born_sequential_v1,0.25,0.03125,32,SETTN+tanTRG,-0.3361052881865354,,false,,,,,,,,true,,,false,,,,,,,false,false,,100,256,128,/Users/jxgao/project/stoMPS/example/Z2transverseIsing/data/Z2TFIM_Open_W10xL10_J1.0_h3.0_D256_DSETTN128_Dfilterexact_born_beta00.25_bmax16.0_tdvptol1.0e-12_filtertol1.0e-14/energy_temperature.jld2
"tanTRG+stoMPS, T0=4",data_knot,born_hybrid,purification_born_sequential_v1,0.25,0.0625,16,SETTN+tanTRG,-0.66402164099731764,,false,,,,,,,,true,,,false,,,,,,,false,false,,100,256,128,/Users/jxgao/project/stoMPS/example/Z2transverseIsing/data/Z2TFIM_Open_W10xL10_J1.0_h3.0_D256_DSETTN128_Dfilterexact_born_beta00.25_bmax16.0_tdvptol1.0e-12_filtertol1.0e-14/energy_temperature.jld2
"tanTRG+stoMPS, T0=4",data_knot,born_hybrid,purification_born_sequential_v1,0.25,0.125,8,SETTN+tanTRG,-1.2673389726155384,,false,,,,,,,,true,,,false,,,,,,,false,false,,100,256,128,/Users/jxgao/project/stoMPS/example/Z2transverseIsing/data/Z2TFIM_Open_W10xL10_J1.0_h3.0_D256_DSETTN128_Dfilterexact_born_beta00.25_bmax16.0_tdvptol1.0e-12_filtertol1.0e-14/energy_temperature.jld2
"tanTRG+stoMPS, T0=4",data_knot,born_hybrid,purification_born_sequential_v1,0.25,0.25,4,Born-sampled stoMPS,-2.1681848057316464,0.016066916498855926,true,weighted_sample_standard_error,,,,,,,true,,,false,,,,,,,false,false,,100,256,128,/Users/jxgao/project/stoMPS/example/Z2transverseIsing/data/Z2TFIM_Open_W10xL10_J1.0_h3.0_D256_DSETTN128_Dfilterexact_born_beta00.25_bmax16.0_tdvptol1.0e-12_filtertol1.0e-14/energy_temperature.jld2
"tanTRG+stoMPS, T0=4",data_knot,born_hybrid,purification_born_sequential_v1,0.25,0.5,2,Born-sampled stoMPS,-2.8877384109520841,0.024005449359478945,true,weighted_sample_standard_error,-2.9067928962707699,8.6957843385190029e-05,0.01905448531868581,0.01905448531868581,0.024005606857920386,0.79375145279441217,true,,,false,,,,,,,false,true,,100,256,128,/Users/jxgao/project/stoMPS/example/Z2transverseIsing/data/Z2TFIM_Open_W10xL10_J1.0_h3.0_D256_DSETTN128_Dfilterexact_born_beta00.25_bmax16.0_tdvptol1.0e-12_filtertol1.0e-14/energy_temperature.jld2
"tanTRG+stoMPS, T0=4",data_knot,born_hybrid,purification_born_sequential_v1,0.25,1,1,Born-sampled stoMPS,-3.111364279927979,0.0061198239224857197,true,weighted_sample_standard_error,-3.1389534854889081,5.9308109328284641e-05,0.027589205560929031,0.027589205560929031,0.0061201112975223411,4.5079581431955678,true,,,false,,,,,,,false,true,,100,256,128,/Users/jxgao/project/stoMPS/example/Z2transverseIsing/data/Z2TFIM_Open_W10xL10_J1.0_h3.0_D256_DSETTN128_Dfilterexact_born_beta00.25_bmax16.0_tdvptol1.0e-12_filtertol1.0e-14/energy_temperature.jld2
"tanTRG+stoMPS, T0=4",data_knot,born_hybrid,purification_born_sequential_v1,0.25,1.5,0.66666666666666663,Born-sampled stoMPS,-3.1389414053884299,0.0034002737968471266,true,weighted_sample_standard_error,,,,,,,true,,,false,,,,,,,false,false,,100,256,128,/Users/jxgao/project/stoMPS/example/Z2transverseIsing/data/Z2TFIM_Open_W10xL10_J1.0_h3.0_D256_DSETTN128_Dfilterexact_born_beta00.25_bmax16.0_tdvptol1.0e-12_filtertol1.0e-14/energy_temperature.jld2
"tanTRG+stoMPS, T0=4",data_knot,born_hybrid,purification_born_sequential_v1,0.25,2,0.5,Born-sampled stoMPS,-3.1541081597788208,0.0013921239239570774,true,weighted_sample_standard_error,-3.1670337573687259,4.3875955397721998e-05,0.012925597589905191,0.012925597589905191,0.0013928151776584406,9.2801958201197383,true,,,false,,,,,,,false,true,,100,256,128,/Users/jxgao/project/stoMPS/example/Z2transverseIsing/data/Z2TFIM_Open_W10xL10_J1.0_h3.0_D256_DSETTN128_Dfilterexact_born_beta00.25_bmax16.0_tdvptol1.0e-12_filtertol1.0e-14/energy_temperature.jld2
"tanTRG+stoMPS, T0=4",data_knot,born_hybrid,purification_born_sequential_v1,0.25,3,0.33333333333333331,Born-sampled stoMPS,-3.1681677352959543,0.0012535324308126097,true,weighted_sample_standard_error,-3.1693065201441639,3.6483270651704813e-05,0.0011387848482096175,0.0011387848482096175,0.0012540632297202625,0.90807610112581039,true,,,false,,,,,,,false,true,,100,256,128,/Users/jxgao/project/stoMPS/example/Z2transverseIsing/data/Z2TFIM_Open_W10xL10_J1.0_h3.0_D256_DSETTN128_Dfilterexact_born_beta00.25_bmax16.0_tdvptol1.0e-12_filtertol1.0e-14/energy_temperature.jld2
"tanTRG+stoMPS, T0=4",data_knot,born_hybrid,purification_born_sequential_v1,0.25,4,0.25,Born-sampled stoMPS,-3.169766411541687,0.0012310081444043834,true,weighted_sample_standard_error,-3.1698331457773445,3.8692992591750324e-05,6.6734235657506247e-05,6.6734235657506247e-05,0.0012316160924840292,0.054184283613013619,true,,,false,,,,,,,false,true,,100,256,128,/Users/jxgao/project/stoMPS/example/Z2transverseIsing/data/Z2TFIM_Open_W10xL10_J1.0_h3.0_D256_DSETTN128_Dfilterexact_born_beta00.25_bmax16.0_tdvptol1.0e-12_filtertol1.0e-14/energy_temperature.jld2
"tanTRG+stoMPS, T0=4",data_knot,born_hybrid,purification_born_sequential_v1,0.25,5,0.20000000000000001,Born-sampled stoMPS,-3.1699321514314556,0.001106011662131682,true,weighted_sample_standard_error,-3.1699199651718346,2.9543246561417826e-05,-1.2186259620960982e-05,1.2186259620960982e-05,0.0011064061642040298,-0.01101427307188587,true,,,false,,,,,,,false,true,,100,256,128,/Users/jxgao/project/stoMPS/example/Z2transverseIsing/data/Z2TFIM_Open_W10xL10_J1.0_h3.0_D256_DSETTN128_Dfilterexact_born_beta00.25_bmax16.0_tdvptol1.0e-12_filtertol1.0e-14/energy_temperature.jld2
"tanTRG+stoMPS, T0=4",data_knot,born_hybrid,purification_born_sequential_v1,0.25,6,0.16666666666666666,Born-sampled stoMPS,-3.1699602596927008,0.00095813146287382768,true,weighted_sample_standard_error,-3.1699495888286267,2.6858954285257616e-05,-1.0670864074135977e-05,1.0670864074135977e-05,0.00095850785264077964,-0.011132787326401905,true,,,false,,,,,,,false,true,,100,256,128,/Users/jxgao/project/stoMPS/example/Z2transverseIsing/data/Z2TFIM_Open_W10xL10_J1.0_h3.0_D256_DSETTN128_Dfilterexact_born_beta00.25_bmax16.0_tdvptol1.0e-12_filtertol1.0e-14/energy_temperature.jld2
"tanTRG+stoMPS, T0=4",data_knot,born_hybrid,purification_born_sequential_v1,0.25,7,0.14285714285714285,Born-sampled stoMPS,-3.169967902574836,0.00078971902115461531,true,weighted_sample_standard_error,-3.1699605157488882,2.5059348866873719e-05,-7.3868259478082621e-06,7.3868259478082621e-06,0.0007901165125087789,-0.0093490337575069821,true,,,false,,,,,,,false,true,,100,256,128,/Users/jxgao/project/stoMPS/example/Z2transverseIsing/data/Z2TFIM_Open_W10xL10_J1.0_h3.0_D256_DSETTN128_Dfilterexact_born_beta00.25_bmax16.0_tdvptol1.0e-12_filtertol1.0e-14/energy_temperature.jld2
"tanTRG+stoMPS, T0=4",data_knot,born_hybrid,purification_born_sequential_v1,0.25,8,0.125,Born-sampled stoMPS,-3.1699705203931763,0.00056497958440784022,true,weighted_sample_standard_error,-3.16998120558261,2.3693167659023988e-05,1.0685189433701225e-05,1.0685189433701225e-05,0.00056547616836731009,0.018895914684702621,true,,,false,,,,,,,false,true,,100,256,128,/Users/jxgao/project/stoMPS/example/Z2transverseIsing/data/Z2TFIM_Open_W10xL10_J1.0_h3.0_D256_DSETTN128_Dfilterexact_born_beta00.25_bmax16.0_tdvptol1.0e-12_filtertol1.0e-14/energy_temperature.jld2
"tanTRG+stoMPS, T0=4",data_knot,born_hybrid,purification_born_sequential_v1,0.25,9,0.1111111111111111,Born-sampled stoMPS,-3.1699715129056925,0.00032052552622439891,true,weighted_sample_standard_error,-3.1699802803463553,2.2386639750152277e-05,8.7674406628046597e-06,8.7674406628046597e-06,0.00032130635630303199,0.027286857202836873,true,,,false,,,,,,,false,true,,100,256,128,/Users/jxgao/project/stoMPS/example/Z2transverseIsing/data/Z2TFIM_Open_W10xL10_J1.0_h3.0_D256_DSETTN128_Dfilterexact_born_beta00.25_bmax16.0_tdvptol1.0e-12_filtertol1.0e-14/energy_temperature.jld2
"tanTRG+stoMPS, T0=4",data_knot,born_hybrid,purification_born_sequential_v1,0.25,10,0.10000000000000001,Born-sampled stoMPS,-3.1699719329819906,0.00014668633501503599,true,weighted_sample_standard_error,-3.1699609834353737,2.1568712764459014e-05,-1.0949546616956241e-05,1.0949546616956241e-05,0.00014826358369626411,-0.073851895010090346,true,,,false,,,,,,,false,true,,100,256,128,/Users/jxgao/project/stoMPS/example/Z2transverseIsing/data/Z2TFIM_Open_W10xL10_J1.0_h3.0_D256_DSETTN128_Dfilterexact_born_beta00.25_bmax16.0_tdvptol1.0e-12_filtertol1.0e-14/energy_temperature.jld2
"tanTRG+stoMPS, T0=4",data_knot,born_hybrid,purification_born_sequential_v1,0.25,11,0.090909090909090912,Born-sampled stoMPS,-3.169972132154506,5.8963039108220519e-05,true,weighted_sample_standard_error,-3.1699935445785701,2.0356766568949295e-05,2.1412424064060076e-05,2.1412424064060076e-05,6.2378184696416369e-05,0.34326782942258693,true,,,false,,,,,,,false,true,,100,256,128,/Users/jxgao/project/stoMPS/example/Z2transverseIsing/data/Z2TFIM_Open_W10xL10_J1.0_h3.0_D256_DSETTN128_Dfilterexact_born_beta00.25_bmax16.0_tdvptol1.0e-12_filtertol1.0e-14/energy_temperature.jld2
"tanTRG+stoMPS, T0=4",data_knot,born_hybrid,purification_born_sequential_v1,0.25,12,0.083333333333333329,Born-sampled stoMPS,-3.169972239591031,2.2322270548514799e-05,true,weighted_sample_standard_error,-3.1699690398904976,1.9739267008127378e-05,-3.199700533418337e-06,3.199700533418337e-06,2.9798027190725852e-05,-0.10737960982914303,true,,,false,,,,,,,false,true,,100,256,128,/Users/jxgao/project/stoMPS/example/Z2transverseIsing/data/Z2TFIM_Open_W10xL10_J1.0_h3.0_D256_DSETTN128_Dfilterexact_born_beta00.25_bmax16.0_tdvptol1.0e-12_filtertol1.0e-14/energy_temperature.jld2
"tanTRG+stoMPS, T0=4",data_knot,born_hybrid,purification_born_sequential_v1,0.25,13,0.076923076923076927,Born-sampled stoMPS,-3.1699723091025884,8.2430114757659591e-06,true,weighted_sample_standard_error,-3.1699980550668365,1.9000291621177575e-05,2.5745964248091724e-05,2.5745964248091724e-05,2.0711308985175227e-05,1.2430872556881949,true,,,false,,,,,,,false,true,,100,256,128,/Users/jxgao/project/stoMPS/example/Z2transverseIsing/data/Z2TFIM_Open_W10xL10_J1.0_h3.0_D256_DSETTN128_Dfilterexact_born_beta00.25_bmax16.0_tdvptol1.0e-12_filtertol1.0e-14/energy_temperature.jld2
"tanTRG+stoMPS, T0=4",data_knot,born_hybrid,purification_born_sequential_v1,0.25,14,0.071428571428571425,Born-sampled stoMPS,-3.1699723547283747,3.007591426557699e-06,true,weighted_sample_standard_error,-3.1699494120053333,2.0206270432997582e-05,-2.2942723041374791e-05,2.2942723041374791e-05,2.0428875911330404e-05,-1.1230536198347625,true,,,false,,,,,,,false,true,,100,256,128,/Users/jxgao/project/stoMPS/example/Z2transverseIsing/data/Z2TFIM_Open_W10xL10_J1.0_h3.0_D256_DSETTN128_Dfilterexact_born_beta00.25_bmax16.0_tdvptol1.0e-12_filtertol1.0e-14/energy_temperature.jld2
"tanTRG+stoMPS, T0=4",data_knot,born_hybrid,purification_born_sequential_v1,0.25,15,0.066666666666666666,Born-sampled stoMPS,-3.169972389906544,1.0860770228192441e-06,true,weighted_sample_standard_error,-3.1700175520791465,1.7887569196158749e-05,4.5162172602530859e-05,4.5162172602530859e-05,1.7920510457206941e-05,2.5201387376980864,true,,,false,,,,,,,false,true,,100,256,128,/Users/jxgao/project/stoMPS/example/Z2transverseIsing/data/Z2TFIM_Open_W10xL10_J1.0_h3.0_D256_DSETTN128_Dfilterexact_born_beta00.25_bmax16.0_tdvptol1.0e-12_filtertol1.0e-14/energy_temperature.jld2
"tanTRG+stoMPS, T0=4",data_knot,born_hybrid,purification_born_sequential_v1,0.25,16,0.0625,Born-sampled stoMPS,-3.1699724229400226,3.856296295941011e-07,true,weighted_sample_standard_error,-3.1699823721448563,2.0250299964097677e-05,9.9492048337701533e-06,9.9492048337701533e-06,2.0253971433947349e-05,0.49122241858672983,true,,,false,,,,,,,false,true,,100,256,128,/Users/jxgao/project/stoMPS/example/Z2transverseIsing/data/Z2TFIM_Open_W10xL10_J1.0_h3.0_D256_DSETTN128_Dfilterexact_born_beta00.25_bmax16.0_tdvptol1.0e-12_filtertol1.0e-14/energy_temperature.jld2
"tanTRG+stoMPS, T0=4",specific_heat_interval,born_hybrid,purification_born_sequential_v1,0.25,4.3158372875155492e-05,23170.475005920791,SETTN+tanTRG,,,false,,,,,,,,false,2.0116567053392909e-08,,false,"interval average c=Delta(E/N)/Delta(T), plotted at geometric-mean T",,3.0517578125e-05,6.103515625e-05,32768,16384,true,false,,100,256,128,/Users/jxgao/project/stoMPS/example/Z2transverseIsing/data/Z2TFIM_Open_W10xL10_J1.0_h3.0_D256_DSETTN128_Dfilterexact_born_beta00.25_bmax16.0_tdvptol1.0e-12_filtertol1.0e-14/energy_temperature.jld2
"tanTRG+stoMPS, T0=4",specific_heat_interval,born_hybrid,purification_born_sequential_v1,0.25,8.6316745750310983e-05,11585.237502960395,SETTN+tanTRG,,,false,,,,,,,,false,8.0466261517358719e-08,,false,"interval average c=Delta(E/N)/Delta(T), plotted at geometric-mean T",,6.103515625e-05,0.0001220703125,16384,8192,true,false,,100,256,128,/Users/jxgao/project/stoMPS/example/Z2transverseIsing/data/Z2TFIM_Open_W10xL10_J1.0_h3.0_D256_DSETTN128_Dfilterexact_born_beta00.25_bmax16.0_tdvptol1.0e-12_filtertol1.0e-14/energy_temperature.jld2
"tanTRG+stoMPS, T0=4",specific_heat_interval,born_hybrid,purification_born_sequential_v1,0.25,0.00017263349150062197,5792.6187514801977,SETTN+tanTRG,,,false,,,,,,,,false,3.2186493891521922e-07,,false,"interval average c=Delta(E/N)/Delta(T), plotted at geometric-mean T",,0.0001220703125,0.000244140625,8192,4096,true,false,,100,256,128,/Users/jxgao/project/stoMPS/example/Z2transverseIsing/data/Z2TFIM_Open_W10xL10_J1.0_h3.0_D256_DSETTN128_Dfilterexact_born_beta00.25_bmax16.0_tdvptol1.0e-12_filtertol1.0e-14/energy_temperature.jld2
"tanTRG+stoMPS, T0=4",specific_heat_interval,born_hybrid,purification_born_sequential_v1,0.25,0.00034526698300124393,2896.3093757400989,SETTN+tanTRG,,,false,,,,,,,,false,1.2874580411937191e-06,,false,"interval average c=Delta(E/N)/Delta(T), plotted at geometric-mean T",,0.000244140625,0.00048828125,4096,2048,true,false,,100,256,128,/Users/jxgao/project/stoMPS/example/Z2transverseIsing/data/Z2TFIM_Open_W10xL10_J1.0_h3.0_D256_DSETTN128_Dfilterexact_born_beta00.25_bmax16.0_tdvptol1.0e-12_filtertol1.0e-14/energy_temperature.jld2
"tanTRG+stoMPS, T0=4",specific_heat_interval,born_hybrid,purification_born_sequential_v1,0.25,0.00069053396600248786,1448.1546878700494,SETTN+tanTRG,,,false,,,,,,,,false,5.149804733465755e-06,,false,"interval average c=Delta(E/N)/Delta(T), plotted at geometric-mean T",,0.00048828125,0.0009765625,2048,1024,true,false,,100,256,128,/Users/jxgao/project/stoMPS/example/Z2transverseIsing/data/Z2TFIM_Open_W10xL10_J1.0_h3.0_D256_DSETTN128_Dfilterexact_born_beta00.25_bmax16.0_tdvptol1.0e-12_filtertol1.0e-14/energy_temperature.jld2
"tanTRG+stoMPS, T0=4",specific_heat_interval,born_hybrid,purification_born_sequential_v1,0.25,0.0013810679320049757,724.07734393502471,SETTN+tanTRG,,,false,,,,,,,,false,2.0598780042542953e-05,,false,"interval average c=Delta(E/N)/Delta(T), plotted at geometric-mean T",,0.0009765625,0.001953125,1024,512,true,false,,100,256,128,/Users/jxgao/project/stoMPS/example/Z2transverseIsing/data/Z2TFIM_Open_W10xL10_J1.0_h3.0_D256_DSETTN128_Dfilterexact_born_beta00.25_bmax16.0_tdvptol1.0e-12_filtertol1.0e-14/energy_temperature.jld2
"tanTRG+stoMPS, T0=4",specific_heat_interval,born_hybrid,purification_born_sequential_v1,0.25,0.0027621358640099515,362.03867196751236,SETTN+tanTRG,,,false,,,,,,,,false,8.2388098611569117e-05,,false,"interval average c=Delta(E/N)/Delta(T), plotted at geometric-mean T",,0.001953125,0.00390625,512,256,true,false,,100,256,128,/Users/jxgao/project/stoMPS/example/Z2transverseIsing/data/Z2TFIM_Open_W10xL10_J1.0_h3.0_D256_DSETTN128_Dfilterexact_born_beta00.25_bmax16.0_tdvptol1.0e-12_filtertol1.0e-14/energy_temperature.jld2
"tanTRG+stoMPS, T0=4",specific_heat_interval,born_hybrid,purification_born_sequential_v1,0.25,0.0055242717280199029,181.01933598375618,SETTN+tanTRG,,,false,,,,,,,,false,0.0003294400923190185,,false,"interval average c=Delta(E/N)/Delta(T), plotted at geometric-mean T",,0.00390625,0.0078125,256,128,true,false,,100,256,128,/Users/jxgao/project/stoMPS/example/Z2transverseIsing/data/Z2TFIM_Open_W10xL10_J1.0_h3.0_D256_DSETTN128_Dfilterexact_born_beta00.25_bmax16.0_tdvptol1.0e-12_filtertol1.0e-14/energy_temperature.jld2
"tanTRG+stoMPS, T0=4",specific_heat_interval,born_hybrid,purification_born_sequential_v1,0.25,0.011048543456039806,90.509667991878089,SETTN+tanTRG,,,false,,,,,,,,false,0.0013159661957296827,,false,"interval average c=Delta(E/N)/Delta(T), plotted at geometric-mean T",,0.0078125,0.015625,128,64,true,false,,100,256,128,/Users/jxgao/project/stoMPS/example/Z2transverseIsing/data/Z2TFIM_Open_W10xL10_J1.0_h3.0_D256_DSETTN128_Dfilterexact_born_beta00.25_bmax16.0_tdvptol1.0e-12_filtertol1.0e-14/energy_temperature.jld2
"tanTRG+stoMPS, T0=4",specific_heat_interval,born_hybrid,purification_born_sequential_v1,0.25,0.022097086912079612,45.254833995939045,SETTN+tanTRG,,,false,,,,,,,,false,0.0052353237193760484,,false,"interval average c=Delta(E/N)/Delta(T), plotted at geometric-mean T",,0.015625,0.03125,64,32,true,false,,100,256,128,/Users/jxgao/project/stoMPS/example/Z2transverseIsing/data/Z2TFIM_Open_W10xL10_J1.0_h3.0_D256_DSETTN128_Dfilterexact_born_beta00.25_bmax16.0_tdvptol1.0e-12_filtertol1.0e-14/energy_temperature.jld2
"tanTRG+stoMPS, T0=4",specific_heat_interval,born_hybrid,purification_born_sequential_v1,0.25,0.044194173824159223,22.627416997969522,SETTN+tanTRG,,,false,,,,,,,,false,0.02049477205067389,,false,"interval average c=Delta(E/N)/Delta(T), plotted at geometric-mean T",,0.03125,0.0625,32,16,true,false,,100,256,128,/Users/jxgao/project/stoMPS/example/Z2transverseIsing/data/Z2TFIM_Open_W10xL10_J1.0_h3.0_D256_DSETTN128_Dfilterexact_born_beta00.25_bmax16.0_tdvptol1.0e-12_filtertol1.0e-14/energy_temperature.jld2
"tanTRG+stoMPS, T0=4",specific_heat_interval,born_hybrid,purification_born_sequential_v1,0.25,0.088388347648318447,11.313708498984761,SETTN+tanTRG,,,false,,,,,,,,false,0.075414666452277596,,false,"interval average c=Delta(E/N)/Delta(T), plotted at geometric-mean T",,0.0625,0.125,16,8,true,false,,100,256,128,/Users/jxgao/project/stoMPS/example/Z2transverseIsing/data/Z2TFIM_Open_W10xL10_J1.0_h3.0_D256_DSETTN128_Dfilterexact_born_beta00.25_bmax16.0_tdvptol1.0e-12_filtertol1.0e-14/energy_temperature.jld2
"tanTRG+stoMPS, T0=4",specific_heat_interval,born_hybrid,purification_born_sequential_v1,0.25,0.17677669529663689,5.6568542494923806,SETTN+tanTRG,,,false,,,,,,,,false,0.22358017890053949,,false,"interval average c=Delta(E/N)/Delta(T), plotted at geometric-mean T",,0.125,0.25,8,4,true,false,,100,256,128,/Users/jxgao/project/stoMPS/example/Z2transverseIsing/data/Z2TFIM_Open_W10xL10_J1.0_h3.0_D256_DSETTN128_Dfilterexact_born_beta00.25_bmax16.0_tdvptol1.0e-12_filtertol1.0e-14/energy_temperature.jld2
"tanTRG+stoMPS, T0=4",specific_heat_interval,born_hybrid,purification_born_sequential_v1,0.25,0.35355339059327379,2.8284271247461903,Born-sampled stoMPS,,,false,,,,,,,,false,0.35977680261021905,0.014703472770573212,true,"interval average c=Delta(E/N)/Delta(T), plotted at geometric-mean T","trajectory bootstrap over complete samples, preserving cross-beta covariance",0.25,0.5,4,2,true,false,1000,100,256,128,/Users/jxgao/project/stoMPS/example/Z2transverseIsing/data/Z2TFIM_Open_W10xL10_J1.0_h3.0_D256_DSETTN128_Dfilterexact_born_beta00.25_bmax16.0_tdvptol1.0e-12_filtertol1.0e-14/energy_temperature.jld2
"tanTRG+stoMPS, T0=4",specific_heat_interval,born_hybrid,purification_born_sequential_v1,0.25,0.70710678118654757,1.4142135623730951,Born-sampled stoMPS,,,false,,,,,,,,false,0.22362586897589676,0.021102010902571626,true,"interval average c=Delta(E/N)/Delta(T), plotted at geometric-mean T","trajectory bootstrap over complete samples, preserving cross-beta covariance",0.5,1,2,1,true,false,1000,100,256,128,/Users/jxgao/project/stoMPS/example/Z2transverseIsing/data/Z2TFIM_Open_W10xL10_J1.0_h3.0_D256_DSETTN128_Dfilterexact_born_beta00.25_bmax16.0_tdvptol1.0e-12_filtertol1.0e-14/energy_temperature.jld2
"tanTRG+stoMPS, T0=4",specific_heat_interval,born_hybrid,purification_born_sequential_v1,0.25,1.2247448713915889,0.81649658092772603,Born-sampled stoMPS,,,false,,,,,,,,false,0.082731376381353958,0.046844332371620799,true,"interval average c=Delta(E/N)/Delta(T), plotted at geometric-mean T","trajectory bootstrap over complete samples, preserving cross-beta covariance",1,1.5,1,0.66666666666666663,true,false,1000,100,256,128,/Users/jxgao/project/stoMPS/example/Z2transverseIsing/data/Z2TFIM_Open_W10xL10_J1.0_h3.0_D256_DSETTN128_Dfilterexact_born_beta00.25_bmax16.0_tdvptol1.0e-12_filtertol1.0e-14/energy_temperature.jld2
"tanTRG+stoMPS, T0=4",specific_heat_interval,born_hybrid,purification_born_sequential_v1,0.25,1.7320508075688772,0.57735026918962573,Born-sampled stoMPS,,,false,,,,,,,,false,0.091000526342337032,0.012600012956790784,true,"interval average c=Delta(E/N)/Delta(T), plotted at geometric-mean T","trajectory bootstrap over complete samples, preserving cross-beta covariance",1.5,2,0.66666666666666663,0.5,true,false,1000,100,256,128,/Users/jxgao/project/stoMPS/example/Z2transverseIsing/data/Z2TFIM_Open_W10xL10_J1.0_h3.0_D256_DSETTN128_Dfilterexact_born_beta00.25_bmax16.0_tdvptol1.0e-12_filtertol1.0e-14/energy_temperature.jld2
"tanTRG+stoMPS, T0=4",specific_heat_interval,born_hybrid,purification_born_sequential_v1,0.25,2.4494897427831779,0.40824829046386302,Born-sampled stoMPS,,,false,,,,,,,,false,0.084357453102803945,0.027211332743241876,true,"interval average c=Delta(E/N)/Delta(T), plotted at geometric-mean T","trajectory bootstrap over complete samples, preserving cross-beta covariance",2,3,0.5,0.33333333333333331,true,false,1000,100,256,128,/Users/jxgao/project/stoMPS/example/Z2transverseIsing/data/Z2TFIM_Open_W10xL10_J1.0_h3.0_D256_DSETTN128_Dfilterexact_born_beta00.25_bmax16.0_tdvptol1.0e-12_filtertol1.0e-14/energy_temperature.jld2
"tanTRG+stoMPS, T0=4",specific_heat_interval,born_hybrid,purification_born_sequential_v1,0.25,3.4641016151377544,0.28867513459481287,Born-sampled stoMPS,,,false,,,,,,,,false,0.019184114948766155,0.0073191414632896518,true,"interval average c=Delta(E/N)/Delta(T), plotted at geometric-mean T","trajectory bootstrap over complete samples, preserving cross-beta covariance",3,4,0.33333333333333331,0.25,true,false,1000,100,256,128,/Users/jxgao/project/stoMPS/example/Z2transverseIsing/data/Z2TFIM_Open_W10xL10_J1.0_h3.0_D256_DSETTN128_Dfilterexact_born_beta00.25_bmax16.0_tdvptol1.0e-12_filtertol1.0e-14/energy_temperature.jld2
"tanTRG+stoMPS, T0=4",specific_heat_interval,born_hybrid,purification_born_sequential_v1,0.25,4.4721359549995796,0.22360679774997896,Born-sampled stoMPS,,,false,,,,,,,,false,0.0033147977953706951,0.012420869003605502,true,"interval average c=Delta(E/N)/Delta(T), plotted at geometric-mean T","trajectory bootstrap over complete samples, preserving cross-beta covariance",4,5,0.25,0.20000000000000001,true,false,1000,100,256,128,/Users/jxgao/project/stoMPS/example/Z2transverseIsing/data/Z2TFIM_Open_W10xL10_J1.0_h3.0_D256_DSETTN128_Dfilterexact_born_beta00.25_bmax16.0_tdvptol1.0e-12_filtertol1.0e-14/energy_temperature.jld2
"tanTRG+stoMPS, T0=4",specific_heat_interval,born_hybrid,purification_born_sequential_v1,0.25,5.4772255750516612,0.18257418583505536,Born-sampled stoMPS,,,false,,,,,,,,false,0.00084324783735656385,0.016724865448193075,true,"interval average c=Delta(E/N)/Delta(T), plotted at geometric-mean T","trajectory bootstrap over complete samples, preserving cross-beta covariance",5,6,0.20000000000000001,0.16666666666666666,true,false,1000,100,256,128,/Users/jxgao/project/stoMPS/example/Z2transverseIsing/data/Z2TFIM_Open_W10xL10_J1.0_h3.0_D256_DSETTN128_Dfilterexact_born_beta00.25_bmax16.0_tdvptol1.0e-12_filtertol1.0e-14/energy_temperature.jld2
"tanTRG+stoMPS, T0=4",specific_heat_interval,born_hybrid,purification_born_sequential_v1,0.25,6.4807406984078604,0.15430334996209191,Born-sampled stoMPS,,,false,,,,,,,,false,0.00032100104978916022,0.016671002390127494,true,"interval average c=Delta(E/N)/Delta(T), plotted at geometric-mean T","trajectory bootstrap over complete samples, preserving cross-beta covariance",6,7,0.16666666666666666,0.14285714285714285,true,false,1000,100,256,128,/Users/jxgao/project/stoMPS/example/Z2transverseIsing/data/Z2TFIM_Open_W10xL10_J1.0_h3.0_D256_DSETTN128_Dfilterexact_born_beta00.25_bmax16.0_tdvptol1.0e-12_filtertol1.0e-14/energy_temperature.jld2
"tanTRG+stoMPS, T0=4",specific_heat_interval,born_hybrid,purification_born_sequential_v1,0.25,7.4833147735478827,0.1336306209562122,Born-sampled stoMPS,,,false,,,,,,,,false,0.0001465978269834523,0.014679520165654016,true,"interval average c=Delta(E/N)/Delta(T), plotted at geometric-mean T","trajectory bootstrap over complete samples, preserving cross-beta covariance",7,8,0.14285714285714285,0.125,true,false,1000,100,256,128,/Users/jxgao/project/stoMPS/example/Z2transverseIsing/data/Z2TFIM_Open_W10xL10_J1.0_h3.0_D256_DSETTN128_Dfilterexact_born_beta00.25_bmax16.0_tdvptol1.0e-12_filtertol1.0e-14/energy_temperature.jld2
"tanTRG+stoMPS, T0=4",specific_heat_interval,born_hybrid,purification_born_sequential_v1,0.25,8.4852813742385695,0.11785113019775792,Born-sampled stoMPS,,,false,,,,,,,,false,7.1460901196473942e-05,0.012550416089295018,true,"interval average c=Delta(E/N)/Delta(T), plotted at geometric-mean T","trajectory bootstrap over complete samples, preserving cross-beta covariance",8,9,0.125,0.1111111111111111,true,false,1000,100,256,128,/Users/jxgao/project/stoMPS/example/Z2transverseIsing/data/Z2TFIM_Open_W10xL10_J1.0_h3.0_D256_DSETTN128_Dfilterexact_born_beta00.25_bmax16.0_tdvptol1.0e-12_filtertol1.0e-14/energy_temperature.jld2
"tanTRG+stoMPS, T0=4",specific_heat_interval,born_hybrid,purification_born_sequential_v1,0.25,9.4868329805051381,0.10540925533894598,Born-sampled stoMPS,,,false,,,,,,,,false,3.7806866757250686e-05,0.0093757868237909596,true,"interval average c=Delta(E/N)/Delta(T), plotted at geometric-mean T","trajectory bootstrap over complete samples, preserving cross-beta covariance",9,10,0.1111111111111111,0.10000000000000001,true,false,1000,100,256,128,/Users/jxgao/project/stoMPS/example/Z2transverseIsing/data/Z2TFIM_Open_W10xL10_J1.0_h3.0_D256_DSETTN128_Dfilterexact_born_beta00.25_bmax16.0_tdvptol1.0e-12_filtertol1.0e-14/energy_temperature.jld2
"tanTRG+stoMPS, T0=4",specific_heat_interval,born_hybrid,purification_born_sequential_v1,0.25,10.488088481701515,0.095346258924559238,Born-sampled stoMPS,,,false,,,,,,,,false,2.1908976495232928e-05,0.0055549706579185567,true,"interval average c=Delta(E/N)/Delta(T), plotted at geometric-mean T","trajectory bootstrap over complete samples, preserving cross-beta covariance",10,11,0.10000000000000001,0.090909090909090912,true,false,1000,100,256,128,/Users/jxgao/project/stoMPS/example/Z2transverseIsing/data/Z2TFIM_Open_W10xL10_J1.0_h3.0_D256_DSETTN128_Dfilterexact_born_beta00.25_bmax16.0_tdvptol1.0e-12_filtertol1.0e-14/energy_temperature.jld2
"tanTRG+stoMPS, T0=4",specific_heat_interval,born_hybrid,purification_born_sequential_v1,0.25,11.489125293076057,0.087038827977848926,Born-sampled stoMPS,,,false,,,,,,,,false,1.4181621594389058e-05,0.002764802185631987,true,"interval average c=Delta(E/N)/Delta(T), plotted at geometric-mean T","trajectory bootstrap over complete samples, preserving cross-beta covariance",11,12,0.090909090909090912,0.083333333333333329,true,false,1000,100,256,128,/Users/jxgao/project/stoMPS/example/Z2transverseIsing/data/Z2TFIM_Open_W10xL10_J1.0_h3.0_D256_DSETTN128_Dfilterexact_born_beta00.25_bmax16.0_tdvptol1.0e-12_filtertol1.0e-14/energy_temperature.jld2
"tanTRG+stoMPS, T0=4",specific_heat_interval,born_hybrid,purification_born_sequential_v1,0.25,12.489995996796797,0.080064076902543566,Born-sampled stoMPS,,,false,,,,,,,,false,1.0843802607851687e-05,0.0012543902225613604,true,"interval average c=Delta(E/N)/Delta(T), plotted at geometric-mean T","trajectory bootstrap over complete samples, preserving cross-beta covariance",12,13,0.083333333333333329,0.076923076923076927,true,false,1000,100,256,128,/Users/jxgao/project/stoMPS/example/Z2transverseIsing/data/Z2TFIM_Open_W10xL10_J1.0_h3.0_D256_DSETTN128_Dfilterexact_born_beta00.25_bmax16.0_tdvptol1.0e-12_filtertol1.0e-14/energy_temperature.jld2
"tanTRG+stoMPS, T0=4",specific_heat_interval,born_hybrid,purification_born_sequential_v1,0.25,13.490737563232042,0.074124931666110117,Born-sampled stoMPS,,,false,,,,,,,,false,8.3038930993595154e-06,0.0005442375646029597,true,"interval average c=Delta(E/N)/Delta(T), plotted at geometric-mean T","trajectory bootstrap over complete samples, preserving cross-beta covariance",13,14,0.076923076923076927,0.071428571428571425,true,false,1000,100,256,128,/Users/jxgao/project/stoMPS/example/Z2transverseIsing/data/Z2TFIM_Open_W10xL10_J1.0_h3.0_D256_DSETTN128_Dfilterexact_born_beta00.25_bmax16.0_tdvptol1.0e-12_filtertol1.0e-14/energy_temperature.jld2
"tanTRG+stoMPS, T0=4",specific_heat_interval,born_hybrid,purification_born_sequential_v1,0.25,14.491376746189438,0.069006555934235422,Born-sampled stoMPS,,,false,,,,,,,,false,7.3874158257325513e-06,0.00023064195007773661,true,"interval average c=Delta(E/N)/Delta(T), plotted at geometric-mean T","trajectory bootstrap over complete samples, preserving cross-beta covariance",14,15,0.071428571428571425,0.066666666666666666,true,false,1000,100,256,128,/Users/jxgao/project/stoMPS/example/Z2transverseIsing/data/Z2TFIM_Open_W10xL10_J1.0_h3.0_D256_DSETTN128_Dfilterexact_born_beta00.25_bmax16.0_tdvptol1.0e-12_filtertol1.0e-14/energy_temperature.jld2
"tanTRG+stoMPS, T0=4",specific_heat_interval,born_hybrid,purification_born_sequential_v1,0.25,15.491933384829668,0.064549722436790274,Born-sampled stoMPS,,,false,,,,,,,,false,7.9280347620169795e-06,9.6275716009685958e-05,true,"interval average c=Delta(E/N)/Delta(T), plotted at geometric-mean T","trajectory bootstrap over complete samples, preserving cross-beta covariance",15,16,0.066666666666666666,0.0625,true,false,1000,100,256,128,/Users/jxgao/project/stoMPS/example/Z2transverseIsing/data/Z2TFIM_Open_W10xL10_J1.0_h3.0_D256_DSETTN128_Dfilterexact_born_beta00.25_bmax16.0_tdvptol1.0e-12_filtertol1.0e-14/energy_temperature.jld2
"tanTRG+stoMPS, T0=2",data_knot,born_hybrid,purification_born_sequential_v1,0.5,3.0517578125e-05,32768,SETTN+tanTRG,-0.00032958984244136111,,false,,,,,,,,true,,,false,,,,,,,false,false,,100,256,128,/Users/jxgao/project/stoMPS/example/Z2transverseIsing/data/Z2TFIM_Open_W10xL10_J1.0_h3.0_D256_DSETTN128_Dfilterexact_born_beta00.5_bmax16.0_tdvptol1.0e-12_filtertol1.0e-14/energy_temperature.jld2
"tanTRG+stoMPS, T0=2",data_knot,born_hybrid,purification_born_sequential_v1,0.5,6.103515625e-05,16384,SETTN+tanTRG,-0.00065917967704885391,,false,,,,,,,,true,,,false,,,,,,,false,false,,100,256,128,/Users/jxgao/project/stoMPS/example/Z2transverseIsing/data/Z2TFIM_Open_W10xL10_J1.0_h3.0_D256_DSETTN128_Dfilterexact_born_beta00.5_bmax16.0_tdvptol1.0e-12_filtertol1.0e-14/energy_temperature.jld2
"tanTRG+stoMPS, T0=2",data_knot,born_hybrid,purification_born_sequential_v1,0.5,0.0001220703125,8192,SETTN+tanTRG,-0.0013183592913990445,,false,,,,,,,,true,,,false,,,,,,,false,false,,100,256,128,/Users/jxgao/project/stoMPS/example/Z2transverseIsing/data/Z2TFIM_Open_W10xL10_J1.0_h3.0_D256_DSETTN128_Dfilterexact_born_beta00.5_bmax16.0_tdvptol1.0e-12_filtertol1.0e-14/energy_temperature.jld2
"tanTRG+stoMPS, T0=2",data_knot,born_hybrid,purification_born_sequential_v1,0.5,0.000244140625,4096,SETTN+tanTRG,-0.0026367180811962005,,false,,,,,,,,true,,,false,,,,,,,false,false,,100,256,128,/Users/jxgao/project/stoMPS/example/Z2transverseIsing/data/Z2TFIM_Open_W10xL10_J1.0_h3.0_D256_DSETTN128_Dfilterexact_born_beta00.5_bmax16.0_tdvptol1.0e-12_filtertol1.0e-14/energy_temperature.jld2
"tanTRG+stoMPS, T0=2",data_knot,born_hybrid,purification_born_sequential_v1,0.5,0.00048828125,2048,SETTN+tanTRG,-0.0052734321495606995,,false,,,,,,,,true,,,false,,,,,,,false,false,,100,256,128,/Users/jxgao/project/stoMPS/example/Z2transverseIsing/data/Z2TFIM_Open_W10xL10_J1.0_h3.0_D256_DSETTN128_Dfilterexact_born_beta00.5_bmax16.0_tdvptol1.0e-12_filtertol1.0e-14/energy_temperature.jld2
"tanTRG+stoMPS, T0=2",data_knot,born_hybrid,purification_born_sequential_v1,0.5,0.0009765625,1024,SETTN+tanTRG,-0.010546832196629165,,false,,,,,,,,true,,,false,,,,,,,false,false,,100,256,128,/Users/jxgao/project/stoMPS/example/Z2transverseIsing/data/Z2TFIM_Open_W10xL10_J1.0_h3.0_D256_DSETTN128_Dfilterexact_born_beta00.5_bmax16.0_tdvptol1.0e-12_filtertol1.0e-14/energy_temperature.jld2
"tanTRG+stoMPS, T0=2",data_knot,born_hybrid,purification_born_sequential_v1,0.5,0.001953125,512,SETTN+tanTRG,-0.021093407578763716,,false,,,,,,,,true,,,false,,,,,,,false,false,,100,256,128,/Users/jxgao/project/stoMPS/example/Z2transverseIsing/data/Z2TFIM_Open_W10xL10_J1.0_h3.0_D256_DSETTN128_Dfilterexact_born_beta00.5_bmax16.0_tdvptol1.0e-12_filtertol1.0e-14/energy_temperature.jld2
"tanTRG+stoMPS, T0=2",data_knot,born_hybrid,purification_born_sequential_v1,0.5,0.00390625,256,SETTN+tanTRG,-0.04218476082573791,,false,,,,,,,,true,,,false,,,,,,,false,false,,100,256,128,/Users/jxgao/project/stoMPS/example/Z2transverseIsing/data/Z2TFIM_Open_W10xL10_J1.0_h3.0_D256_DSETTN128_Dfilterexact_born_beta00.5_bmax16.0_tdvptol1.0e-12_filtertol1.0e-14/energy_temperature.jld2
"tanTRG+stoMPS, T0=2",data_knot,born_hybrid,purification_born_sequential_v1,0.5,0.0078125,128,SETTN+tanTRG,-0.084353092675464397,,false,,,,,,,,true,,,false,,,,,,,false,false,,100,256,128,/Users/jxgao/project/stoMPS/example/Z2transverseIsing/data/Z2TFIM_Open_W10xL10_J1.0_h3.0_D256_DSETTN128_Dfilterexact_born_beta00.5_bmax16.0_tdvptol1.0e-12_filtertol1.0e-14/energy_temperature.jld2
"tanTRG+stoMPS, T0=2",data_knot,born_hybrid,purification_born_sequential_v1,0.5,0.015625,64,SETTN+tanTRG,-0.16857493023387282,,false,,,,,,,,true,,,false,,,,,,,false,false,,100,256,128,/Users/jxgao/project/stoMPS/example/Z2transverseIsing/data/Z2TFIM_Open_W10xL10_J1.0_h3.0_D256_DSETTN128_Dfilterexact_born_beta00.5_bmax16.0_tdvptol1.0e-12_filtertol1.0e-14/energy_temperature.jld2
"tanTRG+stoMPS, T0=2",data_knot,born_hybrid,purification_born_sequential_v1,0.5,0.03125,32,SETTN+tanTRG,-0.33610532307376084,,false,,,,,,,,true,,,false,,,,,,,false,false,,100,256,128,/Users/jxgao/project/stoMPS/example/Z2transverseIsing/data/Z2TFIM_Open_W10xL10_J1.0_h3.0_D256_DSETTN128_Dfilterexact_born_beta00.5_bmax16.0_tdvptol1.0e-12_filtertol1.0e-14/energy_temperature.jld2
"tanTRG+stoMPS, T0=2",data_knot,born_hybrid,purification_born_sequential_v1,0.5,0.0625,16,SETTN+tanTRG,-0.66402229134411939,,false,,,,,,,,true,,,false,,,,,,,false,false,,100,256,128,/Users/jxgao/project/stoMPS/example/Z2transverseIsing/data/Z2TFIM_Open_W10xL10_J1.0_h3.0_D256_DSETTN128_Dfilterexact_born_beta00.5_bmax16.0_tdvptol1.0e-12_filtertol1.0e-14/energy_temperature.jld2
"tanTRG+stoMPS, T0=2",data_knot,born_hybrid,purification_born_sequential_v1,0.5,0.125,8,SETTN+tanTRG,-1.2673455250630574,,false,,,,,,,,true,,,false,,,,,,,false,false,,100,256,128,/Users/jxgao/project/stoMPS/example/Z2transverseIsing/data/Z2TFIM_Open_W10xL10_J1.0_h3.0_D256_DSETTN128_Dfilterexact_born_beta00.5_bmax16.0_tdvptol1.0e-12_filtertol1.0e-14/energy_temperature.jld2
"tanTRG+stoMPS, T0=2",data_knot,born_hybrid,purification_born_sequential_v1,0.5,0.25,4,SETTN+tanTRG,-2.1616887164293339,,false,,,,,,,,true,,,false,,,,,,,false,false,,100,256,128,/Users/jxgao/project/stoMPS/example/Z2transverseIsing/data/Z2TFIM_Open_W10xL10_J1.0_h3.0_D256_DSETTN128_Dfilterexact_born_beta00.5_bmax16.0_tdvptol1.0e-12_filtertol1.0e-14/energy_temperature.jld2
"tanTRG+stoMPS, T0=2",data_knot,born_hybrid,purification_born_sequential_v1,0.5,0.5,2,Born-sampled stoMPS,-2.9101148873850025,0.0057812099832758477,true,weighted_sample_standard_error,-2.9067928962707699,8.6957843385190029e-05,-0.003321991114232592,0.003321991114232592,0.0057818639327862544,-0.57455366519352513,true,,,false,,,,,,,false,true,,100,256,128,/Users/jxgao/project/stoMPS/example/Z2transverseIsing/data/Z2TFIM_Open_W10xL10_J1.0_h3.0_D256_DSETTN128_Dfilterexact_born_beta00.5_bmax16.0_tdvptol1.0e-12_filtertol1.0e-14/energy_temperature.jld2
"tanTRG+stoMPS, T0=2",data_knot,born_hybrid,purification_born_sequential_v1,0.5,1,1,Born-sampled stoMPS,-3.1263925474184679,0.0050182907718613482,true,weighted_sample_standard_error,-3.1389534854889081,5.9308109328284641e-05,0.01256093807044012,0.01256093807044012,0.0050186412227594896,2.5028563535238155,true,,,false,,,,,,,false,true,,100,256,128,/Users/jxgao/project/stoMPS/example/Z2transverseIsing/data/Z2TFIM_Open_W10xL10_J1.0_h3.0_D256_DSETTN128_Dfilterexact_born_beta00.5_bmax16.0_tdvptol1.0e-12_filtertol1.0e-14/energy_temperature.jld2
"tanTRG+stoMPS, T0=2",data_knot,born_hybrid,purification_born_sequential_v1,0.5,1.5,0.66666666666666663,Born-sampled stoMPS,-3.1545509821785815,0.0037151887583274767,true,weighted_sample_standard_error,,,,,,,true,,,false,,,,,,,false,false,,100,256,128,/Users/jxgao/project/stoMPS/example/Z2transverseIsing/data/Z2TFIM_Open_W10xL10_J1.0_h3.0_D256_DSETTN128_Dfilterexact_born_beta00.5_bmax16.0_tdvptol1.0e-12_filtertol1.0e-14/energy_temperature.jld2
"tanTRG+stoMPS, T0=2",data_knot,born_hybrid,purification_born_sequential_v1,0.5,2,0.5,Born-sampled stoMPS,-3.1642686075456248,0.0026485714384798268,true,weighted_sample_standard_error,-3.1670337573687259,4.3875955397721998e-05,0.0027651498231011651,0.0027651498231011651,0.0026489348357770452,1.0438723466332569,true,,,false,,,,,,,false,true,,100,256,128,/Users/jxgao/project/stoMPS/example/Z2transverseIsing/data/Z2TFIM_Open_W10xL10_J1.0_h3.0_D256_DSETTN128_Dfilterexact_born_beta00.5_bmax16.0_tdvptol1.0e-12_filtertol1.0e-14/energy_temperature.jld2
"tanTRG+stoMPS, T0=2",data_knot,born_hybrid,purification_born_sequential_v1,0.5,3,0.33333333333333331,Born-sampled stoMPS,-3.1688302222978466,0.0014392802057061329,true,weighted_sample_standard_error,-3.1693065201441639,3.6483270651704813e-05,0.00047629784631730843,0.00047629784631730843,0.001439742525445065,0.33082154475507441,true,,,false,,,,,,,false,true,,100,256,128,/Users/jxgao/project/stoMPS/example/Z2transverseIsing/data/Z2TFIM_Open_W10xL10_J1.0_h3.0_D256_DSETTN128_Dfilterexact_born_beta00.5_bmax16.0_tdvptol1.0e-12_filtertol1.0e-14/energy_temperature.jld2
"tanTRG+stoMPS, T0=2",data_knot,born_hybrid,purification_born_sequential_v1,0.5,4,0.25,Born-sampled stoMPS,-3.1696375678470043,0.0010532865102314123,true,weighted_sample_standard_error,-3.1698331457773445,3.8692992591750324e-05,0.0001955779303401961,0.0001955779303401961,0.0010539969735778051,0.18555834147825351,true,,,false,,,,,,,false,true,,100,256,128,/Users/jxgao/project/stoMPS/example/Z2transverseIsing/data/Z2TFIM_Open_W10xL10_J1.0_h3.0_D256_DSETTN128_Dfilterexact_born_beta00.5_bmax16.0_tdvptol1.0e-12_filtertol1.0e-14/energy_temperature.jld2
"tanTRG+stoMPS, T0=2",data_knot,born_hybrid,purification_born_sequential_v1,0.5,5,0.20000000000000001,Born-sampled stoMPS,-3.1698592998221087,0.00089029208560749472,true,weighted_sample_standard_error,-3.1699199651718346,2.9543246561417826e-05,6.0665349725930184e-05,6.0665349725930184e-05,0.00089078212886919289,0.068103465213140355,true,,,false,,,,,,,false,true,,100,256,128,/Users/jxgao/project/stoMPS/example/Z2transverseIsing/data/Z2TFIM_Open_W10xL10_J1.0_h3.0_D256_DSETTN128_Dfilterexact_born_beta00.5_bmax16.0_tdvptol1.0e-12_filtertol1.0e-14/energy_temperature.jld2
"tanTRG+stoMPS, T0=2",data_knot,born_hybrid,purification_born_sequential_v1,0.5,6,0.16666666666666666,Born-sampled stoMPS,-3.1699324398646729,0.00071999495009217025,true,weighted_sample_standard_error,-3.1699495888286267,2.6858954285257616e-05,1.7148963953772522e-05,1.7148963953772522e-05,0.00072049575403573634,0.023801616952932023,true,,,false,,,,,,,false,true,,100,256,128,/Users/jxgao/project/stoMPS/example/Z2transverseIsing/data/Z2TFIM_Open_W10xL10_J1.0_h3.0_D256_DSETTN128_Dfilterexact_born_beta00.5_bmax16.0_tdvptol1.0e-12_filtertol1.0e-14/energy_temperature.jld2
"tanTRG+stoMPS, T0=2",data_knot,born_hybrid,purification_born_sequential_v1,0.5,7,0.14285714285714285,Born-sampled stoMPS,-3.1699581705735329,0.00047892422731541902,true,weighted_sample_standard_error,-3.1699605157488882,2.5059348866873719e-05,2.3451753552450327e-06,2.3451753552450327e-06,0.00047957938495655009,0.004890067064616436,true,,,false,,,,,,,false,true,,100,256,128,/Users/jxgao/project/stoMPS/example/Z2transverseIsing/data/Z2TFIM_Open_W10xL10_J1.0_h3.0_D256_DSETTN128_Dfilterexact_born_beta00.5_bmax16.0_tdvptol1.0e-12_filtertol1.0e-14/energy_temperature.jld2
"tanTRG+stoMPS, T0=2",data_knot,born_hybrid,purification_born_sequential_v1,0.5,8,0.125,Born-sampled stoMPS,-3.1699674426054294,0.00024975371227485245,true,weighted_sample_standard_error,-3.16998120558261,2.3693167659023988e-05,1.3762977180586944e-05,1.3762977180586944e-05,0.00025087503460645183,0.054859891508044843,true,,,false,,,,,,,false,true,,100,256,128,/Users/jxgao/project/stoMPS/example/Z2transverseIsing/data/Z2TFIM_Open_W10xL10_J1.0_h3.0_D256_DSETTN128_Dfilterexact_born_beta00.5_bmax16.0_tdvptol1.0e-12_filtertol1.0e-14/energy_temperature.jld2
"tanTRG+stoMPS, T0=2",data_knot,born_hybrid,purification_born_sequential_v1,0.5,9,0.1111111111111111,Born-sampled stoMPS,-3.1699708312340529,0.00010800239478005912,true,weighted_sample_standard_error,-3.1699802803463553,2.2386639750152277e-05,9.4491123023843215e-06,9.4491123023843215e-06,0.00011029813650978352,0.085668829967459864,true,,,false,,,,,,,false,true,,100,256,128,/Users/jxgao/project/stoMPS/example/Z2transverseIsing/data/Z2TFIM_Open_W10xL10_J1.0_h3.0_D256_DSETTN128_Dfilterexact_born_beta00.5_bmax16.0_tdvptol1.0e-12_filtertol1.0e-14/energy_temperature.jld2
"tanTRG+stoMPS, T0=2",data_knot,born_hybrid,purification_born_sequential_v1,0.5,10,0.10000000000000001,Born-sampled stoMPS,-3.1699720869366401,4.2255300756681835e-05,true,weighted_sample_standard_error,-3.1699609834353737,2.1568712764459014e-05,-1.1103501266429561e-05,1.1103501266429561e-05,4.7441751784197153e-05,-0.23404492559501433,true,,,false,,,,,,,false,true,,100,256,128,/Users/jxgao/project/stoMPS/example/Z2transverseIsing/data/Z2TFIM_Open_W10xL10_J1.0_h3.0_D256_DSETTN128_Dfilterexact_born_beta00.5_bmax16.0_tdvptol1.0e-12_filtertol1.0e-14/energy_temperature.jld2
"tanTRG+stoMPS, T0=2",data_knot,born_hybrid,purification_born_sequential_v1,0.5,11,0.090909090909090912,Born-sampled stoMPS,-3.1699725591387584,1.5841249173925623e-05,true,weighted_sample_standard_error,-3.1699935445785701,2.0356766568949295e-05,2.0985439811660456e-05,2.0985439811660456e-05,2.5794245880294523e-05,0.81357058892317735,true,,,false,,,,,,,false,true,,100,256,128,/Users/jxgao/project/stoMPS/example/Z2transverseIsing/data/Z2TFIM_Open_W10xL10_J1.0_h3.0_D256_DSETTN128_Dfilterexact_born_beta00.5_bmax16.0_tdvptol1.0e-12_filtertol1.0e-14/energy_temperature.jld2
"tanTRG+stoMPS, T0=2",data_knot,born_hybrid,purification_born_sequential_v1,0.5,12,0.083333333333333329,Born-sampled stoMPS,-3.169972744955329,5.8476400553848527e-06,true,weighted_sample_standard_error,-3.1699690398904976,1.9739267008127378e-05,-3.7050648313829981e-06,3.7050648313829981e-06,2.0587218273372617e-05,-0.17996918195476203,true,,,false,,,,,,,false,true,,100,256,128,/Users/jxgao/project/stoMPS/example/Z2transverseIsing/data/Z2TFIM_Open_W10xL10_J1.0_h3.0_D256_DSETTN128_Dfilterexact_born_beta00.5_bmax16.0_tdvptol1.0e-12_filtertol1.0e-14/energy_temperature.jld2
"tanTRG+stoMPS, T0=2",data_knot,born_hybrid,purification_born_sequential_v1,0.5,13,0.076923076923076927,Born-sampled stoMPS,-3.1699728252112775,2.1523045163078579e-06,true,weighted_sample_standard_error,-3.1699980550668365,1.9000291621177575e-05,2.5229855558972503e-05,2.5229855558972503e-05,1.9121806829395333e-05,1.3194284297542147,true,,,false,,,,,,,false,true,,100,256,128,/Users/jxgao/project/stoMPS/example/Z2transverseIsing/data/Z2TFIM_Open_W10xL10_J1.0_h3.0_D256_DSETTN128_Dfilterexact_born_beta00.5_bmax16.0_tdvptol1.0e-12_filtertol1.0e-14/energy_temperature.jld2
"tanTRG+stoMPS, T0=2",data_knot,born_hybrid,purification_born_sequential_v1,0.5,14,0.071428571428571425,Born-sampled stoMPS,-3.1699728616027159,7.9865412685553176e-07,true,weighted_sample_standard_error,-3.1699494120053333,2.0206270432997582e-05,-2.3449597382541043e-05,2.3449597382541043e-05,2.0222047701105239e-05,-1.1596054825476156,true,,,false,,,,,,,false,true,,100,256,128,/Users/jxgao/project/stoMPS/example/Z2transverseIsing/data/Z2TFIM_Open_W10xL10_J1.0_h3.0_D256_DSETTN128_Dfilterexact_born_beta00.5_bmax16.0_tdvptol1.0e-12_filtertol1.0e-14/energy_temperature.jld2
"tanTRG+stoMPS, T0=2",data_knot,born_hybrid,purification_born_sequential_v1,0.5,15,0.066666666666666666,Born-sampled stoMPS,-3.1699728840794807,3.078104944024704e-07,true,weighted_sample_standard_error,-3.1700175520791465,1.7887569196158749e-05,4.4667999665737312e-05,4.4667999665737312e-05,1.7890217411977744e-05,2.4967835011234398,true,,,false,,,,,,,false,true,,100,256,128,/Users/jxgao/project/stoMPS/example/Z2transverseIsing/data/Z2TFIM_Open_W10xL10_J1.0_h3.0_D256_DSETTN128_Dfilterexact_born_beta00.5_bmax16.0_tdvptol1.0e-12_filtertol1.0e-14/energy_temperature.jld2
"tanTRG+stoMPS, T0=2",data_knot,born_hybrid,purification_born_sequential_v1,0.5,16,0.0625,Born-sampled stoMPS,-3.1699729012890692,1.3705491066766797e-07,true,weighted_sample_standard_error,-3.1699823721448563,2.0250299964097677e-05,9.4708557871747701e-06,9.4708557871747701e-06,2.0250763755583948e-05,0.46767894295163437,true,,,false,,,,,,,false,true,,100,256,128,/Users/jxgao/project/stoMPS/example/Z2transverseIsing/data/Z2TFIM_Open_W10xL10_J1.0_h3.0_D256_DSETTN128_Dfilterexact_born_beta00.5_bmax16.0_tdvptol1.0e-12_filtertol1.0e-14/energy_temperature.jld2
"tanTRG+stoMPS, T0=2",specific_heat_interval,born_hybrid,purification_born_sequential_v1,0.5,4.3158372875155492e-05,23170.475005920791,SETTN+tanTRG,,,false,,,,,,,,false,2.011656705367998e-08,,false,"interval average c=Delta(E/N)/Delta(T), plotted at geometric-mean T",,3.0517578125e-05,6.103515625e-05,32768,16384,true,false,,100,256,128,/Users/jxgao/project/stoMPS/example/Z2transverseIsing/data/Z2TFIM_Open_W10xL10_J1.0_h3.0_D256_DSETTN128_Dfilterexact_born_beta00.5_bmax16.0_tdvptol1.0e-12_filtertol1.0e-14/energy_temperature.jld2
"tanTRG+stoMPS, T0=2",specific_heat_interval,born_hybrid,purification_born_sequential_v1,0.5,8.6316745750310983e-05,11585.237502960395,SETTN+tanTRG,,,false,,,,,,,,false,8.046626151735725e-08,,false,"interval average c=Delta(E/N)/Delta(T), plotted at geometric-mean T",,6.103515625e-05,0.0001220703125,16384,8192,true,false,,100,256,128,/Users/jxgao/project/stoMPS/example/Z2transverseIsing/data/Z2TFIM_Open_W10xL10_J1.0_h3.0_D256_DSETTN128_Dfilterexact_born_beta00.5_bmax16.0_tdvptol1.0e-12_filtertol1.0e-14/energy_temperature.jld2
"tanTRG+stoMPS, T0=2",specific_heat_interval,born_hybrid,purification_born_sequential_v1,0.5,0.00017263349150062197,5792.6187514801977,SETTN+tanTRG,,,false,,,,,,,,false,3.2186493891532129e-07,,false,"interval average c=Delta(E/N)/Delta(T), plotted at geometric-mean T",,0.0001220703125,0.000244140625,8192,4096,true,false,,100,256,128,/Users/jxgao/project/stoMPS/example/Z2transverseIsing/data/Z2TFIM_Open_W10xL10_J1.0_h3.0_D256_DSETTN128_Dfilterexact_born_beta00.5_bmax16.0_tdvptol1.0e-12_filtertol1.0e-14/energy_temperature.jld2
"tanTRG+stoMPS, T0=2",specific_heat_interval,born_hybrid,purification_born_sequential_v1,0.5,0.00034526698300124393,2896.3093757400989,SETTN+tanTRG,,,false,,,,,,,,false,1.287458041193603e-06,,false,"interval average c=Delta(E/N)/Delta(T), plotted at geometric-mean T",,0.000244140625,0.00048828125,4096,2048,true,false,,100,256,128,/Users/jxgao/project/stoMPS/example/Z2transverseIsing/data/Z2TFIM_Open_W10xL10_J1.0_h3.0_D256_DSETTN128_Dfilterexact_born_beta00.5_bmax16.0_tdvptol1.0e-12_filtertol1.0e-14/energy_temperature.jld2
"tanTRG+stoMPS, T0=2",specific_heat_interval,born_hybrid,purification_born_sequential_v1,0.5,0.00069053396600248786,1448.1546878700494,SETTN+tanTRG,,,false,,,,,,,,false,5.1498047334652984e-06,,false,"interval average c=Delta(E/N)/Delta(T), plotted at geometric-mean T",,0.00048828125,0.0009765625,2048,1024,true,false,,100,256,128,/Users/jxgao/project/stoMPS/example/Z2transverseIsing/data/Z2TFIM_Open_W10xL10_J1.0_h3.0_D256_DSETTN128_Dfilterexact_born_beta00.5_bmax16.0_tdvptol1.0e-12_filtertol1.0e-14/energy_temperature.jld2
"tanTRG+stoMPS, T0=2",specific_heat_interval,born_hybrid,purification_born_sequential_v1,0.5,0.0013810679320049757,724.07734393502471,SETTN+tanTRG,,,false,,,,,,,,false,2.0598780043231544e-05,,false,"interval average c=Delta(E/N)/Delta(T), plotted at geometric-mean T",,0.0009765625,0.001953125,1024,512,true,false,,100,256,128,/Users/jxgao/project/stoMPS/example/Z2transverseIsing/data/Z2TFIM_Open_W10xL10_J1.0_h3.0_D256_DSETTN128_Dfilterexact_born_beta00.5_bmax16.0_tdvptol1.0e-12_filtertol1.0e-14/energy_temperature.jld2
"tanTRG+stoMPS, T0=2",specific_heat_interval,born_hybrid,purification_born_sequential_v1,0.5,0.0027621358640099515,362.03867196751236,SETTN+tanTRG,,,false,,,,,,,,false,8.2388098620992948e-05,,false,"interval average c=Delta(E/N)/Delta(T), plotted at geometric-mean T",,0.001953125,0.00390625,512,256,true,false,,100,256,128,/Users/jxgao/project/stoMPS/example/Z2transverseIsing/data/Z2TFIM_Open_W10xL10_J1.0_h3.0_D256_DSETTN128_Dfilterexact_born_beta00.5_bmax16.0_tdvptol1.0e-12_filtertol1.0e-14/energy_temperature.jld2
"tanTRG+stoMPS, T0=2",specific_heat_interval,born_hybrid,purification_born_sequential_v1,0.5,0.0055242717280199029,181.01933598375618,SETTN+tanTRG,,,false,,,,,,,,false,0.00032944009257598818,,false,"interval average c=Delta(E/N)/Delta(T), plotted at geometric-mean T",,0.00390625,0.0078125,256,128,true,false,,100,256,128,/Users/jxgao/project/stoMPS/example/Z2transverseIsing/data/Z2TFIM_Open_W10xL10_J1.0_h3.0_D256_DSETTN128_Dfilterexact_born_beta00.5_bmax16.0_tdvptol1.0e-12_filtertol1.0e-14/energy_temperature.jld2
"tanTRG+stoMPS, T0=2",specific_heat_interval,born_hybrid,purification_born_sequential_v1,0.5,0.011048543456039806,90.509667991878089,SETTN+tanTRG,,,false,,,,,,,,false,0.0013159662118501316,,false,"interval average c=Delta(E/N)/Delta(T), plotted at geometric-mean T",,0.0078125,0.015625,128,64,true,false,,100,256,128,/Users/jxgao/project/stoMPS/example/Z2transverseIsing/data/Z2TFIM_Open_W10xL10_J1.0_h3.0_D256_DSETTN128_Dfilterexact_born_beta00.5_bmax16.0_tdvptol1.0e-12_filtertol1.0e-14/energy_temperature.jld2
"tanTRG+stoMPS, T0=2",specific_heat_interval,born_hybrid,purification_born_sequential_v1,0.5,0.022097086912079612,45.254833995939045,SETTN+tanTRG,,,false,,,,,,,,false,0.0052353247762465006,,false,"interval average c=Delta(E/N)/Delta(T), plotted at geometric-mean T",,0.015625,0.03125,64,32,true,false,,100,256,128,/Users/jxgao/project/stoMPS/example/Z2transverseIsing/data/Z2TFIM_Open_W10xL10_J1.0_h3.0_D256_DSETTN128_Dfilterexact_born_beta00.5_bmax16.0_tdvptol1.0e-12_filtertol1.0e-14/energy_temperature.jld2
"tanTRG+stoMPS, T0=2",specific_heat_interval,born_hybrid,purification_born_sequential_v1,0.5,0.044194173824159223,22.627416997969522,SETTN+tanTRG,,,false,,,,,,,,false,0.020494810516897409,,false,"interval average c=Delta(E/N)/Delta(T), plotted at geometric-mean T",,0.03125,0.0625,32,16,true,false,,100,256,128,/Users/jxgao/project/stoMPS/example/Z2transverseIsing/data/Z2TFIM_Open_W10xL10_J1.0_h3.0_D256_DSETTN128_Dfilterexact_born_beta00.5_bmax16.0_tdvptol1.0e-12_filtertol1.0e-14/energy_temperature.jld2
"tanTRG+stoMPS, T0=2",specific_heat_interval,born_hybrid,purification_born_sequential_v1,0.5,0.088388347648318447,11.313708498984761,SETTN+tanTRG,,,false,,,,,,,,false,0.075415404214867254,,false,"interval average c=Delta(E/N)/Delta(T), plotted at geometric-mean T",,0.0625,0.125,16,8,true,false,,100,256,128,/Users/jxgao/project/stoMPS/example/Z2transverseIsing/data/Z2TFIM_Open_W10xL10_J1.0_h3.0_D256_DSETTN128_Dfilterexact_born_beta00.5_bmax16.0_tdvptol1.0e-12_filtertol1.0e-14/energy_temperature.jld2
"tanTRG+stoMPS, T0=2",specific_heat_interval,born_hybrid,purification_born_sequential_v1,0.5,0.17677669529663689,5.6568542494923806,SETTN+tanTRG,,,false,,,,,,,,false,0.22358579784156912,,false,"interval average c=Delta(E/N)/Delta(T), plotted at geometric-mean T",,0.125,0.25,8,4,true,false,,100,256,128,/Users/jxgao/project/stoMPS/example/Z2transverseIsing/data/Z2TFIM_Open_W10xL10_J1.0_h3.0_D256_DSETTN128_Dfilterexact_born_beta00.5_bmax16.0_tdvptol1.0e-12_filtertol1.0e-14/energy_temperature.jld2
"tanTRG+stoMPS, T0=2",specific_heat_interval,born_hybrid,purification_born_sequential_v1,0.5,0.35355339059327379,2.8284271247461903,SETTN+tanTRG,,,false,,,,,,,,false,0.37187794221654769,,false,"interval average c=Delta(E/N)/Delta(T), plotted at geometric-mean T",,0.25,0.5,4,2,true,false,,100,256,128,/Users/jxgao/project/stoMPS/example/Z2transverseIsing/data/Z2TFIM_Open_W10xL10_J1.0_h3.0_D256_DSETTN128_Dfilterexact_born_beta00.5_bmax16.0_tdvptol1.0e-12_filtertol1.0e-14/energy_temperature.jld2
"tanTRG+stoMPS, T0=2",specific_heat_interval,born_hybrid,purification_born_sequential_v1,0.5,0.70710678118654757,1.4142135623730951,Born-sampled stoMPS,,,false,,,,,,,,false,0.21627766003346505,0.0076814536932923155,true,"interval average c=Delta(E/N)/Delta(T), plotted at geometric-mean T","trajectory bootstrap over complete samples, preserving cross-beta covariance",0.5,1,2,1,true,false,1000,100,256,128,/Users/jxgao/project/stoMPS/example/Z2transverseIsing/data/Z2TFIM_Open_W10xL10_J1.0_h3.0_D256_DSETTN128_Dfilterexact_born_beta00.5_bmax16.0_tdvptol1.0e-12_filtertol1.0e-14/energy_temperature.jld2
"tanTRG+stoMPS, T0=2",specific_heat_interval,born_hybrid,purification_born_sequential_v1,0.5,1.2247448713915889,0.81649658092772603,Born-sampled stoMPS,,,false,,,,,,,,false,0.084475304280338101,0.0094266658949572861,true,"interval average c=Delta(E/N)/Delta(T), plotted at geometric-mean T","trajectory bootstrap over complete samples, preserving cross-beta covariance",1,1.5,1,0.66666666666666663,true,false,1000,100,256,128,/Users/jxgao/project/stoMPS/example/Z2transverseIsing/data/Z2TFIM_Open_W10xL10_J1.0_h3.0_D256_DSETTN128_Dfilterexact_born_beta00.5_bmax16.0_tdvptol1.0e-12_filtertol1.0e-14/energy_temperature.jld2
"tanTRG+stoMPS, T0=2",specific_heat_interval,born_hybrid,purification_born_sequential_v1,0.5,1.7320508075688772,0.57735026918962573,Born-sampled stoMPS,,,false,,,,,,,,false,0.058305752202264763,0.010308226807739268,true,"interval average c=Delta(E/N)/Delta(T), plotted at geometric-mean T","trajectory bootstrap over complete samples, preserving cross-beta covariance",1.5,2,0.66666666666666663,0.5,true,false,1000,100,256,128,/Users/jxgao/project/stoMPS/example/Z2transverseIsing/data/Z2TFIM_Open_W10xL10_J1.0_h3.0_D256_DSETTN128_Dfilterexact_born_beta00.5_bmax16.0_tdvptol1.0e-12_filtertol1.0e-14/energy_temperature.jld2
"tanTRG+stoMPS, T0=2",specific_heat_interval,born_hybrid,purification_born_sequential_v1,0.5,2.4494897427831779,0.40824829046386302,Born-sampled stoMPS,,,false,,,,,,,,false,0.027369688513325659,0.011604599810731484,true,"interval average c=Delta(E/N)/Delta(T), plotted at geometric-mean T","trajectory bootstrap over complete samples, preserving cross-beta covariance",2,3,0.5,0.33333333333333331,true,false,1000,100,256,128,/Users/jxgao/project/stoMPS/example/Z2transverseIsing/data/Z2TFIM_Open_W10xL10_J1.0_h3.0_D256_DSETTN128_Dfilterexact_born_beta00.5_bmax16.0_tdvptol1.0e-12_filtertol1.0e-14/energy_temperature.jld2
"tanTRG+stoMPS, T0=2",specific_heat_interval,born_hybrid,purification_born_sequential_v1,0.5,3.4641016151377544,0.28867513459481287,Born-sampled stoMPS,,,false,,,,,,,,false,0.0096881465898981407,0.0090419012931975164,true,"interval average c=Delta(E/N)/Delta(T), plotted at geometric-mean T","trajectory bootstrap over complete samples, preserving cross-beta covariance",3,4,0.33333333333333331,0.25,true,false,1000,100,256,128,/Users/jxgao/project/stoMPS/example/Z2transverseIsing/data/Z2TFIM_Open_W10xL10_J1.0_h3.0_D256_DSETTN128_Dfilterexact_born_beta00.5_bmax16.0_tdvptol1.0e-12_filtertol1.0e-14/energy_temperature.jld2
"tanTRG+stoMPS, T0=2",specific_heat_interval,born_hybrid,purification_born_sequential_v1,0.5,4.4721359549995796,0.22360679774997896,Born-sampled stoMPS,,,false,,,,,,,,false,0.0044346395020955507,0.0069786780532838533,true,"interval average c=Delta(E/N)/Delta(T), plotted at geometric-mean T","trajectory bootstrap over complete samples, preserving cross-beta covariance",4,5,0.25,0.20000000000000001,true,false,1000,100,256,128,/Users/jxgao/project/stoMPS/example/Z2transverseIsing/data/Z2TFIM_Open_W10xL10_J1.0_h3.0_D256_DSETTN128_Dfilterexact_born_beta00.5_bmax16.0_tdvptol1.0e-12_filtertol1.0e-14/energy_temperature.jld2
"tanTRG+stoMPS, T0=2",specific_heat_interval,born_hybrid,purification_born_sequential_v1,0.5,5.4772255750516612,0.18257418583505536,Born-sampled stoMPS,,,false,,,,,,,,false,0.0021942012769793338,0.0047287241494548679,true,"interval average c=Delta(E/N)/Delta(T), plotted at geometric-mean T","trajectory bootstrap over complete samples, preserving cross-beta covariance",5,6,0.20000000000000001,0.16666666666666666,true,false,1000,100,256,128,/Users/jxgao/project/stoMPS/example/Z2transverseIsing/data/Z2TFIM_Open_W10xL10_J1.0_h3.0_D256_DSETTN128_Dfilterexact_born_beta00.5_bmax16.0_tdvptol1.0e-12_filtertol1.0e-14/energy_temperature.jld2
"tanTRG+stoMPS, T0=2",specific_heat_interval,born_hybrid,purification_born_sequential_v1,0.5,6.4807406984078604,0.15430334996209191,Born-sampled stoMPS,,,false,,,,,,,,false,0.0010806897720279096,0.002736136650977813,true,"interval average c=Delta(E/N)/Delta(T), plotted at geometric-mean T","trajectory bootstrap over complete samples, preserving cross-beta covariance",6,7,0.16666666666666666,0.14285714285714285,true,false,1000,100,256,128,/Users/jxgao/project/stoMPS/example/Z2transverseIsing/data/Z2TFIM_Open_W10xL10_J1.0_h3.0_D256_DSETTN128_Dfilterexact_born_beta00.5_bmax16.0_tdvptol1.0e-12_filtertol1.0e-14/energy_temperature.jld2
"tanTRG+stoMPS, T0=2",specific_heat_interval,born_hybrid,purification_born_sequential_v1,0.5,7.4833147735478827,0.1336306209562122,Born-sampled stoMPS,,,false,,,,,,,,false,0.00051923378625318172,0.0014081648777156527,true,"interval average c=Delta(E/N)/Delta(T), plotted at geometric-mean T","trajectory bootstrap over complete samples, preserving cross-beta covariance",7,8,0.14285714285714285,0.125,true,false,1000,100,256,128,/Users/jxgao/project/stoMPS/example/Z2transverseIsing/data/Z2TFIM_Open_W10xL10_J1.0_h3.0_D256_DSETTN128_Dfilterexact_born_beta00.5_bmax16.0_tdvptol1.0e-12_filtertol1.0e-14/energy_temperature.jld2
"tanTRG+stoMPS, T0=2",specific_heat_interval,born_hybrid,purification_born_sequential_v1,0.5,8.4852813742385695,0.11785113019775792,Born-sampled stoMPS,,,false,,,,,,,,false,0.00024398126092250994,0.00067537324418403904,true,"interval average c=Delta(E/N)/Delta(T), plotted at geometric-mean T","trajectory bootstrap over complete samples, preserving cross-beta covariance",8,9,0.125,0.1111111111111111,true,false,1000,100,256,128,/Users/jxgao/project/stoMPS/example/Z2transverseIsing/data/Z2TFIM_Open_W10xL10_J1.0_h3.0_D256_DSETTN128_Dfilterexact_born_beta00.5_bmax16.0_tdvptol1.0e-12_filtertol1.0e-14/energy_temperature.jld2
"tanTRG+stoMPS, T0=2",specific_heat_interval,born_hybrid,purification_born_sequential_v1,0.5,9.4868329805051381,0.10540925533894598,Born-sampled stoMPS,,,false,,,,,,,,false,0.00011301323277201915,0.0003106863582989541,true,"interval average c=Delta(E/N)/Delta(T), plotted at geometric-mean T","trajectory bootstrap over complete samples, preserving cross-beta covariance",9,10,0.1111111111111111,0.10000000000000001,true,false,1000,100,256,128,/Users/jxgao/project/stoMPS/example/Z2transverseIsing/data/Z2TFIM_Open_W10xL10_J1.0_h3.0_D256_DSETTN128_Dfilterexact_born_beta00.5_bmax16.0_tdvptol1.0e-12_filtertol1.0e-14/energy_temperature.jld2
"tanTRG+stoMPS, T0=2",specific_heat_interval,born_hybrid,purification_born_sequential_v1,0.5,10.488088481701515,0.095346258924559238,Born-sampled stoMPS,,,false,,,,,,,,false,5.1942233061375e-05,0.00013920496516739656,true,"interval average c=Delta(E/N)/Delta(T), plotted at geometric-mean T","trajectory bootstrap over complete samples, preserving cross-beta covariance",10,11,0.10000000000000001,0.090909090909090912,true,false,1000,100,256,128,/Users/jxgao/project/stoMPS/example/Z2transverseIsing/data/Z2TFIM_Open_W10xL10_J1.0_h3.0_D256_DSETTN128_Dfilterexact_born_beta00.5_bmax16.0_tdvptol1.0e-12_filtertol1.0e-14/energy_temperature.jld2
"tanTRG+stoMPS, T0=2",specific_heat_interval,born_hybrid,purification_born_sequential_v1,0.5,11.489125293076057,0.087038827977848926,Born-sampled stoMPS,,,false,,,,,,,,false,2.4527787081396445e-05,6.1311226383978075e-05,true,"interval average c=Delta(E/N)/Delta(T), plotted at geometric-mean T","trajectory bootstrap over complete samples, preserving cross-beta covariance",11,12,0.090909090909090912,0.083333333333333329,true,false,1000,100,256,128,/Users/jxgao/project/stoMPS/example/Z2transverseIsing/data/Z2TFIM_Open_W10xL10_J1.0_h3.0_D256_DSETTN128_Dfilterexact_born_beta00.5_bmax16.0_tdvptol1.0e-12_filtertol1.0e-14/energy_temperature.jld2
"tanTRG+stoMPS, T0=2",specific_heat_interval,born_hybrid,purification_born_sequential_v1,0.5,12.489995996796797,0.080064076902543566,Born-sampled stoMPS,,,false,,,,,,,,false,1.2519928182186408e-05,2.6685887069664593e-05,true,"interval average c=Delta(E/N)/Delta(T), plotted at geometric-mean T","trajectory bootstrap over complete samples, preserving cross-beta covariance",12,13,0.083333333333333329,0.076923076923076927,true,false,1000,100,256,128,/Users/jxgao/project/stoMPS/example/Z2transverseIsing/data/Z2TFIM_Open_W10xL10_J1.0_h3.0_D256_DSETTN128_Dfilterexact_born_beta00.5_bmax16.0_tdvptol1.0e-12_filtertol1.0e-14/energy_temperature.jld2
"tanTRG+stoMPS, T0=2",specific_heat_interval,born_hybrid,purification_born_sequential_v1,0.5,13.490737563232042,0.074124931666110117,Born-sampled stoMPS,,,false,,,,,,,,false,6.6232416910949508e-06,1.1717753875441089e-05,true,"interval average c=Delta(E/N)/Delta(T), plotted at geometric-mean T","trajectory bootstrap over complete samples, preserving cross-beta covariance",13,14,0.076923076923076927,0.071428571428571425,true,false,1000,100,256,128,/Users/jxgao/project/stoMPS/example/Z2transverseIsing/data/Z2TFIM_Open_W10xL10_J1.0_h3.0_D256_DSETTN128_Dfilterexact_born_beta00.5_bmax16.0_tdvptol1.0e-12_filtertol1.0e-14/energy_temperature.jld2
"tanTRG+stoMPS, T0=2",specific_heat_interval,born_hybrid,purification_born_sequential_v1,0.5,14.491376746189438,0.069006555934235422,Born-sampled stoMPS,,,false,,,,,,,,false,4.7201210939817918e-06,5.2983025081282001e-06,true,"interval average c=Delta(E/N)/Delta(T), plotted at geometric-mean T","trajectory bootstrap over complete samples, preserving cross-beta covariance",14,15,0.071428571428571425,0.066666666666666666,true,false,1000,100,256,128,/Users/jxgao/project/stoMPS/example/Z2transverseIsing/data/Z2TFIM_Open_W10xL10_J1.0_h3.0_D256_DSETTN128_Dfilterexact_born_beta00.5_bmax16.0_tdvptol1.0e-12_filtertol1.0e-14/energy_temperature.jld2
"tanTRG+stoMPS, T0=2",specific_heat_interval,born_hybrid,purification_born_sequential_v1,0.5,15.491933384829668,0.064549722436790274,Born-sampled stoMPS,,,false,,,,,,,,false,4.1303006881321389e-06,2.3807487686131496e-06,true,"interval average c=Delta(E/N)/Delta(T), plotted at geometric-mean T","trajectory bootstrap over complete samples, preserving cross-beta covariance",15,16,0.066666666666666666,0.0625,true,false,1000,100,256,128,/Users/jxgao/project/stoMPS/example/Z2transverseIsing/data/Z2TFIM_Open_W10xL10_J1.0_h3.0_D256_DSETTN128_Dfilterexact_born_beta00.5_bmax16.0_tdvptol1.0e-12_filtertol1.0e-14/energy_temperature.jld2
"tanTRG+stoMPS, T0=1",data_knot,born_hybrid,purification_born_sequential_v1,1,3.0517578125e-05,32768,SETTN+tanTRG,-0.00032958984244127991,,false,,,,,,,,true,,,false,,,,,,,false,false,,100,256,128,/Users/jxgao/project/stoMPS/example/Z2transverseIsing/data/Z2TFIM_Open_W10xL10_J1.0_h3.0_D256_DSETTN128_Dfilterexact_born_beta01.0_bmax16.0_tdvptol1.0e-12_filtertol1.0e-14/energy_temperature.jld2
"tanTRG+stoMPS, T0=1",data_knot,born_hybrid,purification_born_sequential_v1,1,6.103515625e-05,16384,SETTN+tanTRG,-0.00065917967704637065,,false,,,,,,,,true,,,false,,,,,,,false,false,,100,256,128,/Users/jxgao/project/stoMPS/example/Z2transverseIsing/data/Z2TFIM_Open_W10xL10_J1.0_h3.0_D256_DSETTN128_Dfilterexact_born_beta01.0_bmax16.0_tdvptol1.0e-12_filtertol1.0e-14/energy_temperature.jld2
"tanTRG+stoMPS, T0=1",data_knot,born_hybrid,purification_born_sequential_v1,1,0.0001220703125,8192,SETTN+tanTRG,-0.0013183592913963459,,false,,,,,,,,true,,,false,,,,,,,false,false,,100,256,128,/Users/jxgao/project/stoMPS/example/Z2transverseIsing/data/Z2TFIM_Open_W10xL10_J1.0_h3.0_D256_DSETTN128_Dfilterexact_born_beta01.0_bmax16.0_tdvptol1.0e-12_filtertol1.0e-14/energy_temperature.jld2
"tanTRG+stoMPS, T0=1",data_knot,born_hybrid,purification_born_sequential_v1,1,0.000244140625,4096,SETTN+tanTRG,-0.0026367180811921846,,false,,,,,,,,true,,,false,,,,,,,false,false,,100,256,128,/Users/jxgao/project/stoMPS/example/Z2transverseIsing/data/Z2TFIM_Open_W10xL10_J1.0_h3.0_D256_DSETTN128_Dfilterexact_born_beta01.0_bmax16.0_tdvptol1.0e-12_filtertol1.0e-14/energy_temperature.jld2
"tanTRG+stoMPS, T0=1",data_knot,born_hybrid,purification_born_sequential_v1,1,0.00048828125,2048,SETTN+tanTRG,-0.0052734321495566602,,false,,,,,,,,true,,,false,,,,,,,false,false,,100,256,128,/Users/jxgao/project/stoMPS/example/Z2transverseIsing/data/Z2TFIM_Open_W10xL10_J1.0_h3.0_D256_DSETTN128_Dfilterexact_born_beta01.0_bmax16.0_tdvptol1.0e-12_filtertol1.0e-14/energy_temperature.jld2
"tanTRG+stoMPS, T0=1",data_knot,born_hybrid,purification_born_sequential_v1,1,0.0009765625,1024,SETTN+tanTRG,-0.010546832196624232,,false,,,,,,,,true,,,false,,,,,,,false,false,,100,256,128,/Users/jxgao/project/stoMPS/example/Z2transverseIsing/data/Z2TFIM_Open_W10xL10_J1.0_h3.0_D256_DSETTN128_Dfilterexact_born_beta01.0_bmax16.0_tdvptol1.0e-12_filtertol1.0e-14/energy_temperature.jld2
"tanTRG+stoMPS, T0=1",data_knot,born_hybrid,purification_born_sequential_v1,1,0.001953125,512,SETTN+tanTRG,-0.021093407578561655,,false,,,,,,,,true,,,false,,,,,,,false,false,,100,256,128,/Users/jxgao/project/stoMPS/example/Z2transverseIsing/data/Z2TFIM_Open_W10xL10_J1.0_h3.0_D256_DSETTN128_Dfilterexact_born_beta01.0_bmax16.0_tdvptol1.0e-12_filtertol1.0e-14/energy_temperature.jld2
"tanTRG+stoMPS, T0=1",data_knot,born_hybrid,purification_born_sequential_v1,1,0.00390625,256,SETTN+tanTRG,-0.042184760823808211,,false,,,,,,,,true,,,false,,,,,,,false,false,,100,256,128,/Users/jxgao/project/stoMPS/example/Z2transverseIsing/data/Z2TFIM_Open_W10xL10_J1.0_h3.0_D256_DSETTN128_Dfilterexact_born_beta01.0_bmax16.0_tdvptol1.0e-12_filtertol1.0e-14/energy_temperature.jld2
"tanTRG+stoMPS, T0=1",data_knot,born_hybrid,purification_born_sequential_v1,1,0.0078125,128,SETTN+tanTRG,-0.084353092629142534,,false,,,,,,,,true,,,false,,,,,,,false,false,,100,256,128,/Users/jxgao/project/stoMPS/example/Z2transverseIsing/data/Z2TFIM_Open_W10xL10_J1.0_h3.0_D256_DSETTN128_Dfilterexact_born_beta01.0_bmax16.0_tdvptol1.0e-12_filtertol1.0e-14/energy_temperature.jld2
"tanTRG+stoMPS, T0=1",data_knot,born_hybrid,purification_born_sequential_v1,1,0.015625,64,SETTN+tanTRG,-0.16857492809211119,,false,,,,,,,,true,,,false,,,,,,,false,false,,100,256,128,/Users/jxgao/project/stoMPS/example/Z2transverseIsing/data/Z2TFIM_Open_W10xL10_J1.0_h3.0_D256_DSETTN128_Dfilterexact_born_beta01.0_bmax16.0_tdvptol1.0e-12_filtertol1.0e-14/energy_temperature.jld2
"tanTRG+stoMPS, T0=1",data_knot,born_hybrid,purification_born_sequential_v1,1,0.03125,32,SETTN+tanTRG,-0.33610524344614007,,false,,,,,,,,true,,,false,,,,,,,false,false,,100,256,128,/Users/jxgao/project/stoMPS/example/Z2transverseIsing/data/Z2TFIM_Open_W10xL10_J1.0_h3.0_D256_DSETTN128_Dfilterexact_born_beta01.0_bmax16.0_tdvptol1.0e-12_filtertol1.0e-14/energy_temperature.jld2
"tanTRG+stoMPS, T0=1",data_knot,born_hybrid,purification_born_sequential_v1,1,0.0625,16,SETTN+tanTRG,-0.66402097881536837,,false,,,,,,,,true,,,false,,,,,,,false,false,,100,256,128,/Users/jxgao/project/stoMPS/example/Z2transverseIsing/data/Z2TFIM_Open_W10xL10_J1.0_h3.0_D256_DSETTN128_Dfilterexact_born_beta01.0_bmax16.0_tdvptol1.0e-12_filtertol1.0e-14/energy_temperature.jld2
"tanTRG+stoMPS, T0=1",data_knot,born_hybrid,purification_born_sequential_v1,1,0.125,8,SETTN+tanTRG,-1.2673418224023478,,false,,,,,,,,true,,,false,,,,,,,false,false,,100,256,128,/Users/jxgao/project/stoMPS/example/Z2transverseIsing/data/Z2TFIM_Open_W10xL10_J1.0_h3.0_D256_DSETTN128_Dfilterexact_born_beta01.0_bmax16.0_tdvptol1.0e-12_filtertol1.0e-14/energy_temperature.jld2
"tanTRG+stoMPS, T0=1",data_knot,born_hybrid,purification_born_sequential_v1,1,0.25,4,SETTN+tanTRG,-2.161722049139823,,false,,,,,,,,true,,,false,,,,,,,false,false,,100,256,128,/Users/jxgao/project/stoMPS/example/Z2transverseIsing/data/Z2TFIM_Open_W10xL10_J1.0_h3.0_D256_DSETTN128_Dfilterexact_born_beta01.0_bmax16.0_tdvptol1.0e-12_filtertol1.0e-14/energy_temperature.jld2
"tanTRG+stoMPS, T0=1",data_knot,born_hybrid,purification_born_sequential_v1,1,0.5,2,SETTN+tanTRG,-2.9054833613535713,,false,,-2.9067928962707699,8.6957843385190029e-05,0.0013095349171985404,0.0013095349171985404,,,true,,,false,,,,,,,false,true,,100,256,128,/Users/jxgao/project/stoMPS/example/Z2transverseIsing/data/Z2TFIM_Open_W10xL10_J1.0_h3.0_D256_DSETTN128_Dfilterexact_born_beta01.0_bmax16.0_tdvptol1.0e-12_filtertol1.0e-14/energy_temperature.jld2
"tanTRG+stoMPS, T0=1",data_knot,born_hybrid,purification_born_sequential_v1,1,1,1,Born-sampled stoMPS,-3.1304564826274532,0.0025418817114434755,true,weighted_sample_standard_error,-3.1389534854889081,5.9308109328284641e-05,0.0084970028614548276,0.0084970028614548276,0.0025425735164991605,3.3418907285537411,true,,,false,,,,,,,false,true,,100,256,128,/Users/jxgao/project/stoMPS/example/Z2transverseIsing/data/Z2TFIM_Open_W10xL10_J1.0_h3.0_D256_DSETTN128_Dfilterexact_born_beta01.0_bmax16.0_tdvptol1.0e-12_filtertol1.0e-14/energy_temperature.jld2
"tanTRG+stoMPS, T0=1",data_knot,born_hybrid,purification_born_sequential_v1,1,1.5,0.66666666666666663,Born-sampled stoMPS,-3.1584882989569674,0.0016249898408260272,true,weighted_sample_standard_error,,,,,,,true,,,false,,,,,,,false,false,,100,256,128,/Users/jxgao/project/stoMPS/example/Z2transverseIsing/data/Z2TFIM_Open_W10xL10_J1.0_h3.0_D256_DSETTN128_Dfilterexact_born_beta01.0_bmax16.0_tdvptol1.0e-12_filtertol1.0e-14/energy_temperature.jld2
"tanTRG+stoMPS, T0=1",data_knot,born_hybrid,purification_born_sequential_v1,1,2,0.5,Born-sampled stoMPS,-3.1651287285595009,0.0012942216056632827,true,weighted_sample_standard_error,-3.1670337573687259,4.3875955397721998e-05,0.0019050288092250511,0.0019050288092250511,0.001294965120776505,1.4711043399244075,true,,,false,,,,,,,false,true,,100,256,128,/Users/jxgao/project/stoMPS/example/Z2transverseIsing/data/Z2TFIM_Open_W10xL10_J1.0_h3.0_D256_DSETTN128_Dfilterexact_born_beta01.0_bmax16.0_tdvptol1.0e-12_filtertol1.0e-14/energy_temperature.jld2
"tanTRG+stoMPS, T0=1",data_knot,born_hybrid,purification_born_sequential_v1,1,3,0.33333333333333331,Born-sampled stoMPS,-3.1687035602471383,0.0010641391609775141,true,weighted_sample_standard_error,-3.1693065201441639,3.6483270651704813e-05,0.00060295989702563446,0.00060295989702563446,0.0010647643790827025,0.56628481274428633,true,,,false,,,,,,,false,true,,100,256,128,/Users/jxgao/project/stoMPS/example/Z2transverseIsing/data/Z2TFIM_Open_W10xL10_J1.0_h3.0_D256_DSETTN128_Dfilterexact_born_beta01.0_bmax16.0_tdvptol1.0e-12_filtertol1.0e-14/energy_temperature.jld2
"tanTRG+stoMPS, T0=1",data_knot,born_hybrid,purification_born_sequential_v1,1,4,0.25,Born-sampled stoMPS,-3.1695655579334345,0.0010077571321457752,true,weighted_sample_standard_error,-3.1698331457773445,3.8692992591750324e-05,0.000267587843910011,0.000267587843910011,0.001008499670335287,0.26533260424472765,true,,,false,,,,,,,false,true,,100,256,128,/Users/jxgao/project/stoMPS/example/Z2transverseIsing/data/Z2TFIM_Open_W10xL10_J1.0_h3.0_D256_DSETTN128_Dfilterexact_born_beta01.0_bmax16.0_tdvptol1.0e-12_filtertol1.0e-14/energy_temperature.jld2
"tanTRG+stoMPS, T0=1",data_knot,born_hybrid,purification_born_sequential_v1,1,5,0.20000000000000001,Born-sampled stoMPS,-3.1698319510684252,0.00098364300202088192,true,weighted_sample_standard_error,-3.1699199651718346,2.9543246561417826e-05,8.8014103409417288e-05,8.8014103409417288e-05,0.00098408656064496764,0.089437359404373015,true,,,false,,,,,,,false,true,,100,256,128,/Users/jxgao/project/stoMPS/example/Z2transverseIsing/data/Z2TFIM_Open_W10xL10_J1.0_h3.0_D256_DSETTN128_Dfilterexact_born_beta01.0_bmax16.0_tdvptol1.0e-12_filtertol1.0e-14/energy_temperature.jld2
"tanTRG+stoMPS, T0=1",data_knot,born_hybrid,purification_born_sequential_v1,1,6,0.16666666666666666,Born-sampled stoMPS,-3.1699224899386849,0.00093922509889927323,true,weighted_sample_standard_error,-3.1699495888286267,2.6858954285257616e-05,2.7098889941790105e-05,2.7098889941790105e-05,0.00093960906223154695,0.028840600874400837,true,,,false,,,,,,,false,true,,100,256,128,/Users/jxgao/project/stoMPS/example/Z2transverseIsing/data/Z2TFIM_Open_W10xL10_J1.0_h3.0_D256_DSETTN128_Dfilterexact_born_beta01.0_bmax16.0_tdvptol1.0e-12_filtertol1.0e-14/energy_temperature.jld2
"tanTRG+stoMPS, T0=1",data_knot,born_hybrid,purification_born_sequential_v1,1,7,0.14285714285714285,Born-sampled stoMPS,-3.1699545225748658,0.00083650099778422038,true,weighted_sample_standard_error,-3.1699605157488882,2.5059348866873719e-05,5.9931740223895247e-06,5.9931740223895247e-06,0.00083687626938492405,0.0071613621291882323,true,,,false,,,,,,,false,true,,100,256,128,/Users/jxgao/project/stoMPS/example/Z2transverseIsing/data/Z2TFIM_Open_W10xL10_J1.0_h3.0_D256_DSETTN128_Dfilterexact_born_beta01.0_bmax16.0_tdvptol1.0e-12_filtertol1.0e-14/energy_temperature.jld2
"tanTRG+stoMPS, T0=1",data_knot,born_hybrid,purification_born_sequential_v1,1,8,0.125,Born-sampled stoMPS,-3.1699660703507813,0.00064365778955161295,true,weighted_sample_standard_error,-3.16998120558261,2.3693167659023988e-05,1.513523182872234e-05,1.513523182872234e-05,0.0006440937169730715,0.023498493200415926,true,,,false,,,,,,,false,true,,100,256,128,/Users/jxgao/project/stoMPS/example/Z2transverseIsing/data/Z2TFIM_Open_W10xL10_J1.0_h3.0_D256_DSETTN128_Dfilterexact_born_beta01.0_bmax16.0_tdvptol1.0e-12_filtertol1.0e-14/energy_temperature.jld2
"tanTRG+stoMPS, T0=1",data_knot,born_hybrid,purification_born_sequential_v1,1,9,0.1111111111111111,Born-sampled stoMPS,-3.1699702790778845,0.0003944585106947895,true,weighted_sample_standard_error,-3.1699802803463553,2.2386639750152277e-05,1.0001268470727354e-05,1.0001268470727354e-05,0.00039509325266176652,0.025313690890310627,true,,,false,,,,,,,false,true,,100,256,128,/Users/jxgao/project/stoMPS/example/Z2transverseIsing/data/Z2TFIM_Open_W10xL10_J1.0_h3.0_D256_DSETTN128_Dfilterexact_born_beta01.0_bmax16.0_tdvptol1.0e-12_filtertol1.0e-14/energy_temperature.jld2
"tanTRG+stoMPS, T0=1",data_knot,born_hybrid,purification_born_sequential_v1,1,10,0.10000000000000001,Born-sampled stoMPS,-3.1699718284725633,0.00019137764639962025,true,weighted_sample_standard_error,-3.1699609834353737,2.1568712764459014e-05,-1.084503718962182e-05,1.084503718962182e-05,0.00019258923363411003,-0.056311752142000446,true,,,false,,,,,,,false,true,,100,256,128,/Users/jxgao/project/stoMPS/example/Z2transverseIsing/data/Z2TFIM_Open_W10xL10_J1.0_h3.0_D256_DSETTN128_Dfilterexact_born_beta01.0_bmax16.0_tdvptol1.0e-12_filtertol1.0e-14/energy_temperature.jld2
"tanTRG+stoMPS, T0=1",data_knot,born_hybrid,purification_born_sequential_v1,1,11,0.090909090909090912,Born-sampled stoMPS,-3.1699724082368266,7.9386043458015861e-05,true,weighted_sample_standard_error,-3.1699935445785701,2.0356766568949295e-05,2.1136341743499543e-05,2.1136341743499543e-05,8.1954510803620046e-05,0.25790333608538751,true,,,false,,,,,,,false,true,,100,256,128,/Users/jxgao/project/stoMPS/example/Z2transverseIsing/data/Z2TFIM_Open_W10xL10_J1.0_h3.0_D256_DSETTN128_Dfilterexact_born_beta01.0_bmax16.0_tdvptol1.0e-12_filtertol1.0e-14/energy_temperature.jld2
"tanTRG+stoMPS, T0=1",data_knot,born_hybrid,purification_born_sequential_v1,1,12,0.083333333333333329,Born-sampled stoMPS,-3.1699726319571209,3.0507115521986641e-05,true,weighted_sample_standard_error,-3.1699690398904976,1.9739267008127378e-05,-3.5920666232591714e-06,3.5920666232591714e-06,3.6336245808971301e-05,-0.098856294680071261,true,,,false,,,,,,,false,true,,100,256,128,/Users/jxgao/project/stoMPS/example/Z2transverseIsing/data/Z2TFIM_Open_W10xL10_J1.0_h3.0_D256_DSETTN128_Dfilterexact_born_beta01.0_bmax16.0_tdvptol1.0e-12_filtertol1.0e-14/energy_temperature.jld2
"tanTRG+stoMPS, T0=1",data_knot,born_hybrid,purification_born_sequential_v1,1,13,0.076923076923076927,Born-sampled stoMPS,-3.169972725264012,1.1373289466837015e-05,true,weighted_sample_standard_error,-3.1699980550668365,1.9000291621177575e-05,2.5329802824547443e-05,2.5329802824547443e-05,2.2144136808334989e-05,1.143860473938789,true,,,false,,,,,,,false,true,,100,256,128,/Users/jxgao/project/stoMPS/example/Z2transverseIsing/data/Z2TFIM_Open_W10xL10_J1.0_h3.0_D256_DSETTN128_Dfilterexact_born_beta01.0_bmax16.0_tdvptol1.0e-12_filtertol1.0e-14/energy_temperature.jld2
"tanTRG+stoMPS, T0=1",data_knot,born_hybrid,purification_born_sequential_v1,1,14,0.071428571428571425,Born-sampled stoMPS,-3.1699727692928468,4.204649039738329e-06,true,weighted_sample_standard_error,-3.1699494120053333,2.0206270432997582e-05,-2.3357287513459113e-05,2.3357287513459113e-05,2.063909974681078e-05,-1.1317008881198103,true,,,false,,,,,,,false,true,,100,256,128,/Users/jxgao/project/stoMPS/example/Z2transverseIsing/data/Z2TFIM_Open_W10xL10_J1.0_h3.0_D256_DSETTN128_Dfilterexact_born_beta01.0_bmax16.0_tdvptol1.0e-12_filtertol1.0e-14/energy_temperature.jld2
"tanTRG+stoMPS, T0=1",data_knot,born_hybrid,purification_born_sequential_v1,1,15,0.066666666666666666,Born-sampled stoMPS,-3.169972792792902,1.5632243142122597e-06,true,weighted_sample_standard_error,-3.1700175520791465,1.7887569196158749e-05,4.4759286244477892e-05,4.4759286244477892e-05,1.795574565435565e-05,2.4927556396757224,true,,,false,,,,,,,false,true,,100,256,128,/Users/jxgao/project/stoMPS/example/Z2transverseIsing/data/Z2TFIM_Open_W10xL10_J1.0_h3.0_D256_DSETTN128_Dfilterexact_born_beta01.0_bmax16.0_tdvptol1.0e-12_filtertol1.0e-14/energy_temperature.jld2
"tanTRG+stoMPS, T0=1",data_knot,born_hybrid,purification_born_sequential_v1,1,16,0.0625,Born-sampled stoMPS,-3.1699728073712872,5.9593335133278564e-07,true,weighted_sample_standard_error,-3.1699823721448563,2.0250299964097677e-05,9.5647735691706259e-06,9.5647735691706259e-06,2.0259066740478572e-05,0.47212310871456664,true,,,false,,,,,,,false,true,,100,256,128,/Users/jxgao/project/stoMPS/example/Z2transverseIsing/data/Z2TFIM_Open_W10xL10_J1.0_h3.0_D256_DSETTN128_Dfilterexact_born_beta01.0_bmax16.0_tdvptol1.0e-12_filtertol1.0e-14/energy_temperature.jld2
"tanTRG+stoMPS, T0=1",specific_heat_interval,born_hybrid,purification_born_sequential_v1,1,4.3158372875155492e-05,23170.475005920791,SETTN+tanTRG,,,false,,,,,,,,false,2.0116567053533371e-08,,false,"interval average c=Delta(E/N)/Delta(T), plotted at geometric-mean T",,3.0517578125e-05,6.103515625e-05,32768,16384,true,false,,100,256,128,/Users/jxgao/project/stoMPS/example/Z2transverseIsing/data/Z2TFIM_Open_W10xL10_J1.0_h3.0_D256_DSETTN128_Dfilterexact_born_beta01.0_bmax16.0_tdvptol1.0e-12_filtertol1.0e-14/energy_temperature.jld2
"tanTRG+stoMPS, T0=1",specific_heat_interval,born_hybrid,purification_born_sequential_v1,1,8.6316745750310983e-05,11585.237502960395,SETTN+tanTRG,,,false,,,,,,,,false,8.0466261517330965e-08,,false,"interval average c=Delta(E/N)/Delta(T), plotted at geometric-mean T",,6.103515625e-05,0.0001220703125,16384,8192,true,false,,100,256,128,/Users/jxgao/project/stoMPS/example/Z2transverseIsing/data/Z2TFIM_Open_W10xL10_J1.0_h3.0_D256_DSETTN128_Dfilterexact_born_beta01.0_bmax16.0_tdvptol1.0e-12_filtertol1.0e-14/energy_temperature.jld2
"tanTRG+stoMPS, T0=1",specific_heat_interval,born_hybrid,purification_born_sequential_v1,1,0.00017263349150062197,5792.6187514801977,SETTN+tanTRG,,,false,,,,,,,,false,3.2186493891499968e-07,,false,"interval average c=Delta(E/N)/Delta(T), plotted at geometric-mean T",,0.0001220703125,0.000244140625,8192,4096,true,false,,100,256,128,/Users/jxgao/project/stoMPS/example/Z2transverseIsing/data/Z2TFIM_Open_W10xL10_J1.0_h3.0_D256_DSETTN128_Dfilterexact_born_beta01.0_bmax16.0_tdvptol1.0e-12_filtertol1.0e-14/energy_temperature.jld2
"tanTRG+stoMPS, T0=1",specific_heat_interval,born_hybrid,purification_born_sequential_v1,1,0.00034526698300124393,2896.3093757400989,SETTN+tanTRG,,,false,,,,,,,,false,1.2874580411935916e-06,,false,"interval average c=Delta(E/N)/Delta(T), plotted at geometric-mean T",,0.000244140625,0.00048828125,4096,2048,true,false,,100,256,128,/Users/jxgao/project/stoMPS/example/Z2transverseIsing/data/Z2TFIM_Open_W10xL10_J1.0_h3.0_D256_DSETTN128_Dfilterexact_born_beta01.0_bmax16.0_tdvptol1.0e-12_filtertol1.0e-14/energy_temperature.jld2
"tanTRG+stoMPS, T0=1",specific_heat_interval,born_hybrid,purification_born_sequential_v1,1,0.00069053396600248786,1448.1546878700494,SETTN+tanTRG,,,false,,,,,,,,false,5.1498047334644251e-06,,false,"interval average c=Delta(E/N)/Delta(T), plotted at geometric-mean T",,0.00048828125,0.0009765625,2048,1024,true,false,,100,256,128,/Users/jxgao/project/stoMPS/example/Z2transverseIsing/data/Z2TFIM_Open_W10xL10_J1.0_h3.0_D256_DSETTN128_Dfilterexact_born_beta01.0_bmax16.0_tdvptol1.0e-12_filtertol1.0e-14/energy_temperature.jld2
"tanTRG+stoMPS, T0=1",specific_heat_interval,born_hybrid,purification_born_sequential_v1,1,0.0013810679320049757,724.07734393502471,SETTN+tanTRG,,,false,,,,,,,,false,2.059878004284653e-05,,false,"interval average c=Delta(E/N)/Delta(T), plotted at geometric-mean T",,0.0009765625,0.001953125,1024,512,true,false,,100,256,128,/Users/jxgao/project/stoMPS/example/Z2transverseIsing/data/Z2TFIM_Open_W10xL10_J1.0_h3.0_D256_DSETTN128_Dfilterexact_born_beta01.0_bmax16.0_tdvptol1.0e-12_filtertol1.0e-14/energy_temperature.jld2
"tanTRG+stoMPS, T0=1",specific_heat_interval,born_hybrid,purification_born_sequential_v1,1,0.0027621358640099515,362.03867196751236,SETTN+tanTRG,,,false,,,,,,,,false,8.2388098614244359e-05,,false,"interval average c=Delta(E/N)/Delta(T), plotted at geometric-mean T",,0.001953125,0.00390625,512,256,true,false,,100,256,128,/Users/jxgao/project/stoMPS/example/Z2transverseIsing/data/Z2TFIM_Open_W10xL10_J1.0_h3.0_D256_DSETTN128_Dfilterexact_born_beta01.0_bmax16.0_tdvptol1.0e-12_filtertol1.0e-14/energy_temperature.jld2
"tanTRG+stoMPS, T0=1",specific_heat_interval,born_hybrid,purification_born_sequential_v1,1,0.0055242717280199029,181.01933598375618,SETTN+tanTRG,,,false,,,,,,,,false,0.0003294400922291744,,false,"interval average c=Delta(E/N)/Delta(T), plotted at geometric-mean T",,0.00390625,0.0078125,256,128,true,false,,100,256,128,/Users/jxgao/project/stoMPS/example/Z2transverseIsing/data/Z2TFIM_Open_W10xL10_J1.0_h3.0_D256_DSETTN128_Dfilterexact_born_beta01.0_bmax16.0_tdvptol1.0e-12_filtertol1.0e-14/energy_temperature.jld2
"tanTRG+stoMPS, T0=1",specific_heat_interval,born_hybrid,purification_born_sequential_v1,1,0.011048543456039806,90.509667991878089,SETTN+tanTRG,,,false,,,,,,,,false,0.0013159661791088853,,false,"interval average c=Delta(E/N)/Delta(T), plotted at geometric-mean T",,0.0078125,0.015625,128,64,true,false,,100,256,128,/Users/jxgao/project/stoMPS/example/Z2transverseIsing/data/Z2TFIM_Open_W10xL10_J1.0_h3.0_D256_DSETTN128_Dfilterexact_born_beta01.0_bmax16.0_tdvptol1.0e-12_filtertol1.0e-14/energy_temperature.jld2
"tanTRG+stoMPS, T0=1",specific_heat_interval,born_hybrid,purification_born_sequential_v1,1,0.022097086912079612,45.254833995939045,SETTN+tanTRG,,,false,,,,,,,,false,0.0052353223548134023,,false,"interval average c=Delta(E/N)/Delta(T), plotted at geometric-mean T",,0.015625,0.03125,64,32,true,false,,100,256,128,/Users/jxgao/project/stoMPS/example/Z2transverseIsing/data/Z2TFIM_Open_W10xL10_J1.0_h3.0_D256_DSETTN128_Dfilterexact_born_beta01.0_bmax16.0_tdvptol1.0e-12_filtertol1.0e-14/energy_temperature.jld2
"tanTRG+stoMPS, T0=1",specific_heat_interval,born_hybrid,purification_born_sequential_v1,1,0.044194173824159223,22.627416997969522,SETTN+tanTRG,,,false,,,,,,,,false,0.020494733460576769,,false,"interval average c=Delta(E/N)/Delta(T), plotted at geometric-mean T",,0.03125,0.0625,32,16,true,false,,100,256,128,/Users/jxgao/project/stoMPS/example/Z2transverseIsing/data/Z2TFIM_Open_W10xL10_J1.0_h3.0_D256_DSETTN128_Dfilterexact_born_beta01.0_bmax16.0_tdvptol1.0e-12_filtertol1.0e-14/energy_temperature.jld2
"tanTRG+stoMPS, T0=1",specific_heat_interval,born_hybrid,purification_born_sequential_v1,1,0.088388347648318447,11.313708498984761,SETTN+tanTRG,,,false,,,,,,,,false,0.075415105448372433,,false,"interval average c=Delta(E/N)/Delta(T), plotted at geometric-mean T",,0.0625,0.125,16,8,true,false,,100,256,128,/Users/jxgao/project/stoMPS/example/Z2transverseIsing/data/Z2TFIM_Open_W10xL10_J1.0_h3.0_D256_DSETTN128_Dfilterexact_born_beta01.0_bmax16.0_tdvptol1.0e-12_filtertol1.0e-14/energy_temperature.jld2
"tanTRG+stoMPS, T0=1",specific_heat_interval,born_hybrid,purification_born_sequential_v1,1,0.17677669529663689,5.6568542494923806,SETTN+tanTRG,,,false,,,,,,,,false,0.2235950566843688,,false,"interval average c=Delta(E/N)/Delta(T), plotted at geometric-mean T",,0.125,0.25,8,4,true,false,,100,256,128,/Users/jxgao/project/stoMPS/example/Z2transverseIsing/data/Z2TFIM_Open_W10xL10_J1.0_h3.0_D256_DSETTN128_Dfilterexact_born_beta01.0_bmax16.0_tdvptol1.0e-12_filtertol1.0e-14/energy_temperature.jld2
"tanTRG+stoMPS, T0=1",specific_heat_interval,born_hybrid,purification_born_sequential_v1,1,0.35355339059327379,2.8284271247461903,SETTN+tanTRG,,,false,,,,,,,,false,0.37188065610687415,,false,"interval average c=Delta(E/N)/Delta(T), plotted at geometric-mean T",,0.25,0.5,4,2,true,false,,100,256,128,/Users/jxgao/project/stoMPS/example/Z2transverseIsing/data/Z2TFIM_Open_W10xL10_J1.0_h3.0_D256_DSETTN128_Dfilterexact_born_beta01.0_bmax16.0_tdvptol1.0e-12_filtertol1.0e-14/energy_temperature.jld2
"tanTRG+stoMPS, T0=1",specific_heat_interval,born_hybrid,purification_born_sequential_v1,1,0.70710678118654757,1.4142135623730951,SETTN+tanTRG,,,false,,,,,,,,false,0.23066687936538255,,false,"interval average c=Delta(E/N)/Delta(T), plotted at geometric-mean T",,0.5,1,2,1,true,false,,100,256,128,/Users/jxgao/project/stoMPS/example/Z2transverseIsing/data/Z2TFIM_Open_W10xL10_J1.0_h3.0_D256_DSETTN128_Dfilterexact_born_beta01.0_bmax16.0_tdvptol1.0e-12_filtertol1.0e-14/energy_temperature.jld2
"tanTRG+stoMPS, T0=1",specific_heat_interval,born_hybrid,purification_born_sequential_v1,1,1.2247448713915889,0.81649658092772603,Born-sampled stoMPS,,,false,,,,,,,,false,0.08409544898855302,0.0058989439862496516,true,"interval average c=Delta(E/N)/Delta(T), plotted at geometric-mean T","trajectory bootstrap over complete samples, preserving cross-beta covariance",1,1.5,1,0.66666666666666663,true,false,1000,100,256,128,/Users/jxgao/project/stoMPS/example/Z2transverseIsing/data/Z2TFIM_Open_W10xL10_J1.0_h3.0_D256_DSETTN128_Dfilterexact_born_beta01.0_bmax16.0_tdvptol1.0e-12_filtertol1.0e-14/energy_temperature.jld2
"tanTRG+stoMPS, T0=1",specific_heat_interval,born_hybrid,purification_born_sequential_v1,1,1.7320508075688772,0.57735026918962573,Born-sampled stoMPS,,,false,,,,,,,,false,0.039842577615182513,0.0033435972766079755,true,"interval average c=Delta(E/N)/Delta(T), plotted at geometric-mean T","trajectory bootstrap over complete samples, preserving cross-beta covariance",1.5,2,0.66666666666666663,0.5,true,false,1000,100,256,128,/Users/jxgao/project/stoMPS/example/Z2transverseIsing/data/Z2TFIM_Open_W10xL10_J1.0_h3.0_D256_DSETTN128_Dfilterexact_born_beta01.0_bmax16.0_tdvptol1.0e-12_filtertol1.0e-14/energy_temperature.jld2
"tanTRG+stoMPS, T0=1",specific_heat_interval,born_hybrid,purification_born_sequential_v1,1,2.4494897427831779,0.40824829046386302,Born-sampled stoMPS,,,false,,,,,,,,false,0.021448990125829678,0.0032588198285894718,true,"interval average c=Delta(E/N)/Delta(T), plotted at geometric-mean T","trajectory bootstrap over complete samples, preserving cross-beta covariance",2,3,0.5,0.33333333333333331,true,false,1000,100,256,128,/Users/jxgao/project/stoMPS/example/Z2transverseIsing/data/Z2TFIM_Open_W10xL10_J1.0_h3.0_D256_DSETTN128_Dfilterexact_born_beta01.0_bmax16.0_tdvptol1.0e-12_filtertol1.0e-14/energy_temperature.jld2
"tanTRG+stoMPS, T0=1",specific_heat_interval,born_hybrid,purification_born_sequential_v1,1,3.4641016151377544,0.28867513459481287,Born-sampled stoMPS,,,false,,,,,,,,false,0.010343972235565603,0.0024380778460527759,true,"interval average c=Delta(E/N)/Delta(T), plotted at geometric-mean T","trajectory bootstrap over complete samples, preserving cross-beta covariance",3,4,0.33333333333333331,0.25,true,false,1000,100,256,128,/Users/jxgao/project/stoMPS/example/Z2transverseIsing/data/Z2TFIM_Open_W10xL10_J1.0_h3.0_D256_DSETTN128_Dfilterexact_born_beta01.0_bmax16.0_tdvptol1.0e-12_filtertol1.0e-14/energy_temperature.jld2
"tanTRG+stoMPS, T0=1",specific_heat_interval,born_hybrid,purification_born_sequential_v1,1,4.4721359549995796,0.22360679774997896,Born-sampled stoMPS,,,false,,,,,,,,false,0.0053278626998221066,0.0014653479312797127,true,"interval average c=Delta(E/N)/Delta(T), plotted at geometric-mean T","trajectory bootstrap over complete samples, preserving cross-beta covariance",4,5,0.25,0.20000000000000001,true,false,1000,100,256,128,/Users/jxgao/project/stoMPS/example/Z2transverseIsing/data/Z2TFIM_Open_W10xL10_J1.0_h3.0_D256_DSETTN128_Dfilterexact_born_beta01.0_bmax16.0_tdvptol1.0e-12_filtertol1.0e-14/energy_temperature.jld2
"tanTRG+stoMPS, T0=1",specific_heat_interval,born_hybrid,purification_born_sequential_v1,1,5.4772255750516612,0.18257418583505536,Born-sampled stoMPS,,,false,,,,,,,,false,0.0027161661077768056,0.00079017096106736738,true,"interval average c=Delta(E/N)/Delta(T), plotted at geometric-mean T","trajectory bootstrap over complete samples, preserving cross-beta covariance",5,6,0.20000000000000001,0.16666666666666666,true,false,1000,100,256,128,/Users/jxgao/project/stoMPS/example/Z2transverseIsing/data/Z2TFIM_Open_W10xL10_J1.0_h3.0_D256_DSETTN128_Dfilterexact_born_beta01.0_bmax16.0_tdvptol1.0e-12_filtertol1.0e-14/energy_temperature.jld2
"tanTRG+stoMPS, T0=1",specific_heat_interval,born_hybrid,purification_born_sequential_v1,1,6.4807406984078604,0.15430334996209191,Born-sampled stoMPS,,,false,,,,,,,,false,0.0013453707195978382,0.00039925545809710821,true,"interval average c=Delta(E/N)/Delta(T), plotted at geometric-mean T","trajectory bootstrap over complete samples, preserving cross-beta covariance",6,7,0.16666666666666666,0.14285714285714285,true,false,1000,100,256,128,/Users/jxgao/project/stoMPS/example/Z2transverseIsing/data/Z2TFIM_Open_W10xL10_J1.0_h3.0_D256_DSETTN128_Dfilterexact_born_beta01.0_bmax16.0_tdvptol1.0e-12_filtertol1.0e-14/energy_temperature.jld2
"tanTRG+stoMPS, T0=1",specific_heat_interval,born_hybrid,purification_born_sequential_v1,1,7.4833147735478827,0.1336306209562122,Born-sampled stoMPS,,,false,,,,,,,,false,0.00064667545119334623,0.00019295892428726258,true,"interval average c=Delta(E/N)/Delta(T), plotted at geometric-mean T","trajectory bootstrap over complete samples, preserving cross-beta covariance",7,8,0.14285714285714285,0.125,true,false,1000,100,256,128,/Users/jxgao/project/stoMPS/example/Z2transverseIsing/data/Z2TFIM_Open_W10xL10_J1.0_h3.0_D256_DSETTN128_Dfilterexact_born_beta01.0_bmax16.0_tdvptol1.0e-12_filtertol1.0e-14/energy_temperature.jld2
"tanTRG+stoMPS, T0=1",specific_heat_interval,born_hybrid,purification_born_sequential_v1,1,8.4852813742385695,0.11785113019775792,Born-sampled stoMPS,,,false,,,,,,,,false,0.0003030283515634834,9.021527069153546e-05,true,"interval average c=Delta(E/N)/Delta(T), plotted at geometric-mean T","trajectory bootstrap over complete samples, preserving cross-beta covariance",8,9,0.125,0.1111111111111111,true,false,1000,100,256,128,/Users/jxgao/project/stoMPS/example/Z2transverseIsing/data/Z2TFIM_Open_W10xL10_J1.0_h3.0_D256_DSETTN128_Dfilterexact_born_beta01.0_bmax16.0_tdvptol1.0e-12_filtertol1.0e-14/energy_temperature.jld2
"tanTRG+stoMPS, T0=1",specific_heat_interval,born_hybrid,purification_born_sequential_v1,1,9.4868329805051381,0.10540925533894598,Born-sampled stoMPS,,,false,,,,,,,,false,0.00013944552085032327,4.1099595453130285e-05,true,"interval average c=Delta(E/N)/Delta(T), plotted at geometric-mean T","trajectory bootstrap over complete samples, preserving cross-beta covariance",9,10,0.1111111111111111,0.10000000000000001,true,false,1000,100,256,128,/Users/jxgao/project/stoMPS/example/Z2transverseIsing/data/Z2TFIM_Open_W10xL10_J1.0_h3.0_D256_DSETTN128_Dfilterexact_born_beta01.0_bmax16.0_tdvptol1.0e-12_filtertol1.0e-14/energy_temperature.jld2
"tanTRG+stoMPS, T0=1",specific_heat_interval,born_hybrid,purification_born_sequential_v1,1,10.488088481701515,0.095346258924559238,Born-sampled stoMPS,,,false,,,,,,,,false,6.3774069056776712e-05,1.8343070965269072e-05,true,"interval average c=Delta(E/N)/Delta(T), plotted at geometric-mean T","trajectory bootstrap over complete samples, preserving cross-beta covariance",10,11,0.10000000000000001,0.090909090909090912,true,false,1000,100,256,128,/Users/jxgao/project/stoMPS/example/Z2transverseIsing/data/Z2TFIM_Open_W10xL10_J1.0_h3.0_D256_DSETTN128_Dfilterexact_born_beta01.0_bmax16.0_tdvptol1.0e-12_filtertol1.0e-14/energy_temperature.jld2
"tanTRG+stoMPS, T0=1",specific_heat_interval,born_hybrid,purification_born_sequential_v1,1,11.489125293076057,0.087038827977848926,Born-sampled stoMPS,,,false,,,,,,,,false,2.9531079080768991e-05,8.0656214204525812e-06,true,"interval average c=Delta(E/N)/Delta(T), plotted at geometric-mean T","trajectory bootstrap over complete samples, preserving cross-beta covariance",11,12,0.090909090909090912,0.083333333333333329,true,false,1000,100,256,128,/Users/jxgao/project/stoMPS/example/Z2transverseIsing/data/Z2TFIM_Open_W10xL10_J1.0_h3.0_D256_DSETTN128_Dfilterexact_born_beta01.0_bmax16.0_tdvptol1.0e-12_filtertol1.0e-14/energy_temperature.jld2
"tanTRG+stoMPS, T0=1",specific_heat_interval,born_hybrid,purification_born_sequential_v1,1,12.489995996796797,0.080064076902543566,Born-sampled stoMPS,,,false,,,,,,,,false,1.4555874942701073e-05,3.4918008770366611e-06,true,"interval average c=Delta(E/N)/Delta(T), plotted at geometric-mean T","trajectory bootstrap over complete samples, preserving cross-beta covariance",12,13,0.083333333333333329,0.076923076923076927,true,false,1000,100,256,128,/Users/jxgao/project/stoMPS/example/Z2transverseIsing/data/Z2TFIM_Open_W10xL10_J1.0_h3.0_D256_DSETTN128_Dfilterexact_born_beta01.0_bmax16.0_tdvptol1.0e-12_filtertol1.0e-14/energy_temperature.jld2
"tanTRG+stoMPS, T0=1",specific_heat_interval,born_hybrid,purification_born_sequential_v1,1,13.490737563232042,0.074124931666110117,Born-sampled stoMPS,,,false,,,,,,,,false,8.0132479336469823e-06,1.5098318622115754e-06,true,"interval average c=Delta(E/N)/Delta(T), plotted at geometric-mean T","trajectory bootstrap over complete samples, preserving cross-beta covariance",13,14,0.076923076923076927,0.071428571428571425,true,false,1000,100,256,128,/Users/jxgao/project/stoMPS/example/Z2transverseIsing/data/Z2TFIM_Open_W10xL10_J1.0_h3.0_D256_DSETTN128_Dfilterexact_born_beta01.0_bmax16.0_tdvptol1.0e-12_filtertol1.0e-14/energy_temperature.jld2
"tanTRG+stoMPS, T0=1",specific_heat_interval,born_hybrid,purification_born_sequential_v1,1,14.491376746189438,0.069006555934235422,Born-sampled stoMPS,,,false,,,,,,,,false,4.9350115061130884e-06,6.880659323763161e-07,true,"interval average c=Delta(E/N)/Delta(T), plotted at geometric-mean T","trajectory bootstrap over complete samples, preserving cross-beta covariance",14,15,0.071428571428571425,0.066666666666666666,true,false,1000,100,256,128,/Users/jxgao/project/stoMPS/example/Z2transverseIsing/data/Z2TFIM_Open_W10xL10_J1.0_h3.0_D256_DSETTN128_Dfilterexact_born_beta01.0_bmax16.0_tdvptol1.0e-12_filtertol1.0e-14/energy_temperature.jld2
"tanTRG+stoMPS, T0=1",specific_heat_interval,born_hybrid,purification_born_sequential_v1,1,15.491933384829668,0.064549722436790274,Born-sampled stoMPS,,,false,,,,,,,,false,3.4988124397727924e-06,3.4271156581601591e-07,true,"interval average c=Delta(E/N)/Delta(T), plotted at geometric-mean T","trajectory bootstrap over complete samples, preserving cross-beta covariance",15,16,0.066666666666666666,0.0625,true,false,1000,100,256,128,/Users/jxgao/project/stoMPS/example/Z2transverseIsing/data/Z2TFIM_Open_W10xL10_J1.0_h3.0_D256_DSETTN128_Dfilterexact_born_beta01.0_bmax16.0_tdvptol1.0e-12_filtertol1.0e-14/energy_temperature.jld2
tanTRG,data_knot,pure_purification,none,,3.0517578125e-05,32768,SETTN+tanTRG,-0.00032958984244160728,,false,,,,,,,,true,,,false,,,,,,,false,false,,0,256,128,/Users/jxgao/project/stoMPS/example/Z2transverseIsing/data/Z2TFIM_Open_W10xL10_J1.0_h3.0_D256_DSETTN128_thermalonly_bmax16.0_tdvptol1.0e-12/energy_temperature.jld2
tanTRG,data_knot,pure_purification,none,,6.103515625e-05,16384,SETTN+tanTRG,-0.0006591796770413792,,false,,,,,,,,true,,,false,,,,,,,false,false,,0,256,128,/Users/jxgao/project/stoMPS/example/Z2transverseIsing/data/Z2TFIM_Open_W10xL10_J1.0_h3.0_D256_DSETTN128_thermalonly_bmax16.0_tdvptol1.0e-12/energy_temperature.jld2
tanTRG,data_knot,pure_purification,none,,0.0001220703125,8192,SETTN+tanTRG,-0.0013183592913918382,,false,,,,,,,,true,,,false,,,,,,,false,false,,0,256,128,/Users/jxgao/project/stoMPS/example/Z2transverseIsing/data/Z2TFIM_Open_W10xL10_J1.0_h3.0_D256_DSETTN128_thermalonly_bmax16.0_tdvptol1.0e-12/energy_temperature.jld2
tanTRG,data_knot,pure_purification,none,,0.000244140625,4096,SETTN+tanTRG,-0.002636718081187346,,false,,,,,,,,true,,,false,,,,,,,false,false,,0,256,128,/Users/jxgao/project/stoMPS/example/Z2transverseIsing/data/Z2TFIM_Open_W10xL10_J1.0_h3.0_D256_DSETTN128_thermalonly_bmax16.0_tdvptol1.0e-12/energy_temperature.jld2
tanTRG,data_knot,pure_purification,none,,0.00048828125,2048,SETTN+tanTRG,-0.0052734321495520311,,false,,,,,,,,true,,,false,,,,,,,false,false,,0,256,128,/Users/jxgao/project/stoMPS/example/Z2transverseIsing/data/Z2TFIM_Open_W10xL10_J1.0_h3.0_D256_DSETTN128_thermalonly_bmax16.0_tdvptol1.0e-12/energy_temperature.jld2
tanTRG,data_knot,pure_purification,none,,0.0009765625,1024,SETTN+tanTRG,-0.010546832196619631,,false,,,,,,,,true,,,false,,,,,,,false,false,,0,256,128,/Users/jxgao/project/stoMPS/example/Z2transverseIsing/data/Z2TFIM_Open_W10xL10_J1.0_h3.0_D256_DSETTN128_thermalonly_bmax16.0_tdvptol1.0e-12/energy_temperature.jld2
tanTRG,data_knot,pure_purification,none,,0.001953125,512,SETTN+tanTRG,-0.021093407579156866,,false,,,,,,,,true,,,false,,,,,,,false,false,,0,256,128,/Users/jxgao/project/stoMPS/example/Z2transverseIsing/data/Z2TFIM_Open_W10xL10_J1.0_h3.0_D256_DSETTN128_thermalonly_bmax16.0_tdvptol1.0e-12/energy_temperature.jld2
tanTRG,data_knot,pure_purification,none,,0.00390625,256,SETTN+tanTRG,-0.042184760825725351,,false,,,,,,,,true,,,false,,,,,,,false,false,,0,256,128,/Users/jxgao/project/stoMPS/example/Z2transverseIsing/data/Z2TFIM_Open_W10xL10_J1.0_h3.0_D256_DSETTN128_thermalonly_bmax16.0_tdvptol1.0e-12/energy_temperature.jld2
tanTRG,data_knot,pure_purification,none,,0.0078125,128,SETTN+tanTRG,-0.084353092714356523,,false,,,,,,,,true,,,false,,,,,,,false,false,,0,256,128,/Users/jxgao/project/stoMPS/example/Z2transverseIsing/data/Z2TFIM_Open_W10xL10_J1.0_h3.0_D256_DSETTN128_thermalonly_bmax16.0_tdvptol1.0e-12/energy_temperature.jld2
tanTRG,data_knot,pure_purification,none,,0.015625,64,SETTN+tanTRG,-0.16857493231409834,,false,,,,,,,,true,,,false,,,,,,,false,false,,0,256,128,/Users/jxgao/project/stoMPS/example/Z2transverseIsing/data/Z2TFIM_Open_W10xL10_J1.0_h3.0_D256_DSETTN128_thermalonly_bmax16.0_tdvptol1.0e-12/energy_temperature.jld2
tanTRG,data_knot,pure_purification,none,,0.03125,32,SETTN+tanTRG,-0.33610534090085298,,false,,,,,,,,true,,,false,,,,,,,false,false,,0,256,128,/Users/jxgao/project/stoMPS/example/Z2transverseIsing/data/Z2TFIM_Open_W10xL10_J1.0_h3.0_D256_DSETTN128_thermalonly_bmax16.0_tdvptol1.0e-12/energy_temperature.jld2
tanTRG,data_knot,pure_purification,none,,0.0625,16,SETTN+tanTRG,-0.66402230386879257,,false,,,,,,,,true,,,false,,,,,,,false,false,,0,256,128,/Users/jxgao/project/stoMPS/example/Z2transverseIsing/data/Z2TFIM_Open_W10xL10_J1.0_h3.0_D256_DSETTN128_thermalonly_bmax16.0_tdvptol1.0e-12/energy_temperature.jld2
tanTRG,data_knot,pure_purification,none,,0.125,8,SETTN+tanTRG,-1.2673424420805766,,false,,,,,,,,true,,,false,,,,,,,false,false,,0,256,128,/Users/jxgao/project/stoMPS/example/Z2transverseIsing/data/Z2TFIM_Open_W10xL10_J1.0_h3.0_D256_DSETTN128_thermalonly_bmax16.0_tdvptol1.0e-12/energy_temperature.jld2
tanTRG,data_knot,pure_purification,none,,0.25,4,SETTN+tanTRG,-2.16165938766036,,false,,,,,,,,true,,,false,,,,,,,false,false,,0,256,128,/Users/jxgao/project/stoMPS/example/Z2transverseIsing/data/Z2TFIM_Open_W10xL10_J1.0_h3.0_D256_DSETTN128_thermalonly_bmax16.0_tdvptol1.0e-12/energy_temperature.jld2
tanTRG,data_knot,pure_purification,none,,0.5,2,SETTN+tanTRG,-2.9053941713129836,,false,,-2.9067928962707699,8.6957843385190029e-05,0.0013987249577862571,0.0013987249577862571,,,true,,,false,,,,,,,false,true,,0,256,128,/Users/jxgao/project/stoMPS/example/Z2transverseIsing/data/Z2TFIM_Open_W10xL10_J1.0_h3.0_D256_DSETTN128_thermalonly_bmax16.0_tdvptol1.0e-12/energy_temperature.jld2
tanTRG,data_knot,pure_purification,none,,1,1,SETTN+tanTRG,-3.1360915209907438,,false,,-3.1389534854889081,5.9308109328284641e-05,0.0028619644981642267,0.0028619644981642267,,,true,,,false,,,,,,,false,true,,0,256,128,/Users/jxgao/project/stoMPS/example/Z2transverseIsing/data/Z2TFIM_Open_W10xL10_J1.0_h3.0_D256_DSETTN128_thermalonly_bmax16.0_tdvptol1.0e-12/energy_temperature.jld2
tanTRG,data_knot,pure_purification,none,,1.5,0.66666666666666663,SETTN+tanTRG,-3.1598917414207142,,false,,,,,,,,true,,,false,,,,,,,false,false,,0,256,128,/Users/jxgao/project/stoMPS/example/Z2transverseIsing/data/Z2TFIM_Open_W10xL10_J1.0_h3.0_D256_DSETTN128_thermalonly_bmax16.0_tdvptol1.0e-12/energy_temperature.jld2
tanTRG,data_knot,pure_purification,none,,2,0.5,SETTN+tanTRG,-3.1653522550225013,,false,,-3.1670337573687259,4.3875955397721998e-05,0.0016815023462246614,0.0016815023462246614,,,true,,,false,,,,,,,false,true,,0,256,128,/Users/jxgao/project/stoMPS/example/Z2transverseIsing/data/Z2TFIM_Open_W10xL10_J1.0_h3.0_D256_DSETTN128_thermalonly_bmax16.0_tdvptol1.0e-12/energy_temperature.jld2
tanTRG,data_knot,pure_purification,none,,3,0.33333333333333331,SETTN+tanTRG,-3.1681038402347719,,false,,-3.1693065201441639,3.6483270651704813e-05,0.0012026799093920459,0.0012026799093920459,,,true,,,false,,,,,,,false,true,,0,256,128,/Users/jxgao/project/stoMPS/example/Z2transverseIsing/data/Z2TFIM_Open_W10xL10_J1.0_h3.0_D256_DSETTN128_thermalonly_bmax16.0_tdvptol1.0e-12/energy_temperature.jld2
tanTRG,data_knot,pure_purification,none,,4,0.25,SETTN+tanTRG,-3.168884001219217,,false,,-3.1698331457773445,3.8692992591750324e-05,0.00094914455812755705,0.00094914455812755705,,,true,,,false,,,,,,,false,true,,0,256,128,/Users/jxgao/project/stoMPS/example/Z2transverseIsing/data/Z2TFIM_Open_W10xL10_J1.0_h3.0_D256_DSETTN128_thermalonly_bmax16.0_tdvptol1.0e-12/energy_temperature.jld2
tanTRG,data_knot,pure_purification,none,,5,0.20000000000000001,SETTN+tanTRG,-3.1692198787353716,,false,,-3.1699199651718346,2.9543246561417826e-05,0.00070008643646302104,0.00070008643646302104,,,true,,,false,,,,,,,false,true,,0,256,128,/Users/jxgao/project/stoMPS/example/Z2transverseIsing/data/Z2TFIM_Open_W10xL10_J1.0_h3.0_D256_DSETTN128_thermalonly_bmax16.0_tdvptol1.0e-12/energy_temperature.jld2
tanTRG,data_knot,pure_purification,none,,6,0.16666666666666666,SETTN+tanTRG,-3.1693849028942731,,false,,-3.1699495888286267,2.6858954285257616e-05,0.00056468593435354819,0.00056468593435354819,,,true,,,false,,,,,,,false,true,,0,256,128,/Users/jxgao/project/stoMPS/example/Z2transverseIsing/data/Z2TFIM_Open_W10xL10_J1.0_h3.0_D256_DSETTN128_thermalonly_bmax16.0_tdvptol1.0e-12/energy_temperature.jld2
tanTRG,data_knot,pure_purification,none,,7,0.14285714285714285,SETTN+tanTRG,-3.1694760048246473,,false,,-3.1699605157488882,2.5059348866873719e-05,0.00048451092424084408,0.00048451092424084408,,,true,,,false,,,,,,,false,true,,0,256,128,/Users/jxgao/project/stoMPS/example/Z2transverseIsing/data/Z2TFIM_Open_W10xL10_J1.0_h3.0_D256_DSETTN128_thermalonly_bmax16.0_tdvptol1.0e-12/energy_temperature.jld2
tanTRG,data_knot,pure_purification,none,,8,0.125,SETTN+tanTRG,-3.1695309565443299,,false,,-3.16998120558261,2.3693167659023988e-05,0.00045024903828005947,0.00045024903828005947,,,true,,,false,,,,,,,false,true,,0,256,128,/Users/jxgao/project/stoMPS/example/Z2transverseIsing/data/Z2TFIM_Open_W10xL10_J1.0_h3.0_D256_DSETTN128_thermalonly_bmax16.0_tdvptol1.0e-12/energy_temperature.jld2
tanTRG,data_knot,pure_purification,none,,9,0.1111111111111111,SETTN+tanTRG,-3.1695717877134637,,false,,-3.1699802803463553,2.2386639750152277e-05,0.00040849263289155502,0.00040849263289155502,,,true,,,false,,,,,,,false,true,,0,256,128,/Users/jxgao/project/stoMPS/example/Z2transverseIsing/data/Z2TFIM_Open_W10xL10_J1.0_h3.0_D256_DSETTN128_thermalonly_bmax16.0_tdvptol1.0e-12/energy_temperature.jld2
tanTRG,data_knot,pure_purification,none,,10,0.10000000000000001,SETTN+tanTRG,-3.169602078979048,,false,,-3.1699609834353737,2.1568712764459014e-05,0.00035890445632569268,0.00035890445632569268,,,true,,,false,,,,,,,false,true,,0,256,128,/Users/jxgao/project/stoMPS/example/Z2transverseIsing/data/Z2TFIM_Open_W10xL10_J1.0_h3.0_D256_DSETTN128_thermalonly_bmax16.0_tdvptol1.0e-12/energy_temperature.jld2
tanTRG,data_knot,pure_purification,none,,11,0.090909090909090912,SETTN+tanTRG,-3.1696267944748682,,false,,-3.1699935445785701,2.0356766568949295e-05,0.00036675010370190719,0.00036675010370190719,,,true,,,false,,,,,,,false,true,,0,256,128,/Users/jxgao/project/stoMPS/example/Z2transverseIsing/data/Z2TFIM_Open_W10xL10_J1.0_h3.0_D256_DSETTN128_thermalonly_bmax16.0_tdvptol1.0e-12/energy_temperature.jld2
tanTRG,data_knot,pure_purification,none,,12,0.083333333333333329,SETTN+tanTRG,-3.1696463551414218,,false,,-3.1699690398904976,1.9739267008127378e-05,0.0003226847490758189,0.0003226847490758189,,,true,,,false,,,,,,,false,true,,0,256,128,/Users/jxgao/project/stoMPS/example/Z2transverseIsing/data/Z2TFIM_Open_W10xL10_J1.0_h3.0_D256_DSETTN128_thermalonly_bmax16.0_tdvptol1.0e-12/energy_temperature.jld2
tanTRG,data_knot,pure_purification,none,,13,0.076923076923076927,SETTN+tanTRG,-3.1696630880681522,,false,,-3.1699980550668365,1.9000291621177575e-05,0.00033496699868429403,0.00033496699868429403,,,true,,,false,,,,,,,false,true,,0,256,128,/Users/jxgao/project/stoMPS/example/Z2transverseIsing/data/Z2TFIM_Open_W10xL10_J1.0_h3.0_D256_DSETTN128_thermalonly_bmax16.0_tdvptol1.0e-12/energy_temperature.jld2
tanTRG,data_knot,pure_purification,none,,14,0.071428571428571425,SETTN+tanTRG,-3.1696781044312194,,false,,-3.1699494120053333,2.0206270432997582e-05,0.00027130757411386597,0.00027130757411386597,,,true,,,false,,,,,,,false,true,,0,256,128,/Users/jxgao/project/stoMPS/example/Z2transverseIsing/data/Z2TFIM_Open_W10xL10_J1.0_h3.0_D256_DSETTN128_thermalonly_bmax16.0_tdvptol1.0e-12/energy_temperature.jld2
tanTRG,data_knot,pure_purification,none,,15,0.066666666666666666,SETTN+tanTRG,-3.1696905989228195,,false,,-3.1700175520791465,1.7887569196158749e-05,0.0003269531563270256,0.0003269531563270256,,,true,,,false,,,,,,,false,true,,0,256,128,/Users/jxgao/project/stoMPS/example/Z2transverseIsing/data/Z2TFIM_Open_W10xL10_J1.0_h3.0_D256_DSETTN128_thermalonly_bmax16.0_tdvptol1.0e-12/energy_temperature.jld2
tanTRG,data_knot,pure_purification,none,,16,0.0625,SETTN+tanTRG,-3.1697030853667321,,false,,-3.1699823721448563,2.0250299964097677e-05,0.00027928677812427694,0.00027928677812427694,,,true,,,false,,,,,,,false,true,,0,256,128,/Users/jxgao/project/stoMPS/example/Z2transverseIsing/data/Z2TFIM_Open_W10xL10_J1.0_h3.0_D256_DSETTN128_thermalonly_bmax16.0_tdvptol1.0e-12/energy_temperature.jld2
tanTRG,specific_heat_interval,pure_purification,none,,4.3158372875155492e-05,23170.475005920791,SETTN+tanTRG,,,false,,,,,,,,false,2.0116567053208735e-08,,false,"interval average c=Delta(E/N)/Delta(T), plotted at geometric-mean T",,3.0517578125e-05,6.103515625e-05,32768,16384,true,false,,0,256,128,/Users/jxgao/project/stoMPS/example/Z2transverseIsing/data/Z2TFIM_Open_W10xL10_J1.0_h3.0_D256_DSETTN128_thermalonly_bmax16.0_tdvptol1.0e-12/energy_temperature.jld2
tanTRG,specific_heat_interval,pure_purification,none,,8.6316745750310983e-05,11585.237502960395,SETTN+tanTRG,,,false,,,,,,,,false,8.046626151739002e-08,,false,"interval average c=Delta(E/N)/Delta(T), plotted at geometric-mean T",,6.103515625e-05,0.0001220703125,16384,8192,true,false,,0,256,128,/Users/jxgao/project/stoMPS/example/Z2transverseIsing/data/Z2TFIM_Open_W10xL10_J1.0_h3.0_D256_DSETTN128_thermalonly_bmax16.0_tdvptol1.0e-12/energy_temperature.jld2
tanTRG,specific_heat_interval,pure_purification,none,,0.00017263349150062197,5792.6187514801977,SETTN+tanTRG,,,false,,,,,,,,false,3.218649389149189e-07,,false,"interval average c=Delta(E/N)/Delta(T), plotted at geometric-mean T",,0.0001220703125,0.000244140625,8192,4096,true,false,,0,256,128,/Users/jxgao/project/stoMPS/example/Z2transverseIsing/data/Z2TFIM_Open_W10xL10_J1.0_h3.0_D256_DSETTN128_thermalonly_bmax16.0_tdvptol1.0e-12/energy_temperature.jld2
tanTRG,specific_heat_interval,pure_purification,none,,0.00034526698300124393,2896.3093757400989,SETTN+tanTRG,,,false,,,,,,,,false,1.2874580411936939e-06,,false,"interval average c=Delta(E/N)/Delta(T), plotted at geometric-mean T",,0.000244140625,0.00048828125,4096,2048,true,false,,0,256,128,/Users/jxgao/project/stoMPS/example/Z2transverseIsing/data/Z2TFIM_Open_W10xL10_J1.0_h3.0_D256_DSETTN128_thermalonly_bmax16.0_tdvptol1.0e-12/energy_temperature.jld2
tanTRG,specific_heat_interval,pure_purification,none,,0.00069053396600248786,1448.1546878700494,SETTN+tanTRG,,,false,,,,,,,,false,5.1498047334644531e-06,,false,"interval average c=Delta(E/N)/Delta(T), plotted at geometric-mean T",,0.00048828125,0.0009765625,2048,1024,true,false,,0,256,128,/Users/jxgao/project/stoMPS/example/Z2transverseIsing/data/Z2TFIM_Open_W10xL10_J1.0_h3.0_D256_DSETTN128_thermalonly_bmax16.0_tdvptol1.0e-12/energy_temperature.jld2
tanTRG,specific_heat_interval,pure_purification,none,,0.0013810679320049757,724.07734393502471,SETTN+tanTRG,,,false,,,,,,,,false,2.0598780044018038e-05,,false,"interval average c=Delta(E/N)/Delta(T), plotted at geometric-mean T",,0.0009765625,0.001953125,1024,512,true,false,,0,256,128,/Users/jxgao/project/stoMPS/example/Z2transverseIsing/data/Z2TFIM_Open_W10xL10_J1.0_h3.0_D256_DSETTN128_thermalonly_bmax16.0_tdvptol1.0e-12/energy_temperature.jld2
tanTRG,specific_heat_interval,pure_purification,none,,0.0027621358640099515,362.03867196751236,SETTN+tanTRG,,,false,,,,,,,,false,8.2388098619408143e-05,,false,"interval average c=Delta(E/N)/Delta(T), plotted at geometric-mean T",,0.001953125,0.00390625,512,256,true,false,,0,256,128,/Users/jxgao/project/stoMPS/example/Z2transverseIsing/data/Z2TFIM_Open_W10xL10_J1.0_h3.0_D256_DSETTN128_thermalonly_bmax16.0_tdvptol1.0e-12/energy_temperature.jld2
tanTRG,specific_heat_interval,pure_purification,none,,0.0055242717280199029,181.01933598375618,SETTN+tanTRG,,,false,,,,,,,,false,0.00032944009287993103,,false,"interval average c=Delta(E/N)/Delta(T), plotted at geometric-mean T",,0.00390625,0.0078125,256,128,true,false,,0,256,128,/Users/jxgao/project/stoMPS/example/Z2transverseIsing/data/Z2TFIM_Open_W10xL10_J1.0_h3.0_D256_DSETTN128_thermalonly_bmax16.0_tdvptol1.0e-12/energy_temperature.jld2
tanTRG,specific_heat_interval,pure_purification,none,,0.011048543456039806,90.509667991878089,SETTN+tanTRG,,,false,,,,,,,,false,0.0013159662437459659,,false,"interval average c=Delta(E/N)/Delta(T), plotted at geometric-mean T",,0.0078125,0.015625,128,64,true,false,,0,256,128,/Users/jxgao/project/stoMPS/example/Z2transverseIsing/data/Z2TFIM_Open_W10xL10_J1.0_h3.0_D256_DSETTN128_thermalonly_bmax16.0_tdvptol1.0e-12/energy_temperature.jld2
tanTRG,specific_heat_interval,pure_purification,none,,0.022097086912079612,45.254833995939045,SETTN+tanTRG,,,false,,,,,,,,false,0.0052353252683360824,,false,"interval average c=Delta(E/N)/Delta(T), plotted at geometric-mean T",,0.015625,0.03125,64,32,true,false,,0,256,128,/Users/jxgao/project/stoMPS/example/Z2transverseIsing/data/Z2TFIM_Open_W10xL10_J1.0_h3.0_D256_DSETTN128_thermalonly_bmax16.0_tdvptol1.0e-12/energy_temperature.jld2
tanTRG,specific_heat_interval,pure_purification,none,,0.044194173824159223,22.627416997969522,SETTN+tanTRG,,,false,,,,,,,,false,0.020494810185496225,,false,"interval average c=Delta(E/N)/Delta(T), plotted at geometric-mean T",,0.03125,0.0625,32,16,true,false,,0,256,128,/Users/jxgao/project/stoMPS/example/Z2transverseIsing/data/Z2TFIM_Open_W10xL10_J1.0_h3.0_D256_DSETTN128_thermalonly_bmax16.0_tdvptol1.0e-12/energy_temperature.jld2
tanTRG,specific_heat_interval,pure_purification,none,,0.088388347648318447,11.313708498984761,SETTN+tanTRG,,,false,,,,,,,,false,0.075415017276472998,,false,"interval average c=Delta(E/N)/Delta(T), plotted at geometric-mean T",,0.0625,0.125,16,8,true,false,,0,256,128,/Users/jxgao/project/stoMPS/example/Z2transverseIsing/data/Z2TFIM_Open_W10xL10_J1.0_h3.0_D256_DSETTN128_thermalonly_bmax16.0_tdvptol1.0e-12/energy_temperature.jld2
tanTRG,specific_heat_interval,pure_purification,none,,0.17677669529663689,5.6568542494923806,SETTN+tanTRG,,,false,,,,,,,,false,0.22357923639494587,,false,"interval average c=Delta(E/N)/Delta(T), plotted at geometric-mean T",,0.125,0.25,8,4,true,false,,0,256,128,/Users/jxgao/project/stoMPS/example/Z2transverseIsing/data/Z2TFIM_Open_W10xL10_J1.0_h3.0_D256_DSETTN128_thermalonly_bmax16.0_tdvptol1.0e-12/energy_temperature.jld2
tanTRG,specific_heat_interval,pure_purification,none,,0.35355339059327379,2.8284271247461903,SETTN+tanTRG,,,false,,,,,,,,false,0.37186739182631179,,false,"interval average c=Delta(E/N)/Delta(T), plotted at geometric-mean T",,0.25,0.5,4,2,true,false,,0,256,128,/Users/jxgao/project/stoMPS/example/Z2transverseIsing/data/Z2TFIM_Open_W10xL10_J1.0_h3.0_D256_DSETTN128_thermalonly_bmax16.0_tdvptol1.0e-12/energy_temperature.jld2
tanTRG,specific_heat_interval,pure_purification,none,,0.70710678118654757,1.4142135623730951,SETTN+tanTRG,,,false,,,,,,,,false,0.23069734967776023,,false,"interval average c=Delta(E/N)/Delta(T), plotted at geometric-mean T",,0.5,1,2,1,true,false,,0,256,128,/Users/jxgao/project/stoMPS/example/Z2transverseIsing/data/Z2TFIM_Open_W10xL10_J1.0_h3.0_D256_DSETTN128_thermalonly_bmax16.0_tdvptol1.0e-12/energy_temperature.jld2
tanTRG,specific_heat_interval,pure_purification,none,,1.2247448713915889,0.81649658092772603,SETTN+tanTRG,,,false,,,,,,,,false,0.071400661289910947,,false,"interval average c=Delta(E/N)/Delta(T), plotted at geometric-mean T",,1,1.5,1,0.66666666666666663,true,false,,0,256,128,/Users/jxgao/project/stoMPS/example/Z2transverseIsing/data/Z2TFIM_Open_W10xL10_J1.0_h3.0_D256_DSETTN128_thermalonly_bmax16.0_tdvptol1.0e-12/energy_temperature.jld2
tanTRG,specific_heat_interval,pure_purification,none,,1.7320508075688772,0.57735026918962573,SETTN+tanTRG,,,false,,,,,,,,false,0.032763081610722729,,false,"interval average c=Delta(E/N)/Delta(T), plotted at geometric-mean T",,1.5,2,0.66666666666666663,0.5,true,false,,0,256,128,/Users/jxgao/project/stoMPS/example/Z2transverseIsing/data/Z2TFIM_Open_W10xL10_J1.0_h3.0_D256_DSETTN128_thermalonly_bmax16.0_tdvptol1.0e-12/energy_temperature.jld2
tanTRG,specific_heat_interval,pure_purification,none,,2.4494897427831779,0.40824829046386302,SETTN+tanTRG,,,false,,,,,,,,false,0.016509511273623542,,false,"interval average c=Delta(E/N)/Delta(T), plotted at geometric-mean T",,2,3,0.5,0.33333333333333331,true,false,,0,256,128,/Users/jxgao/project/stoMPS/example/Z2transverseIsing/data/Z2TFIM_Open_W10xL10_J1.0_h3.0_D256_DSETTN128_thermalonly_bmax16.0_tdvptol1.0e-12/energy_temperature.jld2
tanTRG,specific_heat_interval,pure_purification,none,,3.4641016151377544,0.28867513459481287,SETTN+tanTRG,,,false,,,,,,,,false,0.0093619318133413305,,false,"interval average c=Delta(E/N)/Delta(T), plotted at geometric-mean T",,3,4,0.33333333333333331,0.25,true,false,,0,256,128,/Users/jxgao/project/stoMPS/example/Z2transverseIsing/data/Z2TFIM_Open_W10xL10_J1.0_h3.0_D256_DSETTN128_thermalonly_bmax16.0_tdvptol1.0e-12/energy_temperature.jld2
tanTRG,specific_heat_interval,pure_purification,none,,4.4721359549995796,0.22360679774997896,SETTN+tanTRG,,,false,,,,,,,,false,0.0067175503230920714,,false,"interval average c=Delta(E/N)/Delta(T), plotted at geometric-mean T",,4,5,0.25,0.20000000000000001,true,false,,0,256,128,/Users/jxgao/project/stoMPS/example/Z2transverseIsing/data/Z2TFIM_Open_W10xL10_J1.0_h3.0_D256_DSETTN128_thermalonly_bmax16.0_tdvptol1.0e-12/energy_temperature.jld2
tanTRG,specific_heat_interval,pure_purification,none,,5.4772255750516612,0.18257418583505536,SETTN+tanTRG,,,false,,,,,,,,false,0.0049507247670454975,,false,"interval average c=Delta(E/N)/Delta(T), plotted at geometric-mean T",,5,6,0.20000000000000001,0.16666666666666666,true,false,,0,256,128,/Users/jxgao/project/stoMPS/example/Z2transverseIsing/data/Z2TFIM_Open_W10xL10_J1.0_h3.0_D256_DSETTN128_thermalonly_bmax16.0_tdvptol1.0e-12/energy_temperature.jld2
tanTRG,specific_heat_interval,pure_purification,none,,6.4807406984078604,0.15430334996209191,SETTN+tanTRG,,,false,,,,,,,,false,0.0038262810757165866,,false,"interval average c=Delta(E/N)/Delta(T), plotted at geometric-mean T",,6,7,0.16666666666666666,0.14285714285714285,true,false,,0,256,128,/Users/jxgao/project/stoMPS/example/Z2transverseIsing/data/Z2TFIM_Open_W10xL10_J1.0_h3.0_D256_DSETTN128_thermalonly_bmax16.0_tdvptol1.0e-12/energy_temperature.jld2
tanTRG,specific_heat_interval,pure_purification,none,,7.4833147735478827,0.1336306209562122,SETTN+tanTRG,,,false,,,,,,,,false,0.00307729630222653,,false,"interval average c=Delta(E/N)/Delta(T), plotted at geometric-mean T",,7,8,0.14285714285714285,0.125,true,false,,0,256,128,/Users/jxgao/project/stoMPS/example/Z2transverseIsing/data/Z2TFIM_Open_W10xL10_J1.0_h3.0_D256_DSETTN128_thermalonly_bmax16.0_tdvptol1.0e-12/energy_temperature.jld2
tanTRG,specific_heat_interval,pure_purification,none,,8.4852813742385695,0.11785113019775792,SETTN+tanTRG,,,false,,,,,,,,false,0.0029398441776322657,,false,"interval average c=Delta(E/N)/Delta(T), plotted at geometric-mean T",,8,9,0.125,0.1111111111111111,true,false,,0,256,128,/Users/jxgao/project/stoMPS/example/Z2transverseIsing/data/Z2TFIM_Open_W10xL10_J1.0_h3.0_D256_DSETTN128_thermalonly_bmax16.0_tdvptol1.0e-12/energy_temperature.jld2
tanTRG,specific_heat_interval,pure_purification,none,,9.4868329805051381,0.10540925533894598,SETTN+tanTRG,,,false,,,,,,,,false,0.0027262139025863194,,false,"interval average c=Delta(E/N)/Delta(T), plotted at geometric-mean T",,9,10,0.1111111111111111,0.10000000000000001,true,false,,0,256,128,/Users/jxgao/project/stoMPS/example/Z2transverseIsing/data/Z2TFIM_Open_W10xL10_J1.0_h3.0_D256_DSETTN128_thermalonly_bmax16.0_tdvptol1.0e-12/energy_temperature.jld2
tanTRG,specific_heat_interval,pure_purification,none,,10.488088481701515,0.095346258924559238,SETTN+tanTRG,,,false,,,,,,,,false,0.0027187045402188295,,false,"interval average c=Delta(E/N)/Delta(T), plotted at geometric-mean T",,10,11,0.10000000000000001,0.090909090909090912,true,false,,0,256,128,/Users/jxgao/project/stoMPS/example/Z2transverseIsing/data/Z2TFIM_Open_W10xL10_J1.0_h3.0_D256_DSETTN128_thermalonly_bmax16.0_tdvptol1.0e-12/energy_temperature.jld2
tanTRG,specific_heat_interval,pure_purification,none,,11.489125293076057,0.087038827977848926,SETTN+tanTRG,,,false,,,,,,,,false,0.0025820079850777918,,false,"interval average c=Delta(E/N)/Delta(T), plotted at geometric-mean T",,11,12,0.090909090909090912,0.083333333333333329,true,false,,0,256,128,/Users/jxgao/project/stoMPS/example/Z2transverseIsing/data/Z2TFIM_Open_W10xL10_J1.0_h3.0_D256_DSETTN128_thermalonly_bmax16.0_tdvptol1.0e-12/energy_temperature.jld2
tanTRG,specific_heat_interval,pure_purification,none,,12.489995996796797,0.080064076902543566,SETTN+tanTRG,,,false,,,,,,,,false,0.0026103365699476945,,false,"interval average c=Delta(E/N)/Delta(T), plotted at geometric-mean T",,12,13,0.083333333333333329,0.076923076923076927,true,false,,0,256,128,/Users/jxgao/project/stoMPS/example/Z2transverseIsing/data/Z2TFIM_Open_W10xL10_J1.0_h3.0_D256_DSETTN128_thermalonly_bmax16.0_tdvptol1.0e-12/energy_temperature.jld2
tanTRG,specific_heat_interval,pure_purification,none,,13.490737563232042,0.074124931666110117,SETTN+tanTRG,,,false,,,,,,,,false,0.0027329780782343565,,false,"interval average c=Delta(E/N)/Delta(T), plotted at geometric-mean T",,13,14,0.076923076923076927,0.071428571428571425,true,false,,0,256,128,/Users/jxgao/project/stoMPS/example/Z2transverseIsing/data/Z2TFIM_Open_W10xL10_J1.0_h3.0_D256_DSETTN128_thermalonly_bmax16.0_tdvptol1.0e-12/energy_temperature.jld2
tanTRG,specific_heat_interval,pure_purification,none,,14.491376746189438,0.069006555934235422,SETTN+tanTRG,,,false,,,,,,,,false,0.0026238432360026227,,false,"interval average c=Delta(E/N)/Delta(T), plotted at geometric-mean T",,14,15,0.071428571428571425,0.066666666666666666,true,false,,0,256,128,/Users/jxgao/project/stoMPS/example/Z2transverseIsing/data/Z2TFIM_Open_W10xL10_J1.0_h3.0_D256_DSETTN128_thermalonly_bmax16.0_tdvptol1.0e-12/energy_temperature.jld2
tanTRG,specific_heat_interval,pure_purification,none,,15.491933384829668,0.064549722436790274,SETTN+tanTRG,,,false,,,,,,,,false,0.0029967465390257084,,false,"interval average c=Delta(E/N)/Delta(T), plotted at geometric-mean T",,15,16,0.066666666666666666,0.0625,true,false,,0,256,128,/Users/jxgao/project/stoMPS/example/Z2transverseIsing/data/Z2TFIM_Open_W10xL10_J1.0_h3.0_D256_DSETTN128_thermalonly_bmax16.0_tdvptol1.0e-12/energy_temperature.jld2
