epsilon,perturbation_seed,k,generator_dimension,minimum_coverage,mean_coverage,uncovered_weight,largest_angle_degrees,covered_90,covered_95,covered_99
0.0,113,15,15,0.9999999999981699,0.9999999999997934,3.1019631308026874e-12,7.751023439854259e-05,15,15,15
0.0,113,16,15,0.9999999999982037,0.9999999999997988,3.0198066269804258e-12,7.67921816449035e-05,15,15,15
0.0,113,17,15,0.9999999999984543,0.9999999999998225,2.6649793483102258e-12,7.123256155098263e-05,15,15,15
0.0,113,18,15,0.9999999999988756,0.9999999999998557,2.1653789872289053e-12,6.0756058786488236e-05,15,15,15
0.0,113,19,15,0.9999999999988949,0.9999999999998617,2.072120253160392e-12,6.0231900335879045e-05,15,15,15
0.0,113,20,15,0.9999999999989007,0.9999999999998669,1.9957369090661814e-12,6.007436768419945e-05,15,15,15
0.0,113,21,15,0.9999999999989257,0.9999999999998759,1.8618440122963875e-12,5.938485182304961e-05,15,15,15
0.0,113,22,15,0.9999999999989524,0.9999999999998804,1.7952306308188781e-12,5.8643747265684634e-05,15,15,15
0.0,113,23,15,0.9999999999989875,0.9999999999998831,1.7503776206240218e-12,5.7653432178788306e-05,15,15,15
0.0,113,24,15,0.9999999999989975,0.9999999999998888,1.6693313398263854e-12,5.73682526946535e-05,15,15,15
0.0,113,25,15,0.9999999999990128,0.9999999999998935,1.5965007094109751e-12,5.692820290457343e-05,15,15,15
0.0,113,26,15,0.9999999999990747,0.9999999999998984,1.5232259897857148e-12,5.511305627937753e-05,15,15,15
0.0,113,27,15,0.9999999999990778,0.999999999999899,1.5165646516379638e-12,5.502039585742148e-05,15,15,15
0.0,113,28,15,0.999999999999095,0.9999999999999045,1.432853835581227e-12,5.450794798469078e-05,15,15,15
0.0,113,29,15,0.9999999999990952,0.9999999999999044,1.4312995233467518e-12,5.450126112359898e-05,15,15,15
0.0,113,30,15,0.9999999999991367,0.9999999999999095,1.3560264022771662e-12,5.323605600496145e-05,15,15,15
0.0,113,31,15,0.9999999999991367,0.9999999999999102,1.347144618080165e-12,5.323605600496145e-05,15,15,15
0.0,113,32,15,0.9999999999991396,0.9999999999999133,1.3029577417000837e-12,5.314698087620737e-05,15,15,15
0.0,113,33,15,0.9999999999991505,0.9999999999999171,1.2447820552097255e-12,5.280988575771863e-05,15,15,15
0.0,113,34,15,0.9999999999992608,0.9999999999999343,9.865441796819141e-13,4.926059381030111e-05,15,15,15
0.0,113,35,15,0.9999999999994333,0.9999999999999473,7.891465259035613e-13,4.313035970652455e-05,15,15,15
0.0,113,36,15,0.9999999999994773,0.9999999999999566,6.505906924303417e-13,4.142342211220004e-05,15,15,15
0.0,113,37,15,0.999999999999521,0.9999999999999599,6.019629239517599e-13,3.9652248359908213e-05,15,15,15
0.0,113,38,15,0.9999999999995908,0.9999999999999669,4.980460488468452e-13,3.66526527844743e-05,15,15,15
0.0,113,39,15,0.9999999999997629,0.9999999999999837,2.4424906541753444e-13,2.790155266088344e-05,15,15,15
0.0,113,40,15,0.9999999999999973,0.9999999999999998,6.217248937900877e-15,2.9575586669421963e-06,15,15,15
0.01,113,15,15,0.9998028976424981,0.9999767384227257,0.00034892365911520784,0.8044199070747462,15,15,15
0.01,113,16,15,0.9998078535079796,0.99997743734178,0.00033843987329928993,0.7942418579886906,15,15,15
0.01,113,17,15,0.9998120791667154,0.9999777590184806,0.00033361472279269666,0.7854593254584129,15,15,15
0.01,113,18,15,0.9998182081172678,0.9999784703536793,0.0003229446948135317,0.7725436649347933,15,15,15
0.01,113,19,15,0.9998594375243367,0.9999818544261718,0.00027218360742464753,0.6793092150530707,15,15,15
0.01,113,20,15,0.999880852357776,0.9999834061706966,0.0002489074395525259,0.6254231942327647,15,15,15
0.01,113,21,15,0.9998885636975801,0.9999844943807534,0.0002325842886965468,0.6048449311168211,15,15,15
0.01,113,22,15,0.9998928732658463,0.9999851613678302,0.00022257948254422733,0.5930336262237044,15,15,15
0.01,113,23,15,0.9998987616953554,0.9999856254554271,0.0002156181685909475,0.5765040896044198,15,15,15
0.01,113,24,15,0.9999061388971088,0.9999864784835003,0.00020282274749505724,0.555101311004381,15,15,15
0.01,113,25,15,0.999913437145177,0.9999873661984477,0.00018950702328224267,0.5330828166077696,15,15,15
0.01,113,26,15,0.9999261629532326,0.9999884723122823,0.00017291531576757446,0.49234001674003225,15,15,15
0.01,113,27,15,0.9999311646513027,0.999988876983545,0.00016684524682464286,0.4753717545022459,15,15,15
0.01,113,28,15,0.999931449258403,0.9999893370029006,0.00015994495649274132,0.4743879764422837,15,15,15
0.01,113,29,15,0.9999338778865778,0.9999898675087938,0.00015198736809274305,0.4659086587271225,15,15,15
0.01,113,30,15,0.9999384708543456,0.9999907519931539,0.00013872010269344592,0.44943566049326317,15,15,15
0.01,113,31,15,0.9999385093260847,0.9999910663716206,0.0001340044256912254,0.4492951284781924,15,15,15
0.01,113,32,15,0.9999389650303884,0.9999913140234429,0.0001302896483597049,0.4476271466193589,15,15,15
0.01,113,33,15,0.9999398662589362,0.9999918681692911,0.00012197746063447035,0.4443100089916115,15,15,15
0.01,113,34,15,0.9999448999608155,0.999994627177607,8.05923358947469e-05,0.42530704301036965,15,15,15
0.01,113,35,15,0.9999840579751625,0.9999980260935089,2.9608597367225542e-05,0.22876813256457706,15,15,15
0.01,113,36,15,0.9999892533025748,0.9999985047343535,2.2428984696398757e-05,0.187828253807707,15,15,15
0.01,113,37,15,0.9999892792031492,0.9999985899367393,2.115094891042002e-05,0.1876017743788172,15,15,15
0.01,113,38,15,0.9999910562003473,0.9999990854431942,1.3718352087743746e-05,0.17135007973662775,15,15,15
0.01,113,39,15,0.9999927811589086,0.9999995187439267,7.218841098999285e-06,0.15394191891410614,15,15,15
0.01,113,40,15,0.9999999999999984,0.9999999999999994,7.549516567451064e-15,2.2588727439225506e-06,15,15,15
0.02,113,15,15,0.9992074868703361,0.9999067143442093,0.0013992848368605815,1.6131815490807841,15,15,15
0.02,113,16,15,0.9992275070393879,0.9999095216347104,0.0013571754793453294,1.5926701056522714,15,15,15
0.02,113,17,15,0.9992444885181303,0.9999108179660373,0.001337730509442081,1.5750627758866853,15,15,15
0.02,113,18,15,0.9992693927637943,0.9999136957483272,0.0012945637750930716,1.548879081292965,15,15,15
0.02,113,19,15,0.9994364348545489,0.9999273435688376,0.0010898464674337083,1.360302498933487,15,15,15
0.02,113,20,15,0.9995226430764941,0.9999335908016129,0.0009961379758059996,1.2519264171006148,15,15,15
0.02,113,21,15,0.9995540868665449,0.9999379496159329,0.0009307557610079842,1.2099851654499116,15,15,15
0.02,113,22,15,0.9995715631694194,0.9999406248361845,0.0008906274572320072,1.1860337498724272,15,15,15
0.02,113,23,15,0.9995952157816648,0.9999424900217768,0.0008626496733484812,1.1528258920068377,15,15,15
0.02,113,24,15,0.9996240735263803,0.9999458763351607,0.0008118549725890656,1.1109673661246817,15,15,15
0.02,113,25,15,0.9996537906067514,0.9999494303736319,0.0007585443955225868,1.0661470718915844,15,15,15
0.02,113,26,15,0.9997053549674015,0.9999538517700255,0.0006922234496177238,0.9835433893074171,15,15,15
0.02,113,27,15,0.9997255625791873,0.9999554811908367,0.0006677821374488913,0.9492140620670698,15,15,15
0.02,113,28,15,0.999726853014332,0.9999573115633267,0.0006403265500982691,0.9469795739796214,15,15,15
0.02,113,29,15,0.9997349646556396,0.9999594344875067,0.0006084826873989924,0.9328111212008006,15,15,15
0.02,113,30,15,0.9997519107734113,0.9999629769710567,0.0005553454341488129,0.9024944585271173,15,15,15
0.02,113,31,15,0.9997520616802099,0.9999642321410185,0.0005365178847221985,0.9022199110796799,15,15,15
0.02,113,32,15,0.9997540210336201,0.9999652162052713,0.0005217569209292616,0.898647612212155,15,15,15
0.02,113,33,15,0.9997573614107103,0.9999674402474311,0.0004883962885333659,0.8925244721760106,15,15,15
0.02,113,34,15,0.9997800161470723,0.999978511576585,0.0003223263512214247,0.8498337192296819,15,15,15
0.02,113,35,15,0.9999354976708613,0.9999920885193042,0.00011867221043770915,0.4601665009582552,15,15,15
0.02,113,36,15,0.999956528426688,0.9999940136520133,8.979521979957106e-05,0.3777708629399329,15,15,15
0.02,113,37,15,0.9999566223936143,0.9999943562982886,8.465552567138435e-05,0.3773623467351194,15,15,15
0.02,113,38,15,0.9999642205262986,0.9999963443520207,5.4834719689589306e-05,0.34272216786285453,15,15,15
0.02,113,39,15,0.9999709817473064,0.9999980654498202,2.9018252699186675e-05,0.3086457932033358,15,15,15
0.02,113,40,15,0.9999999999999978,0.9999999999999999,6.217248937900877e-15,2.699869328381916e-06,15,15,15
0.03,113,15,15,0.998208037830241,0.9997895972339698,0.003156041490454453,2.4261455004898154,15,15,15
0.03,113,16,15,0.9982535231764178,0.9997959401901026,0.00306089714846014,2.3951379996162583,15,15,15
0.03,113,17,15,0.9982918981206748,0.999798877952287,0.0030168307156961394,2.3686627576221975,15,15,15
0.03,113,18,15,0.9983487982276906,0.9998054251157549,0.0029186232636739806,2.328854177811346,15,15,15
0.03,113,19,15,0.9987293042722641,0.9998363769609161,0.0024543455862593433,2.042845095138509,15,15,15
0.03,113,20,15,0.9989244659087168,0.999850521086082,0.002242183708768497,1.879371355623668,15,15,15
0.03,113,21,15,0.9989965197733771,0.9998603397777273,0.002094903334091347,1.8153054147492484,15,15,15
0.03,113,22,15,0.9990363561074093,0.9998663749406542,0.002004375890185761,1.77889655707064,15,15,15
0.03,113,23,15,0.9990897668864064,0.9998705904837578,0.0019411427436341055,1.728880017232044,15,15,15
0.03,113,24,15,0.9991532395715275,0.9998781513527184,0.001827729709221737,1.6674937661931912,15,15,15
0.03,113,25,15,0.9992212120291035,0.9998861542155192,0.001707686767211336,1.599147916142819,15,15,15
0.03,113,26,15,0.9993387074156933,0.9998960928512145,0.001558607231783915,1.4735583450229293,15,15,15
0.03,113,27,15,0.9993846179074148,0.999899782685434,0.0015032597184889696,1.4214762648493005,15,15,15
0.03,113,28,15,0.9993878636509825,0.9999038811238187,0.0014417831427229189,1.4177218563585203,15,15,15
0.03,113,29,15,0.999402025552957,0.9999086592274272,0.0013701115885921267,1.4012229366469227,15,15,15
0.03,113,30,15,0.9994373649808087,0.9999166376955757,0.001250434566363312,1.3591792808310252,15,15,15
0.03,113,31,15,0.9994377050956164,0.9999194562265468,0.0012081566017975165,1.3587683273938151,15,15,15
0.03,113,32,15,0.9994423260796879,0.9999216556230741,0.0011751656538891986,1.3531725336794016,15,15,15
0.03,113,33,15,0.9994493735612308,0.999926676907996,0.0010998463800628855,1.3445935586335946,15,15,15
0.03,113,34,15,0.999506014984804,0.9999516617923591,0.0007250731146152267,1.2735478946019125,15,15,15
0.03,113,35,15,0.9998532214808447,0.9999821634908322,0.0002675476375175734,0.6941678697750743,15,15,15
0.03,113,36,15,0.9999010798319757,0.9999865182954498,0.00020222556825022497,0.5698653033286646,15,15,15
0.03,113,37,15,0.9999012730758877,0.999987293432218,0.00019059851672786898,0.5693083872546917,15,15,15
0.03,113,38,15,0.9999194549613767,0.9999917793179371,0.00012331023094447335,0.5142186924177603,15,15,15
0.03,113,39,15,0.9999343804931548,0.9999956253662099,6.561950685168849e-05,0.4641345125656144,15,15,15
0.03,113,40,15,0.9999999999999984,0.9999999999999993,8.659739592076221e-15,2.2588727439225506e-06,15,15,15
0.05,113,15,15,0.9949770523004613,0.9994129587888196,0.008805618167705864,4.064117026998756,15,15,15
0.05,113,16,15,0.9951058433506617,0.9994307302520765,0.008539046218849933,4.011589202039729,15,15,15
0.05,113,17,15,0.9952132715097046,0.9994390024637563,0.008414963043657075,3.9672458480205983,15,15,15
0.05,113,18,15,0.9953760894057312,0.9994575846817608,0.008136229773587078,3.8990841228513116,15,15,15
0.05,113,19,15,0.9964578461284088,0.9995448590458671,0.006827114311998561,3.412031777346136,15,15,15
0.05,113,20,15,0.9970062488825139,0.9995846138031076,0.006230792953386244,3.1365153119800935,15,15,15
0.05,113,21,15,0.9972132129857189,0.9996119316425359,0.0058210253619588315,3.0260523872790968,15,15,15
0.05,113,22,15,0.9973265286355512,0.9996287785358988,0.005568321961519351,2.963835551000265,15,15,15
0.05,113,23,15,0.9974757322765702,0.9996405855476758,0.0053912167848635395,2.879872239407235,15,15,15
0.05,113,24,15,0.9976440643635223,0.9996612604259576,0.0050810936106352456,2.7821146230957168,15,15,15
0.05,113,25,15,0.9978384270465398,0.999683517515675,0.004747237264876136,2.664797211611431,15,15,15
0.05,113,26,15,0.9981727878507323,0.9997110496087218,0.004334255869173798,2.4499062534660965,15,15,15
0.05,113,27,15,0.9983026671336549,0.9997214262549409,0.0041786061758880555,2.361179893633878,15,15,15
0.05,113,28,15,0.9983131652865542,0.9997327151859979,0.0040092722100295575,2.353862391422513,15,15,15
0.05,113,29,15,0.9983269936830473,0.9997459919459684,0.0038101208104753814,2.344188836346847,15,15,15
0.05,113,30,15,0.9984128730538452,0.9997681780776181,0.0034773288357290433,2.283197141091723,15,15,15
0.05,113,31,15,0.9984138636385994,0.9997759736944523,0.003360394583216575,2.2824841386276584,15,15,15
0.05,113,32,15,0.9984272690533996,0.999782000188905,0.0032699971664239547,2.2728132492135757,15,15,15
0.05,113,33,15,0.9984450203222415,0.9997960460068682,0.0030593098969757815,2.2599436402044604,15,15,15
0.05,113,34,15,0.9986335091587427,0.9998658172880597,0.0020127406791027314,2.11848285960576,15,15,15
0.05,113,35,15,0.999583184815007,0.9999502561657617,0.0007461575135766507,1.1698348990460943,15,15,15
0.05,113,36,15,0.9997189440292144,0.9999624768371095,0.0005628474433601038,0.9605929301972317,15,15,15
0.05,113,37,15,0.9997194026393383,0.999964653616951,0.0005301957457336526,0.9598088181469024,15,15,15
0.05,113,38,15,0.9997757772852681,0.9999771788990657,0.0003423165140173934,0.8579829681207676,15,15,15
0.05,113,39,15,0.9998158504025838,0.9999877233601719,0.00018414959742241166,0.7775375098506203,15,15,15
0.05,113,40,15,0.9999999999999982,0.9999999999999996,8.215650382226158e-15,2.4148365394514667e-06,15,15,15
0.075,113,15,15,0.9885877197256617,0.9986730044085335,0.019904933871996988,6.13251153530254,15,15,14
0.075,113,16,15,0.9888843197193468,0.9987134353063551,0.019298470404672474,6.051994644506124,15,15,14
0.075,113,17,15,0.9891279429477259,0.9987323393335374,0.019014909996939888,5.9850611988255435,15,15,14
0.075,113,18,15,0.9895074316909287,0.9987752364826553,0.018371452760169937,5.8793044689640634,15,15,14
0.075,113,19,15,0.9920061041250228,0.9989749725845075,0.01537541123238717,5.129584600669865,15,15,15
0.075,113,20,15,0.9932561345194841,0.9990656256317023,0.014015615524465064,4.710493736433937,15,15,15
0.075,113,21,15,0.9937389777719998,0.9991271269410876,0.013093095883687678,4.5383656880108285,15,15,15
0.075,113,22,15,0.9940005305949838,0.999165235761794,0.01252146357309114,4.442365302752479,15,15,15
0.075,113,23,15,0.9943376647213914,0.9991920413630404,0.012119379554392573,4.31550009132303,15,15,15
0.075,113,24,15,0.9946944932710168,0.999237623059497,0.011435654107542326,4.1770612340222195,15,15,15
0.075,113,25,15,0.9951447270007023,0.9992877384189699,0.010683923715452903,3.995595572381073,15,15,15
0.075,113,26,15,0.9959182998930618,0.9993493772038294,0.009759341942556898,3.6630181054456896,15,15,15
0.075,113,27,15,0.9961917950990926,0.9993730627660287,0.009404058509571156,3.5380080684173674,15,15,15
0.075,113,28,15,0.996191847260369,0.9993982514728456,0.009026227907319107,3.537983807305824,15,15,15
0.075,113,29,15,0.9961948081518738,0.999428117500674,0.008578237489890506,3.536606374002821,15,15,15
0.075,113,30,15,0.9963635456827158,0.9994780152795887,0.007829770806170533,3.45720607515861,15,15,15
0.075,113,31,15,0.9963660234342272,0.9994954503927714,0.0075682441084300445,3.456026634402916,15,15,15
0.075,113,32,15,0.996396032270797,0.9995087725266962,0.0073684120995560765,3.441710117152125,15,15,15
0.075,113,33,15,0.9964330191464145,0.9995406583855694,0.0068901242164598475,3.4239825804613253,15,15,15
0.075,113,34,15,0.9969424787402079,0.9996984780632615,0.004522829051076815,3.1697786394505245,15,15,15
0.075,113,35,15,0.99903697812966,0.9998875273551673,0.0016870896724886508,1.7783221501596864,15,15,15
0.075,113,36,15,0.9993496694353738,0.9999153478370797,0.0012697824438050453,1.461291301100514,15,15,15
0.075,113,37,15,0.9993505533783306,0.9999203135747006,0.0011952963794907845,1.4602976392605167,15,15,15
0.075,113,38,15,0.9994931052197499,0.9999486476560144,0.0007702851597806148,1.2900847427152153,15,15,15
0.075,113,39,15,0.9995802367318086,0.9999720157821204,0.0004197632681982588,1.1739652366964073,15,15,15
0.075,113,40,15,0.9999999999999984,0.9999999999999993,8.659739592076221e-15,2.2588727439225506e-06,15,15,15
0.1,113,15,15,0.979550930780848,0.9976324391232158,0.035513413151762374,8.221494732340478,15,15,14
0.1,113,16,15,0.9800900786538188,0.9977051326708067,0.034423009937896376,8.111649381363527,15,15,14
0.1,113,17,15,0.9805256674171102,0.9977392080085594,0.03391187987160993,8.021834500046259,15,15,14
0.1,113,18,15,0.9812230194901258,0.9978173377470974,0.032739933793537124,7.875970645229101,15,15,14
0.1,113,19,15,0.9857694303412766,0.9981777974070879,0.027333038893678774,6.851240854246374,15,15,14
0.1,113,20,15,0.9880169508563932,0.9983408680984182,0.024886978523726566,6.284597972994894,15,15,14
0.1,113,21,15,0.9889017393675189,0.9984500882306157,0.023248676540765678,6.047232971338406,15,15,14
0.1,113,22,15,0.9893766313711533,0.9985181343945875,0.022227984081186425,5.915966637790664,15,15,14
0.1,113,23,15,0.9899767066411743,0.9985661454242062,0.021507818636906317,5.745873289083792,15,15,14
0.1,113,24,15,0.9905731445510331,0.9986454824968176,0.020317762547734874,5.571739016768077,15,15,15
0.1,113,25,15,0.9913909727501614,0.9987345525716422,0.018981711425368197,5.323837515334892,15,15,15
0.1,113,26,15,0.9928008904984018,0.9988433892234929,0.01734916164760869,4.867259394388579,15,15,15
0.1,113,27,15,0.9931270428750034,0.9988860550263597,0.016709174604603194,4.755467187917683,15,15,15
0.1,113,28,15,0.993130621946434,0.998930559598558,0.01604160602162874,4.754225978847264,15,15,15
0.1,113,29,15,0.9931579246578168,0.9989836036574193,0.015245945138712469,4.744746909298334,15,15,15
0.1,113,30,15,0.9934263277982632,0.9990720935247939,0.013918597128090515,4.650542565668166,15,15,15
0.1,113,31,15,0.993431336587448,0.9991028822489968,0.013456766265049436,4.648766595205241,15,15,15
0.1,113,32,15,0.9934822852678521,0.9991261373323697,0.013107940014454145,4.630663319509413,15,15,15
0.1,113,33,15,0.9935454985058068,0.9991833373140556,0.012249940289165373,4.60810416113315,15,15,15
0.1,113,34,15,0.9945971344176966,0.9994649524472901,0.008025713290648717,4.2152813143575685,15,15,15
0.1,113,35,15,0.9982443254849676,0.9997991070566085,0.0030133941508736495,2.4014403125670687,15,15,15
0.1,113,36,15,0.9988117612386727,0.9998490866955104,0.002263699567341737,1.9754249521049403,15,15,15
0.1,113,37,15,0.9988131709612398,0.9998580384115118,0.002129423827320287,1.9742523212353544,15,15,15
0.1,113,38,15,0.9990927591546434,0.9999086170636796,0.0013707440448074149,1.7260350869687862,15,15,15
0.1,113,39,15,0.9992439180371709,0.9999495945358106,0.0007560819628397164,1.575657472516595,15,15,15
0.1,113,40,15,0.9999999999999982,0.999999999999999,1.199040866595169e-14,2.4148365394514667e-06,15,15,15
0.125,113,15,15,0.9678587327724419,0.9962917386660147,0.055623920009779226,10.32781634807358,15,15,13
0.125,113,16,15,0.9687189678007823,0.9964066208747275,0.053900686879087445,10.187175628223887,15,15,13
0.125,113,17,15,0.9694019136267149,0.9964605084574837,0.053092373137745286,10.074182280314393,15,15,13
0.125,113,18,15,0.9705256166253539,0.9965853790114949,0.051219314827577245,9.885573329503156,15,15,13
0.125,113,19,15,0.9777743855620001,0.997155930099993,0.04266104850010577,8.57376424329429,15,15,13
0.125,113,20,15,0.9813196655426509,0.997413307024024,0.038800394639639135,7.855547189309652,15,15,13
0.125,113,21,15,0.9827367536638503,0.9975834918411212,0.03624762238318424,7.549903615657263,15,15,13
0.125,113,22,15,0.9834913638195709,0.9976901673801757,0.034647489297363165,7.382109201754296,15,15,13
0.125,113,23,15,0.9844273641269221,0.9977656273923845,0.03351558911423358,7.168649946546759,15,15,13
0.125,113,24,15,0.9853015869952285,0.9978868900466508,0.03169664930023752,6.963499406332629,15,15,13
0.125,113,25,15,0.9865976548981492,0.9980258650528443,0.029612024207333887,6.6479528031392725,15,15,13
0.125,113,26,15,0.9888471155104589,0.9981944534529837,0.027083198205243297,6.062152103670947,15,15,13
0.125,113,27,15,0.989113356510944,0.9982619160045736,0.026071259931398028,5.989089442752289,15,15,13
0.125,113,28,15,0.989123615317165,0.9983311593164533,0.025032610253200138,5.986256611848083,15,15,13
0.125,113,29,15,0.9891920985452162,0.9984138952898163,0.02379157065275639,5.967311942566193,15,15,14
0.125,113,30,15,0.9895724147878422,0.998551532004125,0.021727019938124648,5.861006222809575,15,15,14
0.125,113,31,15,0.9895813732027495,0.9985992847345805,0.021010728981294968,5.858479250580665,15,15,14
0.125,113,32,15,0.9896552392223668,0.998634944720474,0.020475829192889927,5.837602156496742,15,15,14
0.125,113,33,15,0.9897528562813241,0.9987251341925513,0.019122987111732104,5.809898720674573,15,15,14
0.125,113,34,15,0.9916132837965764,0.9991660612348868,0.012509081476698491,5.25445324824898,15,15,15
0.125,113,35,15,0.9971909519421136,0.9996847200675885,0.004729198986173855,3.0381257978922784,15,15,15
0.125,113,36,15,0.9980935570745193,0.9997635324365571,0.0035470134516414342,2.5024915858700276,15,15,15
0.125,113,37,15,0.9980956226894375,0.9997777170386954,0.0033342444195658683,2.5011346418550002,15,15,15
0.125,113,38,15,0.9985703965811938,0.9998569605288874,0.0021455920666890727,2.1668754734096476,15,15,15
0.125,113,39,15,0.998803182673231,0.9999202121782153,0.0011968173267741244,1.982545818138767,15,15,15
0.125,113,40,15,0.9999999999999978,0.9999999999999998,7.105427357601002e-15,2.699869328381916e-06,15,15,15
0.15,113,15,15,0.9535377756181223,0.9946538623123392,0.08019206531491085,12.447854007200123,15,15,13
0.15,113,16,15,0.9548007097723155,0.9948211715831689,0.07768242625246757,12.274835674757538,15,15,13
0.15,113,17,15,0.9557851652706671,0.9948995627070597,0.07650655939410522,12.138365180401921,15,15,13
0.15,113,18,15,0.957449889681122,0.9950831797655575,0.0737523035166382,11.904250799754106,15,15,13
0.15,113,19,15,0.9680694257651443,0.9959136719574855,0.061294920637718464,10.293539957914183,15,15,13
0.15,113,20,15,0.9732136246984696,0.9962873694983494,0.05568945752476062,9.419715771305954,15,15,13
0.15,113,21,15,0.975294384147989,0.9965313286895126,0.05203006965731183,9.043262767153779,15,15,13
0.15,113,22,15,0.9763949459868535,0.9966852776877473,0.049720834683792514,8.837892324235545,15,15,13
0.15,113,23,15,0.9777366180702215,0.9967944066560013,0.04808390015997965,8.581100666535168,15,15,13
0.15,113,24,15,0.9789144091595137,0.9969650635604879,0.04552404659268272,8.349369569549738,15,15,13
0.15,113,25,15,0.9807935975020184,0.9971646490269966,0.042530264595049494,7.966099862762489,15,15,13
0.15,113,26,15,0.9840492346536868,0.9974048614021317,0.03892707896802494,7.255623903527066,15,15,13
0.15,113,27,15,0.9841338633224603,0.9975030371212317,0.037454443181527686,7.236247247598247,15,15,13
0.15,113,28,15,0.9841559679970008,0.9976024862956067,0.03596270556589776,7.23117777263055,15,15,13
0.15,113,29,15,0.9842821544719027,0.99772131625171,0.03418025622434817,7.202171361351,15,15,13
0.15,113,30,15,0.9847817840428706,0.9979181851055642,0.03122722341653905,7.08618087672006,15,15,13
0.15,113,31,15,0.9847965323246998,0.9979863946820186,0.030204079769721948,7.082728757203303,15,15,13
0.15,113,32,15,0.9848929429019593,0.9980367691029481,0.02944846345577745,7.060121272302562,15,15,13
0.15,113,33,15,0.9850348066479453,0.9981678219654762,0.02748267051785691,7.026725834741841,15,15,13
0.15,113,34,15,0.9880092920510565,0.9988029463005627,0.017955805491560062,6.286614106396997,15,15,14
0.15,113,35,15,0.9958644518988198,0.9995441739553681,0.006837390669478416,3.6871343845876465,15,15,15
0.15,113,36,15,0.9971842388250082,0.9996585514879961,0.0051217276800590295,3.041757327609137,15,15,15
0.15,113,37,15,0.9971871455149286,0.9996792673951489,0.00481098907276567,3.040185454309089,15,15,15
0.15,113,38,15,0.9979209671582695,0.9997935172988742,0.00309724051688709,2.6133880900277004,15,15,15
0.15,113,39,15,0.9982545928031372,0.9998836395202088,0.0017454071968692197,2.3944040108123352,15,15,15
0.15,113,40,15,0.9999999999999982,0.9999999999999997,6.217248937900877e-15,2.4148365394514667e-06,15,15,15
0.175,113,15,15,0.9366510929336163,0.9927244260262831,0.10913360960575447,14.577663840248466,15,14,13
0.175,113,16,15,0.9384004540728395,0.9929546897669178,0.10567965349623287,14.370582829416241,15,14,13
0.175,113,17,15,0.9397384242610818,0.9930622710011875,0.10406593498219119,14.210339883228245,15,14,13
0.175,113,18,15,0.942063641887606,0.9933170254988225,0.1002446175176599,13.927842427432974,15,14,13
0.175,113,19,15,0.9567256195730194,0.9944571177846718,0.08314323322992101,12.00663441411956,15,15,13
0.175,113,20,15,0.9637669478414016,0.9949690102930637,0.07546484560404387,10.9731997139268,15,15,13
0.175,113,21,15,0.9666406181453197,0.9952989738539393,0.07051539219091019,10.523891278568838,15,15,13
0.175,113,22,15,0.9681518239940485,0.9955087234389034,0.06736914841644615,10.280105346647806,15,15,13
0.175,113,23,15,0.9699645460554531,0.9956576565146348,0.0651351522804785,9.980174116389609,15,15,13
0.175,113,24,15,0.971459631332341,0.9958844536566557,0.061733195150163844,9.726133078900656,15,15,13
0.175,113,25,15,0.9740160952905202,0.9961550032598626,0.057674951102062555,9.27627890072157,15,15,13
0.175,113,26,15,0.9781667848235498,0.9964778954422688,0.052831568365964254,8.497176250927971,15,15,13
0.175,113,27,15,0.978180309713209,0.9966127506152332,0.05080874077150155,8.494524535985313,15,15,13
0.175,113,28,15,0.9782218395960565,0.9967479381778582,0.04878092733212591,8.486377084530682,15,15,13
0.175,113,29,15,0.9784227706318741,0.9969091122204248,0.046363316693629475,8.446850136574994,15,15,13
0.175,113,30,15,0.9790439534068296,0.9971746890522978,0.04237966421553507,8.323499372574727,15,15,13
0.175,113,31,15,0.9790667867577691,0.9972667181087266,0.04099922836910219,8.318931412158243,15,15,13
0.175,113,32,15,0.9791832213288928,0.9973339613601986,0.03999057959701935,8.295599908425103,15,15,13
0.175,113,33,15,0.9793812456592627,0.9975139420425244,0.037290869362132884,8.25577204508394,15,15,13
0.175,113,34,15,0.9838064167779421,0.9983771077748211,0.02434338337768205,7.310940750694341,15,15,14
0.175,113,35,15,0.994254695355328,0.9993773824702575,0.009339262946138294,4.347062670113212,15,15,15
0.175,113,36,15,0.9960741890484218,0.9995340573735637,0.006989139396543775,3.5922941670399635,15,15,15
0.175,113,37,15,0.996078200101983,0.9995626558635381,0.006560162046929996,3.590456143369162,15,15,15
0.175,113,38,15,0.9971390472292314,0.9997181074445801,0.004228388331297572,3.066092669849248,15,15,15
0.175,113,39,15,0.9975951889569893,0.999839679263799,0.0024048110430151537,2.810847803610132,15,15,15
0.175,113,40,15,0.9999999999999987,0.9999999999999998,6.217248937900877e-15,2.091309789151873e-06,15,15,15
0.2,113,15,15,0.9172986239539836,0.990511787320802,0.1423231901879698,16.713037921110423,15,14,12
0.2,113,16,15,0.9196190924023427,0.9908157868555016,0.1377631971674752,16.47011948062381,15,14,13
0.2,113,17,15,0.9213595029608727,0.9909571827152099,0.13564225927184936,16.28581819847855,15,14,13
0.2,113,18,15,0.9244678636715563,0.9912957218037824,0.13056417294326428,15.95194938545409,15,14,13
0.2,113,19,15,0.9438364943530966,0.9927941831748409,0.10808725237738559,13.708861673993674,15,14,13
0.2,113,20,15,0.95306615900123,0.9934657248966563,0.09801412655015385,12.511889173340563,15,15,13
0.2,113,21,15,0.9568569278805151,0.9938932083170681,0.09160187524397956,11.988133609057856,15,15,13
0.2,113,22,15,0.9588405910427431,0.9941670975147497,0.08749353727875442,11.70529665346713,15,15,13
0.2,113,23,15,0.9611843170679645,0.9943618247667563,0.08457262849865499,11.362572988397112,15,15,13
0.2,113,24,15,0.9629984345275163,0.9946507675939761,0.0802384860903611,11.090421203822741,15,15,13
0.2,113,25,15,0.9663102284884206,0.9950021714731228,0.07496742790315858,10.576474030372015,15,15,13
0.2,113,26,15,0.9712515456065025,0.9954178630883597,0.06873205367460722,9.761870775324748,15,15,13
0.2,113,27,15,0.9712538683811582,0.9955953601447418,0.06606959782887223,9.761472544276767,15,15,13
0.2,113,28,15,0.9713252506676231,0.9957718897961502,0.06342165305774794,9.749226695673311,15,15,13
0.2,113,29,15,0.9716186996698758,0.9959814631890331,0.06027805216449866,9.698728519532121,15,15,13
0.2,113,30,15,0.9723584430593902,0.9963244834435521,0.055132748346718,9.570293098859803,15,15,13
0.2,113,31,15,0.9723921302885665,0.9964435532955331,0.053346700567002525,9.56440476939855,15,15,13
0.2,113,32,15,0.9725242523577013,0.9965296764122412,0.05205485381637964,9.541276847509222,15,15,13
0.2,113,33,15,0.9727928055366942,0.9967668266849945,0.04849759972507961,9.494099547528387,15,15,13
0.2,113,34,15,0.9790290905133516,0.9978904331914696,0.0316435021279573,8.326471482672652,15,15,14
0.2,113,35,15,0.9923541734204272,0.9991843855440837,0.012234216838743817,5.016373159965617,15,15,15
0.2,113,36,15,0.994755306069817,0.999390029044552,0.009149564331717985,4.153010819339457,15,15,15
0.2,113,37,15,0.9947607875830623,0.9994279152963247,0.008581270555130582,4.150836177094861,15,15,15
0.2,113,38,15,0.9962191630303106,0.9996305476691619,0.0055417849625715165,3.525255949000075,15,15,15
0.2,113,39,15,0.9968226888010472,0.9997881792534031,0.0031773111989563674,3.2313407614726932,15,15,15
0.2,113,40,15,0.9999999999999991,1.0,3.774758283725532e-15,1.7075472925031877e-06,15,15,15
0.25,113,15,15,0.8717742958924859,0.9852838721567847,0.22074191764823292,20.98270751363551,14,13,12
0.25,113,16,15,0.875488010154682,0.9857684715023057,0.21347292746541568,20.66250267393882,14,13,12
0.25,113,17,15,0.8781631656261183,0.9859908357457766,0.21013746381334986,20.42930149817636,14,13,12
0.25,113,18,15,0.8832092165116173,0.9865351881933108,0.20197217710033755,19.983326157695643,14,13,12
0.25,113,19,15,0.9139015253457462,0.9888896457113795,0.16665531432930858,17.063142406727355,15,13,12
0.25,113,20,15,0.9283328086640132,0.9899417487497675,0.15087376875349046,15.527882485313741,15,13,12
0.25,113,21,15,0.9342975732174675,0.9905953751264178,0.14106937310373346,14.85210269712833,15,14,12
0.25,113,22,15,0.9373939370582199,0.9910214575090023,0.13467813736496448,14.490059732249414,15,14,12
0.25,113,23,15,0.9409528866038223,0.9913248811213015,0.1301267831804761,14.063441404161873,15,14,12
0.25,113,24,15,0.9433606186151801,0.9917531086275624,0.123703370586564,13.767956354303973,15,14,13
0.25,113,25,15,0.9483220027471359,0.9922934832339224,0.11559775149116325,13.139807913618233,15,14,13
0.25,113,26,15,0.9545294842771387,0.9929209107651696,0.10618633852245596,12.312184913231507,15,15,13
0.25,113,27,15,0.954534050693671,0.9932012818016105,0.10198077297584018,12.31155697209997,15,15,13
0.25,113,28,15,0.9547099099462457,0.9934775368306218,0.09783694754066985,12.287351164715366,15,15,13
0.25,113,29,15,0.9552449151075618,0.9938010701388361,0.09298394791746079,12.213434783960214,15,15,13
0.25,113,30,15,0.9561931546090316,0.994321657069428,0.08517514395858172,12.081383366384586,15,15,13
0.25,113,31,15,0.9562587459132748,0.994503863160857,0.08244205258714465,12.072198976602419,15,15,13
0.25,113,32,15,0.9564041825252974,0.9946332904171099,0.08050064374335153,12.05181081841173,15,15,13
0.25,113,33,15,0.9568685518776047,0.9950101188908637,0.07484821663704522,11.986494540837686,15,15,13
0.25,113,34,15,0.9678658380308625,0.9967441641205905,0.04883753819114334,10.326662208753842,15,15,13
0.25,113,35,15,0.9876654144743267,0.9987206533240475,0.01919020013928774,6.376491503837156,15,15,14
0.25,113,36,15,0.9914677582208787,0.9990437051356036,0.01434442296594518,5.299973946479744,15,15,15
0.25,113,37,15,0.9914778352863959,0.9991046011563794,0.013430982654305867,5.296834283522521,15,15,15
0.25,113,38,15,0.993945114455964,0.9994183228692338,0.008725156961494562,4.4628762538289255,15,15,15
0.25,113,39,15,0.9949337161625571,0.9996622477441703,0.005066283837446672,4.081640814967269,15,15,15
0.25,113,40,15,0.9999999999999984,0.9999999999999997,4.6629367034256575e-15,2.2588727439225506e-06,15,15,15
0.3,113,15,15,0.8184378385894416,0.9790889330890149,0.31366600366477704,25.220380413404765,14,13,11
0.3,113,16,15,0.8238593359987005,0.9797990676129544,0.30301398580568417,24.81509023326314,14,13,11
0.3,113,17,15,0.8276057082533734,0.9801187615741173,0.29821857638824145,24.53215869116394,14,13,11
0.3,113,18,15,0.8350703306709348,0.980918882010445,0.28621676984332445,23.96103898017102,14,13,11
0.3,113,19,15,0.8794011204011781,0.9842967640076112,0.23554853988582936,20.320640218391315,14,13,11
0.3,113,20,15,0.9000131535578169,0.9858032503200965,0.2129512451985508,18.433692713956827,15,13,11
0.3,113,21,15,0.908531396993039,0.9867178691827889,0.19923196225816486,17.60408006086102,15,13,12
0.3,113,22,15,0.912924234490069,0.9873255498600191,0.19011675209971124,17.1626962186776,15,13,12
0.3,113,23,15,0.9178482313511387,0.987758557920016,0.18362163119975805,16.655785778572366,15,13,12
0.3,113,24,15,0.9206975176619858,0.9883409878793564,0.1748851818096514,16.356136793620266,15,13,12
0.3,113,25,15,0.9272610631877558,0.9891016539646513,0.16347519053022863,15.646509299730836,15,13,13
0.3,113,26,15,0.9341258465627258,0.9899680241569471,0.15047963764579508,14.871946891966203,15,13,13
0.3,113,27,15,0.9341672643025296,0.9903736603815169,0.14439509427724873,14.867162989895672,15,13,13
0.3,113,28,15,0.9345328904094525,0.990772472471365,0.1384129129295234,14.824870980889425,15,13,13
0.3,113,29,15,0.9353892705146096,0.991230717612363,0.1315392358145533,14.725381300399718,15,14,13
0.3,113,30,15,0.9364810518435396,0.9919523937370133,0.1207140939448037,14.597649413005508,15,14,13
0.3,113,31,15,0.936595042982291,0.992208737551392,0.11686893672912191,14.584254362881914,15,14,13
0.3,113,32,15,0.9367265598281006,0.9923882675568111,0.1141759866478328,14.568785919125812,15,14,13
0.3,113,33,15,0.9374824941425077,0.9929393277936468,0.10591008309529615,14.479583862709948,15,14,13
0.3,113,34,15,0.9547838534229315,0.9953873939993424,0.0691890900098645,12.27715999207854,15,15,13
0.3,113,35,15,0.9817983185762733,0.9981562689720604,0.027655965419094097,7.753624246447047,15,15,14
0.3,113,36,15,0.987295756655769,0.9986212391453313,0.02068141282003011,6.471737773844106,15,15,14
0.3,113,37,15,0.9873139088318563,0.9987114221220004,0.019328668169992902,6.467092872275572,15,15,14
0.3,113,38,15,0.9910644886760178,0.9991558886754651,0.012661669868024528,5.424144374254995,15,15,15
0.3,113,39,15,0.9925890782600448,0.999505938550669,0.007410921739964493,4.938517874335903,15,15,15
0.3,113,40,15,0.9999999999999973,0.9999999999999996,9.992007221626409e-15,2.9575586669421963e-06,15,15,15
0.35,113,15,15,0.759169254678865,0.9720791971515939,0.41881204272609096,29.38956608064575,13,13,11
0.35,113,16,15,0.7665669271146721,0.9730599368201491,0.4041009476977634,28.89127884922885,13,13,11
0.35,113,17,15,0.771467102336268,0.9734909900380655,0.39763514942901956,28.558196427615563,13,13,11
0.35,113,18,15,0.7817856596402565,0.9745934391019682,0.3810984134704747,27.848430060872317,13,13,11
0.35,113,19,15,0.841683512331638,0.9791326810948895,0.3130097835766581,23.446341082507843,14,13,11
0.35,113,20,15,0.8692618305539611,0.9811547120920413,0.28267931861937845,21.19709722777738,14,13,11
0.35,113,21,15,0.8806095985884655,0.9823565435500857,0.264651846748714,20.214101088240962,14,13,11
0.35,113,22,15,0.8864234297903051,0.9831715261826894,0.2524271072596588,19.694886396922914,14,13,11
0.35,113,23,15,0.8927781452921855,0.9837521902701114,0.2437171459483286,19.1139211760117,14,13,11
0.35,113,24,15,0.8957762891879618,0.9844977694690731,0.23253345796390346,18.834580010400945,14,13,11
0.35,113,25,15,0.9035034219638315,0.9855028728068285,0.21745690789757177,18.09774281005764,15,13,11
0.35,113,26,15,0.9103422991660297,0.9866259799766449,0.2006103003503269,17.423308249826217,15,13,11
0.35,113,27,15,0.9104759477794528,0.9871772441820965,0.19234133726855185,17.40990201169968,15,13,11
0.35,113,28,15,0.9111488962164308,0.9877209986622133,0.18418502006680193,17.342261248764057,15,13,12
0.35,113,29,15,0.9124085675933847,0.9883315508641161,0.175026737038258,17.215021988526274,15,13,12
0.35,113,30,15,0.9135589676842352,0.989269165107073,0.16096252339390515,17.09809571161629,15,13,12
0.35,113,31,15,0.9137406288704206,0.9896093424341699,0.1558598634874514,17.07956750949798,15,13,12
0.35,113,32,15,0.9138351124202485,0.9898454238068567,0.15231864289715036,17.069923847653165,15,14,13
0.35,113,33,15,0.9150091794021906,0.9906057473811736,0.1409137892823955,16.94968802889824,15,14,13
0.35,113,34,15,0.9401003564854369,0.9938494563756031,0.09225815436595441,14.166707604767339,15,14,13
0.35,113,35,15,0.9748020198986924,0.9974969429567356,0.03754585564896695,9.133694401596028,15,15,14
0.35,113,36,15,0.9822482712332953,0.998125969102912,0.02811046345632362,7.656606335782905,15,15,14
0.35,113,37,15,0.9822800612725148,0.9982521431146357,0.02621785328046433,7.649706420023271,15,15,14
0.35,113,38,15,0.9875572957780153,0.9988431176544921,0.017353235182620774,6.404493534257655,15,15,14
0.35,113,39,15,0.9898090065386459,0.9993206004359098,0.010190993461356102,5.793904260158145,15,15,14
0.35,113,40,15,0.9999999999999993,1.0,1.7763568394002505e-15,1.4787793334710982e-06,15,15,15
0.4,113,15,15,0.6960764127523792,0.964428223408825,0.5335766488676269,33.4557395109373,13,13,10
0.4,113,16,15,0.7056489361934114,0.965723995822273,0.5141400626659034,32.85680438725121,13,13,10
0.4,113,17,15,0.71172391354899,0.9662776205529019,0.5058356917064727,32.47377229401296,13,13,10
0.4,113,18,15,0.7252568729301088,0.9677233563842617,0.48414965423607925,31.611674935470262,13,13,10
0.4,113,19,15,0.8021855198122307,0.9735264364288044,0.3971034535679313,26.40820203275303,13,13,11
0.4,113,20,15,0.8372796406071848,0.9761098869295038,0.35835169605744455,23.79003239678816,13,13,11
0.4,113,21,15,0.8516278454628337,0.9776164824857133,0.33575276271430177,22.655602159306135,13,13,11
0.4,113,22,15,0.8589194386663991,0.9786602439721026,0.320096340418461,22.06182940618548,13,13,11
0.4,113,23,15,0.8666388141833866,0.9794034915341978,0.30894762698703104,21.41906118903071,13,13,11
0.4,113,24,15,0.8692956021805169,0.9803155603607546,0.2952665945886811,21.194227161401788,13,13,11
0.4,113,25,15,0.8773023715105617,0.981581267236104,0.2762809914584392,20.50457746708173,13,13,11
0.4,113,26,15,0.8835844210133433,0.9829699673058637,0.2554504904120445,19.94983519028231,14,13,11
0.4,113,27,15,0.8838873063585356,0.983684443681394,0.2447333447790928,19.922765277374758,14,13,11
0.4,113,28,15,0.8850147887230052,0.9843942756197326,0.2340858657040119,19.821727522024148,14,13,12
0.4,113,29,15,0.8867560387919888,0.9851710011879421,0.2224349821808651,19.664836761242864,14,13,12
0.4,113,30,15,0.8878760515517526,0.986330800689966,0.20503798965051134,19.56336466127815,14,13,12
0.4,113,31,15,0.8881462821822841,0.9867632579693911,0.19855113045913542,19.538815836184764,14,13,12
0.4,113,32,15,0.8881933186026393,0.9870624224069042,0.19406366389643392,19.534540213714916,14,13,12
0.4,113,33,15,0.8899447058371028,0.9880669220080971,0.1789961698785426,19.374774422667752,14,13,13
0.4,113,34,15,0.924175523834205,0.9921645206382768,0.11753219042584762,15.983614681724235,15,14,13
0.4,113,35,15,0.9667694062102576,0.9967504975503403,0.04874253674489726,10.503326121163989,15,15,14
0.4,113,36,15,0.9763680952272765,0.9975628444553275,0.036557333170088246,8.842957721221607,15,15,14
0.4,113,37,15,0.9764218409731588,0.9977321101475921,0.03401834778611734,8.8328157648432,15,15,14
0.4,113,38,15,0.9834214369739098,0.9984809483834239,0.022785774248643254,7.397814430049593,15,15,14
0.4,113,39,15,0.986632635153885,0.9991088423435922,0.013367364846119889,6.639232431677611,15,15,14
0.4,113,40,15,0.9999999999999989,0.9999999999999999,4.6629367034256575e-15,1.9090959104164224e-06,15,15,15
0.5,113,15,15,0.5668230532205358,0.9479199127698738,0.7812013084518918,41.15983096305869,13,12,9
0.5,113,16,15,0.5809716461487091,0.9499743126361653,0.7503853104575214,40.34014505636282,13,12,9
0.5,113,17,15,0.5892022203161765,0.9507947801737288,0.7380782973940685,39.861581618630865,13,12,9
0.5,113,18,15,0.6098411821126851,0.9530197239508625,0.7047041407370619,38.654811295651804,13,13,10
0.5,113,19,15,0.7232889776245783,0.9615068661481367,0.577397007777951,31.737829918789465,13,13,10
0.5,113,20,15,0.7739938473121741,0.9652850503692488,0.5207242444612675,28.385465176405386,13,13,10
0.5,113,21,15,0.7945272723876846,0.9674231700099588,0.48865244985061873,26.95502775004327,13,13,10
0.5,113,22,15,0.8046175588037557,0.968971671360211,0.465424929596837,26.232891242928154,13,13,10
0.5,113,23,15,0.8128105277091089,0.9700723120867377,0.44891531869893364,25.636107099644036,13,13,10
0.5,113,24,15,0.8130154956258238,0.9713082320671362,0.43037651899295415,25.621050229360765,13,13,11
0.5,113,25,15,0.8185282520168335,0.9731115146888454,0.4033272796673192,25.21366052392466,13,13,11
0.5,113,26,15,0.8231467163252753,0.9750283615492056,0.37457457676191563,24.868638992565632,13,13,11
0.5,113,27,15,0.8240759447349061,0.9761082332000401,0.35837650199939697,24.798796624253704,13,13,11
0.5,113,28,15,0.8266333235707795,0.9772046184655447,0.3419307230168299,24.60582586603494,13,13,11
0.5,113,29,15,0.8295248495353544,0.9783387826510034,0.32491826023495096,24.3862811731517,13,13,11
0.5,113,30,15,0.8303690217535679,0.9799322075091924,0.3010168873621121,24.321907750459843,14,13,11
0.5,113,31,15,0.8308793337279647,0.9805703543961144,0.2914446840582843,24.282931458934396,14,13,12
0.5,113,32,15,0.8308828636011197,0.9810174449672715,0.2847383254909275,24.28266169354954,14,13,12
0.5,113,33,15,0.8343861032835045,0.9826111770432375,0.2608323443514382,24.013813148489668,14,13,12
0.5,113,34,15,0.8901507756055577,0.9885028433573705,0.17245734963944215,19.355903278413166,14,14,12
0.5,113,35,15,0.948124850742295,0.9950346845671978,0.07447973149203402,13.16529804255897,15,14,13
0.5,113,36,15,0.9624183825546003,0.9962589509110273,0.05611573633458944,11.17812328662952,15,15,13
0.5,113,37,15,0.962555046421614,0.9965369943038892,0.05194508544166376,11.157519046876011,15,15,14
0.5,113,38,15,0.9733466654040029,0.9976176995754373,0.03573450636844455,9.39608153755057,15,15,14
0.5,113,39,15,0.9793244077513059,0.9986216271834201,0.020675592248700747,8.267222715921319,15,15,14
0.5,113,40,15,0.999999999999998,0.9999999999999993,9.547918011776346e-15,2.561320938754782e-06,15,15,15
0.6,113,15,15,0.44524630679161215,0.9308761034955031,1.0368584475674543,48.14345967148223,13,12,9
0.6,113,16,15,0.46356403299170384,0.9338533604291483,0.9921995935627748,47.089479222234,13,12,9
0.6,113,17,15,0.47330410213776886,0.9349521043722155,0.9757184344167682,46.53028992805452,13,12,9
0.6,113,18,15,0.501196152881345,0.9380231088562143,0.9296533671567853,44.931465422874396,13,12,9
0.6,113,19,15,0.6516567636519782,0.9491743046075521,0.7623854308867175,36.17163479735848,13,12,9
0.6,113,20,15,0.7165753558312674,0.9541427459503448,0.687858810744829,32.16616047825921,13,12,10
0.6,113,21,15,0.7426095298930883,0.9569042136711717,0.6464367949324226,30.486587197397935,13,12,10
0.6,113,22,15,0.7462164196070017,0.958995537449748,0.6150669382537806,30.249694575748002,13,13,10
0.6,113,23,15,0.7499261836505862,0.9604785050582514,0.5928224241262289,30.004883410084844,13,13,10
0.6,113,24,15,0.751691075580484,0.9620032500356687,0.5699512494649674,29.887992636687894,13,13,10
0.6,113,25,15,0.7540622031085604,0.9643199442085659,0.5352008368715113,29.73051102586023,13,13,10
0.6,113,26,15,0.7571905262728754,0.9667275755353697,0.49908636696945274,29.521953676557715,13,13,10
0.6,113,27,15,0.7591373422353082,0.9681993689533577,0.4770094656996329,29.39170412939626,13,13,10
0.6,113,28,15,0.7638436343648418,0.9697341711153117,0.45398743327032365,29.075337167275276,13,13,10
0.6,113,29,15,0.768005619180133,0.9712322430311241,0.43151635453313775,28.793741436416653,13,13,10
0.6,113,30,15,0.7684469524038852,0.9732122142730589,0.40181678590411607,28.763778620137277,13,13,11
0.6,113,31,15,0.7692728006452789,0.9740797231030152,0.3888041534547726,28.707656797102157,13,13,11
0.6,113,32,15,0.76946571802947,0.9747092844428723,0.3793607333569128,28.6945366713378,13,13,11
0.6,113,33,15,0.775647841642594,0.9770131799249938,0.34480230112509325,28.27202613065125,14,13,11
0.6,113,34,15,0.855715901586916,0.9846948678886778,0.2295769816698322,22.324234753219685,14,13,12
0.6,113,35,15,0.927075148379483,0.9930913060434376,0.10363040934843615,15.667005183979521,15,14,13
0.6,113,36,15,0.9462311829028607,0.9947673899808493,0.07848915028725856,13.40784181854168,15,14,13
0.6,113,37,15,0.946530000226457,0.9951855420383546,0.0722168694246822,13.36983995504966,15,14,13
0.6,113,38,15,0.9611563218542231,0.9965937559015914,0.05109366147612815,11.366724386158161,15,15,13
0.6,113,39,15,0.9712169945424375,0.9980811329694956,0.028783005457569844,9.76779258417081,15,15,14
0.6,113,40,15,0.9999999999999964,0.9999999999999997,7.105427357601002e-15,3.4150945850063763e-06,15,15,15
0.75,113,15,15,0.2958067905865712,0.9062772888053251,1.405840667920124,57.05175619340089,12,11,6
0.75,113,16,15,0.3178320746157406,0.9109463255667938,1.335805116498094,55.683357772893565,12,11,7
0.75,113,17,15,0.32796361064365737,0.9124564746870595,1.3131528796941077,55.06260250662601,12,11,8
0.75,113,18,15,0.36523574970006806,0.9167873716146685,1.2481894257799706,52.81810591224367,12,11,8
0.75,113,19,15,0.5670944506638285,0.9314798672826103,1.0278019907608429,41.14413969542868,13,11,9
0.75,113,20,15,0.6323935900312151,0.9380427051430408,0.9293594228543911,37.32284630508105,13,11,9
0.75,113,21,15,0.6428940262712974,0.9416737033616897,0.874894449574656,36.69701998763879,13,11,9
0.75,113,22,15,0.6429391611665757,0.9446098355847335,0.8308524662289946,36.69432136024799,13,11,9
0.75,113,23,15,0.6504267334803807,0.9466808410021615,0.7997873849675781,36.245564234971994,13,11,9
0.75,113,24,15,0.6552442406989293,0.9485494269979606,0.7717585950305897,35.955664447342265,13,11,9
0.75,113,25,15,0.6558177001371217,0.9515182225771277,0.7272266613430857,35.92109251309424,13,12,9
0.75,113,26,15,0.6573528731323299,0.9545532845071062,0.6817007323934073,35.82847455811259,13,13,9
0.75,113,27,15,0.6613256082095876,0.956598580854148,0.6510212871877805,35.58833238985505,13,13,9
0.75,113,28,15,0.6703622115802074,0.9588312882461697,0.6175306763074542,35.03949200986587,13,13,9
0.75,113,29,15,0.6762937519331783,0.9608329966908504,0.5875050496372415,34.67716984105456,13,13,10
0.75,113,30,15,0.6763160420181241,0.9632791240038275,0.5508131399425864,34.67580505357496,13,13,10
0.75,113,31,15,0.6777313605284928,0.9645342469699706,0.5319862954504396,34.58909692809089,13,13,11
0.75,113,32,15,0.6790200730125232,0.9655144069101981,0.5172838963470301,34.5100583155454,13,13,11
0.75,113,33,15,0.6909306645734383,0.9690508208610195,0.4642376870847079,33.775487291247636,13,13,11
0.75,113,34,15,0.8083307423248497,0.9792144268067633,0.3117835978985509,25.96362691688013,14,13,12
0.75,113,35,15,0.8936483301077149,0.98992523147661,0.15112152785084776,19.03320349157869,14,14,13
0.75,113,36,15,0.9196753505356683,0.9923049188530754,0.1154262172038687,16.464190679534692,15,14,13
0.75,113,37,15,0.920436277023331,0.9929904323773743,0.10514351433938962,16.383812905194567,15,14,13
0.75,113,38,15,0.9399690344412991,0.9948386479995079,0.07742028000738266,14.182553193152144,15,14,13
0.75,113,39,15,0.958804959684644,0.9972536639789759,0.04119504031536181,11.710433863428463,15,15,14
0.75,113,40,15,0.9999999999999978,0.9999999999999998,5.773159728050814e-15,2.699869328381916e-06,15,15,15
1.0,113,15,15,0.14458034760888222,0.8705254643889894,1.9421180341651623,67.65162228140541,11,10,6
1.0,113,16,15,0.16234890068183158,0.8789379042821809,1.815931435767286,66.23881103066498,11,10,6
1.0,113,17,15,0.1685348889235778,0.8811268097601409,1.7830978535978863,65.76186646586928,11,10,6
1.0,113,18,15,0.21393258278631694,0.8872385943646339,1.6914210845304942,62.44961440911178,12,10,6
1.0,113,19,15,0.4646055774647251,0.9060811210291067,1.4087831845634002,47.029648557833724,12,10,6
1.0,113,20,15,0.49020835664613405,0.9145733773831003,1.2813993392534933,45.561055703860305,12,10,7
1.0,113,21,15,0.49596306887432845,0.9194468133722998,1.2082977994155004,45.23130162871863,12,10,7
1.0,113,22,15,0.4960816862721402,0.9238417297503837,1.1423740537442448,45.22450513736675,12,11,7
1.0,113,23,15,0.5098681864480064,0.9268794835182471,1.096807747226293,44.43455785210852,12,11,7
1.0,113,24,15,0.514607337677714,0.9291762081425944,1.062356877861089,44.162942101234336,12,11,8
1.0,113,25,15,0.5146858849278529,0.9329345425630262,1.0059818615546066,44.15843974316908,13,11,8
1.0,113,26,15,0.5149421850284116,0.9367062894867312,0.9494056576990326,44.14374837933616,13,11,8
1.0,113,27,15,0.5222525254898287,0.9394943104283594,0.9075853435746115,43.72460293967026,13,11,8
1.0,113,28,15,0.5400740194075798,0.942881087266649,0.8567836910002677,42.70146247038839,13,11,8
1.0,113,29,15,0.5479511726878313,0.9455407030164085,0.8168894547538739,42.24837123114901,13,11,8
1.0,113,30,15,0.548678471990356,0.9485657356629343,0.7715139650559852,42.206504125828026,13,12,9
1.0,113,31,15,0.5513900136413756,0.950638247573206,0.7404262864019109,42.050360279137315,13,12,10
1.0,113,32,15,0.557171031623288,0.9523980243725096,0.7140296344123532,41.717161134925085,13,12,11
1.0,113,33,15,0.5810646309846704,0.9581138351946002,0.6282924720809949,40.33474606900654,13,13,11
1.0,113,34,15,0.7484040182844961,0.9715762815207261,0.4263557771891072,30.105477430995737,13,13,11
1.0,113,35,15,0.8407238316489845,0.9845447604700701,0.23182859294894742,23.521563802485183,14,14,12
1.0,113,36,15,0.8753540521902057,0.9879948672140272,0.1800769917895917,20.674123321695607,14,14,12
1.0,113,37,15,0.8776313054839454,0.9892423374292302,0.16136493856154777,20.475839285615052,14,14,12
1.0,113,38,15,0.901321324652152,0.9916564461545572,0.12515330768164246,18.30839851654956,15,14,13
1.0,113,39,15,0.9408866269426216,0.9960591084628407,0.05911337305738684,14.071492304173994,15,14,14
1.0,113,40,15,0.9999999999999984,0.9999999999999996,5.773159728050814e-15,2.2588727439225506e-06,15,15,15
1.5,113,15,15,0.05750785178881044,0.8103294311547463,2.8450585326788094,76.12479443701234,9,8,5
1.5,113,16,15,0.05759678299532999,0.8298720605331197,2.551919092003206,76.1138552053615,9,8,5
1.5,113,17,15,0.057599807515698744,0.8341021184030406,2.4884682239543894,76.11348330525391,9,8,5
1.5,113,18,15,0.10190556281503035,0.8428875913146533,2.3566861302802,71.38384623195414,9,8,5
1.5,113,19,15,0.3346224733307352,0.865378671639833,2.019319925402508,54.657305276580864,9,9,5
1.5,113,20,15,0.3598571059082055,0.8756788666775103,1.8648169998373474,53.13863108745739,10,9,6
1.5,113,21,15,0.3622133464632443,0.8826709037662348,1.7599364435064766,52.9980912130134,10,9,6
1.5,113,22,15,0.3633729420135125,0.8905614169745676,1.6415787453814863,52.9289989285786,10,10,6
1.5,113,23,15,0.3865202917011521,0.8955287415374082,1.5670688769388748,51.55906285435001,10,10,6
1.5,113,24,15,0.38671125096466946,0.8996522544267448,1.505216183598828,51.547829038893404,11,10,6
1.5,113,25,15,0.3867149978549325,0.9059577589684689,1.410633615472967,51.54760862583568,11,10,6
1.5,113,26,15,0.38671505730110944,0.9101061097349494,1.3484083539757608,51.54760512888199,11,10,7
1.5,113,27,15,0.3953655992477154,0.9132867144731104,1.3006992829033437,51.039752798290074,11,10,7
1.5,113,28,15,0.4308621838176574,0.919428680160977,1.208569797585344,48.974038395729764,11,10,7
1.5,113,29,15,0.44177914248899786,0.9230986044066398,1.1535209339004033,48.34339397471969,11,10,7
1.5,113,30,15,0.44768053345251446,0.9271009440756045,1.0934858388659325,48.00318217822018,12,10,8
1.5,113,31,15,0.45411066443971915,0.9319336703009402,1.0209949454858966,47.632970506660655,12,11,9
1.5,113,32,15,0.47360790384781304,0.9356143423053725,0.9657848654194127,46.51285879126555,12,11,10
1.5,113,33,15,0.5110829253914208,0.9441652766008297,0.8375208509875531,44.364943139959706,13,11,10
1.5,113,34,15,0.68644409930746,0.960725181874097,0.5891222718885435,34.05307468994031,13,12,11
1.5,113,35,15,0.7666929974391059,0.975676860508035,0.36484709237947466,28.88274018239979,14,13,11
1.5,113,36,15,0.8033181441584627,0.9800273404622916,0.29958989306562356,26.326659952099458,14,13,12
1.5,113,37,15,0.8114557790149065,0.9824423955179267,0.2633640672310975,25.73546749701254,14,14,12
1.5,113,38,15,0.8317549726653668,0.9858129021244424,0.21280646813336201,24.21594312115201,14,14,13
1.5,113,39,15,0.9206697071729554,0.9947113138115298,0.0793302928270524,16.35908504556978,15,14,14
1.5,113,40,15,0.999999999999998,0.9999999999999994,8.881784197001252e-15,2.561320938754782e-06,15,15,15
2.0,113,15,15,0.05933686377214716,0.744227064000718,3.8365940399892335,75.90138352432975,7,7,4
2.0,113,16,15,0.08390364032106244,0.7763862227651471,3.3542066585227914,73.16232329649642,7,7,4
2.0,113,17,15,0.08396306108760776,0.7852590066189884,3.2211149007151745,73.15618426196016,8,7,4
2.0,113,18,15,0.1457204141413775,0.7980224928075957,3.0296626078860647,67.55890308711555,8,7,5
2.0,113,19,15,0.3261724844086783,0.8224484891006729,2.663272663489907,55.171976625889755,8,7,5
2.0,113,20,15,0.3581064906007617,0.8327829436650015,2.508255845024976,53.24317825393913,8,7,5
2.0,113,21,15,0.3643467995847815,0.8435010038310434,2.3474849425343507,52.87101005177879,8,8,5
2.0,113,22,15,0.3651936041217296,0.8568463304578452,2.1473050431323237,52.82061350556887,9,8,5
2.0,113,23,15,0.3996393238071594,0.8640863404034632,2.038704893948051,50.789572458912765,9,9,5
2.0,113,24,15,0.4000581523048095,0.8720434072167309,1.9193488917490393,50.76507897014377,10,9,5
2.0,113,25,15,0.41123705111886305,0.8852985884518798,1.720521173221805,50.11284169507666,10,9,6
2.0,113,26,15,0.4113030592816502,0.8890525383943836,1.664211924084245,50.10899871020781,10,9,7
2.0,113,27,15,0.4171689717991665,0.8917916793263123,1.6231248101053144,49.76784841037797,10,9,7
2.0,113,28,15,0.4636017368584734,0.9014713244855792,1.4779301327163124,47.08731319696408,10,9,7
2.0,113,29,15,0.4873275344885007,0.9062808637379904,1.4057870439301423,45.7261565469772,11,9,7
2.0,113,30,15,0.4933522641132154,0.91087483730521,1.3368774404218478,45.38089843206783,11,9,8
2.0,113,31,15,0.5057154418222116,0.9190985622819281,1.2135215657710758,44.672522173616805,11,9,8
2.0,113,32,15,0.5320569266887636,0.9253797424963748,1.119303862554378,43.16201272606589,11,10,9
2.0,113,33,15,0.5594447609167573,0.9333840188046639,0.9992397179300433,41.58599096351452,11,11,10
2.0,113,34,15,0.6509848647361836,0.9490693306295186,0.7639600405572212,36.21202593948495,12,12,10
2.0,113,35,15,0.7029048140505669,0.9668578531164581,0.49713220325312757,33.02906372167364,13,12,10
2.0,113,36,15,0.722179247193327,0.9706157729650401,0.44076340552440074,31.808848636864543,14,12,11
2.0,113,37,15,0.7385317194858381,0.9737342614986727,0.39398607751990566,30.753107214583334,14,12,12
2.0,113,38,15,0.7564892003369992,0.9785213296186953,0.3221800557195691,29.568788021289848,14,13,13
2.0,113,39,15,0.882362124046768,0.9921574749364505,0.11763787595324227,20.058766929392437,14,14,14
2.0,113,40,15,0.9999999999999976,0.9999999999999993,1.0436096431476471e-14,2.831646840510158e-06,15,15,15
0.0,211,15,15,0.9999999999981699,0.9999999999997934,3.1019631308026874e-12,7.751023439854259e-05,15,15,15
0.0,211,16,15,0.9999999999982037,0.9999999999997988,3.0198066269804258e-12,7.67921816449035e-05,15,15,15
0.0,211,17,15,0.9999999999984543,0.9999999999998225,2.6649793483102258e-12,7.123256155098263e-05,15,15,15
0.0,211,18,15,0.9999999999988756,0.9999999999998557,2.1653789872289053e-12,6.0756058786488236e-05,15,15,15
0.0,211,19,15,0.9999999999988949,0.9999999999998617,2.072120253160392e-12,6.0231900335879045e-05,15,15,15
0.0,211,20,15,0.9999999999989007,0.9999999999998669,1.9957369090661814e-12,6.007436768419945e-05,15,15,15
0.0,211,21,15,0.9999999999989257,0.9999999999998759,1.8618440122963875e-12,5.938485182304961e-05,15,15,15
0.0,211,22,15,0.9999999999989524,0.9999999999998804,1.7952306308188781e-12,5.8643747265684634e-05,15,15,15
0.0,211,23,15,0.9999999999989875,0.9999999999998831,1.7503776206240218e-12,5.7653432178788306e-05,15,15,15
0.0,211,24,15,0.9999999999989975,0.9999999999998888,1.6693313398263854e-12,5.73682526946535e-05,15,15,15
0.0,211,25,15,0.9999999999990128,0.9999999999998935,1.5965007094109751e-12,5.692820290457343e-05,15,15,15
0.0,211,26,15,0.9999999999990747,0.9999999999998984,1.5232259897857148e-12,5.511305627937753e-05,15,15,15
0.0,211,27,15,0.9999999999990778,0.999999999999899,1.5165646516379638e-12,5.502039585742148e-05,15,15,15
0.0,211,28,15,0.999999999999095,0.9999999999999045,1.432853835581227e-12,5.450794798469078e-05,15,15,15
0.0,211,29,15,0.9999999999990952,0.9999999999999044,1.4312995233467518e-12,5.450126112359898e-05,15,15,15
0.0,211,30,15,0.9999999999991367,0.9999999999999095,1.3560264022771662e-12,5.323605600496145e-05,15,15,15
0.0,211,31,15,0.9999999999991367,0.9999999999999102,1.347144618080165e-12,5.323605600496145e-05,15,15,15
0.0,211,32,15,0.9999999999991396,0.9999999999999133,1.3029577417000837e-12,5.314698087620737e-05,15,15,15
0.0,211,33,15,0.9999999999991505,0.9999999999999171,1.2447820552097255e-12,5.280988575771863e-05,15,15,15
0.0,211,34,15,0.9999999999992608,0.9999999999999343,9.865441796819141e-13,4.926059381030111e-05,15,15,15
0.0,211,35,15,0.9999999999994333,0.9999999999999473,7.891465259035613e-13,4.313035970652455e-05,15,15,15
0.0,211,36,15,0.9999999999994773,0.9999999999999566,6.505906924303417e-13,4.142342211220004e-05,15,15,15
0.0,211,37,15,0.999999999999521,0.9999999999999599,6.019629239517599e-13,3.9652248359908213e-05,15,15,15
0.0,211,38,15,0.9999999999995908,0.9999999999999669,4.980460488468452e-13,3.66526527844743e-05,15,15,15
0.0,211,39,15,0.9999999999997629,0.9999999999999837,2.4424906541753444e-13,2.790155266088344e-05,15,15,15
0.0,211,40,15,0.9999999999999973,0.9999999999999998,6.217248937900877e-15,2.9575586669421963e-06,15,15,15
0.01,211,15,15,0.9997412084744725,0.9999704724199361,0.00044291370095583815,0.9217568876714872,15,15,15
0.01,211,16,15,0.9997664277328736,0.9999728459089755,0.0004073113653674243,0.8756895728962755,15,15,15
0.01,211,17,15,0.9997666607719665,0.9999731019744375,0.00040347038343813146,0.8752525845589828,15,15,15
0.01,211,18,15,0.9997708285788773,0.9999736550501349,0.00039517424797719247,0.8674000657259562,15,15,15
0.01,211,19,15,0.9997991770000232,0.9999759757650768,0.00036036352384671844,0.8119773124942333,15,15,15
0.01,211,20,15,0.9998134051494277,0.9999774363925736,0.0003384541113956585,0.7826831184999762,15,15,15
0.01,211,21,15,0.9998254038925993,0.9999784841476838,0.00032273778474434245,0.7570987852588019,15,15,15
0.01,211,22,15,0.9998254062741349,0.9999787610466393,0.0003185843004115396,0.7570936214301575,15,15,15
0.01,211,23,15,0.9998263584791847,0.9999791958465704,0.0003120623014438717,0.75502614784227,15,15,15
0.01,211,24,15,0.9998306913563156,0.999981589160811,0.0002761625878340279,0.745546015415799,15,15,15
0.01,211,25,15,0.9998309124100925,0.9999819018567081,0.00027147214937728315,0.7450591268441342,15,15,15
0.01,211,26,15,0.9998317929795943,0.9999825706917818,0.00026143962327218606,0.7431164365610312,15,15,15
0.01,211,27,15,0.9998318697685681,0.999982678811291,0.0002598178306372212,0.7429467859079404,15,15,15
0.01,211,28,15,0.9998332576127305,0.999983058161537,0.0002541275769430973,0.7398739044130935,15,15,15
0.01,211,29,15,0.999835994508489,0.9999835377856989,0.0002469332145165204,0.7337763317033299,15,15,15
0.01,211,30,15,0.9998360331382883,0.999984627895271,0.0002305815709356951,0.7336899051724441,15,15,15
0.01,211,31,15,0.9998369167127402,0.9999849279963485,0.00022608005477076087,0.731710295728393,15,15,15
0.01,211,32,15,0.9998372150923698,0.9999852422901299,0.00022136564805508296,0.7310405788462881,15,15,15
0.01,211,33,15,0.9998438484197989,0.9999864734039146,0.000202898941283558,0.7159902814790884,15,15,15
0.01,211,34,15,0.9998791862105154,0.9999898757972784,0.00015186304082082103,0.6297811113668231,15,15,15
0.01,211,35,15,0.999881805992748,0.9999908974895668,0.0001365376564967935,0.6229151830269961,15,15,15
0.01,211,36,15,0.9998962422034415,0.9999921754757198,0.00011736786420535328,0.5836339046057429,15,15,15
0.01,211,37,15,0.9999055026593655,0.9999929075497661,0.0001063867535080476,0.5569795704786452,15,15,15
0.01,211,38,15,0.9999258294791178,0.9999944358416658,8.346237501166698e-05,0.49345058216394994,15,15,15
0.01,211,39,15,0.9999579411585859,0.9999971960772389,4.205884141539329e-05,0.3715817102792447,15,15,15
0.01,211,40,15,0.9999999999999991,1.0,4.440892098500626e-15,1.7075472925031877e-06,15,15,15
0.02,211,15,15,0.9989603136879982,0.999881695708712,0.001774564369322329,1.8477749675302626,15,15,15
0.02,211,16,15,0.9990611005661695,0.9998911843897118,0.0016322341543224539,1.7559015176938009,15,15,15
0.02,211,17,15,0.9990621475362533,0.9998922001739636,0.0016169973905468815,1.7549219321816727,15,15,15
0.02,211,18,15,0.9990791167601347,0.9998944263149286,0.0015836052760698216,1.7389680191983687,15,15,15
0.02,211,19,15,0.9991929329143404,0.9999037363020135,0.0014439554697961432,1.6279305945231182,15,15,15
0.02,211,20,15,0.9992506279139327,0.9999096092751939,0.0013558608720893872,1.5686485216058572,15,15,15
0.02,211,21,15,0.9992989498037083,0.9999138270542413,0.0012925941863825008,1.5172178614230658,15,15,15
0.02,211,22,15,0.999298960257307,0.9999149429075451,0.0012758563868223716,1.5172065468595475,15,15,15
0.02,211,23,15,0.9993029491720953,0.9999166930854723,0.0012496037179169361,1.512882931701439,15,15,15
0.02,211,24,15,0.9993207205749209,0.999926198152116,0.001107027718261322,1.4934684165307401,15,15,15
0.02,211,25,15,0.9993215509973508,0.999927443834403,0.0010883424839560618,1.4925550444467712,15,15,15
0.02,211,26,15,0.9993249418315471,0.9999301105588074,0.001048341617889581,1.4888196948537409,15,15,15
0.02,211,27,15,0.999325263830784,0.9999305464828254,0.001041802757615784,1.4884644929533581,15,15,15
0.02,211,28,15,0.9993306306334955,0.9999320567222688,0.0010191491659664598,1.4825317787333472,15,15,15
0.02,211,29,15,0.9993415652503888,0.9999339727394015,0.0009904089089763923,1.470370140140992,15,15,15
0.02,211,30,15,0.999341676141704,0.999938360668383,0.0009245899742522656,1.4702462904010833,15,15,15
0.02,211,31,15,0.9993452138541289,0.9999395615890474,0.0009065761642904624,1.46628968612326,15,15,15
0.02,211,32,15,0.9993464349070693,0.9999407984846801,0.0008880227297987098,1.4649215727139804,15,15,15
0.02,211,33,15,0.9993734697988398,0.9999457800245657,0.0008132996315151075,1.4342966955281091,15,15,15
0.02,211,34,15,0.9995137535808462,0.9999593135493144,0.0006102967602826803,1.2635314098429316,15,15,15
0.02,211,35,15,0.9995241084644135,0.9999633953651951,0.000549069522072787,1.2500030559656001,15,15,15
0.02,211,36,15,0.9995820644297531,0.9999685169945103,0.0004722450823437807,1.1714063012467237,15,15,15
0.02,211,37,15,0.9996194208475305,0.9999714690793907,0.0004279638091368998,1.1178220721632293,15,15,15
0.02,211,38,15,0.9997011152503409,0.9999776049282506,0.00033592607624033377,0.9905950348196803,15,15,15
0.02,211,39,15,0.9998306912578367,0.999988712750522,0.00016930874216836145,0.7455462322525442,15,15,15
0.02,211,40,15,0.9999999999999978,0.9999999999999996,7.993605777301127e-15,2.699869328381916e-06,15,15,15
0.03,211,15,15,0.9976510584856194,0.9997334023412026,0.003998964881962386,2.7779786448363626,15,15,15
0.03,211,16,15,0.9978775606101015,0.9997547351577026,0.003678972634457822,2.640547765217492,15,15,15
0.03,211,17,15,0.9978801896375064,0.9997570038227869,0.0036449426581968147,2.6389107009179122,15,15,15
0.03,211,18,15,0.9979190365778859,0.9997620435341567,0.003569346987647992,2.614602041150847,15,15,15
0.03,211,19,15,0.998175981545358,0.9997830463973927,0.003254304039111866,2.447762976869625,15,15,15
0.03,211,20,15,0.9983075148696691,0.9997963271545269,0.0030550926820945845,2.3578037036734885,15,15,15
0.03,211,21,15,0.9984169370751228,0.9998058753782499,0.0029118693262486506,2.2802705265119827,15,15,15
0.03,211,22,15,0.998416962601809,0.9998084050091927,0.002873924862109689,2.2802521321907836,15,15,15
0.03,211,23,15,0.9984263550157848,0.9998123682388226,0.002814476417657863,2.273473955264677,15,15,15
0.03,211,24,15,0.9984673448342806,0.9998336050213612,0.002495924679582373,2.243653869439797,15,15,15
0.03,211,25,15,0.998469094090771,0.9998363968199196,0.0024540477012052753,2.242372481147111,15,15,15
0.03,211,26,15,0.9984764285458894,0.9998423777716308,0.002364333425537102,2.2369917754775934,15,15,15
0.03,211,27,15,0.9984771866187085,0.9998433664541452,0.002349503187822677,2.2364349011589804,15,15,15
0.03,211,28,15,0.9984888475716064,0.9998467486054549,0.0022987709181772065,2.2278513540621367,15,15,15
0.03,211,29,15,0.9985134091239849,0.999851053782564,0.002234193261541284,2.209662908404146,15,15,15
0.03,211,30,15,0.9985135761673052,0.9998609909426678,0.002085135859983156,2.209538697063092,15,15,15
0.03,211,31,15,0.9985215416630517,0.9998636944425684,0.002044583361475949,2.2036075421986103,15,15,15
0.03,211,32,15,0.9985243502191354,0.9998664330401944,0.002003504397083411,2.2015124720613044,15,15,15
0.03,211,33,15,0.9985863133876532,0.9998777709203285,0.0018334361950703704,2.1547732932308836,15,15,15
0.03,211,34,15,0.998899475936698,0.9999080449245411,0.001379326131882852,1.9010874490534808,15,15,15
0.03,211,35,15,0.998922496664112,0.9999172176434441,0.0012417353483374916,1.8810917002036236,15,15,15
0.03,211,36,15,0.9990533333827687,0.9999287605451562,0.001068591822655951,1.7631518190673463,15,15,15
0.03,211,37,15,0.9991380768763639,0.9999354552738702,0.00096817089194845,1.6823614422108373,15,15,15
0.03,211,38,15,0.9993227064963859,0.9999493083876528,0.000760374185209578,1.4912831944223905,15,15,15
0.03,211,39,15,0.9996167169641158,0.9999744477976076,0.00038328303588774926,1.1217864197102962,15,15,15
0.03,211,40,15,0.9999999999999991,1.0,2.886579864025407e-15,1.7075472925031877e-06,15,15,15
0.05,211,15,15,0.9934260679290307,0.9992573707742589,0.011139438386115419,4.650634689370227,15,15,15
0.05,211,16,15,0.9940532356831737,0.9993164968281086,0.010252547578369686,4.422770239809999,15,15,15
0.05,211,17,15,0.9940621850076434,0.999322721369694,0.010159179454590772,4.419434438200916,15,15,15
0.05,211,18,15,0.9941737691428414,0.9993368904943968,0.009946642584046206,4.377630457967069,15,15,15
0.05,211,19,15,0.9948915047676908,0.9993954919697543,0.0090676204536847,4.098638246777794,15,15,15
0.05,211,20,15,0.9952660879970581,0.9994327361507179,0.008508957739231104,3.945263104651536,15,15,15
0.05,211,21,15,0.9955735633970944,0.9994595632458657,0.008106551312016097,3.8147903388748734,15,15,15
0.05,211,22,15,0.9955736447605154,0.9994666992303431,0.007999511544854454,3.8147552265147575,15,15,15
0.05,211,23,15,0.9956021487284331,0.9994778542405204,0.007832186392195073,3.802434512297068,15,15,15
0.05,211,24,15,0.9957216855949932,0.9995360424559305,0.006959363161044063,3.750327051378018,15,15,15
0.05,211,25,15,0.9957258987133922,0.9995437407833758,0.006843888249361885,3.748477367681107,15,15,15
0.05,211,26,15,0.9957446428952833,0.9995602498442133,0.006596252336800723,3.7402370925386648,15,15,15
0.05,211,27,15,0.9957469366026553,0.999563040629599,0.006554390556016809,3.739227498129678,15,15,15
0.05,211,28,15,0.9957770454474517,0.9995723489967044,0.00641476504943439,3.725949619200481,15,15,15
0.05,211,29,15,0.9958449478970192,0.9995842732142025,0.006235901786961429,3.695830808219245,15,15,15
0.05,211,30,15,0.9958450887116451,0.9996122546837628,0.005816179743558636,3.695768094873957,15,15,15
0.05,211,31,15,0.9958672289392173,0.9996197745119771,0.00570338232034362,3.6858945013059135,15,15,15
0.05,211,32,15,0.9958753687939373,0.9996271450980095,0.005592823529857127,3.6822578554407994,15,15,15
0.05,211,33,15,0.996053821879313,0.9996593657318488,0.005109514022271444,3.601612812782671,15,15,15
0.05,211,34,15,0.9969093754174697,0.99974243596098,0.0038634605853018478,3.186909424565338,15,15,15
0.05,211,35,15,0.9969717726404744,0.9997678509974024,0.0034822350389631662,3.154541942035911,15,15,15
0.05,211,36,15,0.9973372944027811,0.9997999990407274,0.0030000143890899222,2.957856698060908,15,15,15
0.05,211,37,15,0.9975763767072647,0.9998188776490768,0.0027168352638488047,2.8218295371585658,15,15,15
0.05,211,38,15,0.9980933138873693,0.9998575908826948,0.0021361367595785774,2.5026512921181556,15,15,15
0.05,211,39,15,0.9989230014257222,0.9999282000950475,0.0010769985742880017,1.8806508870338363,15,15,15
0.05,211,40,15,0.999999999999998,0.9999999999999994,9.103828801926284e-15,2.561320938754782e-06,15,15,15
0.075,211,15,15,0.9850909575896655,0.9983242390257558,0.02513641461366356,7.013464583920165,15,15,14
0.075,211,16,15,0.9864942834422099,0.9984567376800658,0.023148934799017473,6.673657304973476,15,15,14
0.075,211,17,15,0.9865195839446627,0.9984705912532197,0.022941131201706155,6.6673750373716185,15,15,14
0.075,211,18,15,0.9867808436701122,0.9985029399907646,0.022455900138530827,6.602159437590682,15,15,14
0.075,211,19,15,0.9884035660607873,0.9986353134870594,0.02047029769410913,6.181983356392075,15,15,14
0.075,211,20,15,0.9892706780539965,0.9987200251506416,0.019199622740374234,5.945501028774548,15,15,14
0.075,211,21,15,0.9899707875825278,0.9987811522620317,0.01828271606952292,5.747575306964673,15,15,14
0.075,211,22,15,0.9899709965593476,0.9987975330330301,0.018037004504549148,5.747515224410401,15,15,14
0.075,211,23,15,0.9900423056456157,0.9988230640430823,0.017654039353765527,5.72697696601292,15,15,15
0.075,211,24,15,0.990327579705803,0.9989518436672271,0.015722344991592085,5.644075591334672,15,15,15
0.075,211,25,15,0.9903353286563195,0.9989690256507526,0.01546461523870879,5.641806956132864,15,15,15
0.075,211,26,15,0.9903729843007751,0.9990058847186496,0.014911729220256742,5.630769790589307,15,15,15
0.075,211,27,15,0.9903786750320209,0.9990122921315294,0.014815618027060107,5.62909993447731,15,15,15
0.075,211,28,15,0.9904401168278522,0.9990330010896231,0.014504983655655224,5.611039560709691,15,15,15
0.075,211,29,15,0.9905915898312468,0.9990597248136475,0.014104127795290577,5.566268079027881,15,15,15
0.075,211,30,15,0.9905915901752033,0.9991238356082889,0.013142465875667253,5.566267976959632,15,15,15
0.075,211,31,15,0.9906413693684722,0.9991407922348557,0.012888116477164924,5.551476716016879,15,15,15
0.075,211,32,15,0.9906606305413794,0.9991567514816803,0.012648727774794644,5.54574304854866,15,15,15
0.075,211,33,15,0.9910799854418402,0.9992313159456327,0.011530260815506788,5.419424724536179,15,15,15
0.075,211,34,15,0.992962276020269,0.9994151638360425,0.00877254245936454,4.812264329547706,15,15,15
0.075,211,35,15,0.9930982723929966,0.9994721598261971,0.007917602607041885,4.765433050989043,15,15,15
0.075,211,36,15,0.9939250861362133,0.9995446309699891,0.006830535450163322,4.4702662884823985,15,15,15
0.075,211,37,15,0.9944726091194964,0.9995878533281329,0.006182200078007516,4.263670360577438,15,15,15
0.075,211,38,15,0.9956451159691967,0.9996754716956081,0.00486792456587537,3.783786742095648,15,15,15
0.075,211,39,15,0.997545154257678,0.9998363436171781,0.002454845742328904,2.839962358033332,15,15,15
0.075,211,40,15,0.9999999999999982,0.9999999999999996,7.771561172376096e-15,2.4148365394514667e-06,15,15,15
0.1,211,15,15,0.9733297702185458,0.9970144985018679,0.04478252247198289,9.399086085430884,15,15,14
0.1,211,16,15,0.9758063985459438,0.997248773387524,0.04126839918713843,8.948285458924975,15,15,14
0.1,211,17,15,0.9758615794014613,0.9972732569466705,0.04090114579994486,8.937991304456078,15,15,14
0.1,211,18,15,0.9763437494772086,0.9973315707713584,0.040026438429623945,8.84754812130981,15,15,14
0.1,211,19,15,0.9792352306466499,0.9975673794941968,0.03648930758704505,8.285157497001235,15,15,14
0.1,211,20,15,0.9808162761038658,0.9977194084451033,0.03420887332345002,7.961364831647676,15,15,14
0.1,211,21,15,0.9820721386917707,0.9978292451047874,0.03256132342818907,7.694725858031183,15,15,14
0.1,211,22,15,0.982072548335558,0.9978589807014286,0.03211528947857023,7.694637414615221,15,15,14
0.1,211,23,15,0.9822127928202538,0.9979051764163718,0.0314223537544257,7.6642996407472666,15,15,14
0.1,211,24,15,0.9827494999898677,0.998130519866868,0.028042201996981597,7.54709962472244,15,15,14
0.1,211,25,15,0.9827604155289117,0.9981608618143774,0.02758707278434014,7.544697569007049,15,15,14
0.1,211,26,15,0.9828195188003315,0.9982258969181196,0.02661154622820472,7.531678404685029,15,15,14
0.1,211,27,15,0.9828305660446527,0.9982375210223212,0.026437184665180746,7.529242497940537,15,15,14
0.1,211,28,15,0.9829289001169229,0.9982739389054159,0.025890916418763843,7.507525907122034,15,15,14
0.1,211,29,15,0.9831950768977659,0.9983212432407295,0.025181351389059747,7.448431761809033,15,15,14
0.1,211,30,15,0.9831957304044997,0.9984374410136057,0.023438384795913314,7.448286112395096,15,15,14
0.1,211,31,15,0.9832840099230858,0.9984676673025207,0.022984990462191823,7.428585281847098,15,15,14
0.1,211,32,15,0.9833199206541497,0.9984950048003755,0.022574927994366778,7.4205566635288465,15,15,14
0.1,211,33,15,0.9840969225125826,0.9986312679328546,0.020530981007179983,7.244711485689031,15,15,14
0.1,211,34,15,0.987362893263703,0.9989523331910668,0.01571500213399757,6.454542008312128,15,15,14
0.1,211,35,15,0.9875967650655996,0.9990533161856795,0.014200257214810663,6.394285224043299,15,15,14
0.1,211,36,15,0.9890713687110124,0.9991821916526435,0.012267125210347118,6.0006700727312525,15,15,14
0.1,211,37,15,0.9900599997870354,0.9992602444935954,0.01109633259606757,5.721869482489018,15,15,15
0.1,211,38,15,0.9921567848438426,0.99941662765499,0.008750585175149261,5.080881281208901,15,15,15
0.1,211,39,15,0.995586340418287,0.999705756027885,0.004413659581722351,3.809272477362842,15,15,15
0.1,211,40,15,0.9999999999999982,0.9999999999999994,7.993605777301127e-15,2.4148365394514667e-06,15,15,15
0.125,211,15,15,0.9581444512897899,0.995329136475157,0.07006295287264586,11.805281744006423,15,15,14
0.125,211,16,15,0.9619790243040198,0.9956926793756857,0.06460980936471372,11.244120785841252,15,15,14
0.125,211,17,15,0.9620826930080743,0.9957308929993907,0.06403660500914232,11.228581519320143,15,15,14
0.125,211,18,15,0.9628628513098969,0.9958232079363687,0.06265188095446894,11.11097981247878,15,15,14
0.125,211,19,15,0.9673790928104584,0.9961916637254082,0.057125044118877644,10.405443387644983,15,15,14
0.125,211,20,15,0.9699045951474037,0.9964310914582188,0.05353362812671658,9.990231465609712,15,15,14
0.125,211,21,15,0.9718784444082256,0.9966041984090428,0.05093702386435983,9.653818487589476,15,15,14
0.125,211,22,15,0.9718791311734164,0.996651680661957,0.050224790070645065,9.653699479128,15,15,14
0.125,211,23,15,0.9721203361612848,0.9967251754248871,0.04912236862669461,9.611813781273632,15,15,14
0.125,211,24,15,0.9730056925738303,0.9970719607670008,0.043920588494987145,9.456540196437421,15,15,14
0.125,211,25,15,0.9730186896308246,0.997119125972254,0.04321311041618847,9.454242489109678,15,15,14
0.125,211,26,15,0.9730992043027054,0.9972200022390427,0.041699966414360246,9.439996555216391,15,15,14
0.125,211,27,15,0.9731178753970325,0.997238535876536,0.04142196185196145,9.436690009115196,15,15,14
0.125,211,28,15,0.9732551053262203,0.9972948522404342,0.04057721639348677,9.412353013824367,15,15,14
0.125,211,29,15,0.9736649267756744,0.9973684205757577,0.0394736913636331,9.339309591256734,15,15,14
0.125,211,30,15,0.973668910944283,0.9975537197369649,0.036694203945525805,9.338596780408908,15,15,14
0.125,211,31,15,0.9738062646446641,0.9976010963205864,0.03598355519120677,9.313990549712475,15,15,14
0.125,211,32,15,0.9738649494010749,0.9976423049672081,0.03536542549187871,9.303458331379973,15,15,14
0.125,211,33,15,0.9751273493644605,0.9978610066256782,0.03208490061482694,9.074039337707795,15,15,14
0.125,211,34,15,0.9800985341425947,0.998353159443909,0.024702608341365062,8.109915143092605,15,15,14
0.125,211,35,15,0.9804514941234107,0.9985103980335216,0.022344029497176843,8.037197452787685,15,15,14
0.125,211,36,15,0.9827578184274222,0.998711483139059,0.01932775291411437,7.545269150640282,15,15,14
0.125,211,37,15,0.9843231579035046,0.9988351314670108,0.01747302799484074,7.192721280608455,15,15,14
0.125,211,38,15,0.9876113387491459,0.9990799515248948,0.013800727126577206,6.390511842817469,15,15,14
0.125,211,39,15,0.9930378330126101,0.9995358555341733,0.006962166987399709,4.786301805758874,15,15,15
0.125,211,40,15,0.999999999999998,0.9999999999999998,6.8833827526759706e-15,2.561320938754782e-06,15,15,15
0.15,211,15,15,0.9395805172304614,0.9932715698445302,0.10092645233204423,14.2293377303161,15,14,12
0.15,211,16,15,0.9450419342062644,0.9937907139203076,0.093139291195386,13.558106180193207,15,14,12
0.15,211,17,15,0.9452183417850403,0.9938459297996457,0.0923110530053155,13.535914137904221,15,14,13
0.15,211,18,15,0.9463786341558528,0.9939804834257805,0.0902927486132914,13.389102302825098,15,14,13
0.15,211,19,15,0.9528612803041742,0.994509942915244,0.08235085627134131,12.539611841173853,15,15,13
0.15,211,20,15,0.9565666281368811,0.9948568459381034,0.07714731092844951,12.028999827106789,15,15,13
0.15,211,21,15,0.959416385926403,0.9951077412456216,0.07338388131567553,11.621983357628844,15,15,13
0.15,211,22,15,0.959417424606778,0.9951776768543606,0.07233484718459171,11.621832558685426,15,15,13
0.15,211,23,15,0.9597978385997592,0.9952854628377266,0.07071805743410187,11.566477949816832,15,15,13
0.15,211,24,15,0.9611404422533242,0.995777582353944,0.06333626469083853,11.369078527031697,15,15,13
0.15,211,25,15,0.9611539995949442,0.9958452631698507,0.06232105245224129,11.367068688461531,15,15,13
0.15,211,26,15,0.9612536586145236,0.9959895000700664,0.060157498949006794,11.352284170935322,15,15,14
0.15,211,27,15,0.96128247286147,0.9960167297308133,0.059749054037800065,11.348006148404876,15,15,14
0.15,211,28,15,0.9614574840269773,0.9960970383154678,0.058544425267983424,11.321989526100161,15,15,14
0.15,211,29,15,0.9620371302494695,0.9962024458237678,0.056963312643480535,11.235413591378949,15,15,14
0.15,211,30,15,0.9620499405309462,0.9964750324873527,0.052874512689710884,11.233493105709151,15,15,14
0.15,211,31,15,0.9622465292530041,0.9965434940557361,0.051847589163958596,11.203981860723552,15,15,14
0.15,211,32,15,0.9623346755550556,0.996600812753104,0.05098780870344122,11.19072566563736,15,15,14
0.15,211,33,15,0.9642201051444161,0.9969240214290535,0.04613967856420076,10.903518394363367,15,15,14
0.15,211,34,15,0.9711802668995516,0.9976183805811327,0.03572429128300869,9.77408366285294,15,15,14
0.15,211,35,15,0.9716704186251063,0.9978440048977072,0.03233992653439244,9.689802239428216,15,15,14
0.15,211,36,15,0.9749870544524253,0.9981326444834461,0.028010332748306555,9.099811291699895,15,15,14
0.15,211,37,15,0.9772655247969245,0.998312796080556,0.025308058791657317,8.672105794045104,15,15,14
0.15,211,38,15,0.9820065887211457,0.9986652662501575,0.020021006247636364,7.708865551984065,15,15,14
0.15,211,39,15,0.9898976955538155,0.9993265130369208,0.01010230444618987,5.768551995927569,15,15,14
0.15,211,40,15,0.9999999999999971,0.9999999999999993,1.0436096431476471e-14,3.078324659199975e-06,15,15,15
0.175,211,15,15,0.9177309631197669,0.9908479367552057,0.13728094867191598,16.66801610602105,15,14,12
0.175,211,16,15,0.9250692331686033,0.9915476161556565,0.12678575766515365,15.886633531050926,15,14,12
0.175,211,17,15,0.9253486850757165,0.9916233382163501,0.12564992675474818,15.856199800475293,15,14,12
0.175,211,18,15,0.9269753248711987,0.9918085066551441,0.12287240017283929,15.678000136636209,15,14,12
0.175,211,19,15,0.9357448261685565,0.9925260526851495,0.1121092097227584,14.68389457563184,15,14,12
0.175,211,20,15,0.940865432240945,0.9930002285875068,0.1049965711874008,14.074066680001447,15,14,12
0.175,211,21,15,0.9447410273921383,0.9933431798723638,0.09985230191454364,13.595882940641976,15,14,12
0.175,211,22,15,0.9447424885094996,0.9934406258419789,0.09839061237031543,13.595699741831325,15,14,12
0.175,211,23,15,0.9453067710141141,0.9935900540422444,0.09614918936633121,13.524777091559567,15,14,13
0.175,211,24,15,0.9472261453897359,0.9942504903221804,0.08624264516729374,13.280917640823077,15,14,13
0.175,211,25,15,0.9472386187263154,0.9943424525442762,0.08486321183585743,13.279319322545053,15,14,13
0.175,211,26,15,0.9473533435286406,0.9945374398842487,0.08193840173627165,13.264610249556178,15,14,13
0.175,211,27,15,0.9473949940034432,0.9945752449235256,0.0813713261471194,13.259266423075632,15,14,13
0.175,211,28,15,0.947604063181926,0.9946835697606783,0.07974645358982424,13.232412251793535,15,14,13
0.175,211,29,15,0.9483764183823773,0.9948262750129437,0.0776058748058448,13.132764329113343,15,14,13
0.175,211,30,15,0.9484072332524048,0.995205606154687,0.07191590767969724,13.128774081621374,15,14,14
0.175,211,31,15,0.9486726749967206,0.9952991451064814,0.07051282340277454,13.094354997517511,15,14,14
0.175,211,32,15,0.9487974869544638,0.9953745956808657,0.06938106478701345,13.078141888898239,15,14,14
0.175,211,33,15,0.9514518206759525,0.9958256097194206,0.06261585420869054,12.72879883226053,15,15,14
0.175,211,34,15,0.9606451310165705,0.9967504002760639,0.04874399585904132,11.442277845412962,15,15,14
0.175,211,35,15,0.9612874348388039,0.9970564037620754,0.044153943568867926,11.347269294397032,15,15,14
0.175,211,36,15,0.965784723064747,0.9974472890569025,0.03829066414646176,10.659600196276902,15,15,14
0.175,211,37,15,0.9689111433186286,0.997694837725281,0.03457743412078329,10.155501966457226,15,15,14
0.175,211,38,15,0.9753566917533117,0.9981734271423497,0.027398592864756766,9.031756481867818,15,15,14
0.175,211,39,15,0.9861714016053292,0.9990780934403548,0.01382859839467876,6.753326955509942,15,15,14
0.175,211,40,15,0.9999999999999993,1.0,2.4424906541753444e-15,1.4787793334710982e-06,15,15,15
0.2,211,15,15,0.8927390229693649,0.9880673196506711,0.17899020523993592,19.117543347300717,14,14,11
0.2,211,16,15,0.9021822981220198,0.9889708416189923,0.16543737571511474,18.22553228347438,15,14,11
0.2,211,17,15,0.902601374560102,0.9890708494666369,0.16393725800044545,18.185079774231447,15,14,11
0.2,211,18,15,0.904783425590309,0.9893150708928357,0.1602739366074657,17.973183414345524,15,14,11
0.2,211,19,15,0.9161321895726633,0.9902460939327759,0.14630859100836113,16.83397399688971,15,14,11
0.2,211,20,15,0.922898183991848,0.9908667577068103,0.13699863439784477,16.121319616222916,15,14,11
0.2,211,21,15,0.9279377177919256,0.9913155675178902,0.13026648723164858,15.571707943786864,15,14,11
0.2,211,22,15,0.927939668265705,0.9914459687405383,0.12831046889192765,15.571491860068928,15,14,12
0.2,211,23,15,0.9287389154202027,0.9916447370824564,0.12532894376315507,15.48271875044538,15,14,12
0.2,211,24,15,0.9313647089030702,0.9924956029415963,0.11256595587605545,15.187781468140946,15,14,13
0.2,211,25,15,0.9313746598183595,0.9926157311467818,0.1107640327982733,15.18665391603827,15,14,13
0.2,211,26,15,0.9314990431225851,0.9928687450704213,0.10696882394367913,15.17255347540422,15,14,13
0.2,211,27,15,0.93155629766419,0.9929190952251624,0.10621357162256329,15.166058953949022,15,14,13
0.2,211,28,15,0.9317936554433581,0.9930594192124599,0.10410871181310155,15.139107999314918,15,14,13
0.2,211,29,15,0.9327778241938857,0.9932447588119525,0.10132861782071256,15.026893142013648,15,14,13
0.2,211,30,15,0.9328402489563068,0.9937516398605281,0.09372540209208002,15.019749860930569,15,14,13
0.2,211,31,15,0.9331834867252629,0.9938743072072626,0.0918853918910637,14.980417906255846,15,14,14
0.2,211,32,15,0.933352624467744,0.9939697260090423,0.0904541098643632,14.961001754407567,15,14,14
0.2,211,33,15,0.9369278138667656,0.9945729297907476,0.08140605313878535,14.545086236945851,15,14,14
0.2,211,34,15,0.9485576514653833,0.9957533855957531,0.06369921606370299,13.109280084725187,15,14,14
0.2,211,35,15,0.9493639054832493,0.996151629666939,0.05772555499591547,13.004327859412502,15,14,14
0.2,211,36,15,0.9552009630069773,0.9966586013950257,0.050120979074615546,12.21952302897364,15,15,14
0.2,211,37,15,0.9593058645419509,0.9969842524782092,0.045236212826860966,11.638018660073218,15,15,14
0.2,211,38,15,0.9676932666246876,0.9976063955659239,0.035904066511139976,10.354658973610618,15,15,14
0.2,211,39,15,0.9818722435090702,0.9987914829006039,0.018127756490940228,7.737766183447832,15,15,14
0.2,211,40,15,0.9999999999999978,0.9999999999999998,7.105427357601002e-15,2.699869328381916e-06,15,15,15
0.25,211,15,15,0.8341573246865935,0.9814868251604385,0.27769762259342246,24.031439238086936,14,14,11
0.25,211,16,15,0.8483945980679359,0.9828604322347789,0.25709351647831347,22.915017479820623,14,14,11
0.25,211,17,15,0.8492275211770355,0.983021566573112,0.25467650140331954,22.848408558912915,14,14,11
0.25,211,18,15,0.8527917853567805,0.9834090049669868,0.2488649254951978,22.561645428195433,14,14,11
0.25,211,19,15,0.8700317629317268,0.9848344140774437,0.22748378883834486,21.131586360025818,14,14,11
0.25,211,20,15,0.8807296892902455,0.9858017481470089,0.21297377779486548,20.2034885308803,14,14,11
0.25,211,21,15,0.8884449017286787,0.9865007694184847,0.20248845872272825,19.511657882123817,14,14,11
0.25,211,22,15,0.8884480441445548,0.9867151654622717,0.1992725180659245,19.51137192625771,14,14,11
0.25,211,23,15,0.8898953433252906,0.9870369515721167,0.19444572641825253,19.379292568436277,14,14,11
0.25,211,24,15,0.8943573224751025,0.9883315070458936,0.17502739431159453,18.96722260061156,14,14,12
0.25,211,25,15,0.8943603334389071,0.9885203185842197,0.17219522123670317,18.966941976058244,14,14,12
0.25,211,26,15,0.8944851588125762,0.9889108319423874,0.16633752086418951,18.95530503242002,14,14,12
0.25,211,27,15,0.8945816274887646,0.9889925206731751,0.1651121899023752,18.94630750454971,14,14,12
0.25,211,28,15,0.8948530350806971,0.9892087788291106,0.16186831756334152,18.920974112426688,14,14,12
0.25,211,29,15,0.8963010460601206,0.9894949064502979,0.15757640324553301,18.785324842821108,14,14,12
0.25,211,30,15,0.8964878651123757,0.9903249156348909,0.14512626547663454,18.76776289173527,14,14,12
0.25,211,31,15,0.8970101717268826,0.9905182147738066,0.1422267783929042,18.718588846289865,14,14,12
0.25,211,32,15,0.8972923796479206,0.9906584666421027,0.1401230003684606,18.691973652191628,14,14,12
0.25,211,33,15,0.9031755786738487,0.9916425554005728,0.12536166899140788,18.129526847553574,15,14,12
0.25,211,34,15,0.920123652802384,0.9933978916812933,0.09903162478060312,16.416878149299407,15,14,13
0.25,211,35,15,0.9212805746287533,0.994015714507966,0.08976428238051215,16.294216437833516,15,14,14
0.25,211,36,15,0.9302150510358648,0.9947920167959285,0.07811974806107169,15.317545462295266,15,14,14
0.25,211,37,15,0.9366369871472137,0.9953042946628123,0.07043558005781647,14.579322697118787,15,14,14
0.25,211,38,15,0.9495421116653993,0.9962602983952394,0.05609552407140794,12.981023821786101,15,14,14
0.25,211,39,15,0.9716480724888171,0.9981098714992545,0.028351927511183317,9.693659974425108,15,15,14
0.25,211,40,15,0.9999999999999996,1.0,6.661338147750939e-16,1.2074182697257333e-06,15,15,15
0.3,211,15,15,0.765980924877126,0.9736633193979781,0.39505020903032606,28.930947404235514,14,13,9
0.3,211,16,15,0.7856035278691611,0.9755760835053758,0.3663587474193618,27.58277980932963,14,13,10
0.3,211,17,15,0.7870673012620207,0.975817074970312,0.3627438754453193,27.480474808325482,14,13,10
0.3,211,18,15,0.7923664780150451,0.976379863260654,0.3543020510901912,27.107936589889256,14,13,10
0.3,211,19,15,0.8161789725802678,0.9783717031030575,0.3244244534541355,25.387848751539476,14,13,10
0.3,211,20,15,0.8315259198632169,0.979747502212707,0.30378746680939583,24.233479567235083,14,13,10
0.3,211,21,15,0.8422340375984658,0.9807413331013158,0.28888000348026055,23.40310568709259,14,13,10
0.3,211,22,15,0.8422387953492133,0.981067160861541,0.2839925870768839,23.4027317711918,14,13,10
0.3,211,23,15,0.8446089133416458,0.9815460016036411,0.2768099759453805,23.215887538505264,14,13,10
0.3,211,24,15,0.8515122904557942,0.9833616006661435,0.24957599000784814,22.66491346262913,14,14,11
0.3,211,25,15,0.8515125526915347,0.9836371367011346,0.24544294948297785,22.66489233533091,14,14,11
0.3,211,26,15,0.8516137140558205,0.9841932096874314,0.23710185468852873,22.65674101415409,14,14,11
0.3,211,27,15,0.8517582445462943,0.984315067388423,0.23527398917365516,22.645091138984437,14,14,11
0.3,211,28,15,0.8520307721280408,0.9846234592974848,0.23064811053772716,22.623111292697953,14,14,11
0.3,211,29,15,0.8539651266358553,0.9850303134633377,0.22454529804993517,22.46661820253136,14,14,11
0.3,211,30,15,0.8543939529020164,0.9862834505285544,0.20574824207168407,22.431809301817985,14,14,11
0.3,211,31,15,0.8551198413949656,0.9865641857484665,0.2015372137730036,22.372790037328368,14,14,12
0.3,211,32,15,0.8555491396415599,0.9867549808470831,0.1986752872937544,22.33782762679883,14,14,12
0.3,211,33,15,0.864345924928365,0.9882249797479756,0.17662530378036334,21.61158048448256,14,14,12
0.3,211,34,15,0.8869381879291588,0.9906200640862051,0.14069903870692368,19.648364144632538,14,14,13
0.3,211,35,15,0.8884554773041277,0.9915035764415794,0.12744635337630827,19.510695504128677,14,14,14
0.3,211,36,15,0.9009191294970392,0.9925897467961844,0.11115379805723402,18.34699827464705,15,14,14
0.3,211,37,15,0.9100568421097305,0.9933244896124442,0.10013265581333564,17.451912201089456,15,14,14
0.3,211,38,15,0.9281573174521509,0.9946649470996676,0.08002579350498484,15.547362571304578,15,14,14
0.3,211,39,15,0.9594845646300272,0.9972989709753348,0.040515435369977704,11.612081030988909,15,15,14
0.3,211,40,15,0.9999999999999987,0.9999999999999996,5.773159728050814e-15,2.091309789151873e-06,15,15,15
0.35,211,15,15,0.6910173332174812,0.964771722378986,0.5284241643152079,33.77011417451345,14,13,8
0.35,211,16,15,0.7163771714590372,0.967274468956521,0.4908829656521845,32.17875745805229,14,13,9
0.35,211,17,15,0.7187231712343909,0.9676159859943815,0.48576021008427894,32.02946954581577,14,13,9
0.35,211,18,15,0.7260757198826508,0.9683831984182703,0.47425202372594266,31.55909894998562,14,13,9
0.35,211,19,15,0.7567360124796819,0.9709890697180191,0.43516395422971366,29.55231120327433,14,13,9
0.35,211,20,15,0.7772147523983503,0.9728194418725917,0.40770837191112475,28.16428526210166,14,13,9
0.35,211,21,15,0.7910165633283525,0.9741426935661754,0.38785959650736923,27.203165320995065,14,13,10
0.35,211,22,15,0.7910238329397113,0.974611939767205,0.3808209034919269,27.202653099396315,14,13,10
0.35,211,23,15,0.7946277614438314,0.9752828187899655,0.37075771815051894,26.94790218541664,14,13,10
0.35,211,24,15,0.8045984799698271,0.9776876123363998,0.3346858149540034,26.23426971800568,14,13,11
0.35,211,25,15,0.8046105604356714,0.9780702818380843,0.3289457724287368,26.233396891697158,14,13,11
0.35,211,26,15,0.8046723787617378,0.9788193585029094,0.3177096224563605,26.228930133085566,14,13,11
0.35,211,27,15,0.8048697733781865,0.978990693880395,0.3151395917940766,26.21466355908908,14,13,11
0.35,211,28,15,0.8051140887903377,0.9794081659930698,0.3088775101039546,26.196998240840244,14,13,11
0.35,211,29,15,0.807518811961806,0.9799549861375864,0.3006752079362043,26.02267291940011,14,13,11
0.35,211,30,15,0.8083478163873675,0.9817413930031813,0.2738791049522806,25.962384217435257,14,14,11
0.35,211,31,15,0.8092923021690765,0.9821265746127033,0.268101380809451,25.89357585207826,14,14,11
0.35,211,32,15,0.8099030002717487,0.9823728514882977,0.26440722767553326,25.849015505253075,14,14,11
0.35,211,33,15,0.8221472347642687,0.9844330786153476,0.2335038207697887,24.943601095265326,14,14,12
0.35,211,34,15,0.8504165533496353,0.9875107048240346,0.18733942763948164,22.75305872937176,14,14,13
0.35,211,35,15,0.8522803013628657,0.9887054284701905,0.16941857294714435,22.602971632467966,14,14,13
0.35,211,36,15,0.8685261723874625,0.9901293460875428,0.14805980868685809,21.25953888349967,14,14,13
0.35,211,37,15,0.8806447946526744,0.9911143169605519,0.13328524559172428,20.21099124859593,14,14,13
0.35,211,38,15,0.9043781740664163,0.9928731731649996,0.10690240252500827,18.012699685338088,15,14,13
0.35,211,39,15,0.9457391172218093,0.9963826078147873,0.05426088277819119,13.470203534066396,15,14,14
0.35,211,40,15,0.9999999999999993,1.0,1.7763568394002505e-15,1.4787793334710982e-06,15,15,15
0.4,211,15,15,0.6124719462773097,0.9550140317887431,0.6747895231688532,38.50021056678782,13,12,8
0.4,211,16,15,0.6436845914961015,0.95813929299334,0.6279106050999005,36.64974089031205,13,12,9
0.4,211,17,15,0.6471811228739376,0.9586030169153011,0.6209547462704834,36.44035060801463,13,12,9
0.4,211,18,15,0.6568474146484318,0.9595992198236277,0.6060117026455845,35.858980098439844,13,12,9
0.4,211,19,15,0.6942080070670615,0.9628414948050297,0.5573775779245562,33.57201248924877,13,13,9
0.4,211,20,15,0.7200106025309808,0.9651538004335087,0.5226929934973696,31.94738294436073,13,13,9
0.4,211,21,15,0.7367616123518214,0.9668301954009085,0.497547068986369,30.868379592685013,13,13,9
0.4,211,22,15,0.7367734356850683,0.9674799611070921,0.48780058339361865,30.867610466502562,13,13,10
0.4,211,23,15,0.7419475325539059,0.9683774720510065,0.47433791923490165,30.52994729104171,13,13,10
0.4,211,24,15,0.755598231527431,0.9714281090910463,0.42857836363430724,29.62822077318368,14,13,10
0.4,211,25,15,0.7556472815935594,0.9719410872017228,0.42088369197415876,29.624950761237738,14,13,11
0.4,211,26,15,0.7556690872437685,0.9729098139186193,0.40635279122071033,29.62349697656938,14,13,11
0.4,211,27,15,0.7559183552169616,0.9731402461473417,0.4028963077898763,29.60687513727918,14,13,11
0.4,211,28,15,0.7561144544762949,0.9736848960052611,0.3947265599210823,29.5937946875831,14,13,11
0.4,211,29,15,0.758937189763004,0.9743905820913364,0.384141268629953,29.405111608031138,14,13,11
0.4,211,30,15,0.7603552870017167,0.9768280754731915,0.3475788679021292,29.310036262881557,14,14,11
0.4,211,31,15,0.7615229967230467,0.9773346463095975,0.3399803053560354,29.231603299991946,14,14,11
0.4,211,32,15,0.7623480266934693,0.9776407475974574,0.33538878603813604,29.17610801440683,14,14,11
0.4,211,33,15,0.7784428829233758,0.9803893622483728,0.29415956627440576,28.07964993940309,14,14,12
0.4,211,34,15,0.8121818171435695,0.9841736518173095,0.23739522274035996,25.68225243453135,14,14,13
0.4,211,35,15,0.8143566906461457,0.9857248325043432,0.21412751243485217,25.522369098279896,14,14,13
0.4,211,36,15,0.8344427899237267,0.9875006576286125,0.1874901355708133,24.009444257320673,14,14,13
0.4,211,37,15,0.8496445567674633,0.9887535234419728,0.1686971483704096,22.81500136526696,14,14,13
0.4,211,38,15,0.8791887399487266,0.9909468317201799,0.1357975241972985,20.33931593077877,14,14,13
0.4,211,39,15,0.9308241169784037,0.9953882744652263,0.06917588302160405,15.248923365336388,15,14,14
0.4,211,40,15,0.999999999999998,0.9999999999999994,7.993605777301127e-15,2.561320938754782e-06,15,15,15
0.5,211,15,15,0.4573458593236209,0.9337264766365487,0.9941028504517694,47.44687624025586,13,11,7
0.5,211,16,15,0.49980802408403574,0.9381305335740286,0.9280419963895715,45.01099941002317,13,11,7
0.5,211,17,15,0.5063786286177829,0.938901943808925,0.9164708428661279,44.63452158720602,13,11,7
0.5,211,18,15,0.5211468700140391,0.9404076127295727,0.8938858090564084,43.78801208898368,13,11,8
0.5,211,19,15,0.5699786511299111,0.9449030263181852,0.8264546052272221,40.97731223923611,13,11,8
0.5,211,20,15,0.6057622160239317,0.9481839849750217,0.7772402253746726,38.89414858628531,13,11,8
0.5,211,21,15,0.6269855748064911,0.9505993566334967,0.7410096504975485,37.64368525335197,13,11,8
0.5,211,22,15,0.6270261241100424,0.9517435211154761,0.7238471832678605,37.64128316360452,13,11,8
0.5,211,23,15,0.6364156722352272,0.953189514761929,0.7021572785710647,37.08359097528725,13,11,8
0.5,211,24,15,0.6590735105035563,0.9576437415899345,0.6353438761509841,35.72454923907713,13,12,8
0.5,211,25,15,0.6592990296212445,0.9584989339089157,0.6225159913662657,35.71091868882301,13,12,9
0.5,211,26,15,0.659317641623934,0.9599811658423754,0.6002825123643716,35.709793667623636,13,12,10
0.5,211,27,15,0.6596406863622524,0.9603588566875564,0.5946171496866536,35.69026453589189,13,12,10
0.5,211,28,15,0.6597268397712742,0.961218406470789,0.5817239029381635,35.68505551772867,13,12,10
0.5,211,29,15,0.6631116362868589,0.9622991666934719,0.5655124995979199,35.480148467897116,13,13,10
0.5,211,30,15,0.6663221203923136,0.9664020300488635,0.5039695492670471,35.285325522647156,14,13,11
0.5,211,31,15,0.6679095462340229,0.9671998835402746,0.49200174689588194,35.1888228876513,14,13,11
0.5,211,32,15,0.669250116545941,0.9676369364543429,0.4854459531848556,35.107236757349455,14,13,11
0.5,211,33,15,0.6935137896589508,0.9720058130045841,0.41991280493123995,33.61516366073553,14,13,11
0.5,211,34,15,0.7369588817305202,0.9772235914292983,0.34164612856052834,30.8555454599883,14,13,12
0.5,211,35,15,0.7395797334972969,0.9796236935249408,0.30564459712589,30.684740069945768,14,14,12
0.5,211,36,15,0.7667827113913133,0.9820938172788475,0.268592740817288,28.876662933241246,14,14,13
0.5,211,37,15,0.7877739583074537,0.9838920812395829,0.24161878140625792,27.430993917308125,14,14,13
0.5,211,38,15,0.8285223889193098,0.9869371931510866,0.19594210273370227,24.46256085386607,14,14,13
0.5,211,39,15,0.8990938941953137,0.9932729262796868,0.1009061058046965,18.521302154595595,14,14,14
0.5,211,40,15,0.9999999999999973,0.9999999999999993,7.993605777301127e-15,2.9575586669421963e-06,15,15,15
0.6,211,15,15,0.3214390458924172,0.9112584136390135,1.3311237954147965,55.461773699881725,11,11,7
0.6,211,16,15,0.3736713282251148,0.9169145861835781,1.2462812072463274,52.317407990946364,11,11,7
0.6,211,17,15,0.3841355951312083,0.9180652860715496,1.2290207089267562,51.69943769724685,11,11,7
0.6,211,18,15,0.4041162137258169,0.9201128825518616,1.198306761722076,50.527977856312745,11,11,8
0.6,211,19,15,0.4602262323686649,0.925746343979521,1.1138048403071843,47.281279265312776,12,11,8
0.6,211,20,15,0.5032834347533967,0.9298967582322943,1.0515486265155856,44.81187169417348,12,11,8
0.6,211,21,15,0.5256253738368536,0.9330571187052153,1.0041432194217697,43.531130719913044,12,11,8
0.6,211,22,15,0.5257997255785792,0.9349081372427065,0.976377941359401,43.521127865675865,13,11,8
0.6,211,23,15,0.5409875398937439,0.937003722032261,0.9449441695160831,42.64894877707654,13,11,8
0.6,211,24,15,0.5744272689135558,0.9428972872224316,0.8565406916635263,40.71972440409361,13,12,8
0.6,211,25,15,0.574956919366102,0.9442240336268239,0.8366394955976412,40.6890332890302,13,12,9
0.6,211,26,15,0.5752217497063181,0.9463009905075145,0.8054851423872835,40.67368556759836,13,12,9
0.6,211,27,15,0.5755397662996478,0.946862282922275,0.7970657561658735,40.655253887532915,13,12,9
0.6,211,28,15,0.5755555674772035,0.9481310451030657,0.7780343234540139,40.65433803198926,13,12,10
0.6,211,29,15,0.5790155211168434,0.9496662516375214,0.7550062254371804,40.45368534578555,13,12,10
0.6,211,30,15,0.5847787727541758,0.95587705055948,0.6618442416077993,40.118952588892,13,12,10
0.6,211,31,15,0.5866957654872251,0.9570211110100347,0.6446833348494765,40.00746563711869,13,12,10
0.6,211,32,15,0.5886427971872693,0.9576025104309046,0.6359623435364309,39.89415344829413,13,12,11
0.6,211,33,15,0.6203334202382769,0.9637902545709471,0.5431461814357941,38.037049421147465,14,12,11
0.6,211,34,15,0.6715192464064857,0.9704251130162288,0.4436233047565674,34.9689480105058,14,13,11
0.6,211,35,15,0.6742703266244506,0.9738562554841952,0.3921561677370706,34.800959549365714,14,14,12
0.6,211,36,15,0.706933534579217,0.976942757639609,0.34585863540586603,32.77600466284636,14,14,13
0.6,211,37,15,0.7322771548940249,0.9792372795297021,0.3114408070544664,31.159309220450222,14,14,13
0.6,211,38,15,0.7825932927579607,0.9830375151594724,0.25443727260791327,27.792375428525176,14,14,13
0.6,211,39,15,0.8668602372823749,0.9911240158188247,0.13313976271763128,21.40039591338249,14,14,14
0.6,211,40,15,0.999999999999998,0.9999999999999994,1.0436096431476471e-14,2.561320938754782e-06,15,15,15
0.75,211,15,15,0.173162267237959,0.8774426459451683,1.8383603108224742,65.40964643880969,11,9,6
0.75,211,16,15,0.23654083898141287,0.8848799834638789,1.7268002480418163,60.89873687481727,11,10,7
0.75,211,17,15,0.2536801909042878,0.886687423701617,1.6996886444757418,59.7571120842865,11,10,7
0.75,211,18,15,0.28073987488889907,0.8895466841167629,1.6567997382485573,58.00475267006042,11,10,7
0.75,211,19,15,0.33863808390013306,0.8966360213388636,1.5504596799170458,54.41386547245053,11,10,8
0.75,211,20,15,0.3839280629754511,0.9017616400695078,1.4735753989573817,51.71166175215256,11,10,8
0.75,211,21,15,0.3988792787981194,0.906052314401764,1.409215283973539,50.83403158773926,11,11,8
0.75,211,22,15,0.4004076898214609,0.9094101206886227,1.3588481896706592,50.744640954495495,11,11,8
0.75,211,23,15,0.42828119896274636,0.9125785942386689,1.3113210864199654,49.12340731981357,11,11,8
0.75,211,24,15,0.4804952762713799,0.9203999671053184,1.1940004934202242,46.11782197772552,12,11,8
0.75,211,25,15,0.48149694246400154,0.9227272630393034,1.1590910544104491,46.0603892243303,12,11,8
0.75,211,26,15,0.48318097720335307,0.9257721514487878,1.113417728268185,45.96384084731929,12,11,9
0.75,211,27,15,0.4833143258955675,0.9266567489159664,1.1001487662605083,45.956196238039915,12,11,9
0.75,211,28,15,0.4833175106772025,0.9287651342123725,1.0685229868144144,45.956013661821935,12,11,9
0.75,211,29,15,0.4858459213785211,0.9311246550972012,1.0331301735419833,45.8110773188864,12,11,10
0.75,211,30,15,0.4966145079328536,0.9409902939470497,0.8851455907942558,45.19397588921885,13,11,10
0.75,211,31,15,0.49878378568045967,0.9427051102166135,0.8594233467507933,45.06968401620983,13,12,10
0.75,211,32,15,0.5017583447885247,0.9435277694277463,0.8470834585838044,44.89925405703204,13,12,10
0.75,211,33,15,0.5405164954622523,0.9524157007077844,0.7137644893832353,42.67602772734016,13,12,11
0.75,211,34,15,0.6003040133519937,0.9611257304268875,0.5831140435966891,39.21374148847102,13,13,11
0.75,211,35,15,0.6025876805961022,0.9664272606500346,0.5035910902494798,39.080117642008496,14,13,12
0.75,211,36,15,0.6394653237687062,0.9702202031533914,0.4466969526991287,36.90180360725265,14,13,13
0.75,211,37,15,0.6675553944372978,0.9730779832726638,0.40383025091003977,35.21036245131051,14,13,13
0.75,211,38,15,0.7283980202702407,0.9777788057488889,0.33331791376666753,31.409722845161525,14,13,13
0.75,211,39,15,0.8201697395555407,0.9880113159703688,0.17983026044446704,25.091430869392482,14,14,14
0.75,211,40,15,0.9999999999999989,0.9999999999999993,7.327471962526033e-15,1.9090959104164224e-06,15,15,15
1.0,211,15,15,0.052790147097852964,0.8250970110232422,2.623544834651369,76.71699492811751,10,8,6
1.0,211,16,15,0.12358334943797172,0.835688231161408,2.4646765325788804,69.41820342890962,10,9,7
1.0,211,17,15,0.15404844797830589,0.8386997670001128,2.419503494998308,66.89047273970563,10,9,7
1.0,211,18,15,0.19046272861058283,0.842883293579989,2.356750596300163,64.12429206830568,11,9,7
1.0,211,19,15,0.2132119340427768,0.8521079619757114,2.2183805703643276,62.49998935305714,11,9,7
1.0,211,20,15,0.22139874570808268,0.8579961752222676,2.1300573716659885,61.93127624735015,11,9,7
1.0,211,21,15,0.2246553143978973,0.8643828713854894,2.034256929217657,61.70715978820046,11,9,7
1.0,211,22,15,0.2428398729092995,0.8711419941020488,1.9328700884692671,60.47601532353505,11,10,7
1.0,211,23,15,0.3003493369237754,0.876012356317967,1.8598146552304935,56.76725413354565,11,10,8
1.0,211,24,15,0.36911513711770255,0.8857490922527632,1.7137636162085503,52.587548678439624,11,11,8
1.0,211,25,15,0.369131743956449,0.8906195458656477,1.6407068120152852,52.58656280402221,12,11,8
1.0,211,26,15,0.3951592689512439,0.8951580841693471,1.572628737459793,51.05184288452217,12,11,8
1.0,211,27,15,0.3974819254642263,0.8965516508744968,1.5517252368825458,50.9158075942798,12,11,8
1.0,211,28,15,0.3975652895194635,0.9008667960438886,1.4869980593416714,50.91092759238664,12,11,9
1.0,211,29,15,0.39817176941945487,0.9047774480550537,1.428338279174194,50.875430431198325,12,11,9
1.0,211,30,15,0.4233398968814438,0.9200589618601601,1.1991155720975992,49.40969335105349,12,11,9
1.0,211,31,15,0.4253686273540605,0.9225739265496162,1.1613911017557557,49.292101998783885,12,11,9
1.0,211,32,15,0.43028132507607153,0.9238771541756445,1.141842687365332,49.00764471287217,12,11,10
1.0,211,33,15,0.46902569212936884,0.9359069671777946,0.9613954923330829,46.77583418450898,12,12,10
1.0,211,34,15,0.5381218426054323,0.9480148439443667,0.7797773408345002,42.813657574461836,13,13,11
1.0,211,35,15,0.5386289547737176,0.9569637120862282,0.6455443187065752,42.784516228185296,13,13,12
1.0,211,36,15,0.574431863421751,0.9614677856212973,0.5779832156805381,40.719458192141154,13,13,12
1.0,211,37,15,0.5994307405726789,0.9647841716099523,0.5282374258507165,39.26480527570635,13,13,12
1.0,211,38,15,0.6705293601834936,0.9705818374169198,0.4412724387462038,35.02930492030191,13,13,13
1.0,211,39,15,0.7508285975972897,0.9833885731731519,0.24917140240271873,29.945150074945474,14,14,14
1.0,211,40,15,0.9999999999999982,0.9999999999999999,5.10702591327572e-15,2.4148365394514667e-06,15,15,15
1.5,211,15,15,0.009350044602613518,0.7383502635925847,3.924746046111228,84.45107845106263,8,7,4
1.5,211,16,15,0.009577383241567943,0.7607801429593637,3.588297855609546,84.38381058066622,9,7,4
1.5,211,17,15,0.04625986347973755,0.7667305870749421,3.49904119387587,77.57971689002086,9,7,4
1.5,211,18,15,0.058175472567258905,0.7740371393153126,3.389442910270311,76.04286463748227,9,7,4
1.5,211,19,15,0.05890267993685633,0.7893358250596666,3.1599626241050016,75.9541227131601,9,8,5
1.5,211,20,15,0.059371091002943556,0.7956196670830266,3.065704993754604,75.89723373185092,9,8,6
1.5,211,21,15,0.1089492409157175,0.8066922487117166,2.899616269324248,70.72669659096378,10,8,6
1.5,211,22,15,0.15091632261444002,0.8184026870813519,2.723959693779721,67.14007745941024,10,8,6
1.5,211,23,15,0.20570578646053303,0.82550868781973,2.6173696827040467,63.02845128213369,11,8,6
1.5,211,24,15,0.2117369788618268,0.8356020580424696,2.4659691293629593,62.60328603141748,11,9,6
1.5,211,25,15,0.21392203980807578,0.8464295054443984,2.3035574183340226,62.45035094086846,11,10,6
1.5,211,26,15,0.26006451816503434,0.8530842930188763,2.2037356047168535,59.33848739414353,11,10,6
1.5,211,27,15,0.2736092788485848,0.8547871399222318,2.1781929011665255,58.461139466390726,11,10,6
1.5,211,28,15,0.2736256512674121,0.8652757716235626,2.02086342564656,58.46008738127032,11,10,7
1.5,211,29,15,0.31458953277003865,0.8715899904131134,1.926150143803301,55.88312767147859,11,11,8
1.5,211,30,15,0.3638361782380067,0.8903188640785313,1.645217038822032,52.90141113417578,11,11,8
1.5,211,31,15,0.365058263543941,0.8930709483347689,1.6039357749784675,52.8286664653639,11,11,8
1.5,211,32,15,0.37325084610302794,0.8956794025183829,1.564808962224257,52.34231052171823,11,11,9
1.5,211,33,15,0.3976021568402773,0.9086544072426956,1.370183891359566,50.908769492370524,12,11,9
1.5,211,34,15,0.4785192393961219,0.9288346387835834,1.0674804182462487,46.23113583789309,13,12,9
1.5,211,35,15,0.4801513139084831,0.9434702019440399,0.8479469708394015,46.13754484805403,13,12,10
1.5,211,36,15,0.5074367445560012,0.9491184471110823,0.7632232933337644,44.573890211923334,13,13,11
1.5,211,37,15,0.5224354479536447,0.9525393585541013,0.7119096216884805,43.714111773713654,13,13,12
1.5,211,38,15,0.5915018959071253,0.9597776628039215,0.6033350579411769,39.72761434514157,13,13,13
1.5,211,39,15,0.653600632665482,0.9769067088443648,0.34639936733452714,36.054676785688194,14,14,14
1.5,211,40,15,0.999999999999998,0.9999999999999998,6.217248937900877e-15,2.561320938754782e-06,15,15,15
2.0,211,15,15,0.001318760494013892,0.6821224852507525,4.7681627212387125,87.9188609516964,8,7,2
2.0,211,16,15,0.018228723133663232,0.7174711049123097,4.2379334263153545,82.24058277840228,8,7,3
2.0,211,17,15,0.020451623251750924,0.7292342432440839,4.061486351338738,81.7779883093592,8,7,3
2.0,211,18,15,0.02225295719478395,0.7403246226306848,3.8951306605397287,81.42092375450395,9,7,3
2.0,211,19,15,0.0396166289380849,0.7631045589587656,3.5534316156185155,78.51921651618458,9,7,3
2.0,211,20,15,0.039637571611877184,0.7707206930626681,3.4391896040599796,78.51614106616579,9,7,4
2.0,211,21,15,0.05258227044359727,0.7862401358393066,3.2063979624104024,76.7436514298994,9,7,5
2.0,211,22,15,0.07308607304189042,0.7963662517678255,3.0545062234826177,74.31524069482381,9,7,5
2.0,211,23,15,0.09160818816844556,0.8037109765507895,2.944335351738156,72.3820531157817,9,8,5
2.0,211,24,15,0.09638176495867988,0.8132140912034249,2.801788631948627,71.91339958570809,9,9,6
2.0,211,25,15,0.10806760704038537,0.8210491355118915,2.6842629673216267,70.80790320308948,10,9,6
2.0,211,26,15,0.15782083377971518,0.828358351519441,2.574624727208387,66.59258225314349,10,9,6
2.0,211,27,15,0.18035178966962895,0.8315274861839225,2.5270877072411624,64.86968767328727,10,9,6
2.0,211,28,15,0.18760930288093577,0.8426657426254217,2.360013860618675,64.33307208518684,11,9,6
2.0,211,29,15,0.23447483606024339,0.8506903571704459,2.2396446424433107,61.03822437655603,11,9,7
2.0,211,30,15,0.3096664625717126,0.8679190431518281,1.9812143527225774,56.18750446358507,11,10,7
2.0,211,31,15,0.310387516846293,0.8707181211241429,1.9392281831378548,56.14284177575034,11,10,7
2.0,211,32,15,0.3158142028858303,0.8745451098004369,1.8818233529934476,55.80761214269533,11,10,8
2.0,211,33,15,0.31844216484513416,0.8874724046337952,1.687913930493072,55.64583187823855,11,11,9
2.0,211,34,15,0.3718609589203773,0.9099314441560242,1.3510283376596361,52.42466536102191,12,12,9
2.0,211,35,15,0.3826048046889393,0.928153676709022,1.0776948493646685,51.78963367250341,12,12,10
2.0,211,36,15,0.3980479757141393,0.9337386344868114,0.9939204826978267,50.88267530986433,13,12,11
2.0,211,37,15,0.4042626236598081,0.9373712803829979,0.939430794255032,50.519430799169925,13,12,12
2.0,211,38,15,0.4436597875040554,0.9453180176940994,0.82022973458851,48.23492676002544,13,13,13
2.0,211,39,15,0.492501657812393,0.9661667771874927,0.5074983421876114,45.429639466079244,14,14,14
2.0,211,40,15,0.9999999999999989,0.9999999999999998,5.10702591327572e-15,1.9090959104164224e-06,15,15,15
0.0,307,15,15,0.9999999999981699,0.9999999999997934,3.1019631308026874e-12,7.751023439854259e-05,15,15,15
0.0,307,16,15,0.9999999999982037,0.9999999999997988,3.0198066269804258e-12,7.67921816449035e-05,15,15,15
0.0,307,17,15,0.9999999999984543,0.9999999999998225,2.6649793483102258e-12,7.123256155098263e-05,15,15,15
0.0,307,18,15,0.9999999999988756,0.9999999999998557,2.1653789872289053e-12,6.0756058786488236e-05,15,15,15
0.0,307,19,15,0.9999999999988949,0.9999999999998617,2.072120253160392e-12,6.0231900335879045e-05,15,15,15
0.0,307,20,15,0.9999999999989007,0.9999999999998669,1.9957369090661814e-12,6.007436768419945e-05,15,15,15
0.0,307,21,15,0.9999999999989257,0.9999999999998759,1.8618440122963875e-12,5.938485182304961e-05,15,15,15
0.0,307,22,15,0.9999999999989524,0.9999999999998804,1.7952306308188781e-12,5.8643747265684634e-05,15,15,15
0.0,307,23,15,0.9999999999989875,0.9999999999998831,1.7503776206240218e-12,5.7653432178788306e-05,15,15,15
0.0,307,24,15,0.9999999999989975,0.9999999999998888,1.6693313398263854e-12,5.73682526946535e-05,15,15,15
0.0,307,25,15,0.9999999999990128,0.9999999999998935,1.5965007094109751e-12,5.692820290457343e-05,15,15,15
0.0,307,26,15,0.9999999999990747,0.9999999999998984,1.5232259897857148e-12,5.511305627937753e-05,15,15,15
0.0,307,27,15,0.9999999999990778,0.999999999999899,1.5165646516379638e-12,5.502039585742148e-05,15,15,15
0.0,307,28,15,0.999999999999095,0.9999999999999045,1.432853835581227e-12,5.450794798469078e-05,15,15,15
0.0,307,29,15,0.9999999999990952,0.9999999999999044,1.4312995233467518e-12,5.450126112359898e-05,15,15,15
0.0,307,30,15,0.9999999999991367,0.9999999999999095,1.3560264022771662e-12,5.323605600496145e-05,15,15,15
0.0,307,31,15,0.9999999999991367,0.9999999999999102,1.347144618080165e-12,5.323605600496145e-05,15,15,15
0.0,307,32,15,0.9999999999991396,0.9999999999999133,1.3029577417000837e-12,5.314698087620737e-05,15,15,15
0.0,307,33,15,0.9999999999991505,0.9999999999999171,1.2447820552097255e-12,5.280988575771863e-05,15,15,15
0.0,307,34,15,0.9999999999992608,0.9999999999999343,9.865441796819141e-13,4.926059381030111e-05,15,15,15
0.0,307,35,15,0.9999999999994333,0.9999999999999473,7.891465259035613e-13,4.313035970652455e-05,15,15,15
0.0,307,36,15,0.9999999999994773,0.9999999999999566,6.505906924303417e-13,4.142342211220004e-05,15,15,15
0.0,307,37,15,0.999999999999521,0.9999999999999599,6.019629239517599e-13,3.9652248359908213e-05,15,15,15
0.0,307,38,15,0.9999999999995908,0.9999999999999669,4.980460488468452e-13,3.66526527844743e-05,15,15,15
0.0,307,39,15,0.9999999999997629,0.9999999999999837,2.4424906541753444e-13,2.790155266088344e-05,15,15,15
0.0,307,40,15,0.9999999999999973,0.9999999999999998,6.217248937900877e-15,2.9575586669421963e-06,15,15,15
0.01,307,15,15,0.9996507870842736,0.99996052391972,0.0005921412042015906,1.0707622741854432,15,15,15
0.01,307,16,15,0.9996619860258792,0.999961919084582,0.0005712137312686716,1.0534512172664876,15,15,15
0.01,307,17,15,0.99966359182857,0.999962162757035,0.0005675586444773284,1.050945642023844,15,15,15
0.01,307,18,15,0.999667757680663,0.9999625656717847,0.0005615149232298666,1.0444175447994852,15,15,15
0.01,307,19,15,0.9997723413989513,0.9999698798948249,0.0004518015776270312,0.864532140690546,15,15,15
0.01,307,20,15,0.999778923804268,0.9999705579793295,0.0004416303100578389,0.8519412113130147,15,15,15
0.01,307,21,15,0.9997942283793726,0.9999720753844941,0.0004188692325904908,0.8219213596313063,15,15,15
0.01,307,22,15,0.9998027269483456,0.9999734277751204,0.00039858337319320647,0.8047681755768396,15,15,15
0.01,307,23,15,0.9998027484148662,0.9999739026806155,0.00039145979076760096,0.8047243855645048,15,15,15
0.01,307,24,15,0.9998027989750492,0.9999746305970689,0.00038054104396512134,0.8046212373566574,15,15,15
0.01,307,25,15,0.999840650709109,0.9999785978898549,0.0003210316521768952,0.7232846274160277,15,15,15
0.01,307,26,15,0.9998407561662327,0.9999799538428445,0.00030069235733121147,0.7230452407501677,15,15,15
0.01,307,27,15,0.9998421543928019,0.9999801570006557,0.0002976449901621603,0.7198637564785171,15,15,15
0.01,307,28,15,0.9998428383845255,0.9999818820134209,0.00027176979868770434,0.7183022899270949,15,15,15
0.01,307,29,15,0.9998480339972162,0.9999825027009928,0.00026245948510839057,0.7063286994384866,15,15,15
0.01,307,30,15,0.9998480592466737,0.9999832214787225,0.00025167781916035636,0.7062700150602012,15,15,15
0.01,307,31,15,0.999848584501557,0.9999834207534365,0.00024868869845307007,0.705048118730791,15,15,15
0.01,307,32,15,0.9998523420508536,0.9999837949172324,0.00024307624151509444,0.6962444349269036,15,15,15
0.01,307,33,15,0.9998546376003756,0.999985328543982,0.0002200718402706192,0.6908109238283018,15,15,15
0.01,307,34,15,0.9998717865882313,0.999988000278374,0.00017999582438998907,0.6487817752328143,15,15,15
0.01,307,35,15,0.9999471661358558,0.999994387499574,8.418750639038741e-05,0.4164689656567387,15,15,15
0.01,307,36,15,0.9999510827438282,0.9999949260097784,7.610985332706655e-05,0.4007349469761027,15,15,15
0.01,307,37,15,0.9999523905128155,0.9999955920861203,6.611870819606125e-05,0.39534188653850505,15,15,15
0.01,307,38,15,0.9999553087306285,0.9999964984784768,5.2522822847733686e-05,0.3830338999727954,15,15,15
0.01,307,39,15,0.999981855831318,0.9999987903887538,1.814416869261315e-05,0.24405768255389096,15,15,15
0.01,307,40,15,0.999999999999998,0.9999999999999992,1.0880185641326534e-14,2.561320938754782e-06,15,15,15
0.02,307,15,15,0.9986190560192701,0.9998432339281933,0.0023514910770995323,2.129661941406307,15,15,15
0.02,307,16,15,0.9986638747575602,0.9998488116925001,0.002267824612500746,2.09480198246883,15,15,15
0.02,307,17,15,0.9986704203790643,0.9998497996601318,0.0022530050980248406,2.089662227244461,15,15,15
0.02,307,18,15,0.9986870010521486,0.9998514043175464,0.002228935236803231,2.0765859212076445,15,15,15
0.02,307,19,15,0.9991012385293188,0.9998803837102209,0.0017942443466867353,1.717947672929224,15,15,15
0.02,307,20,15,0.9991274524443104,0.9998830763854522,0.0017538542182172767,1.692701436809815,15,15,15
0.02,307,21,15,0.9991882275083954,0.9998890995236974,0.001663507144537002,1.6326706029913325,15,15,15
0.02,307,22,15,0.9992220863915422,0.9998944733014076,0.0015829004788889822,1.5982497316680697,15,15,15
0.02,307,23,15,0.9992222188478994,0.9998964062590742,0.0015539061138887256,1.5981136225498525,15,15,15
0.02,307,24,15,0.9992223999188846,0.9998993217024039,0.0015101744639419712,1.597927539415842,15,15,15
0.02,307,25,15,0.9993733352990475,0.9999151396013505,0.0012729059797432773,1.4344506725960846,15,15,15
0.02,307,26,15,0.9993737134977343,0.999920578035884,0.0011913294617401649,1.4340176638610267,15,15,15
0.02,307,27,15,0.9993791727705087,0.9999213814311039,0.001179278533443573,1.4277525944887188,15,15,15
0.02,307,28,15,0.9993819878370014,0.999928210532723,0.0010768420091552544,1.4245112617489897,15,15,15
0.02,307,29,15,0.9994026785364417,0.9999306771664137,0.0010398425037960735,1.4004575128723797,15,15,15
0.02,307,30,15,0.9994028026593796,0.9999335750182515,0.0009963747262281553,1.400311969337561,15,15,15
0.02,307,31,15,0.9994049162685896,0.9999343722615468,0.0009844160768004429,1.3978312783891211,15,15,15
0.02,307,32,15,0.9994197142714505,0.9999358534790775,0.000962197813838217,1.38033845971983,15,15,15
0.02,307,33,15,0.9994289096214173,0.9999420148729307,0.0008697769060407312,1.3693560966466514,15,15,15
0.02,307,34,15,0.9994952997909919,0.999952553463197,0.0007116980520455174,1.2872885693186447,15,15,15
0.02,307,35,15,0.99979180573236,0.9999777472883741,0.0003337906743905439,0.8267459706775404,15,15,15
0.02,307,36,15,0.9998073988398871,0.9999798992223887,0.00030151166417069497,0.7951810534307672,15,15,15
0.02,307,37,15,0.9998128235733605,0.9999825853986747,0.0002612190198791886,0.783901973141489,15,15,15
0.02,307,38,15,0.9998243730129748,0.9999862086771416,0.00020686984287765497,0.7593307210602157,15,15,15
0.02,307,39,15,0.9999287970943764,0.9999952531396249,7.12029056282315e-05,0.4834779195719868,15,15,15
0.02,307,40,15,0.9999999999999973,0.9999999999999996,8.215650382226158e-15,2.9575586669421963e-06,15,15,15
0.03,307,15,15,0.9969298785383554,0.9996499210447687,0.005251184328471603,3.1763100197216856,15,15,15
0.03,307,16,15,0.9970306531704521,0.9996624572406632,0.005063141390050818,3.1236923866516833,15,15,15
0.03,307,17,15,0.9970456527559644,0.9996647098705989,0.005029351941016613,3.115784962392923,15,15,15
0.03,307,18,15,0.9970827375528387,0.9996683023792386,0.004975464311420041,3.09614839597925,15,15,15
0.03,307,19,15,0.9980050597623881,0.999732849163807,0.004007262542895296,2.559953529968751,15,15,15
0.03,307,20,15,0.998063738429869,0.9997388610526182,0.003917084210726562,2.521998919976862,15,15,15
0.03,307,21,15,0.9981994424953887,0.9997523048768908,0.003715426846636838,2.431960659188099,15,15,15
0.03,307,22,15,0.9982752886577614,0.9997643124921795,0.0035353126173093274,2.3801578493016624,15,15,15
0.03,307,23,15,0.998275714091953,0.9997687382580834,0.0034689261287513817,2.3798641057135814,15,15,15
0.03,307,24,15,0.998276075302639,0.9997753056141444,0.003370415787835701,2.379614677233008,15,15,15
0.03,307,25,15,0.9986144460072078,0.9998107713966341,0.0028384290504900322,2.1332153507938894,15,15,15
0.03,307,26,15,0.9986152094650296,0.9998230400125773,0.002654399811339969,2.1326272838182914,15,15,15
0.03,307,27,15,0.998627196198915,0.9998248273355748,0.002627589966379351,2.123372975966378,15,15,15
0.03,307,28,15,0.998633704083842,0.9998400340751166,0.0023994888732488118,2.1183316882743197,15,15,15
0.03,307,29,15,0.9986800212811999,0.9998455458885346,0.002316811671980501,2.0821004912748116,15,15,15
0.03,307,30,15,0.9986803548614573,0.9998521170072403,0.0022182448913948827,2.0818372683349864,15,15,15
0.03,307,31,15,0.9986851345247346,0.9998539112646366,0.0021913310304496614,2.078062056152517,15,15,15
0.03,307,32,15,0.9987179025638002,0.9998572087748478,0.0021418683772831404,2.0519935590166845,15,15,15
0.03,307,33,15,0.9987385895563327,0.9998711288896629,0.0019330666550563258,2.035364473364428,15,15,15
0.03,307,34,15,0.9988829900226158,0.9998945032008971,0.0015824519865441644,1.9152789854909609,15,15,15
0.03,307,35,15,0.9995385312980583,0.999950373100496,0.0007444034925626619,1.230912454503703,15,15,15
0.03,307,36,15,0.999573472155147,0.9999552105669347,0.0006718414959808738,1.1833881184058694,15,15,15
0.03,307,37,15,0.9995861426134763,0.9999613030416848,0.000580454374728423,1.165676250919714,15,15,15
0.03,307,38,15,0.9996118678252038,0.9999694502813319,0.00045824578002262584,1.1288612182429454,15,15,15
0.03,307,39,15,0.9998428264629734,0.9999895217641982,0.00015717353702771053,0.7183295343798701,15,15,15
0.03,307,40,15,0.9999999999999991,1.0,1.7763568394002505e-15,1.7075472925031877e-06,15,15,15
0.05,307,15,15,0.9916857378164652,0.9990428246824905,0.014357629762639323,5.231643469189006,15,15,15
0.05,307,16,15,0.9919643624572457,0.9990775159860957,0.013837260208563018,5.1429957115652645,15,15,15
0.05,307,17,15,0.9920075404809879,0.9990839383932796,0.013740924100804186,5.129122498874207,15,15,15
0.05,307,18,15,0.9921090937218279,0.9990938044562776,0.013592933155838427,5.096345909567392,15,15,15
0.05,307,19,15,0.9946136006973696,0.9992692195733143,0.010961706400287485,4.208841372877283,15,15,15
0.05,307,20,15,0.9947746129891957,0.9992856424843083,0.010715362735374434,4.145346289089529,15,15,15
0.05,307,21,15,0.9951455122852476,0.9993223586623744,0.010164620064383345,3.9952719137350687,15,15,15
0.05,307,22,15,0.9953540870218144,0.9993552292486358,0.009671561270463869,3.9083641819406294,15,15,15
0.05,307,23,15,0.995356169437615,0.9993679600532014,0.00948059920197819,3.907486809080592,15,15,15
0.05,307,24,15,0.9953569306110338,0.9993862360655297,0.00920645901705719,3.907166059183378,15,15,15
0.05,307,25,15,0.9962887724647821,0.9994839988323349,0.007740017514976549,3.492612605971247,15,15,15
0.05,307,26,15,0.9962904844907404,0.9995182497855238,0.0072262532171403215,3.491805925615224,15,15,15
0.05,307,27,15,0.9963221692671977,0.9995231056568348,0.007153415147476361,3.47684292799895,15,15,15
0.05,307,28,15,0.9963411846512048,0.9995644752431562,0.006532871352658454,3.4678321488632866,15,15,15
0.05,307,29,15,0.9964682889479756,0.9995795601511759,0.006306597732359087,3.406992519947622,15,15,15
0.05,307,30,15,0.996469528650453,0.9995980947564966,0.006028578652552352,3.40639379995031,15,15,15
0.05,307,31,15,0.9964829030427217,0.9996030827675448,0.005953758486828664,3.399927903117865,15,15,15
0.05,307,32,15,0.9965709736717111,0.9996120447469047,0.005819328796428214,3.357040309913105,15,15,15
0.05,307,33,15,0.9966281505166766,0.9996510006474849,0.00523499028772767,3.328902591308957,15,15,15
0.05,307,34,15,0.997001712492907,0.9997140369272441,0.004289446091335858,3.138893149985516,15,15,15
0.05,307,35,15,0.9987558059074992,0.9998645714585958,0.0020314281210652707,2.021421119228821,15,15,15
0.05,307,36,15,0.9988522831531305,0.9998779895190402,0.0018301572143984979,1.9414361863787208,15,15,15
0.05,307,37,15,0.9988903057100221,0.9998951776132856,0.0015723358007158073,1.90899443838901,15,15,15
0.05,307,38,15,0.9989604776080182,0.999917780158581,0.0012332976212825475,1.8476292484385304,15,15,15
0.05,307,39,15,0.9995796906254055,0.9999719793750266,0.0004203093746011355,1.1747287519783896,15,15,15
0.05,307,40,15,0.9999999999999984,0.9999999999999996,6.8833827526759706e-15,2.2588727439225506e-06,15,15,15
0.075,307,15,15,0.981920204061859,0.9978911105806957,0.031633341289566075,7.727460909772016,15,15,14
0.075,307,16,15,0.982539847345357,0.9979685873501152,0.030471189748274452,7.593091412867812,15,15,14
0.075,307,17,15,0.9826413143324937,0.9979835033511277,0.030247449733082354,7.570866533197947,15,15,14
0.075,307,18,15,0.9828648856527177,0.9980053380941142,0.02991992858828807,7.521670141708339,15,15,14
0.075,307,19,15,0.9883261494099661,0.9983883142826422,0.024175285760367204,6.202664907877007,15,15,14
0.075,307,20,15,0.9886817607048665,0.9984244235898274,0.023633646152589227,6.107095776269978,15,15,14
0.075,307,21,15,0.9894985246212488,0.9985051809819171,0.022422285271245013,5.881808189738921,15,15,14
0.075,307,22,15,0.9899609923120201,0.9985777062712496,0.02133440593125524,5.750390832938681,15,15,14
0.075,307,23,15,0.9899690593372727,0.9986076189524807,0.020885715712787523,5.748072167938891,15,15,14
0.075,307,24,15,0.9899701639881079,0.9986487940988333,0.020268088517501837,5.747754591805583,15,15,14
0.075,307,25,15,0.9920398599613115,0.9988664438726255,0.01700334191061903,5.118713823369551,15,15,15
0.075,307,26,15,0.9920428513933538,0.9989439539509527,0.015840690735709595,5.117749356434628,15,15,15
0.075,307,27,15,0.9921097954924822,0.9989545915811475,0.015681126282788838,5.09611868553545,15,15,15
0.075,307,28,15,0.9921550993224081,0.9990452847122945,0.014320729315582814,5.08142863301115,15,15,15
0.075,307,29,15,0.9924358299570115,0.999078540673047,0.01382188990429356,4.989445829265016,15,15,15
0.075,307,30,15,0.9924394957489399,0.9991210240785005,0.013184638822491435,4.988233611025719,15,15,15
0.075,307,31,15,0.9924697120769379,0.9991322659451344,0.01301601082298598,4.978230428512775,15,15,15
0.075,307,32,15,0.9926595976553021,0.999151872931968,0.012721906020479956,4.9149071404387605,15,15,15
0.075,307,33,15,0.9927862620726331,0.9992402185051983,0.011396722422024053,4.872213906661871,15,15,15
0.075,307,34,15,0.9935504459902833,0.999376703824966,0.009349442625510185,4.606333911345865,15,15,15
0.075,307,35,15,0.9973011798707574,0.9997019273530502,0.004471089704244813,2.9778659471069564,15,15,15
0.075,307,36,15,0.9975175990431051,0.9997320877087097,0.004018684369353598,2.8558700591802864,15,15,15
0.075,307,37,15,0.9976121589142611,0.9997714791048383,0.0034278134274240424,2.800904697149811,15,15,15
0.075,307,38,15,0.9977671141211093,0.9998222509501306,0.0026662357480402576,2.708430215319866,15,15,15
0.075,307,39,15,0.9990975127659362,0.9999398341843951,0.0009024872340711587,1.721505886012521,15,15,15
0.075,307,40,15,0.9999999999999982,0.9999999999999994,9.547918011776346e-15,2.4148365394514667e-06,15,15,15
0.1,307,15,15,0.9690033982221667,0.9963326580717174,0.05501012892423651,10.140263195135438,15,15,14
0.1,307,16,15,0.9700858252421045,0.9964690104777627,0.0529648428335604,9.95979856481485,15,15,14
0.1,307,17,15,0.9702741149944928,0.9964963575660983,0.05255463650852543,9.928085394322348,15,15,14
0.1,307,18,15,0.9706614924935307,0.9965344571383485,0.05198314292477124,9.862532649852362,15,15,14
0.1,307,19,15,0.9800436599824687,0.9971933660058085,0.04209950991287281,8.121163527187965,15,15,14
0.1,307,20,15,0.9806622920421105,0.9972559634518966,0.04116054822154913,7.9934612273481935,15,15,14
0.1,307,21,15,0.9820824156576977,0.9973961160141002,0.03905825978849786,7.692506728094454,15,15,14
0.1,307,22,15,0.9828909425196568,0.9975223919611078,0.03716412058338192,7.515915918041014,15,15,14
0.1,307,23,15,0.9829131138876132,0.9975778805477532,0.036331791783701606,7.511016350655095,15,15,14
0.1,307,24,15,0.9829141775407579,0.9976510954160301,0.03523356875954908,7.510781219444735,15,15,14
0.1,307,25,15,0.9865395147745017,0.9980336606987613,0.029495089518578266,6.662421996222647,15,15,14
0.1,307,26,15,0.9865437932103287,0.998172157095443,0.02741764356835452,6.66135828411602,15,15,14
0.1,307,27,15,0.9866555220761775,0.9981905956230935,0.027141065653595642,6.63352076457253,15,15,14
0.1,307,28,15,0.9867403028945325,0.998347747582321,0.024783786265185848,6.612320621958266,15,15,14
0.1,307,29,15,0.9872286098291099,0.9984055725855386,0.023916411216921896,6.488891353127117,15,15,14
0.1,307,30,15,0.9872365451963424,0.9984824511016885,0.022763233474672906,6.486866477663985,15,15,14
0.1,307,31,15,0.9872901880054054,0.9985024896794527,0.022462654808210192,6.4731620610712355,15,15,14
0.1,307,32,15,0.9876133832450373,0.9985363684871996,0.021954472692006344,6.389982311865507,15,15,14
0.1,307,33,15,0.9878326721661651,0.9986944244391196,0.019583633413207346,6.332933001988556,15,15,14
0.1,307,34,15,0.9890592906511825,0.9989276143684597,0.01608578447310116,6.003997238917961,15,15,14
0.1,307,35,15,0.9953687921855996,0.9994814566334677,0.007778150497984915,3.902164339898128,15,15,15
0.1,307,36,15,0.9957543640090265,0.999535072060534,0.006973919091988634,3.735956401839554,15,15,15
0.1,307,37,15,0.9959406066253462,0.999606317032658,0.00590524451012997,3.652981465669765,15,15,15
0.1,307,38,15,0.9962121775963761,0.9996964154052147,0.004553768921777168,3.52851517822378,15,15,15
0.1,307,39,15,0.9984669831142713,0.9998977988742836,0.0015330168857433657,2.2439187502082687,15,15,15
0.1,307,40,15,0.9999999999999978,0.9999999999999993,1.2212453270876722e-14,2.699869328381916e-06,15,15,15
0.125,307,15,15,0.9533731889201874,0.9943990753506705,0.08401386973994207,12.470236221830254,15,15,13
0.125,307,16,15,0.9550261878555555,0.9946095054112127,0.08085741883180853,12.243704766788124,15,15,13
0.125,307,17,15,0.9553332763221972,0.9946535329796048,0.0801970053059251,12.201186359493756,15,15,13
0.125,307,18,15,0.9559211458177188,0.9947118604635783,0.07932209304632232,12.119401434673362,15,15,13
0.125,307,19,15,0.9700520951622353,0.9957060323165556,0.0644095152516645,9.965469410334476,15,15,13
0.125,307,20,15,0.9709954811538556,0.9958012318090712,0.06298152286393144,9.805676772021505,15,15,13
0.125,307,21,15,0.9731657969779267,0.9960147754766595,0.059778367850108594,9.428198251588553,15,15,13
0.125,307,22,15,0.9744057862746579,0.9962078101102568,0.05688284834614954,9.205846613764987,15,15,13
0.125,307,23,15,0.9744558932568465,0.9962981702019018,0.05552744697147449,9.196752566805278,15,15,13
0.125,307,24,15,0.9744565123737052,0.9964124591845793,0.05381311223131069,9.196640147376034,15,15,13
0.125,307,25,15,0.9800301682355679,0.9970032116911928,0.044951824632109894,8.123926812786092,15,15,13
0.125,307,26,15,0.9800358891744045,0.9972205336041282,0.041691995938079374,8.12275520165382,15,15,14
0.125,307,27,15,0.980199883889569,0.9972486700524988,0.04126994921251581,8.089099940149117,15,15,14
0.125,307,28,15,0.9803385909887231,0.9974881699742112,0.03767745038683257,8.060527497752016,15,15,14
0.125,307,29,15,0.9810829914727337,0.9975764045044412,0.036353932433381364,7.905470433236582,15,15,14
0.125,307,30,15,0.9810971776145611,0.9976985634759631,0.034521547860555724,7.90248671571342,15,15,14
0.125,307,31,15,0.981180408130658,0.9977299939987252,0.03405009001912207,7.884958991977967,15,15,14
0.125,307,32,15,0.9816638496926524,0.9977814429178499,0.03327835623225328,7.782389122272555,15,15,14
0.125,307,33,15,0.98199355585421,0.9980295830445493,0.029556254331760012,7.711673838822606,15,15,14
0.125,307,34,15,0.9837119705067013,0.9983794014298213,0.024308978552681215,7.332346464332917,15,15,14
0.125,307,35,15,0.9930032809065407,0.999206726526879,0.011899102096813441,4.798191699923767,15,15,15
0.125,307,36,15,0.9936101119167727,0.9992905768198165,0.010641347702751935,4.5849316022085835,15,15,15
0.125,307,37,15,0.993932700621462,0.999403684092856,0.008944738607162162,4.467458129963541,15,15,15
0.125,307,38,15,0.9943528495227685,0.999544175105182,0.006837373422267978,4.309698771408074,15,15,15
0.125,307,39,15,0.9977075506165105,0.9998471700410998,0.002292449383503037,2.744344215263449,15,15,15
0.125,307,40,15,0.9999999999999982,0.9999999999999988,1.3766765505351941e-14,2.4148365394514667e-06,15,15,15
0.15,307,15,15,0.9354418588033879,0.9921206021082016,0.11819096837697618,14.719251935809917,15,14,11
0.15,307,16,15,0.9377569545308363,0.9924193255891562,0.11371011616265547,14.44707247178147,15,14,11
0.15,307,17,15,0.9382187423067115,0.9924845916758316,0.11273112486252612,14.392219673743258,15,14,11
0.15,307,18,15,0.9390383712859866,0.992566770823489,0.11149843764766632,14.294387384086049,15,14,11
0.15,307,19,15,0.9586108098266132,0.9939466884053023,0.09079967392046318,11.73838846398885,15,15,11
0.15,307,20,15,0.9599337055494946,0.9940799092116925,0.08880136182460963,11.546646982235103,15,15,11
0.15,307,21,15,0.9629929561818682,0.9943795160205743,0.08430725969138497,11.091252591858117,15,15,11
0.15,307,22,15,0.9647422633631537,0.9946512320695101,0.08023151895734804,10.822697900191647,15,15,12
0.15,307,23,15,0.9648422150974312,0.9947866345156964,0.07820048226455611,10.80716162251621,15,15,12
0.15,307,24,15,0.9648422953170808,0.9949508570101231,0.07573714484815353,10.807149144810586,15,15,12
0.15,307,25,15,0.9727326223822919,0.995791444024374,0.06312833963438924,9.504691652471012,15,15,12
0.15,307,26,15,0.972740343771693,0.9961054205421026,0.05841869186846316,9.503333340426773,15,15,12
0.15,307,27,15,0.9729625214328881,0.9961450627530893,0.057824058703659253,9.464168424351822,15,15,12
0.15,307,28,15,0.973170630963546,0.9964817844209695,0.05277323368546116,9.427341254705105,15,15,12
0.15,307,29,15,0.9742138921590933,0.996605704118018,0.05091443822973363,9.240594075324063,15,15,12
0.15,307,30,15,0.9742359991248177,0.9967844039026659,0.04823394146001214,9.236597459839846,15,15,13
0.15,307,31,15,0.974354298884922,0.9968298997741606,0.047551503387589955,9.21518216944757,15,15,13
0.15,307,32,15,0.9750212367160235,0.9969019289905064,0.04647106514240196,9.093538566584,15,15,13
0.15,307,33,15,0.9754720536090283,0.9972603883321297,0.041094175018053236,9.010415227516136,15,15,14
0.15,307,34,15,0.9776751148637864,0.9977436789229839,0.03384481615523982,8.593034805401793,15,15,14
0.15,307,35,15,0.9902381934295673,0.9988808438172903,0.016787342740645306,5.67018014967604,15,15,15
0.15,307,36,15,0.991122561417066,0.9990018119840257,0.014972820239618101,5.406436954157813,15,15,15
0.15,307,37,15,0.9916369398384431,0.9991670711302353,0.012493933046472172,5.2470166972983,15,15,15
0.15,307,38,15,0.9922384942178664,0.9993688980832831,0.009466528750755154,5.054276854757374,15,15,15
0.15,307,39,15,0.9968345414216249,0.9997889694281081,0.0031654585783800204,3.225301657821916,15,15,15
0.15,307,40,15,0.9999999999999984,0.9999999999999997,5.995204332975845e-15,2.2588727439225506e-06,15,15,15
0.175,307,15,15,0.9155831837144546,0.9895253612152749,0.1571195817708746,16.890630392411413,15,14,11
0.175,307,16,15,0.9186342434590046,0.9899255764883319,0.15111635267502388,16.5736036261953,15,14,11
0.175,307,17,15,0.9192911671283093,0.9900169403505367,0.14974589474194921,16.504640493299956,15,14,11
0.175,307,18,15,0.9203683040997939,0.9901262644881984,0.14810603267702305,16.39100722045535,15,14,11
0.175,307,19,15,0.9459441543609648,0.9919340510380096,0.1209892344298581,13.44425078456036,15,14,11
0.175,307,20,15,0.9476942497205478,0.9921100331080788,0.11834950337881922,13.22081249823914,15,14,11
0.175,307,21,15,0.9517765581970061,0.9925071171459662,0.11239324281050667,12.685444127304683,15,15,11
0.175,307,22,15,0.9541044532677808,0.9928683821395041,0.10697426790743858,12.370501300791863,15,15,11
0.175,307,23,15,0.9542876602105033,0.9930598144353006,0.1041027834704924,12.345396051851951,15,15,11
0.175,307,24,15,0.954287934859218,0.9932825831340472,0.10076125298929217,12.34535838021872,15,15,11
0.175,307,25,15,0.9648415570301715,0.9944132354709123,0.08380146793631449,10.807263980579936,15,15,12
0.175,307,26,15,0.9648526059080395,0.994841541667469,0.07737687498796564,10.805545277427795,15,15,12
0.175,307,27,15,0.96513782969382,0.9948944393974894,0.07658340903765859,10.761086963646429,15,15,12
0.175,307,28,15,0.9654315372995397,0.9953425041848415,0.06986243722737595,10.715122678838275,15,15,12
0.175,307,29,15,0.9668105438706132,0.9955068285945337,0.06739757108199607,10.4967490646271,15,15,12
0.175,307,30,15,0.9668413816248804,0.9957536254412368,0.06369561838144755,10.49181616730786,15,15,12
0.175,307,31,15,0.966999242941332,0.9958159675760199,0.06276048635970355,10.466529440474542,15,15,12
0.175,307,32,15,0.9678702909595934,0.995911345093564,0.061329823596540045,10.32593883648125,15,15,12
0.175,307,33,15,0.9684441811319204,0.9964000235170388,0.05399964724441719,10.23230185302365,15,15,13
0.175,307,34,15,0.9710949185881826,0.9970308516590063,0.044537225114906764,9.788687972346697,15,15,13
0.175,307,35,15,0.9870968192944521,0.9985064793821484,0.022402809267775048,6.522430136477952,15,15,14
0.175,307,36,15,0.9883201359865635,0.9986715820686669,0.01992626896999683,6.204268529689069,15,15,14
0.175,307,37,15,0.9890933194474396,0.9988994701662917,0.01650794750562745,5.994618603074485,15,15,14
0.175,307,38,15,0.9899105598853795,0.9991734128198945,0.012398807701583636,5.764865520086531,15,15,14
0.175,307,39,15,0.9958594977768008,0.9997239665184533,0.004140502223202058,3.6893452546380625,15,15,15
0.175,307,40,15,0.9999999999999996,1.0,8.881784197001252e-16,1.2074182697257333e-06,15,15,15
0.2,307,15,15,0.8941245757510442,0.9866389654781679,0.20041551782748102,18.988904145609386,14,14,11
0.2,307,16,15,0.8979671240747948,0.9871528787990921,0.1927068180136171,18.628206503539822,14,14,11
0.2,307,17,15,0.8988648671457038,0.9872754878817734,0.19086768177339886,18.543074218574926,14,14,11
0.2,307,18,15,0.9002197952588412,0.9874149399107658,0.18877590133851252,18.41394965817468,15,14,11
0.2,307,19,15,0.9322358475994438,0.9896850380916772,0.1547244286248417,15.088782802408911,15,14,11
0.2,307,20,15,0.9344536507366188,0.9899078735588631,0.15138189661705215,14.834045943053045,15,14,11
0.2,307,21,15,0.9396925048456184,0.9904126748502343,0.14380987724648697,14.215866862668735,15,14,11
0.2,307,22,15,0.9426579669881042,0.9908733516558019,0.1368997251629711,13.854787328012593,15,14,11
0.2,307,23,15,0.9429744813089572,0.9911325269300707,0.13301209604893727,13.815735940961854,15,14,11
0.2,307,24,15,0.9429773473080975,0.9914221337202996,0.128667994195504,13.8153818708834,15,14,11
0.2,307,25,15,0.9565230952422165,0.9928819049121438,0.10677142631784331,12.035116805636088,15,15,12
0.2,307,26,15,0.9565402753795685,0.9934418992054216,0.09837151191867832,12.032703106200762,15,15,12
0.2,307,27,15,0.9568928868455278,0.9935097719473432,0.09735342078985487,11.983062450080421,15,15,12
0.2,307,28,15,0.9572886784629944,0.9940828314359318,0.08875752846102358,11.92711136829899,15,15,12
0.2,307,29,15,0.9590343523841042,0.9942917440582764,0.08562383912585558,11.677323458301965,15,15,12
0.2,307,30,15,0.9590732902308146,0.9946183975946233,0.08072403608064904,11.67169439152071,15,15,12
0.2,307,31,15,0.959273821973924,0.9947005061222945,0.07949240816557823,11.64266374490233,15,15,12
0.2,307,32,15,0.9603681406122999,0.9948218049578764,0.07767292563185191,11.483020165973482,15,15,12
0.2,307,33,15,0.9610569366955619,0.9954600665143357,0.06809900228496102,11.381450585683956,15,15,13
0.2,307,34,15,0.9640956720112243,0.9962500496961533,0.056249254557699246,10.9226943917091,15,15,13
0.2,307,35,15,0.9835938467987533,0.9980859283594828,0.028711074607756126,7.359032817177726,15,15,14
0.2,307,36,15,0.9852232159046238,0.9983023384847197,0.025464922729203643,6.982131411290123,15,15,14
0.2,307,37,15,0.9863339060232978,0.9986034106583953,0.020948840124070833,6.7133457245332,15,15,14
0.2,307,38,15,0.9874029842384998,0.9989600364500825,0.015599453248762774,6.444251958580152,15,15,14
0.2,307,39,15,0.9947906501308805,0.9996527100087246,0.005209349869130575,4.13896909139807,15,15,15
0.2,307,40,15,0.9999999999999978,0.9999999999999993,1.2656542480726785e-14,2.699869328381916e-06,15,15,15
0.25,307,15,15,0.8474674961801177,0.9800822545217707,0.29876618217343864,22.988981416158538,14,13,11
0.25,307,16,15,0.8529858444078608,0.9808566020816404,0.2871509687753936,22.545950566058668,14,13,11
0.25,307,17,15,0.8545270376092768,0.9810581885338511,0.2841271719922335,22.420997841462555,14,13,11
0.25,307,18,15,0.8564773690920189,0.981265744275536,0.2810138358669576,22.26208384340758,14,13,11
0.25,307,19,15,0.9022072885068231,0.9845370148596563,0.23194477710515293,18.22312218695646,15,13,11
0.25,307,20,15,0.9054505936756623,0.9848634599210107,0.22704810118483976,17.907963235352508,15,13,11
0.25,307,21,15,0.9134185537905686,0.9856101689716082,0.2158474654258774,17.112404896077066,15,13,11
0.25,307,22,15,0.9177780143168877,0.9862955703027505,0.20556644545874225,16.663109920600586,15,13,11
0.25,307,23,15,0.9186209416227453,0.986727627873508,0.19908558189738057,16.574997411589212,15,13,11
0.25,307,24,15,0.9186504705418368,0.9871741240741987,0.19238813888702055,16.57190318867891,15,14,11
0.25,307,25,15,0.9391192811540348,0.9894056899233459,0.15891465114981185,14.284696598219599,15,14,11
0.25,307,26,15,0.9391721323324351,0.9902789721478172,0.14581541778274187,14.278363222958095,15,14,11
0.25,307,27,15,0.9396733166181753,0.990381945496712,0.14427081754931836,14.21817582391388,15,14,11
0.25,307,28,15,0.940320550949462,0.9912455048666208,0.13131742700068905,14.140101944380717,15,14,12
0.25,307,29,15,0.9428671660231682,0.9915541395580711,0.12668790662893348,13.828987830502477,15,14,12
0.25,307,30,15,0.94291241356225,0.9920760698971136,0.11885895154329507,13.823401839099706,15,14,12
0.25,307,31,15,0.9431993507751057,0.9922071921981765,0.1168921170273527,13.787929755815929,15,14,12
0.25,307,32,15,0.9447983745315405,0.9923874943372063,0.11418758494190695,13.588690890040477,15,14,12
0.25,307,33,15,0.9456475320414116,0.9933798458306451,0.09930231254032273,13.481781069245514,15,14,12
0.25,307,34,15,0.9492285814505692,0.9945149190946346,0.08227621358048043,13.021998272904643,15,14,13
0.25,307,35,15,0.9755324905779738,0.9971140879778726,0.043288680331911356,8.999215219142235,15,15,13
0.25,307,36,15,0.9781981904401877,0.9974553131247709,0.03817030312843572,8.491017573859196,15,15,14
0.25,307,37,15,0.9802622267845262,0.9979340883659576,0.030988674510636804,8.076270025606686,15,15,14
0.25,307,38,15,0.9819518397514077,0.9984866496039324,0.022700255941016767,7.720656010707073,15,15,14
0.25,307,39,15,0.9923912263834923,0.9994927484255662,0.0076087736165085795,5.004172225970276,15,15,15
0.25,307,40,15,0.9999999999999991,1.0,1.7763568394002505e-15,1.7075472925031877e-06,15,15,15
0.3,307,15,15,0.7971079874129561,0.9726066463005338,0.41090030549199263,26.77161955843319,14,12,10
0.3,307,16,15,0.8043070026058985,0.9736807153508474,0.39478926973728756,26.255323075398934,14,13,11
0.3,307,17,15,0.8067550528115949,0.9739846678862464,0.3902299817063035,26.078129247325247,14,13,11
0.3,307,18,15,0.8093212005107001,0.9742692800371278,0.3859607994430819,25.891468479534776,14,13,11
0.3,307,19,15,0.869097771266182,0.9786071823623435,0.3208922645648502,21.21103525353819,14,13,11
0.3,307,20,15,0.8734187945222454,0.9790469848167928,0.3142952277481077,20.841411179319373,14,13,11
0.3,307,21,15,0.8847016996481842,0.9800646497604456,0.29903025359331614,19.8498275898828,14,13,11
0.3,307,22,15,0.8904490888888289,0.9810039113149358,0.2849413302759628,19.328557285032076,14,13,11
0.3,307,23,15,0.892496629214508,0.9816607689984652,0.2750884650230173,19.13997262323625,14,13,11
0.3,307,24,15,0.8926357104307537,0.9822915787801552,0.26562631829767214,19.127105827775466,14,13,11
0.3,307,25,15,0.921230166189587,0.9854417567822559,0.21837364826616057,16.299578050096304,15,13,11
0.3,307,26,15,0.9214330252717523,0.9866893789488511,0.1996593157672325,16.277991709471785,15,13,11
0.3,307,27,15,0.922109340401052,0.9868344656317892,0.19748301552316228,16.20583981169385,15,14,11
0.3,307,28,15,0.9230560845399306,0.9880444497667142,0.17933325349928786,16.10435394600093,15,14,12
0.3,307,29,15,0.9264419526395196,0.9884638399143637,0.17304240128454074,15.736630923692942,15,14,12
0.3,307,30,15,0.9264686550158311,0.9892277699096413,0.16158345135538,15.73370033658032,15,14,12
0.3,307,31,15,0.9268218453420587,0.9894220633765923,0.15866904935111492,15.694891478468818,15,14,12
0.3,307,32,15,0.92901835849619,0.989670358548531,0.1549446217720365,15.45157243577551,15,14,12
0.3,307,33,15,0.9298623915836675,0.9910826716879951,0.13375992468007303,15.357152203474449,15,14,12
0.3,307,34,15,0.9336523570832215,0.992588493578341,0.11117259632488397,14.926537691492513,15,14,13
0.3,307,35,15,0.9660891148869795,0.9959796444423908,0.06030533336413779,10.611526188390867,15,15,13
0.3,307,36,15,0.9701231469565188,0.9964763814179146,0.05285427873128179,9.953520266106143,15,15,13
0.3,307,37,15,0.9735605938907882,0.9971726029344818,0.04241095598277378,9.357957234502177,15,15,13
0.3,307,38,15,0.9760392950265038,0.9979593334492752,0.03060999826087185,8.90475968505619,15,15,14
0.3,307,39,15,0.9896572109070977,0.9993104807271391,0.010342789092910532,5.837043881215726,15,15,14
0.3,307,40,15,0.9999999999999984,0.9999999999999998,5.995204332975845e-15,2.2588727439225506e-06,15,15,15
0.35,307,15,15,0.7440122780698648,0.9643400154963527,0.5348997675547116,30.394588061585058,13,11,10
0.35,307,16,15,0.7527658657118191,0.9657495006540336,0.5137574901894962,29.81667187876832,13,11,10
0.35,307,17,15,0.7564441499364682,0.9661802263883594,0.5072966041746088,29.571794908891334,13,11,10
0.35,307,18,15,0.7596114394286207,0.9665494877816456,0.5017576832753157,29.35993091368275,13,11,10
0.35,307,19,15,0.8328187610592163,0.9719857784480926,0.4202133232786114,24.13437352308074,13,11,11
0.35,307,20,15,0.8381512228189735,0.9725452546450674,0.41182118032398896,23.722312781799328,13,11,11
0.35,307,21,15,0.8532536375736158,0.973856341180097,0.39215488229854445,22.524278243455722,13,11,11
0.35,307,22,15,0.8600499879126366,0.975073172124785,0.37390241812822655,21.968632378334128,13,12,11
0.35,307,23,15,0.8646610251022638,0.9760062721978092,0.35990591703286245,21.585205397725357,14,12,11
0.35,307,24,15,0.8651412743115184,0.9768435907534369,0.347346138698444,21.54495683380381,14,12,11
0.35,307,25,15,0.9028254895977197,0.9810537096176943,0.28419435573458796,18.16341459388843,15,12,11
0.35,307,26,15,0.9037370502276932,0.9827275392296336,0.25908691155549535,18.075063377186023,15,12,11
0.35,307,27,15,0.90463973568411,0.982922041147319,0.25616938279021584,17.987203278024783,15,12,11
0.35,307,28,15,0.9058870868141592,0.9845395588159157,0.23190661776126809,17.86518153598876,15,12,12
0.35,307,29,15,0.9100440709001221,0.9850775420530891,0.2238368692036633,17.45319097112766,15,12,12
0.35,307,30,15,0.9100440758052758,0.9861276389405431,0.20808541589185447,17.453190479994614,15,13,12
0.35,307,31,15,0.9104032469231483,0.9864014583259983,0.20397812511002544,17.41719572324506,15,13,12
0.35,307,32,15,0.9133291716721147,0.986726447158999,0.19910329261501358,17.121508105410037,15,13,12
0.35,307,33,15,0.9139492541767277,0.9886128916739,0.17080662489150178,17.058267340338386,15,14,12
0.35,307,34,15,0.9176723100285274,0.9905075654476694,0.14238651828495985,16.674130271613258,15,14,12
0.35,307,35,15,0.9553110252165393,0.9946969972297979,0.0795450415530331,12.20427184267179,15,15,12
0.35,307,36,15,0.9610717242438201,0.9953809384422918,0.06928592336562378,11.379260612683536,15,15,12
0.35,307,37,15,0.96631555629432,0.9963295919283811,0.05505612107428026,10.57562806948751,15,15,13
0.35,307,38,15,0.9697600677760083,0.9973847401251079,0.03922889812338204,10.014437510989183,15,15,14
0.35,307,39,15,0.9865921502371179,0.9991061433491405,0.013407849762891,6.649324059953858,15,15,14
0.35,307,40,15,0.9999999999999982,0.9999999999999994,8.881784197001252e-15,2.4148365394514667e-06,15,15,15
0.4,307,15,15,0.6886887058532867,0.9553953361068588,0.6690699583971155,33.914336090329584,13,11,10
0.4,307,16,15,0.6987625510694583,0.9571751036842115,0.6423734447368268,33.28822422162041,13,11,10
0.4,307,17,15,0.7040427233881869,0.9577570360886829,0.6336444586697567,32.957688911828576,13,11,10
0.4,307,18,15,0.7077678498976115,0.9582176480892179,0.6267352786617315,32.72347171023548,13,11,10
0.4,307,19,15,0.7928960742517587,0.9647600050065409,0.5285999249018873,27.07051429848846,13,11,10
0.4,307,20,15,0.7990322114974203,0.9654428154678111,0.5183577679828371,26.634301216535473,13,11,10
0.4,307,21,15,0.8180617279332738,0.9670639083751437,0.49404137437284756,25.24832051038358,13,11,10
0.4,307,22,15,0.8252756425683107,0.9685776755819975,0.47133486627003573,24.708410342502617,13,11,10
0.4,307,23,15,0.8344788833242547,0.9698341651356003,0.45248752296599626,24.006662193549545,13,11,10
0.4,307,24,15,0.835817829539406,0.9708940057852022,0.43658991322196616,23.903284193751443,13,11,11
0.4,307,25,15,0.8817826249333492,0.9762970495834179,0.3555442562487289,20.110240681847184,13,12,11
0.4,307,26,15,0.8861509066233026,0.9784372389577777,0.3234414156333373,19.719478981197675,14,12,11
0.4,307,27,15,0.8873947420649435,0.9786887606323883,0.3196685905141742,19.607024811245473,14,12,11
0.4,307,28,15,0.8888289292560856,0.9807817786808266,0.28827331978760085,19.47668573133675,14,12,11
0.4,307,29,15,0.8934303829024983,0.9814434632154885,0.2783480517676703,19.053447318137117,14,12,12
0.4,307,30,15,0.8935486457984977,0.9828194196559144,0.25770870516128797,19.042464842473766,14,12,12
0.4,307,31,15,0.893803958275106,0.9831916126430122,0.25212581035481385,19.018736926763236,14,12,12
0.4,307,32,15,0.8976496599847752,0.9836019607427507,0.24597058885874146,18.65823184257324,14,12,12
0.4,307,33,15,0.8978847734011436,0.9860019824593543,0.20997026310968359,18.635999094208103,14,13,12
0.4,307,34,15,0.9013899314473647,0.988300628317921,0.1754905752311866,18.30180714895789,15,13,12
0.4,307,35,15,0.9433115431965662,0.9932832545914753,0.1007511811278704,13.774037286097013,15,14,12
0.4,307,36,15,0.9511637858490439,0.9941863634115293,0.08720454882706097,12.767138459446638,15,15,12
0.4,307,37,15,0.9585980289827453,0.9954149452869289,0.0687758206960648,11.740226506132776,15,15,13
0.4,307,38,15,0.9631785581918905,0.9967676676107659,0.0484849858385088,11.06305278171795,15,15,13
0.4,307,39,15,0.9831970348326416,0.998879802322176,0.016802965167363237,7.447995381444342,15,15,14
0.4,307,40,15,0.9999999999999984,0.9999999999999998,5.329070518200751e-15,2.2588727439225506e-06,15,15,15
0.5,307,15,15,0.5726907856659594,0.9359135980014168,0.9612960299787462,40.82031212082881,11,11,8
0.5,307,16,15,0.5844634265091123,0.9385504051223565,0.9217439231646507,40.13728505327869,11,11,9
0.5,307,17,15,0.5940731321223682,0.9395024554732555,0.9074631679011658,39.57768898694944,11,11,9
0.5,307,18,15,0.5987209420493325,0.9401641987707875,0.8975370184381879,39.3062964526676,11,11,9
0.5,307,19,15,0.7013917392164967,0.9488798268223776,0.7668025976643378,33.123848562086934,12,11,9
0.5,307,20,15,0.7083177655025993,0.9498131636122533,0.752802545816201,32.68882201838357,12,11,9
0.5,307,21,15,0.7338209706107747,0.9520824569256239,0.7187631461156414,31.059330804352722,12,11,9
0.5,307,22,15,0.7411222615622067,0.9542349078589345,0.6864763821159856,30.583950875328025,12,11,9
0.5,307,23,15,0.7634901859411032,0.9562435919513158,0.6563461207302628,29.09917158024661,12,11,9
0.5,307,24,15,0.7687141537580546,0.9577692952277286,0.6334605715840709,28.745628199838134,12,11,10
0.5,307,25,15,0.8251654103679309,0.9658936136131061,0.5115957958034076,24.716725507929834,12,11,10
0.5,307,26,15,0.8484895558625264,0.9690333206267912,0.4645001905981315,22.90743130512674,13,11,10
0.5,307,27,15,0.8520126886557658,0.9694224940829315,0.4586625887560277,22.624570275436128,13,11,10
0.5,307,28,15,0.8522691915335645,0.972692646255983,0.4096103061602522,22.603868612635747,13,12,11
0.5,307,29,15,0.8544717570536884,0.9736083408511976,0.39587488723203634,22.42548919002886,13,12,11
0.5,307,30,15,0.8575391750153334,0.9757294221108032,0.3640586683379532,22.175189700802846,13,12,11
0.5,307,31,15,0.8576197937560007,0.9763651149675999,0.3545232754859994,22.168581165989192,13,12,11
0.5,307,32,15,0.8638345851118061,0.9769724168717674,0.3454137469234886,21.654326690283696,13,12,11
0.5,307,33,15,0.8644905314883824,0.980448111385461,0.29327832921808417,21.59947957436141,14,13,11
0.5,307,34,15,0.8677014761737999,0.9836051672352571,0.24592249147114065,21.329361987702637,14,13,11
0.5,307,35,15,0.9165589967122295,0.9901524975246127,0.14771253713080856,16.789811808385732,15,14,11
0.5,307,36,15,0.9295943964453184,0.9915850202210804,0.1262246966837961,15.387188871469414,15,14,12
0.5,307,37,15,0.9420933563375072,0.9934143820563841,0.09878426915423721,13.924198272060519,15,14,12
0.5,307,38,15,0.9493288417956756,0.9954243533402981,0.06863469989552617,13.008908567450169,15,14,13
0.5,307,39,15,0.9754657542588856,0.9983643836172583,0.024534245741122396,9.011581830801365,15,15,14
0.5,307,40,15,0.999999999999998,0.999999999999999,1.2434497875801753e-14,2.561320938754782e-06,15,15,15
0.6,307,15,15,0.4534076434944608,0.915073151219351,1.2739027317097371,47.67342401131003,11,11,7
0.6,307,16,15,0.46569664922237985,0.9187752657345236,1.2183710139821464,46.96698234369932,11,11,8
0.6,307,17,15,0.4806837768372953,0.9201686582866597,1.1974701257001041,46.10701354321587,11,11,8
0.6,307,18,15,0.4860162388135661,0.9210562812308182,1.184155781537728,45.801314983262074,11,11,8
0.6,307,19,15,0.5994528696526464,0.9318364725912651,1.0224529111310217,39.26351152776821,11,11,9
0.6,307,20,15,0.6065167842432495,0.9330200404894573,1.004699392658142,38.84990669454974,11,11,9
0.6,307,21,15,0.6369520861442193,0.9359430025749853,0.9608549613752223,37.0516396825664,11,11,9
0.6,307,22,15,0.6453107407139437,0.9387765417248191,0.9183518741277157,36.55241656658149,11,11,9
0.6,307,23,15,0.6804878439177897,0.9415916631318545,0.87612505302218,34.41993577779622,11,11,9
0.6,307,24,15,0.6898231077542131,0.9435680434054206,0.8464793489186935,33.844114921136494,11,11,9
0.6,307,25,15,0.7594700103966634,0.9546839061347185,0.679741407979223,29.36941149375411,12,11,9
0.6,307,26,15,0.7934442088855739,0.9588283235348682,0.617575146976977,27.03174480118365,12,11,9
0.6,307,27,15,0.7996551542378691,0.959387135786765,0.6091929631985216,26.58974095912285,12,11,9
0.6,307,28,15,0.8031363683287959,0.9641343341244856,0.5379849881327162,26.339758618856827,12,12,10
0.6,307,29,15,0.8032919389803452,0.9653030037711904,0.5204549434321455,26.32854856474117,12,12,11
0.6,307,30,15,0.8108148137056463,0.9682432803204548,0.4763507951931758,25.78238179818024,13,12,11
0.6,307,31,15,0.8133121642735649,0.9692459662013143,0.461310506980283,25.599245795489793,13,12,11
0.6,307,32,15,0.8211900312914349,0.970085614776945,0.4487157783458261,25.015237706237293,13,12,11
0.6,307,33,15,0.8278528863896104,0.9745799631809489,0.38130055228576676,24.51340646470494,13,13,11
0.6,307,34,15,0.8317340686749416,0.9786863987549667,0.31970401867549836,24.217543940233558,13,13,11
0.6,307,35,15,0.8884188170656452,0.9868041179249453,0.19793823112581888,19.51403141749781,14,14,11
0.6,307,36,15,0.9075178405669045,0.9888640422368787,0.1670393664468196,17.70455494451457,15,14,11
0.6,307,37,15,0.9249410306091514,0.991269050907582,0.1309642363862672,15.900577985441881,15,14,12
0.6,307,38,15,0.9349353109871802,0.9939699116785282,0.09045132482207385,14.778195789787324,15,14,13
0.6,307,39,15,0.966687924870905,0.9977791949913928,0.03331207512910894,10.51634169940458,15,15,14
0.6,307,40,15,0.999999999999998,0.9999999999999992,1.199040866595169e-14,2.561320938754782e-06,15,15,15
0.75,307,15,15,0.2861136259444647,0.8830555201693565,1.7541671974596509,57.66314798261731,11,10,6
0.75,307,16,15,0.2980356382532633,0.8890170584147007,1.6647441237794887,56.91200642441543,11,11,6
0.75,307,17,15,0.32118315389351554,0.8911459884742285,1.6328101728865714,55.47747194527973,11,11,7
0.75,307,18,15,0.3273739135864894,0.8924278567747558,1.613582148378664,55.09859504465127,11,11,7
0.75,307,19,15,0.45200942765186336,0.9060614704269765,1.4090779435953507,47.75389666501825,11,11,7
0.75,307,20,15,0.45889902763205503,0.9076265929561521,1.3856011056577193,47.35757243377603,11,11,8
0.75,307,21,15,0.4953415023719402,0.9114826270547952,1.3277605941780721,45.26691611472572,11,11,8
0.75,307,22,15,0.5071759415681762,0.9153780432248592,1.269329351627114,44.588834718219495,11,11,8
0.75,307,23,15,0.5572753162805626,0.919274099619036,1.210888505714463,41.71114654490231,11,11,8
0.75,307,24,15,0.5689519975175302,0.9218238463145814,1.1726423052812809,41.03671121395544,11,11,8
0.75,307,25,15,0.6585857375164611,0.9373382705830096,0.9399259412548557,35.75402317881778,11,11,9
0.75,307,26,15,0.6971639460283962,0.9428732768259004,0.8569008476114945,33.38796849792271,11,11,9
0.75,307,27,15,0.7067001745573945,0.9437501073863499,0.8437483892047519,32.79069041358718,11,11,9
0.75,307,28,15,0.7200858328689637,0.9510954425504622,0.733568361743068,31.942582701146872,12,12,9
0.75,307,29,15,0.7201530623772232,0.9526343206838153,0.7104851897427689,31.938292635467796,12,12,9
0.75,307,30,15,0.7302654664595775,0.9568225978641932,0.6476610320371019,31.289313529691103,12,12,10
0.75,307,31,15,0.7384710150969865,0.9585908296972592,0.6211375545411154,30.757064545477068,12,12,10
0.75,307,32,15,0.7488784083991721,0.9598493380313401,0.6022599295298978,30.07414858420738,12,12,10
0.75,307,33,15,0.7655126759359026,0.9655089284797482,0.5173660728037772,28.962620034271637,13,12,10
0.75,307,34,15,0.7727098151414724,0.9712367984108499,0.43144802383725267,28.47332781940595,13,13,10
0.75,307,35,15,0.8501339894467119,0.9818596126004897,0.27210581099265585,22.77574602968982,14,13,11
0.75,307,36,15,0.8776434072016788,0.9849293718126566,0.22605942281015245,20.474781353794913,14,13,11
0.75,307,37,15,0.8999033045026407,0.9879829941501879,0.1802550877471818,18.444180579625957,14,13,12
0.75,307,38,15,0.9129326616604448,0.9916524538979219,0.12521319153117338,17.161839934541128,15,14,13
0.75,307,39,15,0.9522153295069476,0.9968143553004626,0.047784670493059456,12.626644382481595,15,15,14
0.75,307,40,15,0.9999999999999989,0.9999999999999999,5.329070518200751e-15,1.9090959104164224e-06,15,15,15
1.0,307,15,15,0.09248753917514947,0.8299802727355848,2.550295908966223,72.29491307971668,10,9,5
1.0,307,16,15,0.10352529622787242,0.8433384183406312,2.3499237248905325,71.23099941592623,11,9,6
1.0,307,17,15,0.13651240779677026,0.8468018131456193,2.2979728028157096,68.31670442808075,11,10,6
1.0,307,18,15,0.14445893181388292,0.8489557277947767,2.2656640830783505,67.66151462919042,11,10,6
1.0,307,19,15,0.2865883704428592,0.8668959645274766,1.9965605320878477,57.63306222664102,11,10,6
1.0,307,20,15,0.29263136466350587,0.8692298792108164,1.9615518118377564,57.25138612896746,11,10,6
1.0,307,21,15,0.33427269977181945,0.8745029909077984,1.8824551363830242,54.67854380695107,11,10,7
1.0,307,22,15,0.3565426294549611,0.8801318804991113,1.7980217925133284,53.33666795795695,11,11,7
1.0,307,23,15,0.4186664304401555,0.8850838544243154,1.7237421836352698,49.68087027878369,11,11,7
1.0,307,24,15,0.4261735600574485,0.8882917111134865,1.6756243332977023,49.24546596067113,11,11,7
1.0,307,25,15,0.5154232809019427,0.9093191843996478,1.3602122340052833,44.116170898175156,11,11,8
1.0,307,26,15,0.5520419431771949,0.9169557809598472,1.2456632856022913,42.012806044488805,11,11,8
1.0,307,27,15,0.5695615510930158,0.9186022575752993,1.2209661363705109,41.001446430850784,11,11,8
1.0,307,28,15,0.5938950112449575,0.9301829488698045,1.0472557669529325,39.58807977604225,12,11,8
1.0,307,29,15,0.5963592918794963,0.932384308788171,1.0142353681774334,39.444259837276945,12,11,9
1.0,307,30,15,0.606713611711906,0.9384540781878488,0.92318882718227,38.83836384818726,12,11,9
1.0,307,31,15,0.6227148283070864,0.9420455648900082,0.8693165266498777,37.89638674376682,12,11,10
1.0,307,32,15,0.6373708712053395,0.9442411447690316,0.8363828284645273,37.02668785358984,12,11,10
1.0,307,33,15,0.6550470822866807,0.950564086248328,0.7415387062750789,35.96754731256088,13,11,10
1.0,307,34,15,0.6672043236647617,0.9591356573404062,0.6129651398939081,35.231708942868984,13,12,10
1.0,307,35,15,0.8074761310929915,0.9746601367897632,0.3800979481535556,26.025774171590616,13,12,11
1.0,307,36,15,0.8351814350815496,0.9790094906737326,0.3148576398940114,23.952461262873136,14,13,11
1.0,307,37,15,0.8583706935307477,0.9825207172613812,0.26218924107928565,22.10695274038565,14,13,12
1.0,307,38,15,0.872453713548936,0.9873132240743945,0.1903016388840817,20.924425882841582,14,13,13
1.0,307,39,15,0.9235517802676513,0.9949034520178432,0.07644821973235294,16.050989812639656,15,14,14
1.0,307,40,15,0.9999999999999978,0.9999999999999996,8.659739592076221e-15,2.699869328381916e-06,15,15,15
1.5,307,15,15,0.0023093620006461703,0.7352730227161856,3.9709046592572173,87.24554336730226,9,7,4
1.5,307,16,15,0.0023194091209456317,0.7775796211728474,3.3363056824072905,87.23955346438139,9,8,5
1.5,307,17,15,0.04319680406508068,0.7855097117005682,3.217354324491476,78.00429253387713,9,8,5
1.5,307,18,15,0.05725297299101171,0.7899983533973903,3.1500246990391476,76.15619059761508,9,8,5
1.5,307,19,15,0.17050398309151985,0.8145277274795432,2.7820840878068536,65.61152239860844,10,9,5
1.5,307,20,15,0.1729127305302655,0.8193122799648145,2.710315800527781,65.42854436202987,10,9,6
1.5,307,21,15,0.17653274062907415,0.8262822986319435,2.6057655205208494,65.15543723547839,10,9,6
1.5,307,22,15,0.23694639064913578,0.8345675147909438,2.4814872781358432,60.871405309599545,10,9,6
1.5,307,23,15,0.23699078866111672,0.8396009075691444,2.405986386462833,60.86841415017276,10,9,6
1.5,307,24,15,0.24755042579546657,0.8439169530628913,2.3412457040566306,60.16232891971089,10,10,6
1.5,307,25,15,0.3153181413958959,0.8686969196467339,1.969546205298994,55.838190716537646,10,10,6
1.5,307,26,15,0.4271525200116161,0.8790080336922934,1.8148794946155968,49.188762422642476,10,10,6
1.5,307,27,15,0.4460347910852933,0.8831538782064641,1.7526918269030367,48.09801346342387,10,10,6
1.5,307,28,15,0.4517227732766757,0.8990386901820562,1.5144196472691573,47.77039738924416,11,10,7
1.5,307,29,15,0.47448491533678244,0.9036113737271169,1.4458293940932467,46.462541896331196,11,10,7
1.5,307,30,15,0.5244977789808877,0.9115663699293913,1.32650445105913,43.59581846959245,11,10,7
1.5,307,31,15,0.5301430215111951,0.9183759208892095,1.2243611866618567,43.27188422635928,11,11,8
1.5,307,32,15,0.5529014010813228,0.9227758974957321,1.1583615375640193,41.96328930615777,11,11,9
1.5,307,33,15,0.5532847942928449,0.9285549721191748,1.071675418212374,41.94119759195167,12,11,9
1.5,307,34,15,0.5683077169615846,0.9401603299846484,0.8975950502302728,41.073978504822556,13,11,10
1.5,307,35,15,0.7218332176872271,0.9628464677293234,0.5573029840601476,31.830975394834326,13,12,10
1.5,307,36,15,0.7314904108593994,0.9667391110570804,0.4989133341437936,31.210188809590242,13,12,11
1.5,307,37,15,0.7568311920257658,0.9713027254669881,0.43045911799517633,29.545955640900456,13,12,12
1.5,307,38,15,0.7934591930921431,0.9784548597690894,0.3231771034636586,27.030684436318317,13,13,13
1.5,307,39,15,0.8299457699661553,0.9886630513310765,0.17005423003385245,24.35419923215998,14,14,14
1.5,307,40,15,0.999999999999998,0.9999999999999994,9.103828801926284e-15,2.561320938754782e-06,15,15,15
2.0,307,15,15,0.006203928694155521,0.7026775068901184,4.459837396648224,85.4824173009526,8,6,3
2.0,307,16,15,0.025221148664416364,0.747472501121366,3.7879124831795092,80.86207157311296,8,6,3
2.0,307,17,15,0.03228168487197516,0.7621270667313478,3.5680939990297817,79.64940022620145,8,7,3
2.0,307,18,15,0.033958909545611045,0.7687021714996883,3.4694674275046737,79.38087530161961,9,7,3
2.0,307,19,15,0.04329055987706326,0.7921515555601832,3.1177266665972514,77.99108782300547,9,7,3
2.0,307,20,15,0.06593965894491118,0.7992385075756998,3.011422386364501,75.12048983248904,9,7,4
2.0,307,21,15,0.07589534158313736,0.8050703599359234,2.9239446009611494,74.0087178509636,9,7,5
2.0,307,22,15,0.08821126221140681,0.816127204016705,2.7580919397494252,72.72226653048804,9,8,5
2.0,307,23,15,0.09147505417924268,0.8199489725460393,2.700765411809413,72.39527885003268,9,8,5
2.0,307,24,15,0.09613173205352632,0.8270207318650147,2.5946890220247805,71.93768534926802,9,8,5
2.0,307,25,15,0.11036408693530345,0.8456161926174571,2.3157571107381423,70.59697637849261,9,8,5
2.0,307,26,15,0.20141196511892548,0.8549733620858829,2.1753995687117555,63.333957568592496,9,8,5
2.0,307,27,15,0.20627684984358208,0.8613138700930449,2.080291948604327,62.98799928573126,10,8,5
2.0,307,28,15,0.23131753504476754,0.8758916219722102,1.8616256704168481,61.252218864246956,10,9,6
2.0,307,29,15,0.2550273157706366,0.8831377306943431,1.7529340395848532,59.66849543299581,10,9,7
2.0,307,30,15,0.2980257927279134,0.8906942937182973,1.639585594225541,56.912623078999125,11,9,7
2.0,307,31,15,0.29832659763667063,0.8968442673332804,1.547335990000795,56.893785415422876,11,10,7
2.0,307,32,15,0.30705704413942525,0.9034493331717566,1.4482600024236523,56.34937488037084,11,10,8
2.0,307,33,15,0.31342053534156605,0.9105382230405712,1.3419266543914299,55.9552845259852,11,11,9
2.0,307,34,15,0.44414091826788954,0.9263317551423744,1.1050236728643847,48.20718482652472,12,12,10
2.0,307,35,15,0.5359572539675953,0.9454479788036152,0.8182803179457726,42.93802117206574,12,12,11
2.0,307,36,15,0.5822678454992375,0.9517088407073443,0.7243673893898329,40.2648685576891,13,12,11
2.0,307,37,15,0.6093864818989921,0.957201003178104,0.6419849523284394,38.681513259043356,13,12,12
2.0,307,38,15,0.7175990951122413,0.9703700593883263,0.4444491091751036,32.10104715056507,13,13,13
2.0,307,39,15,0.7336630970243224,0.9822442064682874,0.26633690297568957,31.069563242103712,14,14,14
2.0,307,40,15,0.9999999999999982,0.9999999999999992,1.176836406102666e-14,2.4148365394514667e-06,15,15,15
0.0,401,15,15,0.9999999999981699,0.9999999999997934,3.1019631308026874e-12,7.751023439854259e-05,15,15,15
0.0,401,16,15,0.9999999999982037,0.9999999999997988,3.0198066269804258e-12,7.67921816449035e-05,15,15,15
0.0,401,17,15,0.9999999999984543,0.9999999999998225,2.6649793483102258e-12,7.123256155098263e-05,15,15,15
0.0,401,18,15,0.9999999999988756,0.9999999999998557,2.1653789872289053e-12,6.0756058786488236e-05,15,15,15
0.0,401,19,15,0.9999999999988949,0.9999999999998617,2.072120253160392e-12,6.0231900335879045e-05,15,15,15
0.0,401,20,15,0.9999999999989007,0.9999999999998669,1.9957369090661814e-12,6.007436768419945e-05,15,15,15
0.0,401,21,15,0.9999999999989257,0.9999999999998759,1.8618440122963875e-12,5.938485182304961e-05,15,15,15
0.0,401,22,15,0.9999999999989524,0.9999999999998804,1.7952306308188781e-12,5.8643747265684634e-05,15,15,15
0.0,401,23,15,0.9999999999989875,0.9999999999998831,1.7503776206240218e-12,5.7653432178788306e-05,15,15,15
0.0,401,24,15,0.9999999999989975,0.9999999999998888,1.6693313398263854e-12,5.73682526946535e-05,15,15,15
0.0,401,25,15,0.9999999999990128,0.9999999999998935,1.5965007094109751e-12,5.692820290457343e-05,15,15,15
0.0,401,26,15,0.9999999999990747,0.9999999999998984,1.5232259897857148e-12,5.511305627937753e-05,15,15,15
0.0,401,27,15,0.9999999999990778,0.999999999999899,1.5165646516379638e-12,5.502039585742148e-05,15,15,15
0.0,401,28,15,0.999999999999095,0.9999999999999045,1.432853835581227e-12,5.450794798469078e-05,15,15,15
0.0,401,29,15,0.9999999999990952,0.9999999999999044,1.4312995233467518e-12,5.450126112359898e-05,15,15,15
0.0,401,30,15,0.9999999999991367,0.9999999999999095,1.3560264022771662e-12,5.323605600496145e-05,15,15,15
0.0,401,31,15,0.9999999999991367,0.9999999999999102,1.347144618080165e-12,5.323605600496145e-05,15,15,15
0.0,401,32,15,0.9999999999991396,0.9999999999999133,1.3029577417000837e-12,5.314698087620737e-05,15,15,15
0.0,401,33,15,0.9999999999991505,0.9999999999999171,1.2447820552097255e-12,5.280988575771863e-05,15,15,15
0.0,401,34,15,0.9999999999992608,0.9999999999999343,9.865441796819141e-13,4.926059381030111e-05,15,15,15
0.0,401,35,15,0.9999999999994333,0.9999999999999473,7.891465259035613e-13,4.313035970652455e-05,15,15,15
0.0,401,36,15,0.9999999999994773,0.9999999999999566,6.505906924303417e-13,4.142342211220004e-05,15,15,15
0.0,401,37,15,0.999999999999521,0.9999999999999599,6.019629239517599e-13,3.9652248359908213e-05,15,15,15
0.0,401,38,15,0.9999999999995908,0.9999999999999669,4.980460488468452e-13,3.66526527844743e-05,15,15,15
0.0,401,39,15,0.9999999999997629,0.9999999999999837,2.4424906541753444e-13,2.790155266088344e-05,15,15,15
0.0,401,40,15,0.9999999999999973,0.9999999999999998,6.217248937900877e-15,2.9575586669421963e-06,15,15,15
0.01,401,15,15,0.9997850870983802,0.9999745672152852,0.0003814917707204435,0.8399809435521416,15,15,15
0.01,401,16,15,0.9998214706865319,0.9999777621777798,0.000333567333303475,0.7655795481564611,15,15,15
0.01,401,17,15,0.9998326450722921,0.9999785438068952,0.0003218428965702236,0.7412317249295634,15,15,15
0.01,401,18,15,0.9998402272710167,0.9999794352303248,0.00030847154512747554,0.7242450313259208,15,15,15
0.01,401,19,15,0.9998544705216161,0.9999808404778842,0.0002873928317352892,0.6912078362424456,15,15,15
0.01,401,20,15,0.9998583119280002,0.9999812294538419,0.00028155819237141166,0.6820238061428676,15,15,15
0.01,401,21,15,0.9998629350715813,0.9999827520699759,0.00025871895036067016,0.6708041269123135,15,15,15
0.01,401,22,15,0.9998696076847298,0.9999840849104845,0.00023872634273214288,0.6542716001664246,15,15,15
0.01,401,23,15,0.9998701823146876,0.9999844735534992,0.00023289669751136444,0.6528282808463911,15,15,15
0.01,401,24,15,0.999876577291762,0.9999852950508765,0.00022057423685051258,0.6365449871088535,15,15,15
0.01,401,25,15,0.9998872900345289,0.9999873952925831,0.00018907061125483793,0.6082917821876388,15,15,15
0.01,401,26,15,0.999904726305691,0.9999887776319942,0.0001683355200878811,0.5592629273724337,15,15,15
0.01,401,27,15,0.9999109266185139,0.99998944388382,0.00015834174269735435,0.5407581203960561,15,15,15
0.01,401,28,15,0.9999202966112404,0.9999910473283439,0.00013429007484278,0.5115249187655612,15,15,15
0.01,401,29,15,0.9999279479582136,0.9999917227050137,0.00012415942479049313,0.4863523223127302,15,15,15
0.01,401,30,15,0.9999282461770979,0.9999925053339286,0.00011241999107136635,0.4853447636892954,15,15,15
0.01,401,31,15,0.9999319401844198,0.9999929332514855,0.00010600122771808884,0.47268622124629106,15,15,15
0.01,401,32,15,0.999937559053747,0.9999934742904469,9.788564329427096e-05,0.4527535769221244,15,15,15
0.01,401,33,15,0.9999379080400441,0.999994015631579,8.976552631623225e-05,0.45148654401193383,15,15,15
0.01,401,34,15,0.9999483924554584,0.9999949870670926,7.519399361011203e-05,0.41160720282584506,15,15,15
0.01,401,35,15,0.9999629430975545,0.9999962794852684,5.5807720975020736e-05,0.34878666453092677,15,15,15
0.01,401,36,15,0.9999708283385005,0.999996921566886,4.617649670890511e-05,0.3094605739554536,15,15,15
0.01,401,37,15,0.9999734291893476,0.999997216741783,4.174887325614218e-05,0.2953431876785524,15,15,15
0.01,401,38,15,0.9999847970659691,0.9999984410433822,2.3384349267741023e-05,0.22340219626292332,15,15,15
0.01,401,39,15,0.9999854553040701,0.9999990303536042,1.454469593675789e-05,0.2185123604057375,15,15,15
0.01,401,40,15,0.9999999999999989,0.9999999999999996,6.661338147750939e-15,1.9090959104164224e-06,15,15,15
0.02,401,15,15,0.9991310872109184,0.9998976754322032,0.001534868516950505,1.689171094928955,15,15,15
0.02,401,16,15,0.9992775567456043,0.9999104925983049,0.001342611025424545,1.540198899049213,15,15,15
0.02,401,17,15,0.9993225803816201,0.9999136390615172,0.0012954140772433176,1.4914220607785358,15,15,15
0.02,401,18,15,0.9993536368868388,0.9999172306968224,0.0012415395476657043,1.4568260909753978,15,15,15
0.02,401,19,15,0.9994102265901321,0.9999228037000759,0.0011579444988603083,1.3915791882566715,15,15,15
0.02,401,20,15,0.9994259218526831,0.9999243826413126,0.0011342603803120577,1.3729341321969204,15,15,15
0.02,401,21,15,0.9994456560045178,0.9999305519961336,0.001041720057995299,1.3491257738687645,15,15,15
0.02,401,22,15,0.9994722488945619,0.999935898608315,0.0009615208752756788,1.316362238541763,15,15,15
0.02,401,23,15,0.9994746753840565,0.9999374605482373,0.0009380917764424401,1.313332041259529,15,15,15
0.02,401,24,15,0.9995007696474314,0.999940777896181,0.0008883315572870698,1.280292689119177,15,15,15
0.02,401,25,15,0.9995433538309347,0.9999491652434334,0.0007625213485001892,1.2244628137656717,15,15,15
0.02,401,26,15,0.9996148262048734,0.9999548081892259,0.0006778771616120505,1.1245502915915533,15,15,15
0.02,401,27,15,0.9996400960358709,0.9999575011259441,0.0006374831108388879,1.0870311806159005,15,15,15
0.02,401,28,15,0.9996778584800972,0.9999639439313824,0.0005408410292621069,1.0284171354905316,15,15,15
0.02,401,29,15,0.9997085095106326,0.999966653865102,0.0005001920234708468,0.9782636762824902,15,15,15
0.02,401,30,15,0.9997096698252929,0.9999697945099607,0.0004530823505868309,0.9763144949715485,15,15,15
0.02,401,31,15,0.9997246278244772,0.9999715207544047,0.000427188683930102,0.9508293836608195,15,15,15
0.02,401,32,15,0.9997475815452411,0.9999737145338086,0.00039428199287105947,0.9103354529782249,15,15,15
0.02,401,33,15,0.9997489852920844,0.9999758941789206,0.0003615873161907368,0.9078004375579899,15,15,15
0.02,401,34,15,0.9997914550588503,0.9999798197140405,0.00030270428939149774,0.82744199385737,15,15,15
0.02,401,35,15,0.9998500209602941,0.9999850079203662,0.00022488119450625454,0.7016956320596512,15,15,15
0.02,401,36,15,0.999881781225752,0.9999875953469934,0.0001860697951016066,0.6229804466475163,15,15,15
0.02,401,37,15,0.9998923589746327,0.999988787544991,0.00016818682513242145,0.5944554829165277,15,15,15
0.02,401,38,15,0.9999385079479866,0.9999937274608072,9.408808789190815e-05,0.4493001632416315,15,15,15
0.02,401,39,15,0.9999411268813997,0.9999960751254259,5.887311861030309e-05,0.4396280706335416,15,15,15
0.02,401,40,15,0.9999999999999978,0.9999999999999996,8.881784197001252e-15,2.699869328381916e-06,15,15,15
0.03,401,15,15,0.998024539589106,0.9997684642173155,0.0034730367402689977,2.5474161042888683,15,15,15
0.03,401,16,15,0.9983560725068438,0.9997973790625779,0.0030393140613319547,2.3237158750177462,15,15,15
0.03,401,17,15,0.9984580814500491,0.9998045024135558,0.0029324637966620104,2.250427467534137,15,15,15
0.03,401,18,15,0.9985295772188291,0.9998126417043722,0.0028103744344162296,2.1976080328839895,15,15,15
0.03,401,19,15,0.9986559637924987,0.9998250697639481,0.002623953540779156,2.1009970819610966,15,15,15
0.03,401,20,15,0.9986920174752505,0.9998286741645118,0.0025698875323252324,2.072613504744785,15,15,15
0.03,401,21,15,0.9987392563689227,0.9998427350581948,0.002358974127077862,2.0348262040343297,15,15,15
0.03,401,22,15,0.9987988968618768,0.9998547980454863,0.002178029317707053,1.986093821143348,15,15,15
0.03,401,23,15,0.998804643684412,0.9998583289506402,0.0021250657403980577,1.9813348722798776,15,15,15
0.03,401,24,15,0.9988645152622596,0.9998658642458474,0.0020120363122861917,1.9310588367977093,15,15,15
0.03,401,25,15,0.9989597345225918,0.9998847027467702,0.0017294587984477694,1.8482897331854469,15,15,15
0.03,401,26,15,0.9991244340920475,0.9998976551483373,0.0015351727749401967,1.6956274938847014,15,15,15
0.03,401,27,15,0.9991823297427375,0.9999037759472096,0.001443360791856474,1.6385923969325025,15,15,15
0.03,401,28,15,0.9992679164752364,0.9999183354648028,0.0012249680279559083,1.5504435308053417,15,15,15
0.03,401,29,15,0.9993369501671935,0.9999244495660877,0.0011332565086844548,1.4755153169829593,15,15,15
0.03,401,30,15,0.9993394838485969,0.9999315375941233,0.0010269360881510758,1.4726928375199853,15,15,15
0.03,401,31,15,0.999373527540461,0.9999354534394927,0.0009681984076104211,1.4342305871201946,15,15,15
0.03,401,32,15,0.9994262552845816,0.999940456437159,0.0008931534426150911,1.3725352891658638,15,15,15
0.03,401,33,15,0.9994294292948666,0.9999453928130992,0.0008191078035127974,1.368732801757759,15,15,15
0.03,401,34,15,0.9995261153699051,0.9999543115579588,0.0006853266306180439,1.2473641293708655,15,15,15
0.03,401,35,15,0.9996586636019851,0.9999660245060037,0.0005096324099460592,1.058616461213109,15,15,15
0.03,401,36,15,0.9997305759555192,0.9999718867926938,0.00042169810959424847,0.9405032736283069,15,15,15
0.03,401,37,15,0.9997547620729559,0.9999745948151744,0.00038107777238349794,0.8972928417708984,15,15,15
0.03,401,38,15,0.9998600747895182,0.9999858024266923,0.0002129635996143131,0.6777675087038204,15,15,15
0.03,401,39,15,0.9998659439522696,0.9999910629301506,0.00013405604774063828,0.6634001140213328,15,15,15
0.03,401,40,15,0.9999999999999984,0.9999999999999992,1.1324274851176597e-14,2.2588727439225506e-06,15,15,15
0.05,401,15,15,0.9944032953532579,0.9993498735876656,0.00975189618501493,4.290370162022128,15,15,15
0.05,401,16,15,0.995334047916054,0.9994305448079601,0.008541827880598762,3.91679716580633,15,15,15
0.05,401,17,15,0.9956210268179092,0.999450561292704,0.008241580609440136,3.794252648457436,15,15,15
0.05,401,18,15,0.9958283777175265,0.9994734847871561,0.00789772819265755,3.7032031458304018,15,15,15
0.05,401,19,15,0.9961735721610631,0.9995073609523689,0.007389585714463132,3.54647376642471,15,15,15
0.05,401,20,15,0.9962778111031456,0.9995176603326645,0.007235095010030945,3.497773044431559,15,15,15
0.05,401,21,15,0.9964251007056774,0.9995577314603185,0.006634028095226396,3.4277855066880867,15,15,15
0.05,401,22,15,0.9965898842644808,0.9995914117971261,0.006128823043110465,3.3477601341540106,15,15,15
0.05,401,23,15,0.9966074352441837,0.999601311119866,0.005980333202007526,3.3391242029702184,15,15,15
0.05,401,24,15,0.99678017814082,0.9996226416448319,0.00566037532751984,3.2529088102908728,15,15,15
0.05,401,25,15,0.9970413518172934,0.9996747642088789,0.004878536866814387,3.1180543573617707,15,15,15
0.05,401,26,15,0.9975204171997022,0.999712163456927,0.0043175481460933085,2.854247186255231,15,15,15
0.05,401,27,15,0.9976868712501712,0.999729498014537,0.004057529781943958,2.756703817604687,15,15,15
0.05,401,28,15,0.9979279002469197,0.9997702721523056,0.0034459177154142484,2.609023912505264,15,15,15
0.05,401,29,15,0.9981197541325824,0.999787329728617,0.0031900540707435754,2.485227464945549,15,15,15
0.05,401,30,15,0.9981263408547111,0.9998071297938537,0.0028930530921954523,2.4808678968828586,15,15,15
0.05,401,31,15,0.9982228695701085,0.9998181743903473,0.002727384144791789,2.4160782791234094,15,15,15
0.05,401,32,15,0.9983753764330852,0.9998324448114507,0.0025133278282407634,2.310024952663378,15,15,15
0.05,401,33,15,0.9983842589969448,0.9998463356940889,0.0023049645886672465,2.3036978985849705,15,15,15
0.05,401,34,15,0.99865854002012,0.9998715628603247,0.001926557095127901,2.0989816348005244,15,15,15
0.05,401,35,15,0.9990307239865832,0.9999043025166672,0.0014354622499920255,1.7840891358554278,15,15,15
0.05,401,36,15,0.9992326555315113,0.9999207929669744,0.0011881054953866155,1.5873524757492448,15,15,15
0.05,401,37,15,0.9993019199327199,0.9999284540379832,0.0010731894302512535,1.5139997129307832,15,15,15
0.05,401,38,15,0.9996022776303931,0.9999600747232457,0.0005988791513157343,1.1427242239593114,15,15,15
0.05,401,39,15,0.9996185117490769,0.9999745674499383,0.00038148825092576555,1.1191565295015606,15,15,15
0.05,401,40,15,0.9999999999999991,1.0,1.3322676295501878e-15,1.7075472925031877e-06,15,15,15
0.075,401,15,15,0.987119788772497,0.998518984861766,0.022215227073509536,6.516596943076307,15,15,14
0.075,401,16,15,0.9892364554806014,0.9987011643873618,0.019482534189571576,5.955009691698017,15,15,14
0.075,401,17,15,0.9898909663860729,0.9987467784902795,0.01879832264580683,5.770479418954839,15,15,14
0.075,401,18,15,0.9903809170663189,0.9987991918107241,0.018012122839136557,5.628441910280376,15,15,15
0.075,401,19,15,0.991138430162831,0.9988734794605073,0.01689780809239072,5.401588311359326,15,15,15
0.075,401,20,15,0.9913843137052079,0.9988974529567858,0.016538205648210402,5.325902048360635,15,15,15
0.075,401,21,15,0.9917618108991886,0.9989904960937515,0.01514255859372593,5.207588031181366,15,15,15
0.075,401,22,15,0.9921308333554099,0.9990667063102201,0.013999405346699634,5.089302243610639,15,15,15
0.075,401,23,15,0.9921747052793026,0.9990892302968833,0.013661545546748366,5.075058234126215,15,15,15
0.075,401,24,15,0.992581352120354,0.9991383533339852,0.012924699990222166,4.941097888146369,15,15,15
0.075,401,25,15,0.9931594973955279,0.9992549449444535,0.011175825833195985,4.744200308021109,15,15,15
0.075,401,26,15,0.9942975235411768,0.9993430577821989,0.009854133267014675,4.3307987995352875,15,15,15
0.075,401,27,15,0.9946871984099213,0.9993829440730309,0.009255838904537073,4.1799369961531285,15,15,15
0.075,401,28,15,0.9952379673539329,0.9994755233369345,0.007867149945986474,3.956982298424596,15,15,15
0.075,401,29,15,0.9956686340677359,0.9995140265811909,0.00728960128213485,3.7735410989069114,15,15,15
0.075,401,30,15,0.995682102295292,0.9995588521608539,0.006617217587194579,3.767661201314977,15,15,15
0.075,401,31,15,0.9959038999783488,0.999584127231055,0.006238091534173873,3.6694826687102524,15,15,15
0.075,401,32,15,0.9962640644092537,0.9996172827687211,0.005740758469182317,3.5042340860071035,15,15,15
0.075,401,33,15,0.9962841357570124,0.9996490389994874,0.005264415007687595,3.494796421112441,15,15,15
0.075,401,34,15,0.9969147151038601,0.9997069466654775,0.004395800017838125,3.184152375193481,15,15,15
0.075,401,35,15,0.9977620504120818,0.99978111674971,0.0032832487543508204,2.7115018393793426,15,15,15
0.075,401,36,15,0.9982210075684491,0.9998187135940547,0.00271929608918009,2.417344430931136,15,15,15
0.075,401,37,15,0.9983823872842018,0.9998363242266904,0.002455136599645469,2.3050325614653007,15,15,15
0.075,401,38,15,0.9990783661951008,0.9999087168690437,0.0013692469643478145,1.73967676476582,15,15,15
0.075,401,39,15,0.9991149404921165,0.9999409960328068,0.0008850595078961909,1.7047980969580319,15,15,15
0.075,401,40,15,0.999999999999998,0.999999999999999,1.2656542480726785e-14,2.561320938754782e-06,15,15,15
0.1,401,15,15,0.9766364902997297,0.9973378687795146,0.039931968307280186,8.792197963521284,15,15,14
0.1,401,16,15,0.9804285543492953,0.9976622562434464,0.03506615634830512,8.041943008978752,15,15,14
0.1,401,17,15,0.9816048932951789,0.9977442227600535,0.03383665859919749,7.794968117057638,15,15,14
0.1,401,18,15,0.9825147913982292,0.997838766215109,0.03241850677336389,7.598569783385188,15,15,14
0.1,401,19,15,0.9838225824247874,0.9979671818073595,0.030492272889606653,7.307270750711472,15,15,14
0.1,401,20,15,0.9842793209739222,0.9980111918605675,0.029832122091487112,7.202823950685166,15,15,14
0.1,401,21,15,0.9850330526330418,0.9981817290770756,0.027274063843864882,7.027139688048688,15,15,14
0.1,401,22,15,0.9856873458789124,0.9983178611066433,0.025232083400352323,6.871067027366495,15,15,14
0.1,401,23,15,0.9857728334482305,0.998358327648678,0.024625085269828206,6.850417673865424,15,15,14
0.1,401,24,15,0.9865272967125589,0.998447662905278,0.02328505642083134,6.665458754227099,15,15,14
0.1,401,25,15,0.987537849358703,0.9986535074013657,0.020197388979514286,6.4095172642882545,15,15,14
0.1,401,26,15,0.9896656786930106,0.9988170626907139,0.0177440596392916,5.834645659870475,15,15,14
0.1,401,27,15,0.9903837031854519,0.9988894219503771,0.016658670744342907,5.627624094476543,15,15,15
0.1,401,28,15,0.9913760878964071,0.999055291107075,0.014170633393875032,5.328451240464597,15,15,15
0.1,401,29,15,0.9921373247445259,0.9991237867319546,0.01314319902068406,5.087197155315947,15,15,15
0.1,401,30,15,0.9921587380565282,0.9992038912011544,0.011941631982683054,5.080246927063308,15,15,15
0.1,401,31,15,0.9925592036620107,0.9992494749620299,0.011257875569551934,4.948486610387464,15,15,15
0.1,401,32,15,0.9932295750132372,0.9993102574270084,0.010346138594872767,4.719781336181222,15,15,15
0.1,401,33,15,0.9932651853269604,0.9993676015205928,0.00948597719110944,4.707324609133694,15,15,15
0.1,401,34,15,0.9944043480288347,0.9994722930384458,0.007915604423312184,4.289965902721846,15,15,15
0.1,401,35,15,0.9959256923003937,0.9996049106281133,0.005926340578301992,3.6596950155525394,15,15,15
0.1,401,36,15,0.9967465669755099,0.9996724362455149,0.004913456317273579,3.269861369724082,15,15,15
0.1,401,37,15,0.9970425742458969,0.9997043662268161,0.004434506597755017,3.117409508963769,15,15,15
0.1,401,38,15,0.9983115793445306,0.9998349905282933,0.002475142075601955,2.354969291476045,15,15,15
0.1,401,39,15,0.9983771289781767,0.9998918085985443,0.001622871021834893,2.3087779840796774,15,15,15
0.1,401,40,15,0.9999999999999973,0.9999999999999993,9.103828801926284e-15,2.9575586669421963e-06,15,15,15
0.125,401,15,15,0.9628504123284525,0.9958005433123714,0.06299185031442733,11.112864138318205,15,15,13
0.125,401,16,15,0.96880312609185,0.9963070835992696,0.05539374601095515,10.173316590652973,15,15,13
0.125,401,17,15,0.9706563251164153,0.996436263357653,0.053456049635206226,9.863409835145378,15,15,13
0.125,401,18,15,0.9721339240629187,0.9965858913880637,0.051211629179043205,9.60944899084671,15,15,13
0.125,401,19,15,0.974109798004416,0.9967805347531644,0.04829197870253421,9.259390397886735,15,15,13
0.125,401,20,15,0.9748527775409191,0.9968513948716954,0.047229076924569346,9.124411874635992,15,15,13
0.125,401,21,15,0.9761587313173885,0.9971257574517601,0.04311363822359815,8.882358323012731,15,15,14
0.125,401,22,15,0.9771802075842239,0.9973392783774059,0.03991082433891391,8.688488405684257,15,15,14
0.125,401,23,15,0.9773248013090501,0.9974031203405893,0.038953194891161225,8.660705834739982,15,15,14
0.125,401,24,15,0.9785519448656126,0.9975458097579545,0.03681285363068165,8.42134400908415,15,15,14
0.125,401,25,15,0.9801032433813103,0.9978648617766884,0.032027073349672364,8.108949111984279,15,15,14
0.125,401,26,15,0.9835859451727359,0.9981308599016103,0.028037101475845816,7.3608145657289095,15,15,14
0.125,401,27,15,0.9847442111405007,0.9982459669150072,0.026310496274893902,7.09496810347514,15,15,14
0.125,401,28,15,0.986312354140616,0.9985067903679116,0.022398144481325488,6.718661601457165,15,15,14
0.125,401,29,15,0.9874907317189076,0.9986136034882142,0.02079594767678583,6.421673470236759,15,15,14
0.125,401,30,15,0.9875201086227988,0.9987392941056371,0.018910588415443907,6.414096978367689,15,15,14
0.125,401,31,15,0.9881519243004995,0.9988113485429714,0.01782977185542811,6.248962018830193,15,15,14
0.125,401,32,15,0.9892456321327543,0.9989091298509282,0.016363052236076814,5.952461449030489,15,15,14
0.125,401,33,15,0.9893007674749849,0.9990001108493611,0.01499833725958466,5.937128353205937,15,15,14
0.125,401,34,15,0.9910990543234659,0.9991658906747645,0.012511639878532432,5.413611582604245,15,15,15
0.125,401,35,15,0.9934952528420264,0.999374061875869,0.009389071861966802,4.626044421204203,15,15,15
0.125,401,36,15,0.994780108877632,0.9994803174714668,0.007795237927995191,4.143161937178634,15,15,15
0.125,401,37,15,0.9952555424195766,0.9995311032214538,0.007033451678193581,3.9496619915546693,15,15,15
0.125,401,38,15,0.9972805318274445,0.9997377018423882,0.003934472364179542,2.9892460280406237,15,15,15
0.125,401,39,15,0.9973844175022277,0.999825627833482,0.0026155824977749376,2.9315435325944024,15,15,15
0.125,401,40,15,0.9999999999999989,0.9999999999999998,3.552713678800501e-15,1.9090959104164224e-06,15,15,15
0.15,401,15,15,0.9457118344509328,0.9939047392954816,0.09142891056777447,13.473653386824115,15,14,13
0.15,401,16,15,0.9542968057113578,0.9946320330482892,0.08051950427566157,12.3441415698503,15,15,13
0.15,401,17,15,0.9569800791604955,0.9948192418913624,0.07771137162956365,11.970757649059145,15,15,13
0.15,401,18,15,0.9591805380796219,0.9950370678846276,0.07444398173058442,11.656176791090434,15,15,13
0.15,401,19,15,0.9619199427411245,0.995308327770266,0.07037508344601062,11.252967627065901,15,15,13
0.15,401,20,15,0.9630295022250897,0.9954132267299601,0.06880159905059813,11.08570528247426,15,15,13
0.15,401,21,15,0.965090708853312,0.995819345530934,0.06270981703599188,10.768443822246581,15,15,13
0.15,401,22,15,0.9665627237036499,0.9961276832284639,0.05808475157304094,10.53631103380903,15,15,13
0.15,401,23,15,0.9667855079319043,0.9962204050154494,0.05669392476825674,10.500752259144981,15,15,14
0.15,401,24,15,0.9686202545453317,0.9964302628485655,0.053546057271518066,10.203408580554866,15,15,14
0.15,401,25,15,0.970813051319872,0.9968854676506866,0.04671798523970028,9.836771456995658,15,15,14
0.15,401,26,15,0.9760444601493314,0.9972828267455607,0.040757598816591134,8.903792047590569,15,15,14
0.15,401,27,15,0.9777594780354448,0.9974511647394259,0.03823252890861306,8.576660792173776,15,15,14
0.15,401,28,15,0.9800378555828488,0.9978285771761388,0.032571342357916144,8.122352455994896,15,15,14
0.15,401,29,15,0.9817126912227626,0.9979816699857367,0.030274950213950547,7.771953207838539,15,15,14
0.15,401,30,15,0.9817490487336707,0.998163247624038,0.027551285639429768,7.764175857261988,15,15,14
0.15,401,31,15,0.9826620916756258,0.9982679042877742,0.025981435683386622,7.566307692273434,15,15,14
0.15,401,32,15,0.984301866547143,0.9984126138964374,0.02381079155343735,7.197629825727892,15,15,14
0.15,401,33,15,0.9843799116728248,0.9985456016599996,0.021815975100005214,7.179621122469295,15,15,14
0.15,401,34,15,0.9869802882090533,0.9987866478042158,0.018200282936764456,6.551945064340068,15,15,14
0.15,401,35,15,0.9904519929280188,0.9990874429993394,0.013688355009912279,5.6075420445876105,15,15,15
0.15,401,36,15,0.9922969834316795,0.999241021028299,0.011384684575513448,5.035147448087087,15,15,15
0.15,401,37,15,0.9929980811542026,0.9993153131021125,0.010270303468311925,4.799978486319542,15,15,15
0.15,401,38,15,0.9959630154749843,0.9996155967317915,0.005766049023127162,3.642871188456558,15,15,15
0.15,401,39,15,0.996115556041717,0.999741037069447,0.003884443958293904,3.5732930053794267,15,15,15
0.15,401,40,15,0.999999999999998,0.9999999999999992,1.0658141036401503e-14,2.561320938754782e-06,15,15,15
0.175,401,15,15,0.9252309052276148,0.9916523713525975,0.12521442971103514,15.869032995934257,15,14,13
0.175,401,16,15,0.9368965965703421,0.9926370812825006,0.11044378076249506,14.548764694985506,15,14,13
0.175,401,17,15,0.9405587061151915,0.9928929283355555,0.10660607496666741,14.111274330794624,15,14,13
0.175,401,18,15,0.9436412675500273,0.9931920465815438,0.10211930127684576,13.733133482094559,15,14,13
0.175,401,19,15,0.9472158318074508,0.9935485451001447,0.09677182349783309,13.282239076089905,15,14,13
0.175,401,20,15,0.9487756794451363,0.9936949477973458,0.09457578303981473,13.080976037142328,15,14,13
0.175,401,21,15,0.9518177534155419,0.9942620444444366,0.08606933333345101,12.679934389606824,15,15,13
0.175,401,22,15,0.953825418460315,0.994682459917666,0.07976310123500763,12.408646590689656,15,15,13
0.175,401,23,15,0.954146331808619,0.9948095833205929,0.07785625019110898,12.364766804431904,15,15,13
0.175,401,24,15,0.9567325089558734,0.9951010237189422,0.07348464421586809,12.005664394921348,15,15,13
0.175,401,25,15,0.9596594128420477,0.9957141325778438,0.06428801133234152,11.586649406075397,15,15,14
0.175,401,26,15,0.9670549536660759,0.9962732215265213,0.055901677102180525,10.457591579873554,15,15,14
0.175,401,27,15,0.9694453708858909,0.9965053169785366,0.052420245321950665,10.066951164509506,15,15,14
0.175,401,28,15,0.9725666434542357,0.9970206929662494,0.044689605506259555,9.533844856338582,15,15,14
0.175,401,29,15,0.9748080274035191,0.9972275283294636,0.04158707505804604,9.132596228223635,15,15,14
0.175,401,30,15,0.9748495036400943,0.9974752272660473,0.03787159100929105,9.125010878822485,15,15,14
0.175,401,31,15,0.9760886211628327,0.997618464339368,0.035723034909481366,8.895514736775512,15,15,14
0.175,401,32,15,0.9784054035046502,0.9978204896088668,0.032692655866996545,8.450273666056951,15,15,14
0.175,401,33,15,0.9785088865735753,0.9980041688960198,0.02993746655970153,8.429854419553573,15,15,14
0.175,401,34,15,0.9820405906301028,0.9983341783336447,0.02498732499532985,7.701534208987456,15,15,14
0.175,401,35,15,0.9867860712164047,0.9987445025194447,0.018832462208329792,6.600848081412327,15,15,14
0.175,401,36,15,0.9892782363600487,0.9989535898324285,0.01569615251356893,5.943398949554777,15,15,14
0.175,401,37,15,0.9902517053174237,0.9990560918710844,0.014158621933730853,5.6662417243737275,15,15,15
0.175,401,38,15,0.9943365750145363,0.9994673945280828,0.007989082078757814,4.315916113813486,15,15,15
0.175,401,39,15,0.9945492285382231,0.9996366152358812,0.005450771461782411,4.233961942978515,15,15,15
0.175,401,40,15,0.9999999999999982,0.9999999999999999,4.6629367034256575e-15,2.4148365394514667e-06,15,15,15
0.2,401,15,15,0.9014821662091725,0.9890498698086672,0.16425195286999372,18.292942515859053,15,14,12
0.2,401,16,15,0.916644686083143,0.9903261478258432,0.14510778261235258,16.780933075076604,15,14,12
0.2,401,17,15,0.9214273023498338,0.9906608684584863,0.14008697312270513,16.278601037732166,15,14,12
0.2,401,18,15,0.925551750145561,0.9910541598541822,0.13418760218726544,15.834052120651345,15,14,12
0.2,401,19,15,0.9300085982539495,0.9915027394032717,0.12745890895092604,15.340743115699526,15,14,13
0.2,401,20,15,0.93210390531712,0.991698266941435,0.12452599587847635,15.103814839608866,15,14,13
0.2,401,21,15,0.9363691820798907,0.9924564530004045,0.11315320499393411,14.610784292288042,15,14,13
0.2,401,22,15,0.9389994060002793,0.9930058994315111,0.104911508527334,14.299052212517966,15,14,13
0.2,401,23,15,0.9394384022683823,0.9931729010235036,0.10240648464744839,14.246415777219843,15,14,13
0.2,401,24,15,0.9429273475492266,0.9935608442418269,0.09658733637259576,13.821557721668203,15,14,13
0.2,401,25,15,0.9466722214518014,0.9943522292281205,0.08471656157819396,13.351717896484098,15,14,13
0.2,401,26,15,0.9566601930906029,0.9951042987899809,0.07343551815028826,12.01584273494114,15,15,13
0.2,401,27,15,0.9598440566789608,0.9954105416594567,0.06884187510814976,11.559735626260725,15,15,13
0.2,401,28,15,0.9639367615610973,0.9960847488920695,0.05872876661895432,10.947137125191345,15,15,14
0.2,401,29,15,0.9668037742774854,0.9963521655191359,0.054717517212960254,10.497831652264296,15,15,14
0.2,401,30,15,0.966847831668102,0.9966760941579894,0.04985858763015749,10.490784119465443,15,15,14
0.2,401,31,15,0.96845058673701,0.9968636114907903,0.04704582763814624,10.231252075920137,15,15,14
0.2,401,32,15,0.9715817357910257,0.9971336720470059,0.04299491929491295,9.705103353682293,15,15,14
0.2,401,33,15,0.9717120696469401,0.9973770374499226,0.03934443825116063,9.682607852523562,15,15,14
0.2,401,34,15,0.9762844518727893,0.9978088638100552,0.032867042849170414,8.858719072355692,15,15,14
0.2,401,35,15,0.9824974580791428,0.998345325559503,0.024820116607458087,7.602357380141375,15,15,14
0.2,401,36,15,0.9857115535511156,0.9986175068155376,0.020737397766935395,6.86522589465728,15,15,14
0.2,401,37,15,0.9870034992154847,0.99875290759155,0.018706386126749464,6.5460766222920785,15,15,14
0.2,401,38,15,0.9923791414080259,0.9992918262057703,0.010622606913446075,5.008154843473806,15,15,15
0.2,401,39,15,0.9926646289716355,0.9995109752647753,0.007335371028370008,4.913218302242357,15,15,15
0.2,401,40,15,0.9999999999999978,0.9999999999999997,9.103828801926284e-15,2.699869328381916e-06,15,15,15
0.25,401,15,15,0.8448100494854194,0.982843513091941,0.257347303620887,23.199978035156345,14,14,11
0.25,401,16,15,0.8680436235820801,0.9847927836155409,0.22810824576688604,21.300416459952647,14,14,11
0.25,401,17,15,0.8754513052689359,0.9853136386219717,0.2202954206704244,20.66568729948149,14,14,11
0.25,401,18,15,0.8821229069117815,0.9859320551445573,0.21101917283164306,20.080028567518138,14,14,11
0.25,401,19,15,0.8883889118084152,0.9865784029306994,0.2013239560395108,19.516752303726932,14,14,11
0.25,401,20,15,0.8918055117502294,0.9868949754853529,0.1965753677197064,19.203801603332018,14,14,11
0.25,401,21,15,0.8992750907042592,0.988126783267865,0.17809825098202625,18.504061473080874,14,14,12
0.25,401,22,15,0.9034168298279652,0.9889831410786992,0.16525288381951153,18.106142499706195,15,14,12
0.25,401,23,15,0.9041474617625103,0.9892458051918381,0.16131292212243054,18.035163101861155,15,14,12
0.25,401,24,15,0.9099178554641641,0.9898729591750618,0.15190561237407207,17.465824416281514,15,14,12
0.25,401,25,15,0.9155122025667364,0.9910755970835434,0.13386604374684907,16.89794328876673,15,14,12
0.25,401,26,15,0.9319707382084161,0.9923075941320512,0.11538608801923378,15.118972695122942,15,14,12
0.25,401,27,15,0.9370787630395625,0.9927918194391392,0.10812270841290983,14.527287304629795,15,14,12
0.25,401,28,15,0.9434715128042686,0.9938429767861506,0.09235534820774183,13.754206336128112,15,14,13
0.25,401,29,15,0.9477158791297188,0.9942490658712121,0.08626401193181754,13.218029128645775,15,14,13
0.25,401,30,15,0.9477562324862009,0.9947549883016278,0.07867517547558356,13.21283482281846,15,14,13
0.25,401,31,15,0.9501592389594001,0.9950464692222802,0.0743029616657992,12.900019317723494,15,15,14
0.25,401,32,15,0.955345795073263,0.9954853251878947,0.06772012218157963,12.199450105934524,15,15,14
0.25,401,33,15,0.9555284316936338,0.995876274538077,0.061855881928843504,12.17409338978288,15,15,14
0.25,401,34,15,0.9624023372554501,0.996545218560414,0.05182172159378928,11.180540006034533,15,15,14
0.25,401,35,15,0.9721036102460355,0.9973819582402309,0.03927062639653833,9.614723932071291,15,15,14
0.25,401,36,15,0.9769222031811052,0.9977997660912994,0.033003508630511824,8.737849279809156,15,15,14
0.25,401,37,15,0.9789812831514909,0.9980146061969871,0.02978090704519365,8.336024465157683,15,15,14
0.25,401,38,15,0.9873889289472868,0.9988538196261025,0.0171927056084602,6.447861332570326,15,15,14
0.25,401,39,15,0.9878635316576584,0.9991909021105094,0.012136468342359374,6.324864101772502,15,15,14
0.25,401,40,15,0.9999999999999978,0.999999999999999,1.2656542480726785e-14,2.699869328381916e-06,15,15,15
0.3,401,15,15,0.7775790407439765,0.9754284044383594,0.3685739334246091,28.139198134550846,14,13,10
0.3,401,16,15,0.8099697070679248,0.9781455317715021,0.32781702342746866,25.844144846017603,14,13,10
0.3,401,17,15,0.8204241000528102,0.978885001689095,0.3167249746635751,25.072451620303767,14,13,10
0.3,401,18,15,0.8301994672965494,0.9797725397536474,0.3034119036952875,24.334847544986907,14,13,10
0.3,401,19,15,0.8381853060397801,0.9806242367110152,0.2906364493347744,23.719661622566207,14,13,10
0.3,401,20,15,0.8432248297471223,0.9810906476131449,0.2836402858028265,23.325139216134932,14,13,10
0.3,401,21,15,0.8548797719424647,0.9829143190809633,0.2562852137855497,22.392322737061946,14,13,11
0.3,401,22,15,0.8608905895367572,0.9841376752810128,0.2379348707848069,21.899132822915593,14,14,11
0.3,401,23,15,0.8619710147579009,0.9845156482170503,0.23226527674424502,21.809545912666522,14,14,11
0.3,401,24,15,0.8706759393936452,0.9854446769411705,0.21832984588244375,21.076648712355137,14,14,11
0.3,401,25,15,0.8783353917193263,0.9871191652014404,0.19321252197839323,20.41421296786386,14,14,11
0.3,401,26,15,0.902870160410707,0.9889495454459619,0.16575681831057143,18.15909360694569,15,14,11
0.3,401,27,15,0.9102954583497797,0.98964705983236,0.1552941025145972,17.428004700931844,15,14,11
0.3,401,28,15,0.9193940070834368,0.9911461301950227,0.13280804707465788,16.493821329325808,15,14,12
0.3,401,29,15,0.9250900523679737,0.9917085747673197,0.12437137849020508,15.884368014808706,15,14,12
0.3,401,30,15,0.9251163746640253,0.9924340000183646,0.113489999724532,15.88150324506766,15,14,12
0.3,401,31,15,0.928333647343038,0.9928462309046043,0.10730653643093502,15.527789336452752,15,14,12
0.3,401,32,15,0.936142970664456,0.9934967109045172,0.09754933643224517,14.637311442534795,15,14,12
0.3,401,33,15,0.9363650226228898,0.9940749405993778,0.08887589100933269,14.611272455842188,15,14,13
0.3,401,34,15,0.9456100178410065,0.9950144420300494,0.07478336954925668,13.486520688317581,15,14,14
0.3,401,35,15,0.9594732470253929,0.9962112562239215,0.05683115664117544,11.613725360527845,15,15,14
0.3,401,36,15,0.9659818145501636,0.9967936464702165,0.048095302946750684,10.628496291491702,15,15,14
0.3,401,37,15,0.9689564842766918,0.9971046721877533,0.04342991718369904,10.148015233698604,15,15,14
0.3,401,38,15,0.9808484247585406,0.9982932077430399,0.025601883854402208,7.954647857806822,15,15,14
0.3,401,39,15,0.9815783445288291,0.9987718896352551,0.018421655471174248,7.800626128103521,15,15,14
0.3,401,40,15,0.9999999999999984,0.9999999999999999,3.774758283725532e-15,2.2588727439225506e-06,15,15,15
0.35,401,15,15,0.7025214039202661,0.9670089128649816,0.49486630702527534,33.053095136109334,14,13,9
0.35,401,16,15,0.7446796472640806,0.9705557608021882,0.441663587967178,30.350760720029328,14,13,9
0.35,401,17,15,0.7584701903687554,0.9715381890940963,0.42692716358855365,29.436379424979897,14,13,9
0.35,401,18,15,0.7717912140807137,0.9727305244200174,0.4090421336997425,28.536077565167016,14,13,9
0.35,401,19,15,0.7812595707295591,0.9737845926620989,0.3932311100685153,27.88490359403983,14,13,10
0.35,401,20,15,0.7881529748757959,0.974425713006602,0.38361430490096926,27.404429977843893,14,13,10
0.35,401,21,15,0.804825510981584,0.976947246054895,0.3457913091765762,26.21786307167712,14,13,10
0.35,401,22,15,0.8130498205442743,0.9785891436698778,0.32116284495183256,25.618528112073136,14,13,10
0.35,401,23,15,0.814509796060015,0.9790993420649429,0.3135098690258582,25.511086597865937,14,13,10
0.35,401,24,15,0.8267989461373928,0.9803921381727723,0.29411792740841747,24.59328998423998,14,13,11
0.35,401,25,15,0.8366502184592479,0.9825823735367724,0.2612643969484142,23.83884598049443,14,14,11
0.35,401,26,15,0.8705858607011723,0.9851115529193147,0.22332670621027984,21.084337934351282,14,14,11
0.35,401,27,15,0.8806187172393242,0.9860503786083854,0.2092443208742193,20.213295424202396,14,14,11
0.35,401,28,15,0.892716307167969,0.9880553294753222,0.17917005787016838,19.119646241081906,14,14,12
0.35,401,29,15,0.8998243269862297,0.9887847916821638,0.16822812476754068,18.451717817183646,14,14,12
0.35,401,30,15,0.8998333023969702,0.9897642393960506,0.15353640905924204,18.45086137980281,14,14,12
0.35,401,31,15,0.9037653029412589,0.9903088177832239,0.14536773325164254,18.07231908308632,15,14,12
0.35,401,32,15,0.9147237008788032,0.9912102037988044,0.13184694301793187,16.97899270851519,15,14,12
0.35,401,33,15,0.914958832101234,0.9920180835091884,0.1197287473621742,16.954859472163978,15,14,12
0.35,401,34,15,0.9263440724993572,0.993245966623354,0.10131050064969138,15.747369088995312,15,14,13
0.35,401,35,15,0.9449475624919679,0.9948562151797918,0.07715677230312423,13.569964352156571,15,14,13
0.35,401,36,15,0.9530602382457912,0.9956126683396244,0.06580997490563445,12.512691132338267,15,15,14
0.35,401,37,15,0.9570539981522582,0.9960339596342868,0.0594906054857004,11.960316682405134,15,15,14
0.35,401,38,15,0.9726590393868542,0.997604274621596,0.03593588067606235,9.517626674925735,15,15,14
0.35,401,39,15,0.9737180135497759,0.9982478675699848,0.026281986450230943,9.329807481248434,15,15,14
0.35,401,40,15,0.9999999999999978,0.9999999999999997,7.327471962526033e-15,2.699869328381916e-06,15,15,15
0.4,401,15,15,0.6228939331940047,0.9578297261683688,0.6325541074744654,37.88580052350014,13,12,9
0.4,401,16,15,0.6749445772166212,0.962235141786311,0.5664728732053341,34.7597322717366,13,13,9
0.4,401,17,15,0.6922129180306735,0.9634754990764686,0.5478675138529701,33.69594995430082,13,13,9
0.4,401,18,15,0.7093738355031038,0.9649982875465039,0.5250256868024435,32.62222602710366,13,13,9
0.4,401,19,15,0.7199847032802694,0.966244189189639,0.5063371621554166,31.949035413891096,13,13,10
0.4,401,20,15,0.7288621416383974,0.9670791172753497,0.4938132408697554,31.379821561364086,13,13,10
0.4,401,21,15,0.751125867251402,0.9703845178191063,0.44423223271340617,29.925457145781845,14,13,10
0.4,401,22,15,0.7618701922349284,0.9724851722323683,0.41272241651447517,29.208257399313183,14,13,10
0.4,401,23,15,0.763705315844701,0.9731410751573021,0.4028838726404683,29.08466599328389,14,13,10
0.4,401,24,15,0.7801981980821232,0.974856464005265,0.377153039921025,27.95839219420568,14,13,10
0.4,401,25,15,0.7922759159439592,0.9775881991979656,0.3361770120305151,27.114332351406993,14,14,10
0.4,401,26,15,0.8365114171013882,0.9808891552060424,0.2866626719093651,23.849600249429148,14,14,11
0.4,401,27,15,0.8493104329509873,0.9820883594325917,0.26867460851112335,22.84176983061848,14,14,11
0.4,401,28,15,0.8645653819887298,0.9846411453038776,0.23038282044183633,21.593213825456875,14,14,12
0.4,401,29,15,0.8729434576338855,0.9855419029461682,0.2168714558074778,20.882332554096163,14,14,12
0.4,401,30,15,0.8729434598646953,0.9868060735751507,0.19790889637274012,20.88233236220118,14,14,12
0.4,401,31,15,0.8773784793029382,0.9874895699361192,0.1876564509582126,20.497931059522276,14,14,12
0.4,401,32,15,0.8919269562090323,0.9886748150448881,0.1698777743266764,19.192598461573084,14,14,12
0.4,401,33,15,0.8921390196338594,0.9897577798135162,0.1536333027972575,19.173022529124477,14,14,12
0.4,401,34,15,0.9051446105709744,0.9912763963259803,0.13085405511029824,17.93790063288094,15,14,12
0.4,401,35,15,0.9289570519662346,0.9933457713303511,0.09981343004473564,15.458410412603413,15,14,12
0.4,401,36,15,0.9384201869573163,0.9942763821448921,0.08585426782662187,14.368231395100839,15,14,13
0.4,401,37,15,0.9434784544811996,0.9948185400119104,0.07772189982134603,13.753345200631578,15,14,13
0.4,401,38,15,0.9627796607450108,0.996784741130091,0.04822888304863404,11.123576216581574,15,15,13
0.4,401,39,15,0.9642443256140023,0.9976162883742664,0.03575567438600524,10.899782123421536,15,15,14
0.4,401,40,15,0.9999999999999982,0.9999999999999996,7.105427357601002e-15,2.4148365394514667e-06,15,15,15
0.5,401,15,15,0.46322043805306357,0.9382141265303908,0.9267881020441385,47.10921874054769,13,12,8
0.5,401,16,15,0.5337457848542401,0.9443113396868998,0.8353299046965013,43.065038056414785,13,12,8
0.5,401,17,15,0.5578016682847611,0.9460737496228114,0.8088937556578264,41.68078710442826,13,12,8
0.5,401,18,15,0.5828797245479013,0.948292851411022,0.775607228834667,40.229322378919484,13,12,8
0.5,401,19,15,0.5945812440898512,0.9498757678229398,0.7518634826559008,39.54804399532281,13,12,8
0.5,401,20,15,0.6073371668176235,0.9511281239378181,0.7330781409327288,38.80178905864271,13,12,9
0.5,401,21,15,0.641175496962145,0.9561565648433905,0.6576515273491432,36.79971519474968,13,12,9
0.5,401,22,15,0.6575793705748861,0.9592387701851511,0.6114184472227316,35.814801442391605,13,12,9
0.5,401,23,15,0.660024960018595,0.9602114604448517,0.5968280933272246,35.667028068434135,13,12,9
0.5,401,24,15,0.6865644133469737,0.9629265808519896,0.5561012872201581,34.04564498604913,13,12,9
0.5,401,25,15,0.7028450114361234,0.9667448191380738,0.49882771292889283,33.03281262400126,14,12,9
0.5,401,26,15,0.7682760079745768,0.971673124081597,0.4249031387760456,28.775386673962615,14,12,10
0.5,401,27,15,0.7865046675711311,0.9734124575467035,0.39881313679945085,27.519828209544567,14,12,10
0.5,401,28,15,0.8079780655588803,0.9771148555503891,0.34327716674416187,25.989286313432505,14,13,10
0.5,401,29,15,0.818189209458118,0.978353272528549,0.324700912071767,25.238852821190626,14,13,10
0.5,401,30,15,0.8182457336292301,0.9802597961689427,0.2961030574658594,25.234654106196466,14,14,11
0.5,401,31,15,0.8227277092722416,0.9812273558859795,0.28158966171030564,24.900085110578193,14,14,11
0.5,401,32,15,0.8452500617076748,0.9830435316118918,0.2543470258216227,23.165144491343067,14,14,11
0.5,401,33,15,0.8453211976588307,0.9848281996131248,0.22757700580312867,23.159509221560935,14,14,11
0.5,401,34,15,0.8592145708310761,0.9868903058891377,0.19664541166293426,22.03753035174208,14,14,11
0.5,401,35,15,0.8943746744877372,0.9899800638456083,0.1502990423158762,18.965605328913743,14,14,12
0.5,401,36,15,0.9052703366461712,0.9912306829103563,0.13153975634465687,17.92560482969342,15,14,12
0.5,401,37,15,0.9123330497105048,0.9920308402068777,0.11953739689683462,17.22267323794741,15,14,12
0.5,401,38,15,0.9380885211525118,0.9947629433556638,0.07855584966504259,14.407707132103349,15,14,13
0.5,401,39,15,0.9405752540099985,0.996038350267333,0.05942474599000569,14.109269274244058,15,14,14
0.5,401,40,15,0.9999999999999984,0.9999999999999999,2.4424906541753444e-15,2.2588727439225506e-06,15,15,15
0.6,401,15,15,0.32111119046614944,0.9183964328769694,1.2240535068454588,55.48188728993497,12,11,7
0.6,401,16,15,0.4064727752378953,0.9260311896551731,1.1095321551724062,50.390467455184634,12,11,7
0.6,401,17,15,0.43622898001791344,0.9282661665738704,1.0760075013919446,48.66378959563712,12,11,7
0.6,401,18,15,0.4685656303145171,0.9311699578187114,1.032450632719327,46.80224526945381,12,11,8
0.6,401,19,15,0.47984396598403173,0.9330256738089502,1.0046148928657468,46.155168695298485,12,11,8
0.6,401,20,15,0.495596020736183,0.9346928653465241,0.9796070198021392,45.25233268761883,12,11,8
0.6,401,21,15,0.5394062546871997,0.9414774834542958,0.8778377481855623,42.73984399578856,12,12,8
0.6,401,22,15,0.5615059804412521,0.9455218839656451,0.8171717405153246,41.46701825858059,12,12,8
0.6,401,23,15,0.564253435458751,0.946821652376417,0.7976752143537424,41.308340692892365,12,12,8
0.6,401,24,15,0.6025568155245435,0.950693260910157,0.7396010863476418,39.081924509344574,12,12,9
0.6,401,25,15,0.6222124536363021,0.9554924759603364,0.667612860594955,37.926074953439986,13,12,9
0.6,401,26,15,0.7061804356703034,0.9619397352456638,0.5709039713150427,32.82338621135254,14,12,9
0.6,401,27,15,0.7288287200445464,0.9641905013130854,0.5371424803037189,31.38197530304473,14,12,9
0.6,401,28,15,0.7555491625764743,0.9689980663200172,0.4650290051997431,29.631491822001166,14,12,10
0.6,401,29,15,0.7664992351653866,0.9705578789653797,0.4416318155193065,28.895862922292622,14,12,10
0.6,401,30,15,0.766732497415515,0.9731661020928914,0.4025084686066277,28.880064542724785,14,12,10
0.6,401,31,15,0.7699035125768893,0.9744235164557175,0.38364725316423565,28.664748410283458,14,13,10
0.6,401,32,15,0.8003107727033435,0.9768866654082717,0.3467000188759234,26.542787230996197,14,13,11
0.6,401,33,15,0.8003385114559777,0.979606185809638,0.30590721285543054,26.540799378139116,14,13,11
0.6,401,34,15,0.8118168458396668,0.982139188418011,0.267912173729836,25.709012912693453,14,14,11
0.6,401,35,15,0.858707681681924,0.9863205500230829,0.2051917496537563,22.07925086298839,14,14,12
0.6,401,36,15,0.8690356083456298,0.9878347937931085,0.1824780931033737,21.21631450591336,14,14,12
0.6,401,37,15,0.8775388480461007,0.9888914525852311,0.1666282112215346,20.48392042692552,14,14,12
0.6,401,38,15,0.9075524921973047,0.9922759038479089,0.1158614422813673,17.701128085128442,15,14,13
0.6,401,39,15,0.911251867165653,0.9940834578110428,0.08874813283435656,17.33189086389878,15,14,14
0.6,401,40,15,0.9999999999999982,0.9999999999999998,5.995204332975845e-15,2.4148365394514667e-06,15,15,15
0.75,401,15,15,0.16554311668485563,0.8906849458772675,1.6397258118409872,65.99164202628916,12,10,6
0.75,401,16,15,0.26454478700838086,0.9002432063210091,1.4963519051848648,59.04670524807661,12,10,6
0.75,401,17,15,0.299231496475295,0.9029892089093361,1.4551618663599577,56.83714971601231,12,10,6
0.75,401,18,15,0.3394294525443036,0.906805825324117,1.3979126201382424,54.36597375309276,12,10,6
0.75,401,19,15,0.3480720394251505,0.908981442153587,1.3652783676961953,53.844673312255814,12,10,7
0.75,401,20,15,0.3653841462653879,0.9112021806113124,1.3319672908303128,52.80927704690312,12,10,7
0.75,401,21,15,0.4179127751371266,0.9203439718271508,1.1948404225927378,49.724639971117135,12,11,7
0.75,401,22,15,0.44592893248055104,0.9255568189117204,1.1166477163241966,48.104114423924806,12,11,7
0.75,401,23,15,0.4486182905359867,0.927316569179988,1.0902514623001807,47.949161393790234,12,11,7
0.75,401,24,15,0.5064662444222807,0.9330728357321392,1.0039074640179142,44.62950115720384,12,11,8
0.75,401,25,15,0.5288296902823519,0.9389558060170624,0.915662909744064,43.34726377574444,12,11,8
0.75,401,26,15,0.6293953330587647,0.9470865104157642,0.7937023437635364,37.500841674185885,12,11,9
0.75,401,27,15,0.6553354067140854,0.9499631975253399,0.7505520371199053,35.9501692683152,12,11,9
0.75,401,28,15,0.6866481868191633,0.9561265479952125,0.6581017800718122,34.04047129928874,12,12,9
0.75,401,29,15,0.6971915885555057,0.9581733622688572,0.6273995659671384,33.38624502391581,12,12,9
0.75,401,30,15,0.6975626100865043,0.9618469092468297,0.5722963612975536,33.36310802466531,13,12,10
0.75,401,31,15,0.6979638865059332,0.9635970915988871,0.5460436260166922,33.33807527156945,13,12,10
0.75,401,32,15,0.7366033577752146,0.9668991079727761,0.496513380408359,30.87867323026193,13,12,10
0.75,401,33,15,0.7384033897546276,0.9715382847935364,0.42692572809695395,30.76147270541485,14,12,11
0.75,401,34,15,0.7433073233327249,0.9747372602039567,0.3789410969406498,30.440843036469694,14,13,11
0.75,401,35,15,0.8058784751400541,0.9804973239116207,0.2925401413256866,26.14167469290582,14,13,12
0.75,401,36,15,0.8126303773206018,0.982343905548498,0.2648414167725327,25.64933564470026,14,14,12
0.75,401,37,15,0.8216340329048234,0.9837493567625727,0.24375964856140964,24.98202757186542,14,14,12
0.75,401,38,15,0.8536402555620585,0.9878433967945756,0.18234904808136643,22.492960599680483,14,14,13
0.75,401,39,15,0.8591917535177253,0.9906127835678482,0.14080824648227852,22.039409723775076,14,14,14
0.75,401,40,15,0.9999999999999989,0.9999999999999999,2.886579864025407e-15,1.9090959104164224e-06,15,15,15
1.0,401,15,15,0.0487701646508741,0.8514847559035755,2.227728661446366,77.24164373200401,10,9,4
1.0,401,16,15,0.1501890272615825,0.8634901088472209,2.047648367291687,67.19834024891681,10,9,5
1.0,401,17,15,0.18141288114216816,0.8664744803266297,2.0028827951005552,64.79071539669137,10,9,5
1.0,401,18,15,0.2238144120868757,0.8714566642094599,1.9281500368580984,61.7649190528707,11,9,5
1.0,401,19,15,0.2263721657733153,0.8740441076747785,1.8893383848783216,61.58947165458465,11,9,5
1.0,401,20,15,0.23878634270553678,0.8770486526744037,1.8442702098839454,60.74760612552365,11,9,6
1.0,401,21,15,0.2923903391657646,0.8888898799622531,1.6666518005662052,57.26656448552366,11,9,6
1.0,401,22,15,0.31544133927307877,0.8950552858152762,1.5741707127708564,55.83059525630713,11,9,6
1.0,401,23,15,0.3181465427629221,0.8973640365137009,1.5395394522944863,55.66401282964613,11,9,6
1.0,401,24,15,0.40771777767737455,0.9062032718513167,1.40695092223025,50.3178698188411,12,10,6
1.0,401,25,15,0.4275090784150683,0.9128153789289146,1.3077693160662822,49.16811388439896,12,10,6
1.0,401,26,15,0.5244385215134967,0.9219261050702318,1.1711084239465255,43.599217745047326,12,11,6
1.0,401,27,15,0.5476360188253021,0.9254207795056087,1.118688307415872,42.26651127985442,12,11,7
1.0,401,28,15,0.5757707754937659,0.9329779072420837,1.0053313913687432,40.64186386656069,12,11,7
1.0,401,29,15,0.5855533668928371,0.9361971705672404,0.9570424414913951,40.07391343862852,12,12,8
1.0,401,30,15,0.5865006651007646,0.9415439889427529,0.876840165858702,40.01881559440794,12,12,9
1.0,401,31,15,0.5914394956274153,0.9444061988596218,0.8339070171056711,39.731250990490196,12,12,9
1.0,401,32,15,0.6256061311688441,0.9484378935689644,0.7734315964655384,37.7253703914752,12,12,10
1.0,401,33,15,0.6446182093264026,0.9576605896745508,0.6350911548817418,36.5938764755545,12,12,11
1.0,401,34,15,0.6446187791822959,0.9623606831169413,0.5645897532458781,36.59384236734762,13,12,11
1.0,401,35,15,0.7163026460491887,0.9698468740674102,0.452296888988849,32.183493748399194,13,13,12
1.0,401,36,15,0.7173417321159989,0.9723683330784857,0.4144750038227163,32.11742303578305,14,13,12
1.0,401,37,15,0.7235146091534217,0.974306865510886,0.38539701733670906,31.723379582291944,14,13,12
1.0,401,38,15,0.7531666182945116,0.9792064634964862,0.3119030475527047,29.790052182678174,14,13,13
1.0,401,39,15,0.7612393182582244,0.9840826212172142,0.23876068174178555,29.250669563548506,14,14,14
1.0,401,40,15,0.9999999999999987,0.9999999999999992,9.325873406851315e-15,2.091309789151873e-06,15,15,15
1.5,401,15,15,0.024082818659919056,0.7845772967774693,3.23134054833796,81.0723930178673,9,7,3
1.5,401,16,15,0.08004925693360143,0.7995345407295552,3.006981889056673,73.56485913118173,9,8,3
1.5,401,17,15,0.08477321032821,0.8023079986685349,2.9653800199719775,73.07267989731567,9,8,3
1.5,401,18,15,0.1033449072379659,0.8093227268265568,2.860159097601646,71.24796926044877,9,8,3
1.5,401,19,15,0.10681450713174263,0.813016149494432,2.8047577575835216,70.92382803388531,9,8,4
1.5,401,20,15,0.10758215041238982,0.8182176636759263,2.726735044861104,70.85274249907387,9,8,4
1.5,401,21,15,0.16150529675033776,0.8312551022698538,2.531173465952193,66.30441511829862,9,8,4
1.5,401,22,15,0.16150795029243312,0.838988643777285,2.415170343340724,66.30420854526315,10,8,4
1.5,401,23,15,0.17009131919276912,0.8423001925147973,2.3654971122780393,65.64297261928587,10,8,5
1.5,401,24,15,0.26280682737258587,0.8550602197403985,2.1740967038940235,59.159701274068,10,8,5
1.5,401,25,15,0.2679404449132279,0.8616194096925831,2.0757088546112534,58.826613629834135,10,9,5
1.5,401,26,15,0.3292069778472109,0.8692708931550835,1.960936602673747,54.9867669749418,11,9,6
1.5,401,27,15,0.34257229324753524,0.8733922266499007,1.8991166002514879,54.176042731305365,11,9,6
1.5,401,28,15,0.3560411143054864,0.8844200430070794,1.7336993548938089,53.36666851125671,11,10,6
1.5,401,29,15,0.3592602125702224,0.8934682842507745,1.5979757362383809,53.174265109839766,12,11,7
1.5,401,30,15,0.43955414136080734,0.9029048775765657,1.4564268363515138,48.47178444888871,12,11,7
1.5,401,31,15,0.459118892197194,0.9072798013860766,1.390802979208853,47.34493257377393,12,11,8
1.5,401,32,15,0.45914817484741155,0.9113889666917638,1.3291654996235436,47.34324916928108,12,11,9
1.5,401,33,15,0.5776993694265786,0.9308929584854074,1.0366056227188878,40.530038738158325,12,11,10
1.5,401,34,15,0.5777073669063564,0.9415437988599977,0.8768430171000325,40.52957488071623,12,12,11
1.5,401,35,15,0.595944973963469,0.9491032270269734,0.7634515945953986,39.468450007079056,13,12,11
1.5,401,36,15,0.5960771484595045,0.9535038044382079,0.6974429334268804,39.46073336415589,13,12,12
1.5,401,37,15,0.5971095547540324,0.9570172969489154,0.644740545766269,39.40044511944138,13,12,12
1.5,401,38,15,0.6213632360149824,0.9638237717670547,0.5426434234941783,37.97624249797397,13,13,13
1.5,401,39,15,0.6311389932085684,0.975409266213904,0.3688610067914392,37.397363581649444,14,14,14
1.5,401,40,15,0.9999999999999971,0.9999999999999992,9.769962616701378e-15,3.078324659199975e-06,15,15,15
2.0,401,15,15,0.013072244795812578,0.7232148070902639,4.151777893646042,83.43479204126622,7,5,3
2.0,401,16,15,0.017141499684183544,0.7407754739851582,3.8883678902226304,82.4769204192697,7,5,3
2.0,401,17,15,0.017328580931093608,0.7452726343705046,3.820910484442433,82.43573974150691,7,6,3
2.0,401,18,15,0.021263442523141086,0.7548609813077718,3.6770852803834235,81.61523948437282,7,6,3
2.0,401,19,15,0.023447687361406486,0.7608238999033546,3.587641501449679,81.19185159626795,8,6,4
2.0,401,20,15,0.02804807787360292,0.7700736603636289,3.4488950945455636,80.35892236257719,8,7,4
2.0,401,21,15,0.04784977282106799,0.7817261729889189,3.2741074051662173,77.36461510599705,9,7,4
2.0,401,22,15,0.04850281611084863,0.7931013099353632,3.1034803509695528,77.27724918303625,10,7,5
2.0,401,23,15,0.049358235369263925,0.7990656173815296,3.0140157392770557,77.16364884737806,10,7,5
2.0,401,24,15,0.09499869903182732,0.8129699387095144,2.805450919357282,72.04809281682782,10,7,5
2.0,401,25,15,0.10350464794685948,0.8197583734942333,2.703624397586503,71.23294121117563,10,7,5
2.0,401,26,15,0.12777858516202822,0.8261351180736216,2.6079732288956743,69.05563225877742,10,8,5
2.0,401,27,15,0.13605895980656232,0.8302588175388741,2.5461177369168877,68.35456699713467,11,8,5
2.0,401,28,15,0.1519674201159383,0.845075386006581,2.323869209901283,67.05607878074177,11,9,6
2.0,401,29,15,0.15364816803237055,0.8586958123678811,2.119562814481782,66.9222550949186,11,10,7
2.0,401,30,15,0.26820600724627935,0.8697369157905581,1.9539462631416273,58.809438557032585,11,10,7
2.0,401,31,15,0.28112197444883313,0.8749540868972889,1.8756886965406647,57.98039789535329,12,10,8
2.0,401,32,15,0.2881007000776855,0.8803307478118246,1.7950387828226262,57.53732118365649,12,11,9
2.0,401,33,15,0.4270196064602773,0.9055490876407676,1.4167636853884895,49.19646009650658,12,11,9
2.0,401,34,15,0.5624437381706021,0.9235589255769555,1.1466161163456685,41.412871134564746,12,11,10
2.0,401,35,15,0.5782675270054809,0.9335050939663503,0.9974235905047464,40.497082394443474,12,12,11
2.0,401,36,15,0.5914427670109063,0.939600481372873,0.9059927794069056,39.731060338645676,13,12,12
2.0,401,37,15,0.5977986521250356,0.9447756504390034,0.8283652434149508,39.36019072538815,13,12,12
2.0,401,38,15,0.6024727721097812,0.9528722130022964,0.7069168049655533,39.08684436074027,13,13,13
2.0,401,39,15,0.6051606147100217,0.9736773743140011,0.39483938528998475,38.92941111615654,14,14,14
2.0,401,40,15,0.9999999999999976,0.9999999999999994,9.325873406851315e-15,2.831646840510158e-06,15,15,15
0.0,503,15,15,0.9999999999981699,0.9999999999997934,3.1019631308026874e-12,7.751023439854259e-05,15,15,15
0.0,503,16,15,0.9999999999982037,0.9999999999997988,3.0198066269804258e-12,7.67921816449035e-05,15,15,15
0.0,503,17,15,0.9999999999984543,0.9999999999998225,2.6649793483102258e-12,7.123256155098263e-05,15,15,15
0.0,503,18,15,0.9999999999988756,0.9999999999998557,2.1653789872289053e-12,6.0756058786488236e-05,15,15,15
0.0,503,19,15,0.9999999999988949,0.9999999999998617,2.072120253160392e-12,6.0231900335879045e-05,15,15,15
0.0,503,20,15,0.9999999999989007,0.9999999999998669,1.9957369090661814e-12,6.007436768419945e-05,15,15,15
0.0,503,21,15,0.9999999999989257,0.9999999999998759,1.8618440122963875e-12,5.938485182304961e-05,15,15,15
0.0,503,22,15,0.9999999999989524,0.9999999999998804,1.7952306308188781e-12,5.8643747265684634e-05,15,15,15
0.0,503,23,15,0.9999999999989875,0.9999999999998831,1.7503776206240218e-12,5.7653432178788306e-05,15,15,15
0.0,503,24,15,0.9999999999989975,0.9999999999998888,1.6693313398263854e-12,5.73682526946535e-05,15,15,15
0.0,503,25,15,0.9999999999990128,0.9999999999998935,1.5965007094109751e-12,5.692820290457343e-05,15,15,15
0.0,503,26,15,0.9999999999990747,0.9999999999998984,1.5232259897857148e-12,5.511305627937753e-05,15,15,15
0.0,503,27,15,0.9999999999990778,0.999999999999899,1.5165646516379638e-12,5.502039585742148e-05,15,15,15
0.0,503,28,15,0.999999999999095,0.9999999999999045,1.432853835581227e-12,5.450794798469078e-05,15,15,15
0.0,503,29,15,0.9999999999990952,0.9999999999999044,1.4312995233467518e-12,5.450126112359898e-05,15,15,15
0.0,503,30,15,0.9999999999991367,0.9999999999999095,1.3560264022771662e-12,5.323605600496145e-05,15,15,15
0.0,503,31,15,0.9999999999991367,0.9999999999999102,1.347144618080165e-12,5.323605600496145e-05,15,15,15
0.0,503,32,15,0.9999999999991396,0.9999999999999133,1.3029577417000837e-12,5.314698087620737e-05,15,15,15
0.0,503,33,15,0.9999999999991505,0.9999999999999171,1.2447820552097255e-12,5.280988575771863e-05,15,15,15
0.0,503,34,15,0.9999999999992608,0.9999999999999343,9.865441796819141e-13,4.926059381030111e-05,15,15,15
0.0,503,35,15,0.9999999999994333,0.9999999999999473,7.891465259035613e-13,4.313035970652455e-05,15,15,15
0.0,503,36,15,0.9999999999994773,0.9999999999999566,6.505906924303417e-13,4.142342211220004e-05,15,15,15
0.0,503,37,15,0.999999999999521,0.9999999999999599,6.019629239517599e-13,3.9652248359908213e-05,15,15,15
0.0,503,38,15,0.9999999999995908,0.9999999999999669,4.980460488468452e-13,3.66526527844743e-05,15,15,15
0.0,503,39,15,0.9999999999997629,0.9999999999999837,2.4424906541753444e-13,2.790155266088344e-05,15,15,15
0.0,503,40,15,0.9999999999999973,0.9999999999999998,6.217248937900877e-15,2.9575586669421963e-06,15,15,15
0.01,503,15,15,0.9999046691393288,0.9999800412351896,0.00029938147215557986,0.5594306927171541,15,15,15
0.01,503,16,15,0.9999048649638549,0.9999805168632695,0.0002922470509573172,0.5588557999515947,15,15,15
0.01,503,17,15,0.9999060394480549,0.9999813770720601,0.0002793439190985625,0.5553953167839468,15,15,15
0.01,503,18,15,0.999909780457624,0.9999822346549566,0.00026648017565211735,0.5442262341237657,15,15,15
0.01,503,19,15,0.999910261460013,0.9999828866104975,0.0002567008425354844,0.5427734900345406,15,15,15
0.01,503,20,15,0.999912854506471,0.9999832685200978,0.0002509721985308744,0.5348739011804521,15,15,15
0.01,503,21,15,0.9999141432433071,0.9999842361494279,0.00023645775858249785,0.5309041087676509,15,15,15
0.01,503,22,15,0.9999150569893386,0.9999850097049443,0.00022485442583664028,0.5280713499519682,15,15,15
0.01,503,23,15,0.999915797674112,0.999985509094774,0.00021736357838930687,0.5257639098108923,15,15,15
0.01,503,24,15,0.999917460116144,0.9999861134997974,0.00020829750304052208,0.5205477021846455,15,15,15
0.01,503,25,15,0.9999181871187427,0.9999867896640657,0.0001981550390139919,0.5182501044331673,15,15,15
0.01,503,26,15,0.9999181882546387,0.9999873105379221,0.00019034193116906906,0.518246506611523,15,15,15
0.01,503,27,15,0.9999186510104306,0.999987448679818,0.00018826980272690363,0.5167786966739524,15,15,15
0.01,503,28,15,0.9999210315955989,0.9999885672492578,0.00017149126113369384,0.5091608818198545,15,15,15
0.01,503,29,15,0.9999225178843855,0.9999890886079582,0.00016367088062752,0.5043464591350691,15,15,15
0.01,503,30,15,0.9999286618592592,0.9999909857989334,0.00013521301599983548,0.4839368455801191,15,15,15
0.01,503,31,15,0.9999295411317632,0.9999911583947546,0.00013262407868031012,0.4809451660130471,15,15,15
0.01,503,32,15,0.9999305570284894,0.9999913550843819,0.00012967373427341666,0.47746529188553016,15,15,15
0.01,503,33,15,0.9999450982373591,0.9999933380274846,9.992958773141769e-05,0.4245411092811502,15,15,15
0.01,503,34,15,0.9999608166426261,0.9999947761815139,7.835727729343933e-05,0.3586545057663466,15,15,15
0.01,503,35,15,0.9999668348152464,0.9999956444438365,6.533334245295563e-05,0.32996375974976183,15,15,15
0.01,503,36,15,0.9999721557758402,0.999996139553529,5.790669706307039e-05,0.3023376329258291,15,15,15
0.01,503,37,15,0.9999738825312511,0.9999968293500312,4.755974953163378e-05,0.29281280486126143,15,15,15
0.01,503,38,15,0.9999744832740559,0.9999976741104654,3.4888343020234025e-05,0.28942560780357524,15,15,15
0.01,503,39,15,0.9999748250697255,0.9999983216713143,2.5174930286087083e-05,0.28748063325750034,15,15,15
0.01,503,40,15,0.9999999999999982,0.9999999999999994,1.199040866595169e-14,2.4148365394514667e-06,15,15,15
0.02,503,15,15,0.9996198861801228,0.9999203535203843,0.0011946971942351503,1.117138398214377,15,15,15
0.02,503,16,15,0.9996207000920745,0.9999222668577311,0.0011659971340343134,1.115941579507116,15,15,15
0.02,503,17,15,0.9996256089175226,0.9999256786455085,0.0011148203173738658,1.1086960069344087,15,15,15
0.02,503,18,15,0.9996401355034358,0.9999291052035446,0.0010634219468298456,1.0869715691609816,15,15,15
0.02,503,19,15,0.9996420378982873,0.9999317095180028,0.0010243572299580839,1.0840943240852872,15,15,15
0.02,503,20,15,0.9996522403892996,0.9999332450536875,0.0010013241946876805,1.0685316186908536,15,15,15
0.02,503,21,15,0.9996567679563568,0.999937110622956,0.0009433406556575985,1.061552292578241,15,15,15
0.02,503,22,15,0.9996602364716146,0.9999401984685758,0.0008970229713602951,1.056174328865609,15,15,15
0.02,503,23,15,0.9996630981950543,0.9999421769136076,0.0008673462958842526,1.0517165062542209,15,15,15
0.02,503,24,15,0.9996697538744167,0.9999445901107815,0.0008311483382762441,1.0412749122345517,15,15,15
0.02,503,25,15,0.9996726921484117,0.9999472671247891,0.0007909931281647742,1.0366318264244647,15,15,15
0.02,503,26,15,0.9996726931676023,0.9999493463954507,0.0007598040682375018,1.0366302122841657,15,15,15
0.02,503,27,15,0.9996745200100163,0.9999498977982266,0.0007515330265985831,1.0337329064339684,15,15,15
0.02,503,28,15,0.9996843405824721,0.9999543505961014,0.00068474105848082,1.018016597385556,15,15,15
0.02,503,29,15,0.999690424102474,0.9999564341174951,0.000653488237572164,1.008158028894088,15,15,15
0.02,503,30,15,0.9997146077916426,0.9999640200686808,0.0005396989697846744,0.9679754615648888,15,15,15
0.02,503,31,15,0.9997181176779687,0.9999647098983081,0.0005293515253791403,0.9620041776485354,15,15,15
0.02,503,32,15,0.9997221094948656,0.9999654910733824,0.0005176338992646246,0.9551676451037895,15,15,15
0.02,503,33,15,0.9997798110003377,0.9999733838651275,0.00039924202308605494,0.8502299137131243,15,15,15
0.02,503,34,15,0.9998428739337358,0.9999791322451631,0.00031301632255453793,0.718221042795177,15,15,15
0.02,503,35,15,0.9998669555843774,0.999982617330475,0.00026074004287190977,0.660892141929989,15,15,15
0.02,503,36,15,0.9998888984429312,0.9999845998952276,0.00023100157158628676,0.6039357623208739,15,15,15
0.02,503,37,15,0.9998964963123302,0.999987360423965,0.00018959364052550942,0.5829187650909704,15,15,15
0.02,503,38,15,0.999898969821547,0.9999907475714256,0.00013878642861675505,0.5759111748157312,15,15,15
0.02,503,39,15,0.999900361651893,0.9999933574434592,9.963834811321792e-05,0.5719302983142172,15,15,15
0.02,503,40,15,0.9999999999999989,0.9999999999999999,4.6629367034256575e-15,1.9090959104164224e-06,15,15,15
0.03,503,15,15,0.9991475896411268,0.9998212217430371,0.002681673854445177,1.6730491923522497,15,15,15
0.03,503,16,15,0.9991494971089376,0.9998255508999931,0.0026167365001028564,1.6711756926501729,15,15,15
0.03,503,17,15,0.9991609967190732,0.9998331632871694,0.002502550692456862,1.6598361147932017,15,15,15
0.03,503,18,15,0.9991926949927856,0.999840865807811,0.0023870128828380466,1.628170596574267,15,15,15
0.03,503,19,15,0.9991969250990813,0.9998467191832122,0.0022992122518149527,1.6238982150032655,15,15,15
0.03,503,20,15,0.9992194518181704,0.9998501920489251,0.0022471192661229766,1.6009545573540416,15,15,15
0.03,503,21,15,0.9992282477740746,0.9998588785672043,0.0021168214919362605,1.5919061292751806,15,15,15
0.03,503,22,15,0.9992356277593553,0.9998658108145269,0.002012837782095267,1.5842744866319638,15,15,15
0.03,503,23,15,0.9992418368072119,0.9998702190277221,0.0019467145841679523,1.5778251475662841,15,15,15
0.03,503,24,15,0.9992568085918956,0.9998756402508528,0.0018653962372091604,1.5621645607147092,15,15,15
0.03,503,25,15,0.9992634803259323,0.9998816018917417,0.0017759716238743284,1.555135137089616,15,15,15
0.03,503,26,15,0.9992634803714295,0.9998862704783417,0.0017059428248745734,1.5551350890448783,15,15,15
0.03,503,27,15,0.9992675361271346,0.9998875085283364,0.0016873720749562837,1.5508463370967256,15,15,15
0.03,503,28,15,0.9992902946672741,0.9998974797786483,0.0015378033202737562,1.5265570885957669,15,15,15
0.03,503,29,15,0.9993042960248293,0.9999021628263376,0.0014675576049372197,1.5114202772601386,15,15,15
0.03,503,30,15,0.999357807104526,0.9999192209491846,0.0012116857622307409,1.4521178874635774,15,15,15
0.03,503,31,15,0.9993656867172785,0.9999207715887101,0.0011884261693489995,1.4431798585497715,15,15,15
0.03,503,32,15,0.9993745105427495,0.9999225168737945,0.0011622468930825303,1.4331046798840135,15,15,15
0.03,503,33,15,0.999503295725227,0.9999401863660523,0.0008972045092136005,1.2770489385751995,15,15,15
0.03,503,34,15,0.9996455849905348,0.9999531095489208,0.000703356766189045,1.0787090992012591,15,15,15
0.03,503,35,15,0.999699753112464,0.9999609776341497,0.0005853354877527472,0.9928499640569594,15,15,15
0.03,503,36,15,0.9997504552921518,0.9999654431625771,0.0005183525613439155,0.9051381681966991,15,15,15
0.03,503,37,15,0.9997692685796145,0.9999716565214871,0.00042515217769245606,0.8703475367535849,15,15,15
0.03,503,38,15,0.9997750083813095,0.9999792958391931,0.00031056241210380975,0.85945291576363,15,15,15
0.03,503,39,15,0.9997781891903615,0.9999852126126901,0.0002218108096502247,0.8533555992755911,15,15,15
0.03,503,40,15,0.9999999999999978,0.9999999999999994,9.992007221626409e-15,2.699869328381916e-06,15,15,15
0.05,503,15,15,0.9976489866735047,0.9995057810640853,0.007413284038721213,2.7792044517386927,15,15,15
0.05,503,16,15,0.9976547590380995,0.999517938675474,0.007230919867886931,2.7757878358413026,15,15,15
0.05,503,17,15,0.9976890844542721,0.9995387370639118,0.006918944041322539,2.7553836752927157,15,15,15
0.05,503,18,15,0.9977715599214395,0.9995600992631775,0.00659851105233622,2.705730545895204,15,15,15
0.05,503,19,15,0.9977829885637114,0.9995763349539224,0.006354975691166387,2.6987782557439077,15,15,15
0.05,503,20,15,0.9978426977531863,0.9995860820793216,0.006208768810176735,2.6621615386331103,15,15,15
0.05,503,21,15,0.9978597759039839,0.9996101500076002,0.005847749885997455,2.6515956224567754,15,15,15
0.05,503,22,15,0.9978779262529476,0.999629310614042,0.00556034078936829,2.6403201443330375,15,15,15
0.05,503,23,15,0.9978938955642186,0.9996413141051682,0.005380288422475843,2.63035972762488,15,15,15
0.05,503,24,15,0.9979353228747421,0.9996563372374797,0.005154941437806593,2.6043435008132656,15,15,15
0.05,503,25,15,0.9979541478078795,0.9996725600685242,0.004911598972136777,2.5924354660659352,15,15,15
0.05,503,26,15,0.997954187674544,0.9996854731883095,0.004717902175359057,2.5924101898399394,15,15,15
0.05,503,27,15,0.9979651500563045,0.9996888980954588,0.004666528568116446,2.585450480112572,15,15,15
0.05,503,28,15,0.9980319806419001,0.9997163373421569,0.004254939867647023,2.542610688339999,15,15,15
0.05,503,29,15,0.9980726258594078,0.9997293137762168,0.004060293356750289,2.516200550294167,15,15,15
0.05,503,30,15,0.9982160990381574,0.9997766094284101,0.0033508585738482033,2.420679040409118,15,15,15
0.05,503,31,15,0.9982378787315719,0.9997809066724094,0.0032863999138604827,2.4058478482652026,15,15,15
0.05,503,32,15,0.9982615468151264,0.9997856880035408,0.0032146799468848464,2.3896266119712015,15,15,15
0.05,503,33,15,0.998613434358429,0.9998342605765633,0.0024860913515494243,2.1339943420928993,15,15,15
0.05,503,34,15,0.9990106674042851,0.9998700905556547,0.0019486416651813832,1.8024591369201017,15,15,15
0.05,503,35,15,0.9991607712542779,0.9998920916972381,0.0016186245414290257,1.6600591855604376,15,15,15
0.05,503,36,15,0.99930778364154,0.9999045219075161,0.0014321713872592623,1.5076262084618006,15,15,15
0.05,503,37,15,0.9993708219736905,0.9999217867108954,0.0011731993365670101,1.437324927834559,15,15,15
0.05,503,38,15,0.9993878889331042,0.999943109239813,0.0008533614028055636,1.41769257309236,15,15,15
0.05,503,39,15,0.9993969476982992,0.9999597965132192,0.0006030523017116485,1.4071609746076044,15,15,15
0.05,503,40,15,0.9999999999999982,0.9999999999999994,8.659739592076221e-15,2.4148365394514667e-06,15,15,15
0.075,503,15,15,0.9947614752174301,0.9988947947223523,0.016578079164715098,4.150563296875928,15,15,15
0.075,503,16,15,0.9947760381637407,0.9989225126017139,0.016162310974290106,4.1447799603829365,15,15,15
0.075,503,17,15,0.9948593732477877,0.9989683701176961,0.015474448234557237,4.111529993064009,15,15,15
0.075,503,18,15,0.9950283799450228,0.9990163653629806,0.014754519555291945,4.043264136867107,15,15,15
0.075,503,19,15,0.9950528568415404,0.9990528772633602,0.014206841049596242,4.033282192390418,15,15,15
0.075,503,20,15,0.9951764882913611,0.9990750935916466,0.013873596125302368,3.9824841636442234,15,15,15
0.075,503,21,15,0.9951969194834952,0.999129073427718,0.01306389858422996,3.9740272281927638,15,15,15
0.075,503,22,15,0.9952313139379632,0.9991718739696386,0.01242189045541875,3.959750047850359,15,15,15
0.075,503,23,15,0.9952636878782593,0.9991981996251172,0.012027005623243658,3.9462646967888126,15,15,15
0.075,503,24,15,0.9953558466914315,0.9992319459034874,0.01152081144768724,3.9076228027845614,15,15,15
0.075,503,25,15,0.9953988748051547,0.9992675219057087,0.010987171414369223,3.8894506141591596,15,15,15
0.075,503,26,15,0.995399322989939,0.9992964190943685,0.010553713584474433,3.889260886925426,15,15,15
0.075,503,27,15,0.9954231350619694,0.9993040870812424,0.010438693781363861,3.8791674115089263,15,15,15
0.075,503,28,15,0.995583376797148,0.9993651200858295,0.009523198712559355,3.810553048995684,15,15,15
0.075,503,29,15,0.99567978559767,0.9993942054671253,0.009086917993119004,3.7686732641468086,15,15,15
0.075,503,30,15,0.995987482751309,0.9995002459867717,0.007496310198425449,3.631800235932038,15,15,15
0.075,503,31,15,0.9960361443287603,0.9995098785852748,0.007351821220878407,3.609681471517204,15,15,15
0.075,503,32,15,0.9960871717089299,0.9995204579283855,0.007193131074217374,3.5863416056012127,15,15,15
0.075,503,33,15,0.9968622313204527,0.9996282596022862,0.00557610596570679,3.2111491302030264,15,15,15
0.075,503,34,15,0.9977606161534949,0.9997086491763573,0.004370262354640442,2.712371224183484,15,15,15
0.075,503,35,15,0.9980963048042517,0.9997585496796886,0.0036217548046715287,2.5006863855943937,15,15,15
0.075,503,36,15,0.9984399741472302,0.999786588219173,0.003201176712402831,2.2636095278101016,15,15,15
0.075,503,37,15,0.9986162197547438,0.9998254221824372,0.00261866726344262,2.1318488412805907,15,15,15
0.075,503,38,15,0.998658644375133,0.999873689695069,0.0018946545739644272,2.098899954558141,15,15,15
0.075,503,39,15,0.9986794302218676,0.9999119620147903,0.0013205697781464298,2.0825668053510475,15,15,15
0.075,503,40,15,0.9999999999999962,0.9999999999999993,1.4654943925052066e-14,3.52019892386405e-06,15,15,15
0.1,503,15,15,0.990785663945444,0.9980473793360757,0.029289309958864473,5.508379797724598,15,15,15
0.1,503,16,15,0.9908149943041267,0.9980972846974601,0.02854072953810005,5.499578819801653,15,15,15
0.1,503,17,15,0.9909728217018436,0.9981772120483813,0.027341819274278034,5.451979637835801,15,15,15
0.1,503,18,15,0.9912404799118185,0.9982624623252071,0.026063065121894602,5.370303995270783,15,15,15
0.1,503,19,15,0.9912806410266755,0.9983274364616812,0.025088453074781913,5.357942728549461,15,15,15
0.1,503,20,15,0.9914747149362778,0.9983674465178012,0.024488302232981818,5.297806672640412,15,15,15
0.1,503,21,15,0.991487613579458,0.9984631032111556,0.023053451832668936,5.293785947917601,15,15,15
0.1,503,22,15,0.9915379139736908,0.998538562047599,0.02192156928601552,5.278077538933856,15,15,15
0.1,503,23,15,0.9915893023054475,0.9985841470257933,0.021237794613097827,5.261981500694618,15,15,15
0.1,503,24,15,0.991750084673347,0.998644125329206,0.02033812006190927,5.211303196505691,15,15,15
0.1,503,25,15,0.9918275528505186,0.9987057754265245,0.019413368602132386,5.186710579157974,15,15,15
0.1,503,26,15,0.991829536783963,0.9987568663982104,0.018647004026843272,5.186079255981347,15,15,15
0.1,503,27,15,0.9918703539049603,0.9987704340033173,0.0184434899502407,5.173073604953215,15,15,15
0.1,503,28,15,0.9921721955179064,0.9988777262840091,0.01683410573986377,5.075874151350473,15,15,15
0.1,503,29,15,0.9923524045559137,0.9989291914283118,0.0160621285753223,5.016954883603488,15,15,15
0.1,503,30,15,0.9928716212004484,0.9991167985907803,0.013248021138296706,4.8432327525338215,15,15,15
0.1,503,31,15,0.9929574538830167,0.999133843679148,0.012992344812780443,4.813916579956969,15,15,15
0.1,503,32,15,0.9930444931039744,0.999152352330302,0.012714715045470282,4.784006603934737,15,15,15
0.1,503,33,15,0.9943922945037351,0.9993412561863378,0.009881157204932434,4.294592561659266,15,15,15
0.1,503,34,15,0.9959955989226019,0.9994836855782481,0.007744716326279599,3.6281204094555384,15,15,15
0.1,503,35,15,0.9965870152519483,0.9995730831272575,0.006403753091139608,3.349169719191712,15,15,15
0.1,503,36,15,0.9972142189163915,0.9996230489741915,0.005654265387126434,3.0255056812374495,15,15,15
0.1,503,37,15,0.9975934252909399,0.9996920128866393,0.0046198067004108445,2.8118791675116084,15,15,15
0.1,503,38,15,0.9976784994764666,0.9997783490997337,0.0033247635039928003,2.761691761664296,15,15,15
0.1,503,39,15,0.9977156899211945,0.9998477126614127,0.002284310078811913,2.739464285708041,15,15,15
0.1,503,40,15,0.9999999999999982,0.9999999999999999,5.551115123125783e-15,2.4148365394514667e-06,15,15,15
0.125,503,15,15,0.9857669082385575,0.996968229625273,0.045476555620904247,6.851850865191879,15,15,13
0.125,503,16,15,0.9858196606471289,0.9970471641903947,0.04429253714407888,6.839080734400508,15,15,13
0.125,503,17,15,0.9860794794474984,0.9971696642391507,0.042455036412740954,6.775840182734414,15,15,13
0.125,503,18,15,0.986437500378952,0.9973028287991957,0.04045756801206257,6.6877357871037235,15,15,13
0.125,503,19,15,0.9864922276917987,0.9974046050047529,0.038930924928704536,6.674167505169819,15,15,13
0.125,503,20,15,0.9867447648053245,0.9974679369235753,0.03798094614637071,6.611203034978721,15,15,13
0.125,503,21,15,0.986746528349579,0.9976169226911435,0.03574615963284622,6.61076126406701,15,15,13
0.125,503,22,15,0.9868095392207809,0.9977337272791236,0.03399409081314653,6.594957859128775,15,15,14
0.125,503,23,15,0.9868805749440465,0.9978030514784515,0.03295422782322732,6.577097060803169,15,15,14
0.125,503,24,15,0.9871251914572271,0.9978968680825863,0.0315469787612066,6.515224163544863,15,15,14
0.125,503,25,15,0.9872475342336958,0.9979907836958339,0.03013824456249059,6.484061367943784,15,15,14
0.125,503,26,15,0.9872534412802515,0.9980701727860228,0.028947408209657133,6.4825530164084615,15,15,14
0.125,503,27,15,0.9873148546639714,0.9980912766259099,0.028630850611350955,6.466850756469594,15,15,14
0.125,503,28,15,0.987812062490774,0.9982570944802543,0.02614358279618212,6.3383162323426,15,15,14
0.125,503,29,15,0.9881073135290821,0.9983370600323231,0.024944099515151197,6.260762324863379,15,15,14
0.125,503,30,15,0.9888741010485458,0.9986284103868905,0.020573844196642765,6.054786208710234,15,15,14
0.125,503,31,15,0.9890070655073586,0.9986548959434719,0.020176560847923186,6.018362937862714,15,15,14
0.125,503,32,15,0.9891377519219967,0.9986833786960705,0.019749319558942657,5.982350813428082,15,15,14
0.125,503,33,15,0.9911961472058536,0.9989741076961066,0.015388384558401302,5.383916674136799,15,15,15
0.125,503,34,15,0.9937076248751714,0.999195758038418,0.012063629423728406,4.549738615508023,15,15,15
0.125,503,35,15,0.9946210114244127,0.9993364778204733,0.009952832692896707,4.205939852461536,15,15,15
0.125,503,36,15,0.9956191589912168,0.9994147251540781,0.00877912268882719,3.7950629561112392,15,15,15
0.125,503,37,15,0.9963161265384284,0.9995222831165222,0.00716575325216684,3.4797015211732933,15,15,15
0.125,503,38,15,0.9964700761588239,0.9996580193534496,0.005129709698254659,3.4061293449261947,15,15,15
0.125,503,39,15,0.9965277501675234,0.9997685166778341,0.0034722498324888385,3.3781565028323874,15,15,15
0.125,503,40,15,0.9999999999999982,0.9999999999999996,7.771561172376096e-15,2.4148365394514667e-06,15,15,15
0.15,503,15,15,0.9797515753322561,0.9956620694537605,0.06506895819359326,8.180783267904483,15,15,12
0.15,503,16,15,0.9798415366276162,0.9957770779070887,0.0633438313936695,8.162465694359458,15,15,12
0.15,503,17,15,0.9802311205622565,0.9959501933213782,0.06074710017932716,8.082674037548205,15,15,12
0.15,503,18,15,0.9806409283937129,0.996142005360763,0.057869919588554475,7.997904349856384,15,15,13
0.15,503,19,15,0.9807032863105536,0.9962891537247927,0.0556626941281092,7.984928667342319,15,15,13
0.15,503,20,15,0.9809855703967677,0.9963815467776017,0.05427679833597532,7.925931070868,15,15,13
0.15,503,21,15,0.9809900917891812,0.9965954049120178,0.05106892631973381,7.924982614849489,15,15,13
0.15,503,22,15,0.9810608056546457,0.99676186967244,0.04857195491340138,7.910134493545179,15,15,13
0.15,503,23,15,0.9811504671175002,0.9968589588491066,0.04711561726339897,7.89126871470521,15,15,13
0.15,503,24,15,0.9814906260512416,0.9969943684003657,0.04508447399451421,7.819292096863605,15,15,13
0.15,503,25,15,0.9816685208698969,0.9971262561505074,0.04310615774239046,7.781391627451661,15,15,13
0.15,503,26,15,0.9816825495330149,0.9972399460817896,0.04140080877315755,7.778395161843931,15,15,13
0.15,503,27,15,0.9817675943430937,0.9972702051759107,0.0409469223613369,7.760205779018676,15,15,13
0.15,503,28,15,0.9825190571370483,0.9975064441420788,0.037403337868816666,7.597637371159608,15,15,13
0.15,503,29,15,0.9829635881528443,0.9976208450471512,0.03568732429272947,7.499850569328317,15,15,14
0.15,503,30,15,0.9840027741918898,0.9980373168494922,0.02944024725761918,7.266240032960115,15,15,14
0.15,503,31,15,0.9841924749925917,0.9980752114946552,0.02887182758017115,7.2227976520566886,15,15,14
0.15,503,32,15,0.9843736239826043,0.9981156425841419,0.028265361237871378,7.181073627531859,15,15,14
0.15,503,33,15,0.9872686303912025,0.9985277138814762,0.022084291777856646,6.478672925027693,15,15,14
0.15,503,34,15,0.990889192021254,0.9988453865837149,0.017319201244276328,5.477252415477647,15,15,15
0.15,503,35,15,0.9921861386301779,0.9990494639337334,0.014258040993997634,5.0713396362973,15,15,15
0.15,503,36,15,0.9936425173124639,0.9991623740261768,0.012564389607351067,4.573266099428454,15,15,15
0.15,503,37,15,0.9947902604338427,0.9993168554022394,0.01024716896641198,4.139124170776442,15,15,15
0.15,503,38,15,0.9950552302199182,0.9995135335973553,0.0072969960396721545,4.0323129974415695,15,15,15
0.15,503,39,15,0.9951364170432436,0.9996757611362163,0.004863582956756596,3.999018964807022,15,15,15
0.15,503,40,15,0.9999999999999993,1.0,1.1102230246251565e-15,1.4787793334710982e-06,15,15,15
0.175,503,15,15,0.9727765211809424,0.9941336268567327,0.0879955971490114,9.496966681655856,15,15,12
0.175,503,16,15,0.9729297568380797,0.9942919458464365,0.08562081230344964,9.469953891504746,15,15,12
0.175,503,17,15,0.9734665320199588,0.9945233033982461,0.08215044902630864,9.374738458851983,15,15,12
0.175,503,18,15,0.9738570661910395,0.994784604366584,0.07823093450123875,9.304873808413959,15,15,12
0.175,503,19,15,0.9739147006178488,0.9949860018951938,0.07520997157209508,9.294520408840242,15,15,13
0.175,503,20,15,0.974193487181074,0.9951134145844485,0.0732987812332726,9.244281516448726,15,15,13
0.175,503,21,15,0.974236089403528,0.9954035839076182,0.06894624138572825,9.236581135350143,15,15,13
0.175,503,22,15,0.9743087827233636,0.9956276171413391,0.06558574287991303,9.223427442229061,15,15,13
0.175,503,23,15,0.9744147707501586,0.9957560486423886,0.0636592703641693,9.204216636077865,15,15,13
0.175,503,24,15,0.9748579453699449,0.9959410006455686,0.06088499031647221,9.123466273504045,15,15,13
0.175,503,25,15,0.9751024418748929,0.996116130040204,0.05825804939694257,9.078619965233571,15,15,13
0.175,503,26,15,0.9751311735806508,0.9962700281753265,0.055949577370102754,9.073335844939136,15,15,13
0.175,503,27,15,0.9752423437019893,0.9963110462811933,0.055334305782100524,9.052862192021031,15,15,13
0.175,503,28,15,0.9763116216351982,0.996629256494998,0.05056115257502991,8.853602311415523,15,15,13
0.175,503,29,15,0.9769423302916347,0.9967838061022876,0.04824290846568857,8.734008323288478,15,15,13
0.175,503,30,15,0.9782678671636726,0.9973458432319086,0.03981235152137197,8.47733838544632,15,15,14
0.175,503,31,15,0.978523533591145,0.9973970467360189,0.0390442989597134,8.426960393845283,15,15,14
0.175,503,32,15,0.9787613315707059,0.997451346406151,0.03822980390773634,8.379839389143747,15,15,14
0.175,503,33,15,0.9826070987277846,0.9980030255007174,0.029954617489237445,7.578368080574515,15,15,14
0.175,503,34,15,0.9875333521784313,0.9984330532004453,0.02350420199332004,6.410678501326455,15,15,14
0.175,503,35,15,0.9892701763268416,0.9987127167468496,0.019309248797257927,5.945640540758516,15,15,14
0.175,503,36,15,0.9912717193148192,0.9988666876688751,0.016999684966871764,5.360691193256574,15,15,15
0.175,503,37,15,0.9930093979560787,0.9990762500651972,0.013856249022042189,4.796088859297188,15,15,15
0.175,503,38,15,0.9934549593898406,0.9993456228237938,0.009815657643092335,4.6403815573235985,15,15,15
0.175,503,39,15,0.9935611648239543,0.9995707443215962,0.006438835176058366,4.602496310950291,15,15,15
0.175,503,40,15,0.9999999999999967,0.9999999999999994,1.0436096431476471e-14,3.306651113363206e-06,15,15,15
0.2,503,15,15,0.9648246160128159,0.9923876124108085,0.11418581383787263,10.809898727507182,15,15,12
0.2,503,16,15,0.9650921118769783,0.9925966600650139,0.11105009902479213,10.768224840831977,15,15,12
0.2,503,17,15,0.9656549506125748,0.9928935114234456,0.10659732864831706,10.68003301686482,15,15,12
0.2,503,18,15,0.966075742492441,0.9932352814509168,0.10147077823624973,10.613642513357298,15,15,12
0.2,503,19,15,0.9661166709252023,0.9935001878514437,0.09749718222834602,10.607163879493147,15,15,12
0.2,503,20,15,0.9663681135089353,0.9936688061526145,0.09496790771078112,10.56727945511921,15,15,12
0.2,503,21,15,0.9665034971932184,0.9940466252656293,0.08930062101556202,10.545744966648892,15,15,12
0.2,503,22,15,0.9665727245675543,0.9943357056763718,0.08496441485442341,10.534717244020857,15,15,12
0.2,503,23,15,0.9666918628186099,0.994498616803878,0.08252074794183017,10.515713017465686,15,15,12
0.2,503,24,15,0.9672406922236836,0.9947412982464211,0.07888052630368403,10.427740047949912,15,15,12
0.2,503,25,15,0.9675634113703556,0.9949645518188326,0.07553172271750863,10.375678145233183,15,15,12
0.2,503,26,15,0.967616369427478,0.9951644788946526,0.07253281658020971,10.367110947216199,15,15,12
0.2,503,27,15,0.9677556398169084,0.9952178469126102,0.07173229631084777,10.344548348768141,15,15,12
0.2,503,28,15,0.9692105147809832,0.9956292545376321,0.06556118193552019,10.1059712711201,15,15,13
0.2,503,29,15,0.9700664839577979,0.9958294089318186,0.06255886602272198,9.963050683115739,15,15,13
0.2,503,30,15,0.9716821014076283,0.996556403280104,0.05165395079843904,9.687784789169504,15,15,14
0.2,503,31,15,0.9720125748179722,0.9966227378386869,0.05065893241969588,9.630548398731202,15,15,14
0.2,503,32,15,0.9723127642592454,0.9966927893962215,0.049608159056674594,9.578271918858187,15,15,14
0.2,503,33,15,0.9772116213266445,0.9974010545382783,0.03898418192582387,8.682459823462732,15,15,14
0.2,503,34,15,0.9836337983930881,0.997959204747912,0.030611928781319908,7.350017610366929,15,15,14
0.2,503,35,15,0.9858610302041917,0.9983268607050503,0.025097089424245378,6.829049739739364,15,15,14
0.2,503,36,15,0.9884941526801203,0.9985282945220513,0.02207558216923189,6.157696685969979,15,15,14
0.2,503,37,15,0.9909513310298723,0.9988008878296347,0.01798668255548097,5.458485125493562,15,15,15
0.2,503,38,15,0.9916893131307364,0.9991549146248424,0.0126762806273647,5.230515351853858,15,15,15
0.2,503,39,15,0.9918200417816354,0.9994546694521085,0.008179958218375027,5.189100047640093,15,15,15
0.2,503,40,15,0.999999999999998,0.9999999999999996,7.771561172376096e-15,2.561320938754782e-06,15,15,15
0.25,503,15,15,0.9453964802783781,0.9882615267516941,0.17607709872458754,13.513470162807646,15,13,11
0.25,503,16,15,0.9457097204431578,0.9885949619760902,0.1710755703586485,13.473920664838731,15,13,11
0.25,503,17,15,0.9462241821826451,0.9890432378880597,0.16435143167910593,13.408730933991007,15,13,11
0.25,503,18,15,0.9474629763193158,0.9895795592869985,0.15630661069502116,13.250539882752712,15,14,11
0.25,503,19,15,0.9474670182928692,0.9900011585946789,0.1499826210798172,13.250020867480023,15,14,11
0.25,503,20,15,0.9476413658719288,0.9902716941292325,0.14592458806151232,13.22761554060709,15,14,12
0.25,503,21,15,0.9481848927300005,0.9908584410142408,0.13712338478638786,13.15753996533014,15,14,12
0.25,503,22,15,0.9482354989105808,0.991298275993693,0.13052586009460543,13.15099779623302,15,14,12
0.25,503,23,15,0.9483698176287695,0.9915378554167823,0.12693216874826596,13.133618920660373,15,14,12
0.25,503,24,15,0.9491166696183342,0.9919217000836621,0.12117449874506647,13.036594723647296,15,14,12
0.25,503,25,15,0.949634276108022,0.9922545625985837,0.11618156102124355,12.968956183068258,15,14,12
0.25,503,26,15,0.9497785106867628,0.9925637211744872,0.11154418238268982,12.950049686328086,15,14,12
0.25,503,27,15,0.9499779870786506,0.9926465231364572,0.11030215295314294,12.923859580121805,15,14,12
0.25,503,28,15,0.9524219841183018,0.9932767864248676,0.10084820362698876,12.59886180093929,15,15,12
0.25,503,29,15,0.9538512682776067,0.993583317043075,0.09625024435387641,12.405117425090499,15,15,12
0.25,503,30,15,0.9560221463640398,0.994693721854489,0.0795941721826664,12.10529790882039,15,15,12
0.25,503,31,15,0.9565271667270776,0.9947954359158941,0.07806846126158573,12.034544829212802,15,15,12
0.25,503,32,15,0.9569684819913867,0.9949025808897791,0.07646128665331386,11.972394957212062,15,15,12
0.25,503,33,15,0.9642339044741897,0.9959696892254832,0.06045466161775037,10.90138984691896,15,15,13
0.25,503,34,15,0.9741822510128751,0.9968286114662736,0.04757082800589518,9.246311430187172,15,15,13
0.25,503,35,15,0.9775166975114494,0.9974101140759136,0.03884828886129377,8.623700490911238,15,15,13
0.25,503,36,15,0.9816690464865164,0.9977256145708131,0.03411578143780292,7.781279378163955,15,15,13
0.25,503,37,15,0.9858674873690276,0.9981471147655293,0.02779327851705926,6.827482748174677,15,15,13
0.25,503,38,15,0.9877367109216016,0.9987071064595127,0.01939340310731308,6.357959839546497,15,15,14
0.25,503,39,15,0.9879047958556199,0.9991936530570412,0.012095204144383476,6.314058810161761,15,15,14
0.25,503,40,15,0.9999999999999989,0.9999999999999999,1.7763568394002505e-15,1.9090959104164224e-06,15,15,15
0.3,503,15,15,0.9212125788297976,0.9833206638199947,0.25019004270008083,16.30144833202653,15,13,10
0.3,503,16,15,0.9214868864564839,0.9838100885740264,0.2428486713896042,16.272256031752196,15,13,10
0.3,503,17,15,0.9222620443970239,0.9844351550394111,0.23347267440883335,16.189509135425457,15,13,10
0.3,503,18,15,0.92477855586286,0.9852120948553479,0.22181857716978015,15.918234477440965,15,13,10
0.3,503,19,15,0.924793715317219,0.9858337866155286,0.212493200767068,15.916587807337677,15,13,10
0.3,503,20,15,0.924897321012949,0.9862338834296397,0.20649174855540298,15.905329729366228,15,13,10
0.3,503,21,15,0.9262156904228894,0.9870737377030374,0.19389393445443803,15.761443587964786,15,13,10
0.3,503,22,15,0.9262426426820201,0.987688940284275,0.1846658957358751,15.758489752907114,15,13,10
0.3,503,23,15,0.9263778243545107,0.9880127773790444,0.1798083393143345,15.743667006641648,15,14,10
0.3,503,24,15,0.9272693071335713,0.9885743086589034,0.1713853701164494,15.645599900422253,15,14,11
0.3,503,25,15,0.9280419707622003,0.9890329804485053,0.16450529327241759,15.56015446917196,15,14,11
0.3,503,26,15,0.9283620842333148,0.9894739331696806,0.15789100245479237,15.524630662464203,15,14,11
0.3,503,27,15,0.9286243050889876,0.989592445512235,0.1561133173164757,15.49547674024183,15,14,11
0.3,503,28,15,0.9323673044266094,0.9904828926935197,0.14275660959720282,15.073792570792445,15,14,12
0.3,503,29,15,0.9345348204314177,0.9909136996358221,0.13629450546266908,14.82464744411177,15,14,12
0.3,503,30,15,0.937179761835256,0.9924703724792215,0.11294441281167755,14.515367069050903,15,14,12
0.3,503,31,15,0.9378898539405988,0.9926136400973269,0.11079539854009668,14.431305737629064,15,14,12
0.3,503,32,15,0.9384943196976344,0.9927654093511324,0.10851885973301245,14.359394350953684,15,14,12
0.3,503,33,15,0.9483981100280808,0.9942434026216908,0.08634896067463871,13.12995557420218,15,14,13
0.3,503,34,15,0.9625021429822879,0.9954567685918927,0.06814847112161215,11.16549935682957,15,15,13
0.3,503,35,15,0.9670674101703749,0.9963035758452867,0.05544636232069611,10.455592142343999,15,15,13
0.3,503,36,15,0.9730718930727119,0.996758347069261,0.04862479396108288,9.444831211829847,15,15,13
0.3,503,37,15,0.979308288850213,0.9973572043589726,0.0396419346154111,8.270467254669342,15,15,13
0.3,503,38,15,0.9833339295018089,0.9981731464471338,0.02740280329299194,7.417422380274412,15,15,13
0.3,503,39,15,0.9835039421763843,0.9989002628117585,0.016496057823621513,7.379280696216063,15,15,14
0.3,503,40,15,0.9999999999999976,0.9999999999999998,6.439293542825908e-15,2.831646840510158e-06,15,15,15
0.35,503,15,15,0.8924980272619695,0.9776012693478701,0.335980959781947,19.139843322362186,14,12,9
0.35,503,16,15,0.8927211661274266,0.9782793762118215,0.3258093568226753,19.1191964439855,14,12,9
0.35,503,17,15,0.8938584557008445,0.9791046958159948,0.3134295627600777,19.013668858783475,14,13,9
0.35,503,18,15,0.8981232798501599,0.9801697734237987,0.29745339864302056,18.61342230504249,14,13,9
0.35,503,19,15,0.8982427082338642,0.9810403499090504,0.2843947513642432,18.602108527529154,14,13,10
0.35,503,20,15,0.8982903615046886,0.9815996302909712,0.276005545635432,18.597592559840646,14,13,10
0.35,503,21,15,0.9008118783426291,0.9827358661564581,0.2589620076531287,18.357279674435755,15,13,10
0.35,503,22,15,0.9008208144161564,0.9835477839140297,0.2467832412895561,18.35642322606002,15,13,10
0.35,503,23,15,0.9009460283847637,0.983960497800728,0.2405925329890799,18.344418894307907,15,13,10
0.35,503,24,15,0.901891842600176,0.9847393494829436,0.22890975775584455,18.253523985793148,15,13,10
0.35,503,25,15,0.9029945726800033,0.9853388236612769,0.21991764508084288,18.14705458965544,15,13,11
0.35,503,26,15,0.903610913084727,0.9859339717861246,0.2109904232081271,18.087311173488615,15,13,11
0.35,503,27,15,0.9039356889935323,0.9860944740361048,0.20858288945842662,18.055761196900846,15,13,11
0.35,503,28,15,0.9093026149139021,0.9872840518921675,0.1907392216174867,17.527292671318822,15,13,11
0.35,503,29,15,0.9123616952456404,0.9878538641728662,0.18219203740700718,17.21977130752461,15,14,11
0.35,503,30,15,0.9153609183086228,0.9899089712744151,0.15136543088377374,16.913520186602312,15,14,11
0.35,503,31,15,0.9163031886519452,0.9900991087155867,0.14851336926619763,16.816292828562997,15,14,11
0.35,503,32,15,0.9170953884695349,0.9903033796178349,0.14544930573247716,16.73416492525161,15,14,11
0.35,503,33,15,0.9298233871070507,0.9922337962885892,0.11649305567116142,15.361527086655418,15,14,12
0.35,503,34,15,0.9485824163683352,0.9938469512895293,0.09229573065705898,13.106068004003571,15,14,12
0.35,503,35,15,0.9544458413344284,0.9950116348358226,0.07482547746266088,12.323681588274264,15,15,13
0.35,503,36,15,0.9626190210621959,0.9956301277715375,0.06554808342693685,11.147861441504785,15,15,13
0.35,503,37,15,0.9711383009250385,0.9964319245791553,0.053521131312668224,9.781267255954399,15,15,13
0.35,503,38,15,0.9785881706452005,0.9975546927386019,0.03667960892097011,8.414177561091686,15,15,13
0.35,503,39,15,0.9787043118850529,0.9985802874590033,0.021295688114951528,8.391161581776796,15,15,14
0.35,503,40,15,0.9999999999999989,0.9999999999999999,4.440892098500626e-15,1.9090959104164224e-06,15,15,15
0.4,503,15,15,0.859332442235718,0.9711397099253855,0.4329043511192192,22.02781972054084,13,12,9
0.4,503,16,15,0.8594846133146407,0.9720400935299055,0.41939859705141536,22.015278336919923,13,12,9
0.4,503,17,15,0.861077940412648,0.973087526451577,0.4036871032263438,21.883619001073153,13,12,9
0.4,503,18,15,0.867657758388195,0.9744892962236104,0.3826605566458432,21.333058206932073,13,12,9
0.4,503,19,15,0.8680243334411171,0.975663563819293,0.36504654271060477,21.30204924349244,13,13,9
0.4,503,20,15,0.8680348243571139,0.9764135111357023,0.3537973329644658,21.301161269015704,13,13,9
0.4,503,21,15,0.8722341726170514,0.9778881861184122,0.33167720822381386,20.943272941807788,14,13,9
0.4,503,22,15,0.8722350089598113,0.9789154530793723,0.3162682038094137,20.94320117004049,14,13,9
0.4,503,23,15,0.8723441711383524,0.9794190377918244,0.30871443312263436,20.933831563672502,14,13,9
0.4,503,24,15,0.873232421810516,0.9804582850141281,0.2931257247880782,20.85746367185753,14,13,10
0.4,503,25,15,0.8747591350423332,0.9812131157073956,0.2818032643890659,20.72566691204887,14,13,10
0.4,503,26,15,0.8758275337803045,0.9819850047937532,0.27022492809370025,20.633025475543736,14,13,10
0.4,503,27,15,0.8762126894786452,0.98219384079896,0.26709238801559987,20.599544629281674,14,13,10
0.4,503,28,15,0.8835321070413004,0.9837188720103104,0.24421691984534422,19.954507572935373,14,13,11
0.4,503,29,15,0.8876091265143862,0.9844389174417071,0.23341623837439618,19.587587831542997,14,13,11
0.4,503,30,15,0.8908257313910859,0.9870337990438202,0.1944930143426974,19.293984270109586,14,14,11
0.4,503,31,15,0.8920235143122066,0.987275190761278,0.19087213858083218,19.183687115505478,14,14,11
0.4,503,32,15,0.8930330429409656,0.9875404758799239,0.18689286180114129,19.09030702298911,14,14,11
0.4,503,33,15,0.9086915987070702,0.9899547684528733,0.15067847320690042,17.588153392361136,15,14,12
0.4,503,34,15,0.9324425695913815,0.9920031717192371,0.11995242421144447,15.065203881361564,15,14,12
0.4,503,35,15,0.9396147215152842,0.9935394692003799,0.09690796199430107,14.225224574391444,15,14,13
0.4,503,36,15,0.9502478640608065,0.9943448464766538,0.08482730285019646,12.888347408158713,15,15,13
0.4,503,37,15,0.9612583028220799,0.9953717867863141,0.06942319820528797,11.351594753291,15,15,13
0.4,503,38,15,0.9735442821313537,0.9968523640506403,0.04721453924039787,9.360869432865515,15,15,13
0.4,503,39,15,0.973565577723271,0.9982377051815511,0.02643442227673587,9.357067278280491,15,15,14
0.4,503,40,15,0.9999999999999976,0.9999999999999996,9.325873406851315e-15,2.831646840510158e-06,15,15,15
0.5,503,15,15,0.780151562694798,0.9561460014649437,0.6578099780258485,27.96161826270681,12,11,8
0.5,503,16,15,0.7801673082421018,0.9575940458638375,0.6360893120424405,27.960529069811496,13,11,8
0.5,503,17,15,0.7829420587412835,0.959145672902667,0.6128149064599968,27.768145723805244,13,11,9
0.5,503,18,15,0.796182600016472,0.9613655878829502,0.5795161817557486,26.837484886173332,13,11,9
0.5,503,19,15,0.797727924901648,0.9633359247658296,0.5499611285125541,26.727432288433555,13,11,9
0.5,503,20,15,0.7977598317529772,0.9645670813622929,0.531493779565608,26.725156698478422,13,12,9
0.5,503,21,15,0.8068623998789173,0.9668368538942893,0.49744719158566,26.07033985141093,13,12,9
0.5,503,22,15,0.8068647735525218,0.9683440614206416,0.474839078690378,26.070167592578997,13,12,9
0.5,503,23,15,0.8069395075486904,0.9690268267744585,0.4645975983831244,26.064743692496865,13,12,9
0.5,503,24,15,0.8074155983353264,0.9707298609650464,0.4390520855243041,26.03017211832362,13,12,9
0.5,503,25,15,0.8101586903297745,0.9718402888245359,0.4223956676319619,25.83034250182037,13,13,9
0.5,503,26,15,0.8127197781793033,0.9730354203813715,0.40446869427942966,25.64277150102124,13,13,9
0.5,503,27,15,0.8132144992111869,0.9733605740830887,0.3995913887536684,25.606425415730428,13,13,9
0.5,503,28,15,0.8253654440520488,0.9756525095973764,0.36521235603935465,24.701634802582774,14,13,10
0.5,503,29,15,0.8316849508177938,0.9766919875572398,0.3496201866414016,24.221305053635273,14,13,10
0.5,503,30,15,0.8349447222683424,0.9804488301032172,0.2932675484517424,23.970733673478602,14,14,10
0.5,503,31,15,0.8367049823380027,0.9808018678172264,0.28797198274160374,23.834601887501208,14,14,10
0.5,503,32,15,0.838268976387979,0.9812186482537191,0.28172027619421647,23.71315237893533,14,14,11
0.5,503,33,15,0.8598281562086704,0.9846583838890991,0.23012424166351275,21.986943879229475,14,14,11
0.5,503,34,15,0.8938051594305902,0.9876384599783047,0.18542310032542986,19.01862523590042,14,14,12
0.5,503,35,15,0.9034101689146969,0.9900849316521324,0.14872602521801503,18.106788488392354,15,14,12
0.5,503,36,15,0.9196800655420074,0.9913250602962773,0.1301240955558397,16.46369369938602,15,14,13
0.5,503,37,15,0.9360910655922908,0.9928528818901711,0.10720677164743297,14.64339201942337,15,14,13
0.5,503,38,15,0.9613399328635411,0.9951963799565942,0.07205430065108664,11.339470555617014,15,15,13
0.5,503,39,15,0.9623753065003817,0.997491687100025,0.03762469349962538,11.184610218379726,15,15,14
0.5,503,40,15,0.9999999999999973,0.9999999999999996,7.327471962526033e-15,2.9575586669421963e-06,15,15,15
0.6,503,15,15,0.6856574425739488,0.9387083489137281,0.9193747662940771,34.1016337352124,12,10,7
0.6,503,16,15,0.6857196330961566,0.9408415297186823,0.8873770542197663,34.09779601520355,12,10,7
0.6,503,17,15,0.6899773141924331,0.9429679320834368,0.855481018748447,33.83456386777014,12,10,7
0.6,503,18,15,0.7128073262509261,0.9461798768590471,0.8073018471142923,32.40521244346317,12,10,7
0.6,503,19,15,0.7168988095267442,0.9492288485073324,0.7615672723900139,32.14559541874177,13,10,8
0.6,503,20,15,0.7171758741923051,0.9510744874249045,0.7338826886264307,32.127974102656296,13,10,8
0.6,503,21,15,0.7332791689698336,0.9542737795074635,0.6858933073880459,31.09443914600017,13,10,8
0.6,503,22,15,0.7332792309664801,0.9563259928432086,0.6551101073518668,31.09443512996313,13,10,9
0.6,503,23,15,0.733329774848265,0.9571744146856794,0.6423837797148118,31.091160884665,13,10,9
0.6,503,24,15,0.7333612071776029,0.9597478510530316,0.6037822342045231,31.089124590934034,13,11,9
0.6,503,25,15,0.7379452893820492,0.9612785531482899,0.5808217027756506,30.79132431429259,13,12,9
0.6,503,26,15,0.742912353664594,0.9629961132646462,0.5550583010303068,30.46674043671231,13,12,9
0.6,503,27,15,0.7434988987067014,0.9634656056669366,0.5480159149959517,30.42827711199676,13,12,9
0.6,503,28,15,0.761440652088148,0.9666238585432682,0.5006421218509773,29.237138552485103,13,12,9
0.6,503,29,15,0.7699215474532184,0.9679846705082151,0.48022994237677574,28.66352086187595,13,12,9
0.6,503,30,15,0.7728404329818275,0.9729506272801994,0.4057405907970074,28.46439804195837,14,13,10
0.6,503,31,15,0.7751901943493558,0.973420409294927,0.3986938605760961,28.303443431628637,14,13,10
0.6,503,32,15,0.7775370140128494,0.974036932401827,0.3894460139725928,28.14209310060202,14,13,10
0.6,503,33,15,0.8046666768065011,0.9785279717611235,0.32208042358314826,26.229342157226633,14,14,11
0.6,503,34,15,0.8478295353500191,0.9824427932268436,0.2633581015973455,22.960120041045464,14,14,11
0.6,503,35,15,0.8593058521620813,0.986035108386962,0.209473374195572,22.030010594718608,14,14,12
0.6,503,36,15,0.8817815597853996,0.98776953418256,0.18345698726159887,20.110335192399432,14,14,12
0.6,503,37,15,0.9036927448853841,0.9898343671042231,0.15248449343665105,18.07936620003902,15,14,12
0.6,503,38,15,0.9418348603203692,0.993210571403841,0.1018414289423879,13.955870691751779,15,14,13
0.6,503,39,15,0.9498994699313084,0.9966599646620867,0.05010053006869786,12.934174323953043,15,14,14
0.6,503,40,15,0.9999999999999987,0.9999999999999998,4.884981308350689e-15,2.091309789151873e-06,15,15,15
0.75,503,15,15,0.5256685449455202,0.9091845003740958,1.3622324943885604,43.52865393715317,11,9,6
0.75,503,16,15,0.5264641327183457,0.9125822759614689,1.3112658605779655,43.48300803989702,11,10,7
0.75,503,17,15,0.533300693119391,0.9156720154782576,1.2649197678261372,43.0905974475543,11,10,7
0.75,503,18,15,0.5747006722239894,0.9205606693631178,1.1915899595532342,40.70388240137169,11,10,7
0.75,503,19,15,0.5857291370476184,0.9257484656204211,1.1137730156936823,40.063691490138915,11,10,7
0.75,503,20,15,0.5869600517582995,0.9287086091248461,1.0693708631273096,39.99208953068444,12,10,7
0.75,503,21,15,0.616684911162792,0.9334484899921666,0.9982726501175009,38.25222557815519,12,10,7
0.75,503,22,15,0.6167946317400183,0.9364755162658451,0.9528672560123278,38.24576036472145,12,10,7
0.75,503,23,15,0.6168301645421738,0.9375343608452508,0.93698458732124,38.24366654241188,12,10,7
0.75,503,24,15,0.6178152924963577,0.9417704231931342,0.8734436521029897,38.18560174715025,12,11,8
0.75,503,25,15,0.6264601486944497,0.944057502362928,0.8391374645560793,37.674806060331896,12,11,8
0.75,503,26,15,0.6367562588801341,0.9467657341280749,0.7985139880788762,37.06330523387956,12,11,9
0.75,503,27,15,0.6374521436867565,0.9475112776871097,0.7873308346933529,37.02184480084386,12,11,9
0.75,503,28,15,0.6645652124098004,0.952056445356204,0.7191533196569405,35.39199783765478,13,12,9
0.75,503,29,15,0.6752786700087098,0.9538567674692925,0.6921484879606118,34.73929584906802,13,12,9
0.75,503,30,15,0.6774182070560021,0.9605877405006127,0.5911838924908108,34.608290542367776,14,12,9
0.75,503,31,15,0.6805545810122615,0.9612237630016701,0.5816435549749475,34.41583545464959,14,12,9
0.75,503,32,15,0.6846983153880302,0.9622587955706802,0.5661180664397972,34.160794620585364,14,12,9
0.75,503,33,15,0.7188444084808931,0.9682821544460923,0.47576768330861263,32.02174435188576,14,12,10
0.75,503,34,15,0.7708638515503977,0.9734337421341639,0.3984938679875445,28.599335647795975,14,12,11
0.75,503,35,15,0.783483705997644,0.9792319357801685,0.31152096329747336,27.7304881259487,14,13,11
0.75,503,36,15,0.814952292089589,0.9817401042675988,0.2738984359860208,25.478458359586735,14,13,12
0.75,503,37,15,0.8438391228075587,0.9845859849012909,0.23121022648063771,23.276699134910455,14,13,12
0.75,503,38,15,0.9009473538020084,0.9896873723530677,0.15468941470398612,18.34429178972427,15,13,13
0.75,503,39,15,0.9280304227020499,0.9952020281801365,0.07196957729795583,15.561434623010529,15,14,14
0.75,503,40,15,0.9999999999999978,0.9999999999999996,7.327471962526033e-15,2.699869328381916e-06,15,15,15
1.0,503,15,15,0.281782698880252,0.8581956703083009,2.1270649453754853,57.93830751509168,9,9,5
1.0,503,16,15,0.28439735756433676,0.8641037922980985,2.038443115528521,57.77203744565032,10,9,6
1.0,503,17,15,0.2962366424209477,0.868884415192606,1.9667337721109084,57.024780660714555,10,9,6
1.0,503,18,15,0.3654782922487067,0.8761543031116605,1.8576854533250906,52.803676218604636,10,9,6
1.0,503,19,15,0.3900284868902152,0.8854222285732921,1.7186665714006182,51.35284333671907,10,9,6
1.0,503,20,15,0.39327021866179196,0.8901413604765996,1.647879592851005,51.16258445642545,10,9,6
1.0,503,21,15,0.44630112115823695,0.8972684607104185,1.5409730893437235,48.08266465652588,10,9,6
1.0,503,22,15,0.448678395612824,0.9025569636222802,1.4616455456657937,47.94569931922319,10,9,7
1.0,503,23,15,0.4487016552712562,0.9038776748377705,1.4418348774334429,47.944359565918205,10,9,7
1.0,503,24,15,0.4594988762379689,0.9110280316698294,1.3345795249525603,47.32308863430179,11,10,7
1.0,503,25,15,0.4766895722339046,0.9147864664156524,1.2782030037652117,46.33607342155682,12,10,7
1.0,503,26,15,0.4985294541515733,0.9197378045875765,1.2039329311863547,45.08425619216526,12,10,7
1.0,503,27,15,0.4994369629821946,0.9211204667041354,1.183192999437968,45.03225965164765,12,10,8
1.0,503,28,15,0.5373051844404741,0.9277960141709319,1.0830597874360195,42.860582319318965,12,10,8
1.0,503,29,15,0.5480116878831008,0.9301733430429161,1.0473998543562564,42.24488788994639,12,10,8
1.0,503,30,15,0.5491803299731783,0.9393506542183092,0.9097401867253627,42.177611102657785,12,11,9
1.0,503,31,15,0.5528208547794197,0.940195175617776,0.8970723657333591,41.96793027872831,12,11,9
1.0,503,32,15,0.5617957849660459,0.942337061303998,0.8649440804400288,41.45028600206002,12,11,9
1.0,503,33,15,0.6029466099273323,0.9506487403442765,0.7402688948358517,39.059103859615625,13,12,9
1.0,503,34,15,0.6541596862814424,0.9572330303887806,0.6415045441682887,36.02101138382433,13,12,10
1.0,503,35,15,0.6636057415574249,0.9680989081112389,0.478516378331418,35.45019450866963,14,13,11
1.0,503,36,15,0.7041946070897733,0.9717024214886224,0.42446367767066184,32.948156076309516,14,13,11
1.0,503,37,15,0.7363781957586856,0.9754998428792053,0.367502356811922,30.89331542600674,14,13,12
1.0,503,38,15,0.816344727485275,0.9831657341993211,0.252513987010183,25.375587222913722,14,13,13
1.0,503,39,15,0.8811899092168473,0.9920793272811229,0.11881009078315607,20.162775505759804,14,14,14
1.0,503,40,15,0.9999999999999984,0.9999999999999998,4.218847493575595e-15,2.2588727439225506e-06,15,15,15
1.5,503,15,15,0.14375592698468456,0.7883555831229808,3.174666253155286,67.71886000814972,8,7,4
1.5,503,16,15,0.14522594940747824,0.7989073136825582,3.01639029476163,67.59907974299756,8,8,5
1.5,503,17,15,0.16055495202155137,0.8061360371131007,2.907959443303491,66.37848599564776,8,8,5
1.5,503,18,15,0.23205991178697857,0.8138883849013769,2.791674226479346,61.20181125892605,8,8,5
1.5,503,19,15,0.2605794271647609,0.8263672847244136,2.6044907291337984,59.304871366333536,9,8,5
1.5,503,20,15,0.264286231470183,0.832158709751034,2.5176193537344895,59.06350050874079,9,8,5
1.5,503,21,15,0.3263028390347749,0.8411143174209326,2.3832852386860113,55.16401138942089,10,8,5
1.5,503,22,15,0.3359874396070136,0.8525378501906626,2.2119322471400613,54.57447605917901,10,8,5
1.5,503,23,15,0.3360600891163996,0.8543333336648478,2.184999995027285,54.570069860673726,10,8,5
1.5,503,24,15,0.365550202123238,0.8618717865460662,2.0719232018090086,52.79939844224529,10,9,6
1.5,503,25,15,0.3908571246044431,0.8680863432070073,1.9787048518948915,51.30418341013317,10,9,7
1.5,503,26,15,0.40627096485938047,0.8778814107024491,1.8317788394632628,50.402238556076554,10,9,7
1.5,503,27,15,0.41340006666477835,0.8806550496198482,1.7901742557022777,49.98695923240146,11,9,7
1.5,503,28,15,0.45054758898766734,0.8892146981639766,1.661779527540353,47.83805437917958,11,10,7
1.5,503,29,15,0.45914418155982334,0.8923232598687313,1.6151511019690337,47.3434787353972,11,10,7
1.5,503,30,15,0.46083824409966617,0.9040756722435759,1.4388649163463598,47.24610381674417,11,10,8
1.5,503,31,15,0.462993129126497,0.9053023679038597,1.4204644814421044,47.12227818197815,11,10,8
1.5,503,32,15,0.4748478536743257,0.9110599450145447,1.3341008247818307,46.44172031748193,11,11,9
1.5,503,33,15,0.5319789532033193,0.9223503546130319,1.1647446808045225,43.16648946577499,11,11,9
1.5,503,34,15,0.5751240909116798,0.9313889018075503,1.0291664728867453,40.679345336332354,12,11,10
1.5,503,35,15,0.5755329280080159,0.9545597304692518,0.6816040429612228,40.655650241877744,13,12,11
1.5,503,36,15,0.6166036763055638,0.9599179008231069,0.6012314876533961,38.25701206350838,13,12,11
1.5,503,37,15,0.6319523063242771,0.9646657396431768,0.5300139053523457,37.34906256662564,14,12,12
1.5,503,38,15,0.7118811781069574,0.9748315694620949,0.37752645806857754,32.463825144164396,14,13,13
1.5,503,39,15,0.7901997981555374,0.9860133198770352,0.2098002018444719,27.260673487994772,14,14,14
1.5,503,40,15,0.9999999999999982,0.9999999999999996,7.327471962526033e-15,2.4148365394514667e-06,15,15,15
2.0,503,15,15,0.10273941225291625,0.7544199983370677,3.683700024943986,71.30502641828772,8,7,4
2.0,503,16,15,0.10504914741494648,0.7681557173017652,3.477664240473522,71.08816331958539,8,8,4
2.0,503,17,15,0.10526194585659546,0.7765297822261433,3.352053266607851,71.06828996121754,8,8,4
2.0,503,18,15,0.1722129288589432,0.7833831434308325,3.2492528485375116,65.48159940539946,8,8,4
2.0,503,19,15,0.2659691800165744,0.7967225489288489,3.0491617660672636,58.954273392548004,9,8,5
2.0,503,20,15,0.2851668676827549,0.8048106473693583,2.9278402894596267,57.72319116250602,9,8,5
2.0,503,21,15,0.3131967345033651,0.8135558361102163,2.796662458346753,55.969107050740604,9,9,5
2.0,503,22,15,0.3149217559957178,0.8290291155733899,2.5645632663991487,55.86263431266107,9,9,5
2.0,503,23,15,0.31706818724804253,0.8311266431308161,2.5331003530377574,55.73037067782085,9,9,5
2.0,503,24,15,0.34709426200841526,0.8364201533681235,2.4536976994781488,53.90349544904085,9,9,6
2.0,503,25,15,0.37268127827873254,0.8438222745337699,2.342665881993449,52.376051520418315,10,9,6
2.0,503,26,15,0.3765215437253035,0.8552461662155544,2.171307506766682,52.14875536133424,10,9,6
2.0,503,27,15,0.380969165691608,0.8581596126921928,2.12760580961711,51.88608333298888,10,9,6
2.0,503,28,15,0.40975215112039476,0.8670462070897309,1.9943068936540356,50.19931706063285,10,9,7
2.0,503,29,15,0.41438587685986067,0.8699768687811312,1.9503469682830297,49.92961978137824,10,9,7
2.0,503,30,15,0.41569046718044095,0.8828631587090009,1.7570526193649851,49.85376916005536,10,10,8
2.0,503,31,15,0.4197003112089121,0.8852304686199715,1.7215429707004262,49.62084397029812,10,10,8
2.0,503,32,15,0.41991424300912017,0.8947000319916765,1.5794995201248525,49.60842582130565,11,11,9
2.0,503,33,15,0.4207035116197647,0.9046445166929595,1.4303322496056072,49.56261849836895,11,11,10
2.0,503,34,15,0.496567580979064,0.9161992397539234,1.2570114036911533,45.196664668110586,12,11,11
2.0,503,35,15,0.5379085276291667,0.9471130499362579,0.7933042509561327,42.82591510178777,13,12,11
2.0,503,36,15,0.5985739226462802,0.954397850245208,0.6840322463218795,39.31488893620418,13,12,12
2.0,503,37,15,0.6109619394653943,0.9599469159230956,0.6007962611535665,38.58897158374886,13,12,12
2.0,503,38,15,0.7092805983711281,0.9735556513447625,0.3966652298285631,32.628108447346314,13,13,13
2.0,503,39,15,0.7667097341097261,0.9844473156073146,0.23329026589028212,28.881606497167514,14,14,14
2.0,503,40,15,0.9999999999999978,0.9999999999999998,6.661338147750939e-15,2.699869328381916e-06,15,15,15
