acceptance,accepted,beta,cell_id,cell_index,channel_balance_mean,channel_balance_stderr,density_max,density_mean,density_min,density_stderr,density_tau_int,direct_sign_mean,direct_sign_min,direct_sign_stderr,dt,energy_interaction_mean,energy_interaction_stderr,energy_kinetic_mean,energy_kinetic_stderr,energy_mean,energy_stderr,energy_tau_int,experiment_id,g_a,g_b_over_g_a,m,machine,measurements,mu,nematic_sq_mean,nematic_sq_stderr,proposal_scale,proposed,q_a_sq_mean,q_a_sq_stderr,q_a_sq_tau_int,q_b_sq_mean,q_b_sq_stderr,q_combined_mean,q_combined_stderr,run_fingerprint,seed,slices,source_revision,stability_retry,stabilize,stabilized,status,t,v_asymmetry,weight_log_error_max,weight_log_error_mean,weight_log_error_stderr,worker_id
0.9133333333333333,1096,2.0,m04_b02_g000_t000_mun15,0,-0.2585722030525835,0.05483864991589491,0.22021739259254255,0.09073703783151806,0.048258399068316686,0.018450248725831786,2.6884382012437804,1.0,1.0,0.0,0.2,-0.6836162581339478,0.2382337228343413,2.1776889079564334,0.44280596941996286,1.4940726498224859,0.20440527794113034,2.7213553452044117,stage3-coarse-20260729,1.0,0.0,4,wsl,40,-1.5,0.010246008346056554,0.0018663479824739802,0.75,1200,0.17924632991639639,0.05135941605662022,1.494041176201886,0.07324883933561108,0.01215366921394988,0.12624758462600374,0.030748416903449923,e916f011fd20c60065e0b4242869dc71697285a666f98d138a191d9238dd7a0b,2909640788,10,b4459ae0d1c64ba021ffce634d26402362575171,False,False,False,COMPLETE,0.0,0.0,1.7763568394002505e-15,4.551914400963141e-16,6.985669378878492e-17,0
0.6225,747,2.0,m04_b02_g000_t000_mu000,1,-0.5286725112858364,0.15840073710583155,0.5000000000000044,0.5,0.49999999999999645,1.7328222447086028e-16,0.5,1.0,1.0,0.0,0.2,-3.858729717570455,0.14520956487244863,0.0,0.0,-3.858729717570455,0.14520956487244863,1.2276572454893555,stage3-coarse-20260729,1.0,0.0,4,cpu,40,0.0,0.03125,9.02299192231307e-19,0.75,1200,1.0144696166603853,0.29112542024649074,4.591228949570216,0.19494697114642218,0.020526358103439602,0.6047082939034037,0.13529983854093763,146a4c3317cd1bcc31c6c444cf52d71b15fa26598b2229d026c62c151fc0d568,2657433657,10,b4459ae0d1c64ba021ffce634d26402362575171,False,False,False,COMPLETE,0.0,0.0,5.684341886080802e-14,8.215650382226158e-15,2.8081531444339966e-15,14
0.8941666666666667,1073,2.0,m04_b02_g000_t000_mup15,2,-0.2781882758063356,0.09532722000030604,0.9524121797891894,0.8994476521239463,0.7499961830260833,0.015160743163769804,1.790193947322456,1.0,1.0,0.0,0.2,-0.8178862066126735,0.23861560452416064,-21.58674365097471,0.3638578359304752,-22.404629857587384,0.1254890513517007,1.3466600118284469,stage3-coarse-20260729,1.0,0.0,4,cpu,40,1.5,0.011591082989154986,0.0016996619335412789,0.75,1200,0.2706243102316287,0.12573299550999636,2.1305481786107285,0.0726254248672065,0.0038431788035415836,0.1716248675494176,0.06274700226697788,ee988c98edc2e613f3fac36b57204f0ba3cd517ce325019e7d70fb540118e2e6,3206919740,10,b4459ae0d1c64ba021ffce634d26402362575171,False,False,False,COMPLETE,0.0,0.0,3.055333763768431e-13,1.7230661342182428e-14,1.0122622387099234e-14,15
0.8,960,2.0,m04_b02_g000_t025_mun15,3,-0.43415146036434765,0.13980039706427028,0.23084725615667168,0.15741829640826582,0.060680415572668484,0.016874321620795205,2.6050501522521947,1.0,1.0,0.0,0.2,-1.5012383822951765,0.2578418343736237,2.5977575659558796,0.22403359416878033,1.096519183660703,0.05757677375396313,1.054372702511018,stage3-coarse-20260729,1.0,0.0,4,cpu,40,-1.5,0.0175570218010326,0.0018044322965615229,0.75,1200,0.56696372903348,0.14505893600486863,2.879845384625421,0.1424344049098001,0.006340825114451696,0.3546990669716401,0.07237842579958959,9a6301bfdc7ad61eb5df762a31e59dc9c5e3a07363472344e2e7591d5391fdb3,3152109678,10,b4459ae0d1c64ba021ffce634d26402362575171,False,False,False,COMPLETE,0.25,0.0,2.6645352591003757e-15,8.271161533457416e-16,1.2098743323394713e-16,16
0.6166666666666667,740,2.0,m04_b02_g000_t025_mu000,4,-0.763219924159962,0.02087896861501706,0.5000000000000071,0.5000000000000006,0.4999999999999968,4.655211021482328e-16,0.9171779378757497,1.0,1.0,0.0,0.2,-4.225792758177115,0.034315619237527226,-2.3834735369533417,0.056716949961411196,-6.609266295130456,0.05435987149051164,1.514579142410411,stage3-coarse-20260729,1.0,0.0,4,cpu,40,0.0,0.03128069898963348,1.3794722992513082e-05,0.75,1200,1.814278902848929,0.08654540734280958,3.107880237906064,0.23805534786563176,0.010661903762877416,1.0261671253572804,0.039524773620754364,75bd934155016707855b3e5cf67ed966d22917dcdda58abcb3477d008fe474ee,3653296853,10,b4459ae0d1c64ba021ffce634d26402362575171,False,False,False,COMPLETE,0.25,0.0,6.394884621840902e-14,1.5365486660812167e-14,4.454220523436485e-15,17
0.8466666666666667,1016,2.0,m04_b02_g000_t025_mup15,5,-0.13815370394119772,0.07589153678618557,0.9342304035407016,0.8968594109395565,0.8029953117021933,0.009230779285109982,1.3746236743250717,1.0,1.0,0.0,0.2,-0.7058054327004244,0.11678432710610087,-22.272503291250253,0.13429896860988777,-22.978308723950676,0.033503526971444444,1.4284162743432083,stage3-coarse-20260729,1.0,0.0,4,wsl,40,1.5,0.011762369956705142,0.0009736675862393299,0.75,1200,0.22942087631811744,0.04813219139670731,1.1824013904991948,0.12729493768826833,0.006726702980189703,0.1783579070031929,0.02634642945729594,b71768a09c4368247d2b0938fd38f30827ade99ed94e684b98571d7fc1ceb795,1139550428,10,b4459ae0d1c64ba021ffce634d26402362575171,False,False,False,COMPLETE,0.25,0.0,5.684341886080802e-14,1.3145040611561854e-14,3.344968286743203e-15,1
0.6858333333333333,823,2.0,m04_b02_g000_t050_mun15,6,-0.6978877187444641,0.06144443558697274,0.3041918399466752,0.2651190731843799,0.15165978870891444,0.011763166746600271,2.4003246688767357,1.0,1.0,0.0,0.2,-3.1676338103012034,0.2625255015300072,2.078724751342854,0.16999002439400213,-1.0889090589583492,0.09496374746242509,1.7411125694288985,stage3-coarse-20260729,1.0,0.0,4,cpu,40,-1.5,0.02679497343494216,0.0011634083237928151,0.75,1200,1.4299133595362477,0.1453182312349633,2.5206772478494677,0.21902738991928974,0.0266942392582644,0.824470374727769,0.05965527660504353,dada2adcc9328d75cdd51c191f8ba7822393cb87b69fc380500e7a86b7a23c84,572719798,10,b4459ae0d1c64ba021ffce634d26402362575171,False,False,False,COMPLETE,0.5,0.0,7.105427357601002e-14,8.915090887740007e-15,3.601494188688284e-15,18
0.6183333333333333,742,2.0,m04_b02_g000_t050_mu000,7,-0.6799296410472712,0.008699417148757237,0.5000000000000704,0.49999999999999717,0.49999999999993155,3.75655471073107e-15,0.8190016261709773,1.0,1.0,0.0,0.2,-4.295355024868803,0.030504229126664957,-5.438907685034096,0.05947546539499701,-9.734262709902898,0.048495635096365515,1.3026421047306713,stage3-coarse-20260729,1.0,0.0,4,cpu,40,0.0,0.03129664152180099,2.1735708593803253e-05,0.75,1200,1.913592696192779,0.01709294148947961,1.2038827343929184,0.36582887039249706,0.0123918072288719,1.1397107832926379,0.012437540631842667,823c8beab72d77295c176eaeaabbe6393e32543ce15245942e97aeef4b01fcb5,968034034,10,b4459ae0d1c64ba021ffce634d26402362575171,False,False,False,COMPLETE,0.5,0.0,9.094947017729282e-13,1.220357148667972e-13,2.9135621510320205e-14,19
0.7025,843,2.0,m04_b02_g000_t050_mup15,8,-0.42813674384307776,0.11687140141723672,0.8383726291718812,0.770506394773093,0.723118325757457,0.007631370094286817,1.3155420385664622,1.0,1.0,0.0,0.2,-2.3924729979363324,0.15291822058895801,-22.317969229728995,0.19017703136295294,-24.710442227665325,0.20633842876929676,2.933335158562002,stage3-coarse-20260729,1.0,0.0,4,cpu,40,1.5,0.023649825829385223,0.0006619686810223763,0.75,1200,0.9388464742632501,0.15347503430127798,3.013828568569509,0.3078074769219729,0.02821197910908232,0.6233269755926114,0.06333106443587079,38d0389ab974787d1318f206e55c5281a0fc3ec4a0dd73cef72a2eb0683fb74d,841634219,10,b4459ae0d1c64ba021ffce634d26402362575171,False,False,False,COMPLETE,0.5,0.0,1.4139800441625994e-12,2.8332891588433995e-13,6.794285356204588e-14,20
0.6366666666666667,764,2.0,m04_b02_g000_t100_mun15,9,-0.434267970158588,0.0420582203620892,0.3494895280311494,0.32518267358883357,0.30117640305055043,0.005111347979723447,2.5593330565408827,1.0,1.0,0.0,0.2,-3.384871131081146,0.1245629669719055,-3.134988641498579,0.09692690912745233,-6.519859772579724,0.03756058175886033,1.0659609004555595,stage3-coarse-20260729,1.0,0.0,4,cpu,40,-1.5,0.02760758711425414,0.0004999021221425366,0.75,1200,1.5200762195207311,0.06906505507778372,2.3546807330824997,0.5917366913942818,0.03476970841916865,1.0559064554575064,0.017696283974287092,beb462fb60b4fa7f9628d68f38e9611604d768b2404cdf37136e60bb7808062b,2893923659,10,b4459ae0d1c64ba021ffce634d26402362575171,False,False,False,COMPLETE,1.0,0.0,7.780442956573097e-13,1.2398970739013748e-13,4.3050091903997634e-14,21
0.6008333333333333,721,2.0,m04_b02_g000_t100_mu000,10,-0.615371304334326,0.021018952582902362,0.5000000000030773,0.4999999999999446,0.49999999999313793,3.2181410482495084e-13,0.6645831995120881,1.0,1.0,0.0,0.2,-4.293776163973729,0.0641634891234341,-11.47037011522009,0.13926758296738104,-15.76414627919382,0.10179163243787996,2.852002818493726,stage3-coarse-20260729,1.0,0.0,4,wsl,40,0.0,0.031267042805508884,4.934489240926905e-06,0.75,1200,1.9219157253518055,0.02465011934940318,2.560673531644653,0.458456681012884,0.02753044400854193,1.1901862031823447,0.013267724239458364,80069fcf084f1f5a189d506f7216e7a4f171689a6ce94c6149826269ac062948,568363724,10,b4459ae0d1c64ba021ffce634d26402362575171,False,False,False,COMPLETE,1.0,0.0,1.1436895874794573e-10,1.2640377633488242e-11,4.675730636131853e-12,2
0.6358333333333334,763,2.0,m04_b02_g000_t100_mup15,11,-0.5172723603881136,0.034389853626643284,0.713592229481172,0.6655647668107093,0.637461772249446,0.004786790397976785,1.6389653271709816,1.0,1.0,0.0,0.2,-3.6126666602316413,0.11248908249246466,-26.967162305969747,0.08953158306513388,-30.579828966201394,0.03964961063039252,1.0886796533038559,stage3-coarse-20260729,1.0,0.0,4,cpu,40,1.5,0.02867258072369282,0.0004320095326454362,0.75,1200,1.6619767416700113,0.05905906595706544,1.5815808816807648,0.5203030367336721,0.02860324190659035,1.0911398892018416,0.015663568907973543,4164a7b945496b8b8fc0805be5d10e1922a8148e986e7d924a43393ec67b26f0,1258069998,10,b4459ae0d1c64ba021ffce634d26402362575171,False,False,False,COMPLETE,1.0,0.0,9.796679023565957e-10,7.952483116469011e-11,3.2622237132129745e-11,22
0.6616666666666666,794,2.0,m04_b02_g000_t200_mun15,12,-0.3649278059551314,0.03164479796643223,0.3815082205067909,0.3593968297766072,0.33769133268152374,0.0034061931029299654,1.8580698440469405,1.0,1.0,0.0,0.2,-3.608160401223556,0.08969112144524662,-15.208901993334006,0.08515650527161125,-18.81706239455756,0.0366617952604005,0.5,stage3-coarse-20260729,1.0,0.0,4,cpu,40,-1.5,0.028228068491254466,0.0003842491448562316,0.75,1200,1.620753400685014,0.048197067563727825,1.8259573023737685,0.7501717493647699,0.03382204320498775,1.1854625750248922,0.00815859733901841,99003ee6db546e93591821b399b957c6adc4d9d488bd3b3098dba9b2e84d8759,2278751329,10,b4459ae0d1c64ba021ffce634d26402362575171,False,False,False,COMPLETE,2.0,0.0,5.8415707826497965e-09,5.554987581035675e-10,2.323518242887021e-10,23
0.6125,735,2.0,m04_b02_g000_t200_mu000,13,-0.549396852097157,0.014689880557982126,0.5000000037320017,0.5000000000367786,0.49999999861419264,1.454749051131553e-10,0.5,1.0,1.0,0.0,0.2,-4.1262101643004225,0.04145197440363287,-23.99073870594454,0.036870596302272206,-28.11694887024496,0.0779553516973335,2.987628179635869,stage3-coarse-20260729,1.0,0.0,4,cpu,40,0.0,0.03127309825000176,8.262290271934224e-06,0.75,1200,1.9202649706795647,0.02474632880720937,2.1498960760611863,0.5581389876065483,0.016314098800397893,1.2392019791430564,0.004808245904159658,85f4b5d34f2d08337bc6ec41f671e08f5b447231f1dbb2faba6cffc1919f3f05,463619095,10,b4459ae0d1c64ba021ffce634d26402362575171,False,False,False,COMPLETE,2.0,0.0,4.229021044466208e-08,7.951873470801729e-09,1.7211241262774254e-09,24
0.6158333333333333,739,2.0,m04_b02_g000_t200_mup15,14,-0.4612853583178552,0.02390482644098003,0.6517271762696866,0.629763779791483,0.617201272292628,0.0030821514718557,2.714702829134156,1.0,1.0,0.0,0.2,-3.858370562687275,0.06883122006207132,-39.044790472828666,0.04124293719946158,-42.903161035515936,0.04461313619280311,1.0588148920092735,stage3-coarse-20260729,1.0,0.0,4,cpu,40,1.5,0.02945083089229848,0.00035004479549043956,0.75,1200,1.7751188840620273,0.04376625961449747,2.7126765545747844,0.652419202872484,0.021382017374190203,1.2137690434672557,0.009805719472434752,dd1612fcd3633a857921531569cc3c1ff908adf5b096351bb713576792833bbd,3295041208,10,b4459ae0d1c64ba021ffce634d26402362575171,True,True,True,COMPLETE,2.0,0.0,2.842170943040401e-14,7.105427357601002e-15,1.3462382262209499e-15,25
0.8966666666666666,1076,2.0,m04_b02_g025_t000_mun15,15,-0.18225175730690896,0.04072439454300033,0.14251128279756464,0.08434928030428611,0.05120438046233137,0.0046002090615987765,0.6080178272501985,1.0,1.0,0.0,0.2,-0.6125954044799518,0.056377269936470714,2.024382727302867,0.11040501747837066,1.411787322822915,0.05475653872177018,0.6175227407182466,stage3-coarse-20260729,1.0,0.25,4,wsl,40,-1.5,0.009783787212165615,0.0005087393012556154,0.75,1200,0.13793618337231503,0.01626620222748431,0.6473417604744937,0.08101957347684674,0.004037462579343828,0.1094778784245809,0.00915002201214944,aeb892bf107de1d4216f7ebb210514c2f981e19c2b267e6e5d5626da1272c835,851315711,10,b4459ae0d1c64ba021ffce634d26402362575171,False,False,False,COMPLETE,0.0,0.0,1.9984014443252818e-15,7.521760991835436e-16,9.762500445218212e-17,3
0.6566666666666666,788,2.0,m04_b02_g025_t000_mu000,16,-0.3659387201281813,0.0894792355016292,0.500000000000003,0.49999999999999956,0.4999999999999929,2.91204699371323e-16,0.5,1.0,1.0,0.0,0.2,-4.424408812483788,0.06359803981376629,0.0,0.0,-4.424408812483788,0.06359803981376629,1.0479391581119162,stage3-coarse-20260729,1.0,0.25,4,cpu,40,0.0,0.03154725822662631,7.028997422466156e-05,0.75,1200,0.7345600307513687,0.14228904916815457,1.8375219494426374,0.2551892113841231,0.014678049525335274,0.49487462106774593,0.06868840844501956,06c81ee3e765ac95296dbdc88713ad536ea6f51481cf3a6fb8021110c732b6e6,1495434325,10,b4459ae0d1c64ba021ffce634d26402362575171,False,False,False,COMPLETE,0.0,0.0,9.237055564881302e-14,1.6564527527407334e-14,4.579409161090691e-15,26
0.9075,1089,2.0,m04_b02_g025_t000_mup15,17,-0.07453874969479568,0.04792612261243052,0.9468779748328217,0.9007701545098692,0.8377946789933177,0.007131143732753769,1.2008758671657553,1.0,1.0,0.0,0.2,-0.7784204582276099,0.09400152512495603,-21.618483708236862,0.17114744958609038,-22.396904166464473,0.07821046817630403,1.1127890086376073,stage3-coarse-20260729,1.0,0.25,4,cpu,40,1.5,0.011430936298850496,0.0007809169164016772,0.75,1200,0.14026323973529928,0.024514191258661784,1.2894177137779752,0.10545799854421747,0.007841133564814284,0.12286061913975836,0.013427652690828788,8ee0fbdc494de76375ecbef0e87c6178b51a9c975a3f574ba911a1f5417d696f,3322981928,10,b4459ae0d1c64ba021ffce634d26402362575171,False,False,False,COMPLETE,0.0,0.0,2.1316282072803006e-14,7.283063041541026e-15,8.239083216863571e-16,27
0.81,972,2.0,m04_b02_g025_t025_mun15,18,-0.17267313715628377,0.12221104850066941,0.22826365206794721,0.14628682089006126,0.06945448421501182,0.011449271096498955,1.449812466496295,1.0,1.0,0.0,0.2,-1.3294605704422267,0.17700936082008428,2.3689779605806955,0.16293939034511987,1.039517390138469,0.042409899453068375,0.7654018557026115,stage3-coarse-20260729,1.0,0.25,4,cpu,40,-1.5,0.016369820135604087,0.0011604703579824328,0.75,1200,0.4023957024505519,0.08791656009567204,1.531658493216886,0.22201803849043844,0.04059551829289974,0.3122068704704951,0.04249359463349726,90e38121c956712bc9440073019321422745149bdb80112c02cabf52da00f851,3713713489,10,b4459ae0d1c64ba021ffce634d26402362575171,False,False,False,COMPLETE,0.25,0.0,1.7763568394002505e-15,6.550315845288424e-16,8.900696612195247e-17,28
0.6141666666666666,737,2.0,m04_b02_g025_t025_mu000,19,-0.45934990342844095,0.10311330909133058,0.5000000000000717,0.5000000000000031,0.4999999999999465,3.025263067404964e-15,0.5,1.0,1.0,0.0,0.2,-4.409081726662139,0.1352777396274311,-2.199979371106905,0.16184321040051217,-6.609061097769043,0.05143859374307693,0.80566834490418,stage3-coarse-20260729,1.0,0.25,4,cpu,40,0.0,0.03175505848710902,0.0002725819654432009,0.75,1200,1.2304061512142979,0.216488798521775,4.838188728623029,0.4329659952780592,0.07728951330725006,0.8316860732461786,0.09502838392004834,baa3b7e2b86fca6a7cda52be0b11875e7f6e0bb59124dbf8c8a6ec963d709ee5,938544074,10,b4459ae0d1c64ba021ffce634d26402362575171,False,False,False,COMPLETE,0.25,0.0,1.3287149158713873e-12,2.0170531911389844e-13,1.5184697925238364e-13,29
0.725,870,2.0,m04_b02_g025_t025_mup15,20,-0.5758049458026548,0.06825049735332293,0.9014990466154104,0.8011056125722984,0.7266350429925037,0.01065800755640365,1.1931396444111722,1.0,1.0,0.0,0.2,-2.2763569501866328,0.1960805048399856,-20.807831672829312,0.15938493442911247,-23.08418862301594,0.051638953790377896,1.1015260148217647,stage3-coarse-20260729,1.0,0.25,4,wsl,40,1.5,0.021615730722999334,0.001085551960748585,0.75,1200,0.8674904088976433,0.11297485675124977,1.411315427708558,0.18123520271775387,0.02529157230426667,0.5243628058076986,0.05403472277696258,9377fb1e0539542b465c1a86aed2c2b93fe679ef1e4731337b32c34032acc1ad,39760001,10,b4459ae0d1c64ba021ffce634d26402362575171,False,False,False,COMPLETE,0.25,0.0,1.3145040611561853e-12,1.3002932064409834e-13,5.710403696498455e-14,4
0.6391666666666667,767,2.0,m04_b02_g025_t050_mun15,21,-0.7276934764821532,0.03250752625609173,0.31687884425607754,0.2844160615882461,0.24346127941912546,0.006912279714450271,2.8497247368805536,1.0,1.0,0.0,0.2,-3.7077406927716496,0.11883389115159973,2.2609884271735097,0.12097759685556765,-1.4467522655981397,0.04928949759963754,1.5591566117998787,stage3-coarse-20260729,1.0,0.25,4,cpu,40,-1.5,0.0282393008365043,0.0005229212931640128,0.75,1200,1.5868958686986852,0.06797224947616531,1.4086316694209748,0.24265873610820005,0.027331211800660806,0.9147773024034427,0.02700906780342553,29f5debdd5e0f622b7ecad51933a1b15492ba6acbf6fad1461c59d343fc4fd89,41679532,10,b4459ae0d1c64ba021ffce634d26402362575171,False,False,False,COMPLETE,0.5,0.0,9.947598300641403e-14,1.709743457922741e-14,7.699004632638934e-15,30
0.6125,735,2.0,m04_b02_g025_t050_mu000,22,-0.625983174776129,0.023898336276785368,0.5000000000003607,0.5000000000000107,0.49999999999991246,1.1480094051452715e-14,0.5,1.0,1.0,0.0,0.2,-4.551683776700519,0.05319163327489273,-5.6611360550095675,0.08217775226438573,-10.212819831710085,0.05531470569283421,1.2606219612998932,stage3-coarse-20260729,1.0,0.25,4,cpu,40,0.0,0.03136402766790962,2.1496293800213957e-05,0.75,1200,1.9111082248925293,0.014766622326206333,0.7459382551820282,0.44148096621615485,0.032762440169902506,1.1762945955543418,0.013359204596221133,05e70330a69fdc12addaf509abdc4f432d2a1040552f88910bd3769d1966c367,3963947628,10,b4459ae0d1c64ba021ffce634d26402362575171,False,False,False,COMPLETE,0.5,0.0,8.78941364135244e-12,7.059242079776595e-13,4.2789196863211256e-13,31
0.7,840,2.0,m04_b02_g025_t050_mup15,23,-0.3653360233720255,0.06215010304584393,0.8604946937420583,0.7568257833512443,0.6874886947367038,0.014027499813554495,2.218701595698952,1.0,1.0,0.0,0.2,-2.6435141113176135,0.23174568536301723,-22.3910358782832,0.1152002425522937,-25.034549989600812,0.11845460607487306,1.9333071045987562,stage3-coarse-20260729,1.0,0.25,4,cpu,40,1.5,0.02373086322523742,0.0010492854750288251,0.75,1200,0.9841869385397712,0.1102831289899308,1.855569147398215,0.4182420176386247,0.03138672177194582,0.701214478089198,0.059125301431525584,c85f8800f13774d685d6a8f7653fc44719ef20a56c994a83b98d604c8eb6351c,3136060160,10,b4459ae0d1c64ba021ffce634d26402362575171,False,False,False,COMPLETE,0.5,0.0,5.8122395785176195e-12,7.512213073823659e-13,2.5191948756771214e-13,32
0.6283333333333333,754,2.0,m04_b02_g025_t100_mun15,24,-0.37930592673218433,0.09426954709484298,0.3584472272875474,0.3335898446194182,0.30323060353773124,0.007252117424408909,3.5068290004815847,1.0,1.0,0.0,0.2,-3.860027341456001,0.18631706695063857,-3.283892169759324,0.2348199735521081,-7.143919511215325,0.06782532175655032,1.0149788422947081,stage3-coarse-20260729,1.0,0.25,4,cpu,40,-1.5,0.027851821119567473,0.0008463834515077767,0.75,1200,1.522383757152906,0.1208768960426914,4.3016241548819485,0.6780307545803714,0.09600817807405082,1.1002072558666387,0.01855905091612183,4dea931d9c5b16c73a87cfb214abe3fe613008508cf08faf4dd6c7fc0ad949f5,1822358047,10,b4459ae0d1c64ba021ffce634d26402362575171,False,False,False,COMPLETE,1.0,0.0,4.320099833421409e-12,5.819345005875221e-13,2.677774293317116e-13,33
0.6025,723,2.0,m04_b02_g025_t100_mu000,25,-0.42585709667945704,0.09789363586747316,0.5000000000022606,0.4999999999998856,0.49999999999712486,1.7603278141051224e-13,0.6834000876465415,1.0,1.0,0.0,0.2,-4.288590400188954,0.1612180779802446,-11.769473293014396,0.06796083102761571,-16.058063693203355,0.14799894981181844,1.699954324897285,stage3-coarse-20260729,1.0,0.25,4,wsl,40,0.0,0.031496081063035405,0.00012450344156973844,0.75,1200,1.7131794121292283,0.12132225552626502,2.2799544335836566,0.688036346198886,0.11657599761009713,1.2006078791640573,0.00977007613666761,4bdda4e8867e9880138ed444c7162af5dee952ae9737e3ec8683b8bb19b9c469,492558887,10,b4459ae0d1c64ba021ffce634d26402362575171,False,False,False,COMPLETE,1.0,0.0,4.8260062612826005e-11,7.892264619613342e-12,2.6773702970815017e-12,5
0.66,792,2.0,m04_b02_g025_t100_mup15,26,-0.25561464906163095,0.04840882915584309,0.7011213113622563,0.6713160332589172,0.6485893163053535,0.0039973006535086114,1.7876530970392297,1.0,1.0,0.0,0.2,-3.662246267054763,0.09077873552124621,-27.600515373894723,0.12406445330903162,-31.262761640949485,0.0872091984289,1.5628985369107038,stage3-coarse-20260729,1.0,0.25,4,cpu,40,1.5,0.026752428912519298,0.000412749056722216,0.75,1200,1.3861529006765703,0.060824786902575576,1.4738385353806878,0.8166259982775287,0.05082534717069823,1.1013894494770495,0.013005659977490296,33b6150ad78cbb1d2a56c099da3044eb58e322705181435f8134297aac5b20cf,3896528714,10,b4459ae0d1c64ba021ffce634d26402362575171,False,False,False,COMPLETE,1.0,0.0,5.187104079595883e-10,8.915428395539493e-11,3.272273706385845e-11,34
0.6291666666666667,755,2.0,m04_b02_g025_t200_mun15,27,-0.24687484635094883,0.032784569880420465,0.3715505873251129,0.3493940913803108,0.3307154958700885,0.002943764815749469,1.3102957861305125,1.0,1.0,0.0,0.2,-3.843450899561671,0.06931790166385411,-15.630570558430213,0.10885223291426027,-19.47402145799188,0.0642624957125559,1.0014814488021313,stage3-coarse-20260729,1.0,0.25,4,cpu,40,-1.5,0.027104880637343898,0.00033544180082606244,0.75,1200,1.4696783789232293,0.04370907178764948,1.3007514084405871,0.884320284069082,0.035681631176105254,1.1769993314961558,0.0058026386631760815,6fcbcd1648ea493014aecb55ba76128c548797f9cd7e482628940b8f4940e01e,370995038,10,b4459ae0d1c64ba021ffce634d26402362575171,False,False,False,COMPLETE,2.0,0.0,5.260503144199902e-09,1.1688728207559507e-09,3.376548031648788e-10,35
0.62,744,2.0,m04_b02_g025_t200_mu000,28,-0.5274202238214367,0.00960572692690203,0.5000000318645483,0.5000000006497585,0.4999999831920153,9.66350226995433e-10,0.5182485127330048,1.0,1.0,0.0,0.2,-4.463818327550631,0.018630869585574722,-23.818285786431826,0.06242030101750423,-28.28210411398245,0.06692589302311173,0.7867179944670678,stage3-coarse-20260729,1.0,0.25,4,cpu,40,0.0,0.03134414449819787,2.4337814463045012e-05,0.75,1200,1.866673301477611,0.015277454299242673,0.7230810519748543,0.5770172833314507,0.011308641018000306,1.2218452924045309,0.004823631065340639,e484d45c05e9057d8a1caeb1dbcb38d76a42832254b5ea9285964b0aeab79ceb,502326713,10,b4459ae0d1c64ba021ffce634d26402362575171,False,False,False,COMPLETE,2.0,0.0,5.769282012124677e-07,3.8001057234282595e-08,2.278333880768489e-08,36
0.6675,801,2.0,m04_b02_g025_t200_mup15,29,-0.1990849676049584,0.05005491491400384,0.6703676860448514,0.6554291702460516,0.630661228620463,0.0031161214552341263,1.342345198276918,1.0,1.0,0.0,0.2,-3.7578411603983666,0.07338293263651292,-39.704054234781495,0.1524353466550634,-43.461895395179866,0.07240655007732813,1.124198208496471,stage3-coarse-20260729,1.0,0.25,4,cpu,40,1.5,0.026573400423775782,0.00035361057785142765,0.75,1200,1.399489434899629,0.048469154092674466,1.3509899582707012,0.930187054946841,0.054826594932648326,1.164838244923235,0.006603303294290507,049f3aacac723877e992b726832bd1c33a82b380844b8a9fdb87468ef937c039,2221883494,10,b4459ae0d1c64ba021ffce634d26402362575171,True,True,True,COMPLETE,2.0,0.0,2.842170943040401e-14,7.460698725481052e-15,1.5468734529539954e-15,37
0.8808333333333334,1057,2.0,m04_b02_g050_t000_mun15,30,-0.19168712455719006,0.08607056261761654,0.23098692950325006,0.11442948459473404,0.047629602281724054,0.010296804931153154,0.9262084582030328,1.0,1.0,0.0,0.2,-1.0878678012002325,0.1480434584357977,2.746307630273617,0.2471233183476757,1.6584398290733844,0.10564355321771053,0.9204193943774143,stage3-coarse-20260729,1.0,0.5,4,wsl,40,-1.5,0.013061157260791328,0.0010850485969410516,0.75,1200,0.23939435290657465,0.060550532937151715,1.000430490347442,0.10799953207722153,0.009288689311875936,0.1736969424918981,0.030532930750419688,ed7ad1e74768c529e10d9094780a9cda659c41b10db29ca5dca36006d42dcf7f,1016505718,10,b4459ae0d1c64ba021ffce634d26402362575171,False,False,False,COMPLETE,0.0,0.0,2.220446049250313e-15,5.967448757360216e-16,8.92161576196758e-17,6
0.6525,783,2.0,m04_b02_g050_t000_mu000,31,-0.009095935154821147,0.08123877815348642,0.5000000000000075,0.49999999999999983,0.49999999999998956,3.8671304438445856e-16,0.5,1.0,1.0,0.0,0.2,-4.5545158478175365,0.10108191830792873,0.0,0.0,-4.5545158478175365,0.10108191830792873,1.3557595106019418,stage3-coarse-20260729,1.0,0.5,4,cpu,40,0.0,0.03192549446553697,0.00014616965581670026,0.75,1200,0.3878912140356405,0.09059031861534046,2.7417117293095083,0.3320138308635817,0.024661488391323736,0.3599525224496111,0.048951347108523405,9ff85cb850c1307dcdc1f6b68e0863398e921e38d9c89dd6d116f0cf69b247cc,2671980059,10,b4459ae0d1c64ba021ffce634d26402362575171,False,False,False,COMPLETE,0.0,0.0,1.9184653865522705e-13,1.865174681370263e-14,7.439346100901779e-15,38
0.8333333333333334,1000,2.0,m04_b02_g050_t000_mup15,32,-0.19768934606299426,0.0860489991290141,0.9369557405469763,0.8567461425354693,0.7837415751436027,0.013822651330951868,2.134412695446905,1.0,1.0,0.0,0.2,-1.483387899927171,0.23193077245061802,-20.561907420851263,0.331743631942845,-22.04529532077844,0.11039121886230323,1.5200969413654049,stage3-coarse-20260729,1.0,0.5,4,cpu,40,1.5,0.015971012320503734,0.0013502124920090274,0.75,1200,0.31005862339399015,0.07916074945042448,2.2597825692308233,0.1634019829727774,0.023767936988245295,0.23673030318338376,0.0437638297733958,bf885874581a23d7144a002b4e1cbabba70e1f46406808a4165444dfcf7b4569,3455140457,10,b4459ae0d1c64ba021ffce634d26402362575171,False,False,False,COMPLETE,0.0,0.0,2.4868995751603507e-13,3.2684965844964606e-14,1.4375093831237242e-14,39
0.7441666666666666,893,2.0,m04_b02_g050_t025_mun15,33,-0.29946510571827045,0.1791375687222964,0.2766701813098952,0.20550610056837004,0.10549110792615839,0.012563797674438394,1.7497011957655078,1.0,1.0,0.0,0.2,-2.4949170483827667,0.24154159523642027,3.257676594231397,0.22560328194982399,0.76275954584863,0.08541779826590867,2.1534513739204075,stage3-coarse-20260729,1.0,0.5,4,cpu,40,-1.5,0.022311328741109603,0.00130394464115749,0.75,1200,0.7496085810738625,0.16053480597915962,2.3657434654265312,0.3245226069026696,0.09124206443967264,0.537065593988266,0.057055287073522365,589af003da2069bed8e74909f2731e37b11fc49667b566f64d38a88704710b45,2411633410,10,b4459ae0d1c64ba021ffce634d26402362575171,False,False,False,COMPLETE,0.25,0.0,5.329070518200751e-15,1.0547118733938987e-15,2.0895529025088413e-16,40
0.6058333333333333,727,2.0,m04_b02_g050_t025_mu000,34,-0.7182985193953118,0.03512490493336649,0.5000000000002066,0.5000000000000062,0.4999999999999648,6.638035576397809e-15,0.739099963379612,1.0,1.0,0.0,0.2,-4.831966854756982,0.07370876739583865,-2.540109690646401,0.0738275624440214,-7.372076545403383,0.09758691019315789,1.4962987937992296,stage3-coarse-20260729,1.0,0.5,4,cpu,40,0.0,0.03178876034478774,0.00017757764652147833,0.75,1200,1.8729184604801261,0.035404180764083866,1.3540208621996401,0.31157548856577844,0.04212507606168041,1.0922469745229524,0.021373798530381575,b5a99b3cf520f2587c25c58b59e584c5ca7bc9eff696b8f56615f4a4f912c618,2290232838,10,b4459ae0d1c64ba021ffce634d26402362575171,False,False,False,COMPLETE,0.25,0.0,4.746425474877469e-12,1.6617818232589343e-13,1.2232066134447335e-13,41
0.7366666666666667,884,2.0,m04_b02_g050_t025_mup15,35,-0.6089816587249082,0.15349037340116733,0.8672837039631429,0.7895030596540152,0.731341806865474,0.011530672723852286,1.6623666484185298,1.0,1.0,0.0,0.2,-2.6870044998322435,0.29379524207428814,-20.50218987947369,0.23158803092794075,-23.189194379305935,0.09500638686172751,2.1444248359971887,stage3-coarse-20260729,1.0,0.5,4,wsl,40,1.5,0.023040720434946992,0.0013951135303771605,0.75,1200,0.9543488559337853,0.21244535053731325,3.5817075458146115,0.1712392118931381,0.05470282681096333,0.5627940339134616,0.08058456140233365,4400444f5c555b0b7eba3289ae35b7471244b6e59ff3e52469ea6a3add877785,2367506604,10,b4459ae0d1c64ba021ffce634d26402362575171,False,False,False,COMPLETE,0.25,0.0,8.526512829121202e-13,1.602273869139026e-13,6.125716057681348e-14,7
0.6491666666666667,779,2.0,m04_b02_g050_t050_mun15,36,-0.5488729824616357,0.08676224198244467,0.3120524538513618,0.2728399416636515,0.21042137221503338,0.007728999182075487,1.944978217680106,1.0,1.0,0.0,0.2,-3.656861298106996,0.17967268010118548,1.9419816604019189,0.1687213694291244,-1.7148796377050783,0.0796492016846799,1.0731347886846883,stage3-coarse-20260729,1.0,0.5,4,cpu,40,-1.5,0.027022709799454127,0.0009230890736128449,0.75,1200,1.3514950185612857,0.12877900020499922,2.288000978845583,0.37129146106167543,0.06213198325315903,0.8613932398114805,0.0368706809871865,ad2237a1f361ad717b07a5afe16d32e6aa0f1332dbaa7440a41977b0dcba5f4d,537988193,10,b4459ae0d1c64ba021ffce634d26402362575171,False,False,False,COMPLETE,0.5,0.0,1.7053025658242404e-13,1.2390088954816746e-14,5.796515642344673e-15,42
0.6066666666666667,728,2.0,m04_b02_g050_t050_mu000,37,-0.498689374417369,0.0401184864139006,0.5000000000004592,0.5000000000000021,0.49999999999946876,1.9185122568736403e-14,0.5,1.0,1.0,0.0,0.2,-4.785393522096594,0.0392775432791703,-5.6290349890977085,0.07784985624415154,-10.414428511194304,0.07234910292318625,0.914452652535974,stage3-coarse-20260729,1.0,0.5,4,cpu,40,0.0,0.031751110716898956,9.913148245922799e-05,0.75,1200,1.7062950587286618,0.051339241797889276,0.987472736392778,0.5696969230459201,0.04682483659146308,1.137995990887291,0.020632941907020978,916c7bba76e4edd88dd1468b584d8b3954a86f962c9cfdb249768caef216c7a5,582159002,10,b4459ae0d1c64ba021ffce634d26402362575171,False,False,False,COMPLETE,0.5,0.0,3.268496584496461e-12,4.719780122286465e-13,2.052957157449648e-13,43
0.6758333333333333,811,2.0,m04_b02_g050_t050_mup15,38,-0.2436391242030107,0.086132865744981,0.793556298052046,0.726036002099826,0.6917106140874782,0.007027348461055662,1.7225213632933627,1.0,1.0,0.0,0.2,-3.350727438926026,0.12061872563979721,-22.173219347716262,0.08976317316241944,-25.523946786642288,0.06281564731693817,0.7905541229569832,stage3-coarse-20260729,1.0,0.5,4,cpu,40,1.5,0.02525922628894548,0.00034595149848267256,0.75,1200,1.0234616436263833,0.08879765191648506,1.8365682781681767,0.6183516962843116,0.07043151580726495,0.8209066699553474,0.02754424901118631,15b13c0b8b45374b394a9db9e6ebfcec1f6144c614d4cfbdc4d747a5697ca1e6,1082807491,10,b4459ae0d1c64ba021ffce634d26402362575171,False,False,False,COMPLETE,0.5,0.0,9.407585821463726e-12,2.0463630789890885e-12,5.140550690328247e-13,44
0.6266666666666667,752,2.0,m04_b02_g050_t100_mun15,39,-0.10528731100905583,0.036221982763944977,0.34444200475651565,0.3228419788838378,0.3033040686242663,0.00224922673012616,1.3655315935100871,1.0,1.0,0.0,0.2,-4.0039859190805505,0.057037707872439516,-3.8417880958780244,0.08958404676223848,-7.8457740149585735,0.10809518539469214,2.1341700233799603,stage3-coarse-20260729,1.0,0.5,4,cpu,40,-1.5,0.025643662841101145,0.00023678081212398977,0.75,1200,1.2048851985158548,0.04200283307065357,1.2700368518749372,0.9737130794945841,0.042282834080886365,1.0892991390052196,0.013180021708023735,a3f7364d654e95dd1ab4853e367a6b85e48c8b164f28638010443c5e34d86fb4,3159453150,10,b4459ae0d1c64ba021ffce634d26402362575171,False,False,False,COMPLETE,1.0,0.0,1.63069557856943e-12,2.5712765250318625e-13,6.47263610518895e-14,45
0.6225,747,2.0,m04_b02_g050_t100_mu000,40,-0.36491742290513607,0.11544663115656192,0.5000000000072744,0.5000000000003754,0.4999999999974961,2.6167804594110757e-13,0.5,1.0,1.0,0.0,0.2,-4.668790244140272,0.15600977426799553,-11.864093851839925,0.07641600891650527,-16.5328840959802,0.15364045698137363,1.8933391314795383,stage3-coarse-20260729,1.0,0.5,4,wsl,40,0.0,0.03146442114557587,3.436460278151015e-05,0.75,1200,1.6431521278001657,0.14578706461279062,3.0925364809740556,0.7594852917624568,0.1352588138962654,1.2013187097813112,0.013721723767312897,a8e981957f820832fff787205d37befad566e09cf8d021de91a03d3e8b6804ad,1294629955,10,b4459ae0d1c64ba021ffce634d26402362575171,False,False,False,COMPLETE,1.0,0.0,5.1599613470898475e-11,8.524558836597861e-12,3.0412616003316154e-12,8
0.65,780,2.0,m04_b02_g050_t100_mup15,41,-0.23828642581277357,0.04585434545264515,0.6803327464091227,0.6672814498081516,0.6397274103903832,0.0029298989347449848,1.8227649010793316,1.0,1.0,0.0,0.2,-4.248996615797577,0.052639386876220016,-27.63012120849829,0.17218263130859338,-31.87911782429586,0.12527807659402038,2.4359919366816576,stage3-coarse-20260729,1.0,0.5,4,cpu,40,1.5,0.02668695163962867,0.0004045563647657766,0.75,1200,1.3826563202757245,0.051212545830666714,1.354118375839526,0.8493704822094086,0.05246586604496949,1.1160134012425664,0.00827142243511462,ba00528c0a62449faaf38a0e640f7e262e9d3f742f84096ad1b07f097972f86a,1726836596,10,b4459ae0d1c64ba021ffce634d26402362575171,False,False,False,COMPLETE,1.0,0.0,1.6687238257873105e-09,2.0488961638420734e-10,5.285966133673279e-11,46
0.6466666666666666,776,2.0,m04_b02_g050_t200_mun15,42,-0.14098289752419296,0.04326236190906628,0.3693129179886324,0.3401645939163411,0.33004717320569743,0.0033403358521315245,1.5855374314248936,1.0,1.0,0.0,0.2,-4.229715810481424,0.06543577534186906,-15.839401573494076,0.11783297167032618,-20.0691173839755,0.08582085265160452,1.1402668186401517,stage3-coarse-20260729,1.0,0.5,4,cpu,40,-1.5,0.026062285737968392,0.00037570850454121836,0.75,1200,1.3237356912100857,0.05613172743586898,1.735085288300613,0.9915714956492234,0.04634364902253868,1.1576535934296548,0.007063271977685328,1d621e0bd77d43bfe83dd36a5534054c4ef90bd65b571480563882ded73ae8be,2872576044,10,b4459ae0d1c64ba021ffce634d26402362575171,False,False,False,COMPLETE,2.0,0.0,1.7749862024629692e-08,1.991247522425965e-09,8.687315919061004e-10,47
0.5758333333333333,691,2.0,m04_b02_g050_t200_mu000,43,-0.42536395642678465,0.11351696234771551,0.5000000000000007,0.5000000000000002,0.4999999999999998,4.530159768306248e-17,1.1569506411604777,1.0,1.0,0.0,0.2,-4.7768526863218055,0.144754900394511,-24.004826660551355,0.03686595537971414,-28.781679346873165,0.14001674737321704,2.113518180292699,stage3-coarse-20260729,1.0,0.5,4,cpu,40,0.0,0.031361793181371875,2.5816437185750965e-05,0.75,1200,1.7602448219716529,0.14570843471375228,2.8543126264202123,0.7058609456567477,0.13549430853739494,1.2330528838142003,0.00511660374636406,0cb1e528d0679f631dbeedfd7e8554fcf09190c054bc7968236370a2655d7c36,3793835206,10,b4459ae0d1c64ba021ffce634d26402362575171,True,True,True,COMPLETE,2.0,0.0,2.842170943040401e-14,6.394884621840902e-15,1.607503655119511e-15,48
0.65,780,2.0,m04_b02_g050_t200_mup15,44,-0.14616884466174815,0.05263643536021341,0.6700505890602673,0.6594598978101807,0.6266731280357055,0.003197469591412504,1.416741043082286,1.0,1.0,0.0,0.2,-4.230300636267626,0.07400946343886669,-39.65991053791364,0.16131607460400743,-43.890211174181275,0.0964208719256065,1.3623504877400774,stage3-coarse-20260729,1.0,0.5,4,cpu,40,1.5,0.026089122138740907,0.0003642820992199847,0.75,1200,1.316588719258933,0.06005411287495783,1.7551313311135082,0.9770653701684789,0.05852970253742189,1.146827044713706,0.004857324856001753,2d7586265a155058957e0cc4770e2a7238c907fc5c1d254139448d6af0c68e98,12801118,10,b4459ae0d1c64ba021ffce634d26402362575171,True,True,True,COMPLETE,2.0,0.0,2.842170943040401e-14,8.171241461241152e-15,1.234634356933003e-15,49
0.7683333333333333,922,2.0,m04_b02_g100_t000_mun15,45,-0.04603083010173172,0.11662016079675369,0.24405769379197215,0.12590611109897848,0.05385170652088735,0.01499642904013697,1.9419253433789827,1.0,1.0,0.0,0.2,-1.5868115789739314,0.25992611838652585,3.021746666375484,0.35991429696328725,1.4349350874015525,0.09941181650198098,1.5808360175857308,stage3-coarse-20260729,1.0,1.0,4,wsl,40,-1.5,0.014574713271793178,0.0017238185335385291,0.75,1200,0.24109675731474817,0.08320739193268144,1.7052111968526138,0.17717199819705876,0.04593736810402435,0.20913437775590346,0.04490514472167991,1c39246414bd75029a7a00eded6055c87419b4cd778f222df21097c6626e44ca,853618607,10,b4459ae0d1c64ba021ffce634d26402362575171,False,False,False,COMPLETE,0.0,0.0,2.220446049250313e-15,6.078471059822732e-16,8.243105225019584e-17,9
0.6008333333333333,721,2.0,m04_b02_g100_t000_mu000,46,0.05348232387623397,0.28140235695936455,0.500000000000006,0.49999999999999983,0.4999999999999888,5.149226355078138e-16,0.6808981538711268,1.0,1.0,0.0,0.2,-5.300613313063036,0.08746144113996472,0.0,0.0,-5.300613313063036,0.08746144113996472,0.9986555411866007,stage3-coarse-20260729,1.0,1.0,4,cpu,40,0.0,0.03202049480050932,0.00020094169246574482,0.75,1200,0.509167015842857,0.1974331900302219,3.3142536364054256,0.513999836235553,0.19369923683365264,0.5115834260392049,0.07592483733888687,2737c2bf8221bb78ea933c1dcacccbcc1fee379c1fcc0acfc205e5f8ed89bca4,2198109840,10,b4459ae0d1c64ba021ffce634d26402362575171,False,False,False,COMPLETE,0.0,0.0,1.9895196601282805e-13,2.5490720645393594e-14,9.230624965917252e-15,50
0.7633333333333333,916,2.0,m04_b02_g100_t000_mup15,47,0.02544392070380911,0.12721059738000848,0.9455590301091481,0.8265928765811539,0.7244498093915415,0.03372528018966727,5.050955400744951,1.0,1.0,0.0,0.2,-2.4718144123819052,0.6490889002305146,-19.838229037947695,0.8094067245520145,-22.3100434503296,0.17360536505034083,2.944730718192945,stage3-coarse-20260729,1.0,1.0,4,cpu,40,1.5,0.01899259770076155,0.0033939363534686022,0.75,1200,0.3318769996484748,0.14808400467705923,3.169671062404538,0.32478435253010945,0.06463212917402716,0.32833067608929206,0.09751677624969433,c5c95ca522e2b4fd188885640b10e167b3cd785c6668f3dfcd66dbcb02d09760,2503021870,10,b4459ae0d1c64ba021ffce634d26402362575171,False,False,False,COMPLETE,0.0,0.0,1.2292389328649733e-12,1.4903633882568102e-13,6.514475206190998e-14,51
0.7508333333333334,901,2.0,m04_b02_g100_t025_mun15,48,-0.29725257217610856,0.14683097486948496,0.2709794040720629,0.18205484175375355,0.09203843823870826,0.023220110014108036,4.551931869412935,1.0,1.0,0.0,0.2,-2.5652649527417015,0.4416673129389666,3.0732954244169584,0.2230544687114164,0.5080304716752568,0.14664840042677615,2.1242380391310025,stage3-coarse-20260729,1.0,1.0,4,cpu,40,-1.5,0.02008424425621099,0.0020676170973262117,0.75,1200,0.558452501576413,0.16574553623194507,3.816907865041289,0.23959517559303883,0.05347366733871256,0.3990238385847259,0.0976065632152697,21c0da2149798509e612aad203051fc33b2182c7bc8e1b85c50c3353a1ee254c,237224104,10,b4459ae0d1c64ba021ffce634d26402362575171,False,False,False,COMPLETE,0.25,0.0,7.105427357601002e-15,1.0158540675320183e-15,2.118301084836213e-16,52
0.6158333333333333,739,2.0,m04_b02_g100_t025_mu000,49,-0.18502691876804067,0.2365540143654089,0.5000000000000081,0.49999999999999767,0.4999999999999717,1.1444641927362568e-15,0.5,1.0,1.0,0.0,0.2,-5.6861705885603975,0.08563699974321048,-2.630609215536746,0.13995073847926426,-8.316779804097143,0.2169374556018075,1.8423039174343534,stage3-coarse-20260729,1.0,1.0,4,cpu,40,0.0,0.03294430919808371,0.0003314053158451136,0.75,1200,1.311998349859643,0.23784088444231352,2.6814943343998006,0.9385353150353172,0.27666709803686595,1.1252668324474802,0.035037825895363174,d9000d6a1691eab440ebc6812b19a19b8f934a9ce2fb1b09a1ddbbb17bc5a8e6,35953723,10,b4459ae0d1c64ba021ffce634d26402362575171,False,False,False,COMPLETE,0.25,0.0,2.4513724383723456e-13,3.9168668308775524e-14,8.941320196054897e-15,53
0.6708333333333333,805,2.0,m04_b02_g100_t025_mup15,50,0.007057668381029514,0.2756485397282825,0.850416366239192,0.7565624442636312,0.6870397440238136,0.017085064696117813,3.4065137228235813,1.0,1.0,0.0,0.2,-3.76576326895229,0.2891107598737644,-19.607777239413753,0.47573720567058175,-23.37354050836604,0.24380084084198644,2.1639765191186977,stage3-coarse-20260729,1.0,1.0,4,wsl,40,1.5,0.024709393927329158,0.0011026328044274696,0.75,1200,0.47266816528880184,0.1640728262394072,4.875138095245286,0.547880816452038,0.18939203278728883,0.51027449087042,0.07506263422500617,99f5716d7db880a190e73bc83041d92446f5d2baaff0f40c695b2eadfad605f1,814800962,10,b4459ae0d1c64ba021ffce634d26402362575171,False,False,False,COMPLETE,0.25,0.0,2.1742607714259066e-11,1.779731917395111e-12,1.0385468439758137e-12,10
0.6191666666666666,743,2.0,m04_b02_g100_t050_mun15,51,-0.2728127195321693,0.13659054242086535,0.3329676458753178,0.30095123788773315,0.2601339763683539,0.008454254128015646,3.296214730853443,1.0,1.0,0.0,0.2,-4.88679769262274,0.09487390837237218,2.2126258569700354,0.10546145387846828,-2.6741718356527047,0.13782596591323998,1.2126549844439045,stage3-coarse-20260729,1.0,1.0,4,cpu,40,-1.5,0.027278797602846398,0.0007768575516025043,0.75,1200,1.1775575774720024,0.14457309834032683,2.9859192208667813,0.6564500185036355,0.11026942838980207,0.9170037979878188,0.039033716327733774,e7ac19f34e32549c491d9ff480a6c0f31419a2edc38c84835901c19245346f32,2095384096,10,b4459ae0d1c64ba021ffce634d26402362575171,False,False,False,COMPLETE,0.5,0.0,3.801403636316536e-13,4.871658632055187e-14,2.2914697983409198e-14,54
0.5208333333333334,625,2.0,m04_b02_g100_t050_mu000,52,-0.18259263490296435,0.2292824512965754,0.5000000000004272,0.49999999999995515,0.499999999999012,4.4583517955069634e-14,0.5,1.0,1.0,0.0,0.2,-5.825603116438289,0.07501218541961656,-5.703721777637318,0.07889503854266144,-11.529324894075607,0.12894389152190394,1.0850875957798165,stage3-coarse-20260729,1.0,1.0,4,cpu,40,0.0,0.03218823145132952,0.00028442207989843465,0.75,1200,1.3408354658478878,0.2610481374882551,4.936322710229636,0.9358588067732135,0.2586576145518555,1.1383471363105506,0.023162609630302915,f697dc907ef6fc934fd34f7612388d1f8cff791ba8d2d54fb0283257fc93acf0,868505236,10,b4459ae0d1c64ba021ffce634d26402362575171,False,False,False,COMPLETE,0.5,0.0,1.5305090528272558e-11,2.5172752771140948e-12,4.51220386115617e-13,55
0.6783333333333333,814,2.0,m04_b02_g100_t050_mup15,53,-0.10479767805301725,0.05869347697407859,0.8343676309528422,0.728927421611963,0.6753639390740002,0.007503262339096132,1.0744345754557594,1.0,1.0,0.0,0.2,-4.191668308984556,0.13694158831336523,-22.29057840733489,0.10148878213726881,-26.482246716319445,0.10480409978411091,0.8440824353673169,stage3-coarse-20260729,1.0,1.0,4,cpu,40,1.5,0.024868412880544845,0.00026219308449558374,0.75,1200,0.8970648721306592,0.05123846478258136,0.8673097944908419,0.7426801366824977,0.06417796471246122,0.8198725044065783,0.03287204302591188,8c99b1773fb1155fa773fd0cf4ec15da20b6eb8eae8a1e6859908858edc962b6,597005289,10,b4459ae0d1c64ba021ffce634d26402362575171,False,False,False,COMPLETE,0.5,0.0,1.446807118554716e-10,6.0682125990751955e-12,4.089614486862031e-12,56
0.5775,693,2.0,m04_b02_g100_t100_mun15,54,-0.10363884415790876,0.0563561662561323,0.36373215070274845,0.3370535150187549,0.32070291334459544,0.003470914213535681,1.811223940905534,1.0,1.0,0.0,0.2,-5.579825640262794,0.08082454003690336,-3.8321249433930875,0.11195716400227756,-9.411950583655884,0.1536204324390259,1.029203831714591,stage3-coarse-20260729,1.0,1.0,4,cpu,40,-1.5,0.026442479823700647,0.00033958940895058184,0.75,1200,1.2764679316324057,0.08567766493575994,1.9934194515632033,1.0267655101652777,0.048006415322218825,1.1516167208988417,0.02149955686150654,3f947b33f8e7b5b0b8814cec401cd46ac0b1a8cab90db2f6833c09bf93f26a84,3739004800,10,b4459ae0d1c64ba021ffce634d26402362575171,False,False,False,COMPLETE,1.0,0.0,3.793587666223175e-11,6.983658096260114e-12,2.2654621330188528e-12,57
0.6016666666666667,722,2.0,m04_b02_g100_t100_mu000,55,-0.29761253909828295,0.11848425602844853,0.5000000000064317,0.499999999999236,0.49999999998231054,6.382249415570431e-13,0.5,1.0,1.0,0.0,0.2,-5.784981893550002,0.04471179929985141,-11.740044483189417,0.14765952906582816,-17.525026376739415,0.17487595584917365,1.63099029565704,stage3-coarse-20260729,1.0,1.0,4,wsl,40,0.0,0.03183118936123249,0.00016470422535794463,0.75,1200,1.533295270390378,0.15150089716679577,2.3488469890684645,0.8321188551128579,0.14320889291608252,1.1827070627516179,0.026907874743804367,60487af03e233634070925cc897bc1b423216d3c083ef5a90cc6083b7dab421b,558249245,10,b4459ae0d1c64ba021ffce634d26402362575171,False,False,False,COMPLETE,1.0,0.0,2.9243807375678443e-10,3.8192915496892966e-11,1.9485493332957982e-11,11
0.5633333333333334,676,2.0,m04_b02_g100_t100_mup15,56,0.061436102992126054,0.0807346335263703,0.6906771990914342,0.6639653536457076,0.639181473821393,0.0038827089558782146,2.4346977335911193,1.0,1.0,0.0,0.2,-5.469387471399772,0.04955901092771031,-27.68919093532772,0.10464888142912777,-33.15857840672749,0.12094360840547336,0.9501945159143639,stage3-coarse-20260729,1.0,1.0,4,cpu,40,1.5,0.026460767900352268,0.0005332294741461272,0.75,1200,1.0614225728877327,0.09813682454103308,2.2754944786625217,1.193962905995664,0.09400182367965937,1.1276927394416982,0.01627284363339417,29ddb3d6f85911dbd119d265d214216a701effb35bbc28ae8af544b1a822db21,1139567284,10,b4459ae0d1c64ba021ffce634d26402362575171,False,False,False,COMPLETE,1.0,0.0,3.7237811056911596e-08,3.811418380905706e-09,1.4532141943503369e-09,58
0.6083333333333333,730,2.0,m04_b02_g100_t200_mun15,57,-0.15015493294827292,0.035972627790367286,0.37466140776411383,0.34101122028549735,0.33001254565064575,0.0032799109799302845,1.495080644691434,1.0,1.0,0.0,0.2,-5.49124444732836,0.027184259067633606,-15.889286814687665,0.12319888437785174,-21.380531262016024,0.12840203632760488,1.0613163602620472,stage3-coarse-20260729,1.0,1.0,4,cpu,40,-1.5,0.026190580590769737,0.00036391435032704636,0.75,1200,1.3420329566511504,0.049857061178672585,1.4152760370103965,0.9868656333079227,0.03794242035476937,1.1644492949795364,0.007281383904074926,d82db4de8a8d839aadf71f0198b44a1411d544e681bafbe40837a4ba47c5e5cf,2763728681,10,b4459ae0d1c64ba021ffce634d26402362575171,False,False,False,COMPLETE,2.0,0.0,2.7147528669502208e-08,7.046099881335977e-09,2.250504211566602e-09,59
0.5825,699,2.0,m04_b02_g100_t200_mu000,58,-0.4209480499710471,0.06720767350876239,0.500000011766362,0.4999999967506394,0.49999994452118296,2.0337890815925534e-09,0.5,1.0,1.0,0.0,0.2,-5.737951602191998,0.03390084393293581,-24.004141730057736,0.08141211248483324,-29.742093332249738,0.10954748434917433,1.8402545526145393,stage3-coarse-20260729,1.0,1.0,4,cpu,40,0.0,0.03153510986246647,0.00012945343640603254,0.75,1200,1.7498723867694372,0.08970234437497861,1.4567052482610108,0.707996289120118,0.07936529827620083,1.228934337944778,0.010858509290467335,ac0eecc359e2fcede0e8862158ecc81f9ea03e300cc2b472b0bb5a8c628f3eb1,1320884252,10,b4459ae0d1c64ba021ffce634d26402362575171,False,False,False,COMPLETE,2.0,0.0,9.466201049690426e-07,9.492573589398035e-08,3.0623662198839305e-08,60
0.585,702,2.0,m04_b02_g100_t200_mup15,59,0.07651691370833648,0.024432856127489813,0.6696951619088223,0.6637975097198212,0.6341769332931247,0.00219314590890322,1.5709270705896907,1.0,1.0,0.0,0.2,-5.446757599759867,0.025139424494424276,-39.85815227164251,0.15502399135858186,-45.30490987140238,0.14732909168692823,1.5708560244061633,stage3-coarse-20260729,1.0,1.0,4,cpu,40,1.5,0.025620311230389225,0.0002556119688525467,0.75,1200,1.0539825378883627,0.03065759071773623,1.5432540471076068,1.2290393606663947,0.02291936627958249,1.1415109492773787,0.00782818797936971,8e98502f0a8d637a08756a804bf7a45c0be54e7562924bbb7f1b052e78f67185,73917037,10,b4459ae0d1c64ba021ffce634d26402362575171,True,True,True,COMPLETE,2.0,0.0,1.4210854715202004e-14,6.7501559897209515e-15,1.2207779499519683e-15,61
0.5383333333333333,646,2.0,m04_b02_g200_t000_mun15,60,0.21753726965718903,0.2210280900176113,0.3400446536573871,0.3052502404332621,0.23955862199584183,0.010317602715248219,3.127023280449543,1.0,1.0,0.0,0.2,-8.910826793575838,0.28626120482105866,7.326005770398291,0.2476224651659574,-1.584821023177547,0.1464613809758313,1.4269786919212386,stage3-coarse-20260729,1.0,2.0,4,wsl,40,-1.5,0.026866164797625557,0.0009196214210987471,0.75,1200,0.306723582026129,0.03160852583430399,1.8818456471490683,0.7026254622626833,0.19231286137706033,0.5046745221444061,0.09668389997807995,c6c3342b4b479b06336b387dd1002fca4d63cb08f85e80ce8afe6e0095cd2e2d,1561646553,10,b4459ae0d1c64ba021ffce634d26402362575171,False,False,False,COMPLETE,0.0,0.0,5.019984428145108e-12,2.723599124010434e-13,1.4653049201989264e-13,12
0.4375,525,2.0,m04_b02_g200_t000_mu000,61,0.5393223678489157,0.10580954311923498,0.5000000000161307,0.49999999999992983,0.4999999999919563,6.869499666448954e-13,0.7145782550256778,1.0,1.0,0.0,0.2,-10.551320557819855,0.1304546907282843,0.0,0.0,-10.551320557819855,0.1304546907282843,1.853615576915658,stage3-coarse-20260729,1.0,2.0,4,cpu,40,0.0,0.03180995697738387,0.00018743101797716856,0.75,1200,0.30713295735985446,0.04572245952131735,2.5329717771781572,1.2653965187088994,0.312283824732074,0.7862647380343768,0.15952354649158562,3960c430da997c009bc80aa701c752148fe3e3422bbd9bd8d107f26ded6c4ffb,924563418,10,b4459ae0d1c64ba021ffce634d26402362575171,False,False,False,COMPLETE,0.0,0.0,3.2365221613872563e-10,3.177351715066834e-11,1.2437515617401308e-11,62
0.505,606,2.0,m04_b02_g200_t000_mup15,62,0.7688359977582204,0.07583716852398809,0.7473786782609315,0.7087275606093126,0.6751279973244153,0.006340937512350759,2.7610700353184927,1.0,1.0,0.0,0.2,-8.442022970567603,0.2663287759389043,-17.0094614546235,0.15218250029641803,-25.451484425191108,0.15530874160793445,1.0915320499335683,stage3-coarse-20260729,1.0,2.0,4,cpu,40,1.5,0.028686067564792656,0.0012185375159560327,0.75,1200,0.18058326259020663,0.06344889098031338,2.5595693674438187,1.4819042867594665,0.13659670446971195,0.8312437746748366,0.051657485440887864,403e0d64a995d7a741469801ff224bccc4d2bc556d6d154d5c0f8e5541d5cb31,3920108393,10,b4459ae0d1c64ba021ffce634d26402362575171,False,False,False,COMPLETE,0.0,0.0,2.2397728116629878e-10,1.532463045350596e-11,9.35891218064015e-12,63
0.4841666666666667,581,2.0,m04_b02_g200_t025_mun15,63,0.5789017367109389,0.12214778006209563,0.35153989845366007,0.32116966847520956,0.2548961535344897,0.011208334145643315,3.7599739989290204,1.0,1.0,0.0,0.2,-9.318868003375998,0.18969720405892976,5.522965118799071,0.2677437742292574,-3.7959028845769276,0.10528051851116826,0.7475360563756988,stage3-coarse-20260729,1.0,2.0,4,cpu,40,-1.5,0.027779637955679608,0.0012934077111646863,0.75,1200,0.3289952143755186,0.08721618184846268,5.160928729878369,1.3613003379844284,0.1907461456121972,0.8451477761799735,0.053279785726660187,34bae53eafdb4e8e18af91f191553bfe6f98ffd5abbf76877b9ba76749ae4b20,293113847,10,b4459ae0d1c64ba021ffce634d26402362575171,False,False,False,COMPLETE,0.25,0.0,1.1894485396624077e-11,2.335198701075569e-12,8.482955910218794e-13,64
0.44666666666666666,536,2.0,m04_b02_g200_t025_mu000,64,0.2780583356195251,0.2007439527508915,0.5000000000070006,0.4999999999999815,0.4999999999888147,7.145970292264755e-13,0.9921614946919355,1.0,1.0,0.0,0.2,-10.465588909779488,0.15670667766374,-2.271444575084471,0.19557969867315703,-12.737033484863959,0.347018146073745,4.673122037321264,stage3-coarse-20260729,1.0,2.0,4,cpu,40,0.0,0.032659365824656374,0.0003970133373021579,0.75,1200,0.5516950392159626,0.11702582716597063,2.173459966301089,1.1735165332247095,0.3853150547733964,0.862605786220336,0.1429093140368029,fcad830b24804fb8d86cd465b0ad48454624b3351cd8da14c76a604c126b60cb,3625745170,10,b4459ae0d1c64ba021ffce634d26402362575171,False,False,False,COMPLETE,0.25,0.0,2.1402257743829978e-10,2.8413005281890947e-11,9.600766996128969e-12,65
0.5066666666666667,608,2.0,m04_b02_g200_t025_mup15,65,0.6851437453670409,0.059900711182622204,0.731373729773191,0.6783295189494873,0.6427143415710471,0.004217838422867743,1.1617922772037466,1.0,1.0,0.0,0.2,-9.354695752321673,0.21830124537314202,-18.251163918649922,0.2772733988799027,-27.60585967097159,0.0971857516461157,0.7980521330847303,stage3-coarse-20260729,1.0,2.0,4,wsl,40,1.5,0.02739325103586233,0.0011917813772450284,0.75,1200,0.25609867534452146,0.06119159119225146,1.9358559341812887,1.3876267158963955,0.1633597452185523,0.8218626956204584,0.08294122460987488,ae79acac3a42fe38a0070f24253279c3db306f68229967d87523c922fb4ea617,380310260,10,b4459ae0d1c64ba021ffce634d26402362575171,False,False,False,COMPLETE,0.25,0.0,1.7562626908329548e-08,1.3233444562388285e-09,1.083418125850059e-09,13
0.49,588,2.0,m04_b02_g200_t050_mun15,66,0.26079044877019997,0.1459718330792151,0.3709068000095996,0.3320865261014187,0.2998787620469478,0.006070432209543217,3.049468204035305,1.0,1.0,0.0,0.2,-8.928823822685402,0.3093262945311128,2.7713968183082374,0.24057007006929673,-6.157427004377164,0.23500996455240417,0.9864430146633543,stage3-coarse-20260729,1.0,2.0,4,cpu,40,-1.5,0.026343868840096495,0.0004719809682830015,0.75,1200,0.7372293895245348,0.1517507073199021,3.345324289313967,1.2122581893781317,0.12988491472241426,0.9747437894513332,0.03960293428866899,2ce21914e8d4f23ddf7b034663099ffe887a07eb69a41c359e17ab6fe750bc86,1625418810,10,b4459ae0d1c64ba021ffce634d26402362575171,False,False,False,COMPLETE,0.5,0.0,5.1812776291626506e-11,5.7050364432598146e-12,2.2214272314517836e-12,66
0.48333333333333334,580,2.0,m04_b02_g200_t050_mu000,67,0.6501604835571471,0.029307860681895892,0.5000000001510028,0.5000000000033283,0.499999999921685,7.1240705269767325e-12,0.6987809437533843,1.0,1.0,0.0,0.2,-10.535759798618631,0.1532910650645408,-5.576198566281616,0.15455015422002666,-16.111958364900246,0.3022532765237123,4.737544508882726,stage3-coarse-20260729,1.0,2.0,4,cpu,40,0.0,0.03213636839555099,0.0005052202672769382,0.75,1200,0.41435809433160253,0.04780125776049124,2.3822452962527954,1.935447820750903,0.029135338486465965,1.1749029575412528,0.031118781195941456,24805ed735138a941c8b672034e8ca5b02862cb651e775c6fb4d18932f24e5f4,112735071,10,b4459ae0d1c64ba021ffce634d26402362575171,False,False,False,COMPLETE,0.5,0.0,9.961667046809453e-10,1.7748167380204905e-10,5.876079593615573e-11,67
0.4675,561,2.0,m04_b02_g200_t050_mup15,68,0.44798154347546754,0.12045056022721844,0.7283734916987051,0.6536047630207262,0.6197214913040905,0.014213439729775589,4.335414548895108,1.0,1.0,0.0,0.2,-9.319947858795135,0.3340086217261188,-21.327687748321846,0.2536683203310514,-30.647635607116978,0.23454806545082071,1.4490949717023216,stage3-coarse-20260729,1.0,2.0,4,cpu,40,1.5,0.02960174142049101,0.0008715290932831334,0.75,1200,0.6532592134538889,0.14345166754275843,2.6033188991757417,1.651120794251479,0.12383095379339501,1.152190003852684,0.038853338479435624,60283a22ed0a7acaba4d955b2999a02ada6d4768a0b7b2226fcf0e9a2b5e78c5,3210988560,10,b4459ae0d1c64ba021ffce634d26402362575171,False,False,False,COMPLETE,0.5,0.0,3.959637240313896e-08,3.981029905730793e-09,2.166890182205831e-09,68
0.4666666666666667,560,2.0,m04_b02_g200_t100_mun15,69,0.4591297205637434,0.07010723716458467,0.38202738142690174,0.363613255524744,0.3306713354979947,0.004855307905978511,1.7306218887611082,1.0,1.0,0.0,0.2,-9.69812432351733,0.1817339828861256,-3.1136269722737824,0.18340376291360197,-12.811751295791112,0.12977848318044916,0.8152296163118703,stage3-coarse-20260729,1.0,2.0,4,cpu,40,-1.5,0.029821543859765976,0.0007920645252915502,0.75,1200,0.6459513398827311,0.07793678667580382,2.7240711911736186,1.7613411916308634,0.09662869088573899,1.2036462657567972,0.017452341772880076,5cd6b05d9c4c25e9ff276744fe55362e954ba52c0e978a301948f1788c93d7da,1995194013,10,b4459ae0d1c64ba021ffce634d26402362575171,False,False,False,COMPLETE,1.0,0.0,3.0552271823580668e-09,2.3071944355024243e-10,1.0174717435223525e-10,69
0.4508333333333333,541,2.0,m04_b02_g200_t100_mu000,70,0.6313524682065317,0.01132696557568861,0.5000000293197899,0.5000000009622771,0.49999997328739937,1.2138540963232328e-09,0.5,1.0,1.0,0.0,0.2,-10.301345098093359,0.09999633445167322,-11.648544749857894,0.12886496873816286,-21.94988984795125,0.193607314722544,1.2343803552937274,stage3-coarse-20260729,1.0,2.0,4,wsl,40,0.0,0.031768610354389396,0.00015312100910775794,0.75,1200,0.4507803735183984,0.017109840000677848,1.2097338830538138,1.9880553475297056,0.024989035311496877,1.219417860524052,0.016986273204126236,fdef788cc86b7ea767558b5e8b468adc8e7ae88196ba15345cb620f9a6646b3e,2826156996,10,b4459ae0d1c64ba021ffce634d26402362575171,False,False,False,COMPLETE,1.0,0.0,3.092224858392001e-07,5.1875455753247477e-08,2.8151758267934364e-08,0
0.4816666666666667,578,2.0,m04_b02_g200_t100_mup15,71,0.5832794819550685,0.04058136570421712,0.6851637554277228,0.6291416222172647,0.6181469981153526,0.004620857989923943,2.177910232901676,1.0,1.0,0.0,0.2,-9.82856014339652,0.12972431614926566,-26.737235541214478,0.08297538545324555,-36.565795684611,0.0865778455294005,0.7098288062122708,stage3-coarse-20260729,1.0,2.0,4,cpu,40,1.5,0.030729844532418123,0.0004217253013162272,0.75,1200,0.5029454644287117,0.047697178078478134,2.2265777227516876,1.9061236900548237,0.055732941832762395,1.2045345772417677,0.009391525538428546,8ddb99d0f29465a685a29495e6ad72966110a767a846f3fe2eacb8d1ab4b8112,4003278312,10,b4459ae0d1c64ba021ffce634d26402362575171,False,False,False,COMPLETE,1.0,0.0,6.337319149452014e-07,7.750601227485276e-08,3.262376442882367e-08,70
0.4633333333333333,556,2.0,m04_b02_g200_t200_mun15,72,0.46241483854799537,0.031883820186822245,0.3858456415974745,0.3697732600253309,0.3435612783253372,0.0035649763644442704,1.78829876907032,1.0,1.0,0.0,0.2,-9.558897707783057,0.11379655105385857,-14.683358400980074,0.14779952077075453,-24.24225610876313,0.14322532627048884,1.4046115889655373,stage3-coarse-20260729,1.0,2.0,4,cpu,40,-1.5,0.029471852003855936,0.00041441505449667227,0.75,1200,0.6357812429688715,0.03442525779651658,1.4852664908537712,1.7364791874780707,0.050530136427256706,1.186130215223471,0.013547232290948976,94dec9a647167d154c48c5984a37df25d9337373d7a346967bf309f27d5acdd5,695627813,10,b4459ae0d1c64ba021ffce634d26402362575171,True,True,True,COMPLETE,2.0,0.0,1.4210854715202004e-14,4.263256414560601e-15,1.011280064279722e-15,71
0.43083333333333335,517,2.0,m04_b02_g200_t200_mu000,73,0.5671948146767034,0.014389332553550556,0.5000000000000007,0.5000000000000002,0.4999999999999998,3.890431104939537e-17,0.6878193619665792,1.0,1.0,0.0,0.2,-10.060038950604085,0.0585640030719468,-24.138335886017966,0.1581658437824572,-34.19837483662205,0.19167661532873248,1.2331567017065583,stage3-coarse-20260729,1.0,2.0,4,cpu,40,0.0,0.03149394292882722,5.522309747448219e-05,0.75,1200,0.5409862092396508,0.01698222669958166,0.9076149830110398,1.9587704140716078,0.03573036052376866,1.2498783116556293,0.013166631064870316,6bda611b5c2a047b3f345d576ff3c79e427ec3646040a9d36474caeca8c5492c,436194168,10,b4459ae0d1c64ba021ffce634d26402362575171,True,True,True,COMPLETE,2.0,0.0,2.842170943040401e-14,6.7501559897209515e-15,1.4631775781672845e-15,72
0.5133333333333333,616,2.0,m04_b02_g200_t200_mup15,74,0.3607638702041154,0.08990121493573723,0.66931921929284,0.6384985015320451,0.6137362486835672,0.008721155908806236,4.046503914154809,1.0,1.0,0.0,0.2,-9.284983112527398,0.29338396382665693,-39.25144280500122,0.23466729241628842,-48.53642591752862,0.13878737650918307,0.7893026945896902,stage3-coarse-20260729,1.0,2.0,4,cpu,40,1.5,0.028566509640858846,0.0010077203459002923,0.75,1200,0.7573964822857466,0.0949633962559322,3.765660292216267,1.6337485306443118,0.12913656721262623,1.195572506465029,0.018399473742720582,5e3612fe76ff2d99dee408f9fc35001b6f19461d0bdd8694b0e082308271140f,2451449893,10,b4459ae0d1c64ba021ffce634d26402362575171,True,True,True,COMPLETE,2.0,0.0,4.263256414560601e-14,7.815970093361103e-15,1.619241603353749e-15,73
0.9966666666666667,2392,4.0,m04_b04_g000_t000_mun15,75,-0.11800689877267116,0.03056969181137347,0.0199998779594981,0.005509361144355073,0.0024842356391951356,0.0005692440870575607,0.5,1.0,1.0,0.0,0.2,-0.03019777742837574,0.0040709677692354895,0.13222466746452174,0.013661858089381456,0.10202689003614603,0.009599324957932084,0.5,stage3-coarse-20260729,1.0,0.0,4,wsl,40,-1.5,0.0006856441558222382,7.067316128728245e-05,0.5,2400,0.007607475031420938,0.0010508617647886384,0.5724391557557057,0.005442932406198505,0.0005551971546497665,0.00652520371880972,0.0007805438011642086,99da74a9207a40faed7dec26034e986b409ed74fa5d4a409069550860e3ce6de,2944561170,20,b4459ae0d1c64ba021ffce634d26402362575171,False,True,True,COMPLETE,0.0,0.0,1.4918621893400541e-15,4.0419056990259605e-16,6.086888843952424e-17,1
0.7408333333333333,1778,4.0,m04_b04_g000_t000_mu000,76,-0.8263406731161801,0.04918146608296789,0.5000000000000023,0.4999999999999993,0.4999999999999754,6.2493126539361265e-16,0.5,1.0,1.0,0.0,0.2,-4.713961488118284,0.058413718776334,0.0,0.0,-4.713961488118284,0.058413718776334,2.4566781418490344,stage3-coarse-20260729,1.0,0.0,4,cpu,40,0.0,0.03125,7.48535278204179e-19,0.5,2400,1.7946155774672856,0.16321505320642277,2.7957557068184236,0.1411343978079292,0.013025059047425621,0.9678749876376074,0.07509500112178982,50948fd006e6ee276aeea7070d536679e6edb997048960cf6b49cad8e79766c5,3463465903,20,b4459ae0d1c64ba021ffce634d26402362575171,False,True,True,COMPLETE,0.0,0.0,1.4210854715202004e-14,3.641531520770513e-15,7.497979370286369e-16,74
0.9966666666666667,2392,4.0,m04_b04_g000_t000_mup15,77,-0.1048252706344684,0.020853982291743626,0.9975201661083365,0.994618713530467,0.958123709039882,0.0011812664373727936,0.7066474709011215,1.0,1.0,0.0,0.2,-0.030390643269022688,0.00934424724121808,-23.870849124731212,0.02835039449694696,-23.90123976800023,0.01902135044270193,0.7175499623228271,stage3-coarse-20260729,1.0,0.0,4,cpu,40,1.5,0.0006693531358187941,0.00014632729270356294,0.5,2400,0.008017484100616049,0.002635344959864891,0.657484796405048,0.005238360685907775,0.0010762179404075305,0.006627922393261912,0.0018548325181529978,e1f1113be81c7910b4977a1e1929dd51246f5ac3622ba29d053288b9103aacce,2288156813,20,b4459ae0d1c64ba021ffce634d26402362575171,False,True,True,COMPLETE,0.0,0.0,2.842170943040401e-14,6.0396132539608514e-15,1.4290340739070994e-15,75
0.9404166666666667,2257,4.0,m04_b04_g000_t025_mun15,78,-0.3122501719895562,0.0888381323968087,0.16350737720626696,0.07765653831845658,0.017960401370967827,0.015832634681161622,2.293712535929705,1.0,1.0,0.0,0.2,-0.7080856834906066,0.20136172739558497,0.9717948645929738,0.2514908055148797,0.263709181102367,0.05076569867358915,2.2612064664311893,stage3-coarse-20260729,1.0,0.0,4,cpu,40,-1.5,0.009516336648639937,0.001850659655623659,0.5,2400,0.2830048660706206,0.08361163365172979,2.243261924416548,0.09463832551714658,0.009879394330627067,0.1888215957938836,0.04503930367461981,8d75f87ec76470b5207f68f408784aa77ed8fa50e06b8b579651491048937a17,1129816558,20,b4459ae0d1c64ba021ffce634d26402362575171,False,True,True,COMPLETE,0.25,0.0,1.7763568394002505e-15,6.286637876939949e-16,1.0918380662536012e-16,14
0.7470833333333333,1793,4.0,m04_b04_g000_t025_mu000,79,-0.7587966023902256,0.028215693810639576,0.49999999999999983,0.49999999999999944,0.4999999999999991,3.145841214207288e-17,0.5,1.0,1.0,0.0,0.2,-4.661303563697334,0.07424601039650763,-2.586626039581369,0.07799474696171717,-7.2479296032787035,0.016276047769710922,0.9398835008044125,stage3-coarse-20260729,1.0,0.0,4,cpu,40,0.0,0.03126172600406975,9.677029660637244e-06,0.5,2400,1.9814510711015134,0.009451064364668459,1.106799757687103,0.2753582893906642,0.036579372065757766,1.128404680246089,0.01827951870505655,f89b8477c37e43f9ef2d787995131ddad5292a9ea7c06eecf6c510e4c82cb8c6,14284118,20,b4459ae0d1c64ba021ffce634d26402362575171,False,True,True,COMPLETE,0.25,0.0,7.105427357601002e-15,4.263256414560601e-15,5.573955807511312e-16,15
0.9341666666666667,2242,4.0,m04_b04_g000_t025_mup15,80,-0.28720282757136834,0.16152268564548036,0.9924133853495103,0.9218319509791215,0.8113853048797675,0.02866399277516925,4.72046055162615,1.0,1.0,0.0,0.2,-0.7702566303578999,0.3671809629297691,-22.944701786203552,0.4644404083474259,-23.71495841656145,0.10017231192598132,5.015299075048411,stage3-coarse-20260729,1.0,0.0,4,wsl,40,1.5,0.009461219672643443,0.003333137638776266,0.5,2400,0.2981557787722291,0.1540886319323791,4.359213473282565,0.08462640538614982,0.013585002345661411,0.19139109207918947,0.08117648228736232,5116e312ccea3d2179e152da864f15b26cd0f0b3095b052068e30ece7d4191f1,3776781274,20,b4459ae0d1c64ba021ffce634d26402362575171,False,True,True,COMPLETE,0.25,0.0,2.842170943040401e-14,7.105427357601002e-15,1.4666047920722354e-15,2
0.7570833333333333,1817,4.0,m04_b04_g000_t050_mun15,81,-0.9034066177058854,0.02176027530252539,0.2807656687283199,0.26226614971606266,0.23798008480005117,0.0050581671657175765,3.9511296106530294,1.0,1.0,0.0,0.2,-3.783213856242308,0.11371421415262965,1.9324178899053421,0.10802846649380632,-1.8507959663369657,0.009457080099066416,0.9210326824779426,stage3-coarse-20260729,1.0,0.0,4,cpu,40,-1.5,0.029975974555259344,0.0005387045203903542,0.5,2400,1.8560170823029505,0.06084291615128869,3.0007747510812037,0.09125383172509896,0.01827805477432638,0.9736354570140247,0.023601697730363438,3be4b777bf2305808793d888ffae8dfc018a5b86847773891a0bf8840d944ad2,3868971902,20,b4459ae0d1c64ba021ffce634d26402362575171,False,True,True,COMPLETE,0.5,0.0,7.105427357601002e-15,9.769962616701378e-16,3.2366858140514355e-16,16
0.7525,1806,4.0,m04_b04_g000_t050_mu000,82,-0.6401203625930302,0.035363586123856955,0.5000000000000002,0.49999999999999967,0.4999999999999993,3.214169527727105e-17,0.5,1.0,1.0,0.0,0.2,-4.393574691198727,0.10620555250991276,-5.804593346352363,0.16769449506269124,-10.198168037551088,0.07766607751577731,2.9644371628842165,stage3-coarse-20260729,1.0,0.0,4,cpu,40,0.0,0.03125065031628647,2.0136332787545312e-07,0.5,2400,1.997951751374466,0.0006056883672479433,1.385048998184226,0.4435009003851883,0.050192856141097926,1.2207263258798275,0.025319541360912173,90e17ef0b381fd930a8803abaa5601af8fbcc0885095e1f22224be2333ac0718,3205056796,20,b4459ae0d1c64ba021ffce634d26402362575171,False,True,True,COMPLETE,0.5,0.0,1.4210854715202004e-14,4.263256414560601e-15,7.547171840994258e-16,17
0.8066666666666666,1936,4.0,m04_b04_g000_t050_mup15,83,-0.7540461622144872,0.056776638020140865,0.7897911395189701,0.7553780750308581,0.7272612260956087,0.0062361591271977036,3.107180430501971,1.0,1.0,0.0,0.2,-3.185818350450011,0.1888777449130446,-22.527949782067672,0.15173462067604024,-25.71376813251768,0.06575742839137219,4.598726681301064,stage3-coarse-20260729,1.0,0.0,4,cpu,40,1.5,0.026810850473938875,0.0010409138720721108,0.5,2400,1.4990254975163242,0.1172936711902611,4.831407620201307,0.20202272585447356,0.042155207172018545,0.8505241116853988,0.03921194528362076,072cf48ddc18264b605ad096bb2e359fa4f122eead2ee5146db290c73a67ac2b,2329698691,20,b4459ae0d1c64ba021ffce634d26402362575171,False,True,True,COMPLETE,0.5,0.0,2.842170943040401e-14,8.171241461241152e-15,1.3353764225316569e-15,18
0.7695833333333333,1847,4.0,m04_b04_g000_t100_mun15,84,-0.39548537224717367,0.05905838736494051,0.36102070685839993,0.3416239014706937,0.32170300816226616,0.005038744030321858,3.55221729842967,1.0,1.0,0.0,0.2,-3.6805236013670255,0.11552542321395602,-3.534387101586087,0.18235085452079453,-7.214910702953114,0.064751606017863,1.2846530694518934,stage3-coarse-20260729,1.0,0.0,4,cpu,40,-1.5,0.027966063785516547,0.0006923996538938888,0.5,2400,1.6299139518690153,0.07809036928760806,3.8035687502945112,0.7050190378342804,0.0681434690679496,1.1674664948516482,0.014378822631315402,6ce17d172964344d78d070b8ffdb4de2556ef33f9717e06d9293a0123f1bb038,260019599,20,b4459ae0d1c64ba021ffce634d26402362575171,False,True,True,COMPLETE,1.0,0.0,1.4210854715202004e-14,4.263256414560601e-15,6.6343344105338e-16,19
0.76375,1833,4.0,m04_b04_g000_t100_mu000,85,-0.6210791775439157,0.011342012980153894,0.5,0.49999999999999944,0.49999999999999906,5.231846231984103e-17,1.164466800689711,1.0,1.0,0.0,0.2,-4.334612710545848,0.029879586536608434,-11.777223437427674,0.11841486301463859,-16.11183614797352,0.08935776249675727,2.7276142352811044,stage3-coarse-20260729,1.0,0.0,4,wsl,40,0.0,0.031251002462776976,3.515450299444373e-07,0.5,2400,1.99160347685156,0.004907694041207782,1.363168828560093,0.46656641751362377,0.018051195624040905,1.2290849471825918,0.01122937187478746,169a16cc47d30af3b388770f36dd544430ab71c2d7d9f713ea3a5456820b9bdf,1653495550,20,b4459ae0d1c64ba021ffce634d26402362575171,False,True,True,COMPLETE,1.0,0.0,1.4210854715202004e-14,4.263256414560601e-15,1.0427916460363102e-15,3
0.7929166666666667,1903,4.0,m04_b04_g000_t100_mup15,86,-0.4023503632310613,0.08542825733554862,0.6921306671649644,0.6605667316507123,0.6340927190960315,0.008280594003568474,4.9068836667116935,1.0,1.0,0.0,0.2,-3.6363080609078153,0.21416696690112097,-27.437869854892654,0.23696190977889758,-31.074177915800465,0.06722862232183316,1.4375953056258428,stage3-coarse-20260729,1.0,0.0,4,cpu,40,1.5,0.027819167624991224,0.0010839866263865987,0.5,2400,1.6132864923960006,0.12224823627215553,5.042101749257757,0.6795280867018939,0.08719592780182175,1.1464072895489472,0.022023613645364582,c90670692a801196f158c4adc31f29bba9cd4fd18a7ae15070cd177c53e81dc7,645003260,20,b4459ae0d1c64ba021ffce634d26402362575171,False,True,True,COMPLETE,1.0,0.0,2.842170943040401e-14,1.0302869668521452e-14,2.1580340936096643e-15,20
0.7829166666666667,1879,4.0,m04_b04_g000_t200_mun15,87,-0.25391881659415516,0.05983967280775408,0.36538067132229235,0.33939975463626704,0.3140677700661033,0.0058289418859730656,2.9317559360488374,1.0,1.0,0.0,0.2,-3.3328958922078464,0.1584382215645945,-15.996781011449372,0.18821203752471927,-19.329676903657216,0.07666988403946463,1.6838329284314375,stage3-coarse-20260729,1.0,0.0,4,cpu,40,-1.5,0.026746594490992003,0.0007249096737464379,0.5,2400,1.4929429758314179,0.0816340455699679,2.9321760902336247,0.8827883603607649,0.06445168384677738,1.1878656680960913,0.009297981628914036,4c1a90a69efd6a8bbc1bcd5bb0c2fcd5ce13f2ffcdfbc47a638380f7a7454395,3993811158,20,b4459ae0d1c64ba021ffce634d26402362575171,False,True,True,COMPLETE,2.0,0.0,2.842170943040401e-14,8.526512829121202e-15,1.3268668821067597e-15,21
0.7608333333333334,1826,4.0,m04_b04_g000_t200_mu000,88,-0.5985273852233476,0.0035292615381232965,0.5000000000000016,0.5000000000000006,0.4999999999999998,6.017265405022453e-17,0.5,1.0,1.0,0.0,0.2,-4.268291276312247,0.00761404060067498,-24.008227469433482,0.06017318608878958,-28.276518745745726,0.05352866271172787,1.5434384544377657,stage3-coarse-20260729,1.0,0.0,4,cpu,40,0.0,0.03125040909216044,1.6704453932291868e-07,0.5,2400,1.9985250489064152,0.0005961696475475408,1.5085881747693706,0.5020881422407077,0.005499455338891727,1.2503065955735617,0.0028092979698976666,7be6c02d6d89d23c17af53813d53d519a98aa57cdf89c73c1cf24aefcfe74220,654812261,20,b4459ae0d1c64ba021ffce634d26402362575171,False,True,True,COMPLETE,2.0,0.0,2.842170943040401e-14,9.947598300641402e-15,2.110265610293193e-15,22
0.7870833333333334,1889,4.0,m04_b04_g000_t200_mup15,89,-0.37099836936741903,0.07159374089577218,0.6818052887880357,0.6491687764269135,0.6272554896441482,0.007292254186334105,3.404202317027151,1.0,1.0,0.0,0.2,-3.6255123581162194,0.18909741021741014,-39.59680503973159,0.20735017869612563,-43.2223173978478,0.02774243336752315,0.9013949260735415,stage3-coarse-20260729,1.0,0.0,4,cpu,40,1.5,0.028167797922340716,0.0009067893044858055,0.5,2400,1.6530182616692788,0.1020976427795029,3.404152959161346,0.7508675780105958,0.07765876999200445,1.2019429198399372,0.012250757929215456,cfb5bfe52ed084e553744ad43eae2f044b34bdc1bf431d5890621ea316c98f46,258031333,20,b4459ae0d1c64ba021ffce634d26402362575171,False,True,True,COMPLETE,2.0,0.0,2.842170943040401e-14,1.4921397450962105e-14,2.2727117021203562e-15,23
0.9741666666666666,2338,4.0,m04_b04_g025_t000_mun15,90,0.025456268020299162,0.028424685681527718,0.09780041700199263,0.01837961950386626,0.002622627710822105,0.011711204633257389,3.5691448700414594,1.0,1.0,0.0,0.2,-0.16457584764637614,0.12179538459827215,0.4411108680927903,0.2810689111981773,0.2765350204464142,0.15926303833021493,3.7166319203396756,stage3-coarse-20260729,1.0,0.25,4,wsl,40,-1.5,0.002320407979208607,0.0014860717937686548,0.5,2400,0.019787089648213574,0.011963774088192401,3.397895085914754,0.021130938939633324,0.012797294785697105,0.02045901429392345,0.012380666074230374,bf34893fcf8a8649ea560b9a15084338de9b6253f4487e655d2fc9f7e48a93f0,319216786,20,b4459ae0d1c64ba021ffce634d26402362575171,False,True,True,COMPLETE,0.0,0.0,1.8041124150158794e-15,7.12277459236077e-16,7.489117189947931e-17,4
0.7291666666666666,1750,4.0,m04_b04_g025_t000_mu000,91,-0.2800773742463691,0.12997335832623072,0.5000000000000004,0.4999999999999999,0.49999999999999933,4.8348706153274225e-17,0.7547233468286099,1.0,1.0,0.0,0.2,-5.01309235753409,0.09231534135817367,0.0,0.0,-5.01309235753409,0.09231534135817367,3.1315632732993812,stage3-coarse-20260729,1.0,0.25,4,cpu,40,0.0,0.03182671847154927,0.00014536107990669467,0.5,2400,0.6029600306749541,0.1707195867300861,3.23863128036634,0.25488885119814986,0.01065182762629649,0.4289244409365519,0.08305902251492524,24791f16706d6a04ed788d464af689b74c4c3fa8dbdd88a312db6612a77535d7,434232070,20,b4459ae0d1c64ba021ffce634d26402362575171,False,True,True,COMPLETE,0.0,0.0,7.105427357601002e-15,2.930988785010413e-15,6.996468219943457e-16,24
0.9916666666666667,2380,4.0,m04_b04_g025_t000_mup15,92,-0.07754095752532855,0.03703051423972331,0.9975308514831049,0.9902124646949148,0.915447850319145,0.003749169684985199,1.3457653945173034,1.0,1.0,0.0,0.2,-0.07477485562430768,0.035234496873685864,-23.765099152677955,0.0899800724396449,-23.839874008302264,0.0547633707199898,1.4230092785649853,stage3-coarse-20260729,1.0,0.25,4,cpu,40,1.5,0.0012209989869245968,0.00046707924959369426,0.5,2400,0.012020346179377828,0.00354781366329095,1.5259271051839167,0.010579665634033448,0.0039039337265506,0.011300005906705638,0.0037011872438476976,e329fa95982b26b2d9e61358e79b55533425c91214e04ba1aaa71954b9c5b669,2391143875,20,b4459ae0d1c64ba021ffce634d26402362575171,False,True,True,COMPLETE,0.0,0.0,2.842170943040401e-14,9.237055564881303e-15,1.3981261991437938e-15,25
0.825,1980,4.0,m04_b04_g025_t025_mun15,93,-0.9032937688731021,0.04569962159710218,0.2523030276066698,0.2254361773235055,0.08615172241054965,0.012860510783922932,2.177829613864643,1.0,1.0,0.0,0.2,-3.5067294164036524,0.2846229561039239,3.454097608264496,0.24878295089106342,-0.052631808139157445,0.0489728037392523,2.2782842186342482,stage3-coarse-20260729,1.0,0.25,4,cpu,40,-1.5,0.02815660827587879,0.0016609063565884879,0.5,2400,1.6492371057648072,0.15064704341802002,2.3482852233981077,0.054349006655257014,0.015784557534957933,0.8517930562100322,0.06838640643729049,1a94e39df3c35a9bc4052f9eaf1e6e21216944406abb9f9363b524cbbe580569,3398897426,20,b4459ae0d1c64ba021ffce634d26402362575171,False,True,True,COMPLETE,0.25,0.0,3.552713678800501e-15,1.0658141036401502e-15,2.1557364912854443e-16,26
0.7616666666666667,1828,4.0,m04_b04_g025_t025_mu000,94,-0.6439272290108133,0.03288423825018508,0.49999999999999983,0.49999999999999944,0.4999999999999988,6.041880374473595e-17,1.804714127035685,1.0,1.0,0.0,0.2,-4.720694202324028,0.035584342826557584,-2.8776852767182532,0.0727599223430671,-7.598379479042282,0.07088704281934533,1.6320666174443683,stage3-coarse-20260729,1.0,0.25,4,cpu,40,0.0,0.03148106315668818,9.503843092730678e-05,0.5,2400,1.9826771665407086,0.010011418203523506,0.931747497194149,0.4393365740081606,0.05207984715561936,1.2110068702744345,0.026800921168107627,4f41c93c4baf57a8cd39c085fbef53fdddb1c7fb1680299b4329519eaf6e40bd,2350668451,20,b4459ae0d1c64ba021ffce634d26402362575171,False,True,True,COMPLETE,0.25,0.0,1.4210854715202004e-14,3.0198066269804257e-15,6.698906313795883e-16,27
0.9233333333333333,2216,4.0,m04_b04_g025_t025_mup15,95,-0.10578756517794241,0.09597450875130069,0.9930140704149182,0.9329890388031803,0.8186308272209277,0.011157559897320365,1.6878040338198694,1.0,1.0,0.0,0.2,-0.6101743493413949,0.13313134224409134,-23.220761550977475,0.15688870001883515,-23.830935900318867,0.02880854377891183,1.3059006803007245,stage3-coarse-20260729,1.0,0.25,4,wsl,40,1.5,0.008487837682347668,0.0013723353098169333,0.5,2400,0.19471327390256907,0.058399012335310745,1.67176171058307,0.12137645354105848,0.020809034404331992,0.15804486372181378,0.032911986496757605,86b2fb9355e8d273f2bfb95da6db2b17750d163b0d344e2b3519b54be12e098b,2556254150,20,b4459ae0d1c64ba021ffce634d26402362575171,False,True,True,COMPLETE,0.25,0.0,2.842170943040401e-14,8.526512829121202e-15,1.530399738560216e-15,5
0.7729166666666667,1855,4.0,m04_b04_g025_t050_mun15,96,-0.7057194385053684,0.09997558561605605,0.28291795800223984,0.25175327905003364,0.2192365935163541,0.005622231007610103,2.3827555375040443,1.0,1.0,0.0,0.2,-3.50594592301115,0.26120245287512056,1.5526406321148372,0.17025729740596537,-1.9533052908963136,0.09365243667890823,3.677742092292952,stage3-coarse-20260729,1.0,0.25,4,cpu,40,-1.5,0.027210466389549815,0.0019107020716808548,0.5,2400,1.507433763301308,0.20431507146934855,7.26373165924403,0.2430307363981899,0.07091307036777662,0.875232249849749,0.06674713797811949,4099ca1e639bc0742cc80e6bf0592bda8c1b3b28da3326ac43ae91196418d5b1,3861539459,20,b4459ae0d1c64ba021ffce634d26402362575171,False,True,True,COMPLETE,0.5,0.0,3.552713678800501e-15,7.993605777301127e-16,2.198704492380898e-16,28
0.7329166666666667,1759,4.0,m04_b04_g025_t050_mu000,97,-0.6264101977481626,0.02005879264614265,0.5000000000000002,0.4999999999999997,0.4999999999999994,4.3176269770031003e-17,1.0556424560310114,1.0,1.0,0.0,0.2,-4.723385530639082,0.05393960012410295,-5.852349165492166,0.09653457265255112,-10.57573469613125,0.08620131067844282,1.924969609658968,stage3-coarse-20260729,1.0,0.25,4,cpu,40,0.0,0.03147268774656172,0.00011026894836804795,0.5,2400,1.9844788727423293,0.017634727949871188,1.5581395584904925,0.45828037143286915,0.02968669445702104,1.2213796220875992,0.019153653162671085,6e647a1493c1ebbd4a0f78e09979e556d3868f2ebd9067f1be829d597b115ea9,3638644854,20,b4459ae0d1c64ba021ffce634d26402362575171,False,True,True,COMPLETE,0.5,0.0,2.842170943040401e-14,5.684341886080802e-15,1.2896973222776222e-15,29
0.815,1956,4.0,m04_b04_g025_t050_mup15,98,-0.7511142666820704,0.034815633000101154,0.7835555708290314,0.756228190986932,0.7300618731886153,0.0028668286951017146,0.8891369453789953,1.0,1.0,0.0,0.2,-3.351749022699198,0.08269631639282952,-22.541616978283418,0.0722185381412196,-25.893366000982617,0.051413896603257285,2.2065764945166437,stage3-coarse-20260729,1.0,0.25,4,cpu,40,1.5,0.027090102351142998,0.00046039243827258875,0.5,2400,1.484585603450674,0.05360097825834979,1.354219780174416,0.20568178396546194,0.027146049840393507,0.8451336937080679,0.015540897715228404,a99211bfa0b62b2b51d1b03d79b0245a4173d94536bdc4d7385adec57245b345,51912561,20,b4459ae0d1c64ba021ffce634d26402362575171,False,True,True,COMPLETE,0.5,0.0,2.842170943040401e-14,1.1368683772161604e-14,1.6582333368332026e-15,30
0.7745833333333333,1859,4.0,m04_b04_g025_t100_mun15,99,-0.158332582048558,0.07493049922600534,0.3709592798879533,0.32475390493589423,0.3075337091759375,0.009506606298874747,4.859275879523684,1.0,1.0,0.0,0.2,-3.713673103173261,0.1710866643788036,-4.174569965911488,0.18714242808341094,-7.888243069084749,0.1429653746863323,2.0454645312981983,stage3-coarse-20260729,1.0,0.25,4,cpu,40,-1.5,0.025494811502529607,0.0010656727015113136,0.5,2400,1.3413672551586893,0.11863864253355723,3.9501080020258814,0.9655858356649375,0.07643284126678734,1.1534765454118134,0.028339422191144024,ef27dc883929dae03f29af4946ee709d1658060fcaa1dd01b8b6d6316ee0c204,1166162652,20,b4459ae0d1c64ba021ffce634d26402362575171,False,True,True,COMPLETE,1.0,0.0,7.105427357601002e-15,2.6645352591003757e-15,7.848458834134501e-16,31
0.74,1776,4.0,m04_b04_g025_t100_mu000,100,-0.5980516428782814,0.005423967357625074,0.5000000000000003,0.49999999999999944,0.4999999999999988,5.861162121036686e-17,0.5980495891087363,1.0,1.0,0.0,0.2,-4.659559937174243,0.014135902559676387,-11.989846621957719,0.05643157422649347,-16.64940655913196,0.06533577123234913,1.8645399910547877,stage3-coarse-20260729,1.0,0.25,4,wsl,40,0.0,0.03134390790892985,3.849934458771703e-05,0.5,2400,1.9936093305333806,0.005362177068400945,1.3501539270076586,0.5018982308608013,0.009186479075070374,1.2477537806970909,0.006573853629066269,f8c3618ca3054602fd9eb6013bd1525f0a0d7d25887a8b4d18a82df76115769c,2902616493,20,b4459ae0d1c64ba021ffce634d26402362575171,False,True,True,COMPLETE,1.0,0.0,1.4210854715202004e-14,6.394884621840902e-15,1.1320757761491386e-15,6
0.7575,1818,4.0,m04_b04_g025_t100_mup15,101,-0.35571432086620025,0.08652923931873983,0.6867217891315418,0.6565375008158956,0.6276251345757207,0.010124087752419353,4.626379734749352,1.0,1.0,0.0,0.2,-4.08513387082797,0.18876701930686288,-27.481829049432644,0.21660053329918497,-31.566962920260618,0.11695243012671502,2.3274390320856133,stage3-coarse-20260729,1.0,0.25,4,cpu,40,1.5,0.02760697332945914,0.0012535245232729226,0.5,2400,1.5744784976065094,0.14290885392222283,4.642961652748302,0.7374786837354017,0.08534067011641008,1.1559785906709554,0.03316217227875134,2ae1d4e046fc51b44e1b50e3a4dfd41b13deeb7302ab44828338159788288edc,3405166821,20,b4459ae0d1c64ba021ffce634d26402362575171,False,True,True,COMPLETE,1.0,0.0,2.842170943040401e-14,9.237055564881303e-15,2.1316282072803005e-15,32
0.7729166666666667,1855,4.0,m04_b04_g025_t200_mun15,102,-0.21018269843068707,0.040962307369588266,0.3623978251562471,0.3337859323817204,0.31370200394010966,0.004169189360394326,1.714367344340306,1.0,1.0,0.0,0.2,-3.756226366189729,0.08378245709961456,-15.88861317446531,0.0979683445042009,-19.64483954065504,0.037601741861882976,0.6841409761091182,stage3-coarse-20260729,1.0,0.25,4,cpu,40,-1.5,0.02605979490244912,0.000521104023766921,0.5,2400,1.4056743162896512,0.057957928472286556,1.6942523340477385,0.911088409228048,0.040975941795210184,1.1583813627588495,0.008707053231563563,da6ba5cab84121422437596f170faec8083a95e62330f8f4e9378d56cdeda1ff,2792425192,20,b4459ae0d1c64ba021ffce634d26402362575171,False,True,True,COMPLETE,2.0,0.0,1.4210854715202004e-14,6.394884621840902e-15,1.637137295063366e-15,33
0.74625,1791,4.0,m04_b04_g025_t200_mu000,103,-0.5976698696895542,0.0032752881106786905,0.5000000000000013,0.5000000000000003,0.4999999999999992,6.495589321055212e-17,0.5,1.0,1.0,0.0,0.2,-4.634551347285701,0.007521757988112817,-23.94058108271076,0.0437481750822606,-28.57513242999646,0.04301597267848671,1.1603181814467864,stage3-coarse-20260729,1.0,0.25,4,cpu,40,0.0,0.03133820457273209,1.9540709428751187e-05,0.5,2400,1.9890708159497223,0.004328045602393631,0.9884245719977652,0.5009361288424338,0.0045039034009243,1.245003472396078,0.002340870655627265,9c38594da8903ac0f44289b9e8dbc2b2987b6db92e0bae8e79e9de5159d2ecc3,2432052422,20,b4459ae0d1c64ba021ffce634d26402362575171,False,True,True,COMPLETE,2.0,0.0,2.842170943040401e-14,1.0302869668521452e-14,2.03452568430913e-15,34
0.7733333333333333,1856,4.0,m04_b04_g025_t200_mup15,104,-0.171171085349207,0.06840409019762868,0.6862696782353397,0.6715889774994388,0.6302352453732512,0.006608338490810736,2.539584624457088,1.0,1.0,0.0,0.2,-3.683055298112566,0.14521768649050537,-39.88936468975453,0.24313758636356342,-43.5724199878671,0.11107378115944064,2.239108992563304,stage3-coarse-20260729,1.0,0.25,4,cpu,40,1.5,0.025384585205846265,0.0008236526006193727,0.5,2400,1.340830234422146,0.09140649195325343,2.544089727159455,0.9397369308188133,0.07288645426226942,1.1402835826204796,0.012785444143396161,01cf4491190c940faedd490ee28a60843f5a105ec7d9b545060e6ff04e5402b9,4238406042,20,b4459ae0d1c64ba021ffce634d26402362575171,False,True,True,COMPLETE,2.0,0.0,5.684341886080802e-14,1.7763568394002505e-14,2.477723070220362e-15,35
0.9870833333333333,2369,4.0,m04_b04_g050_t000_mun15,105,-0.02043764556546759,0.03620698998082409,0.04542504489869709,0.010658442324922367,0.002396879925325071,0.0025320773832522682,1.4975650845133301,1.0,1.0,0.0,0.2,-0.08810872046565718,0.02468953746751584,0.2558026157981369,0.060769857198054444,0.16769389533247966,0.03613241288801244,1.5141913377873712,stage3-coarse-20260729,1.0,0.5,4,wsl,40,-1.5,0.0013387806699155084,0.00032020337650528726,0.5,2400,0.014215088131773555,0.0032029235825848106,1.5884889951160777,0.012881236816568059,0.0026477669247075807,0.013548162474170806,0.0028695075107500662,a7b7eb4f64f4d311676977b246f02bbbcdb8151aef1ad1695f407a246fed765e,1705602040,20,b4459ae0d1c64ba021ffce634d26402362575171,False,True,True,COMPLETE,0.0,0.0,1.3600232051658168e-15,4.843347944927245e-16,5.985699063186869e-17,7
0.74,1776,4.0,m04_b04_g050_t000_mu000,106,0.030934066699857522,0.13755485177608734,0.5000000000000003,0.4999999999999999,0.49999999999999933,3.239584647342437e-17,0.5825697847858512,1.0,1.0,0.0,0.2,-5.067539121411711,0.10093477308715129,0.0,0.0,-5.067539121411711,0.10093477308715129,1.8101560400137875,stage3-coarse-20260729,1.0,0.5,4,cpu,40,0.0,0.03194315021267618,0.00019370833604047454,0.5,2400,0.35561648474348556,0.06262278694420798,2.190271167273527,0.34465851455003876,0.04261874945380159,0.3501374996467622,0.027569584385095002,a8149fc1730f9337ef5f81b5653c1af43762f38085a77f319218fe7d14897295,383253590,20,b4459ae0d1c64ba021ffce634d26402362575171,False,True,True,COMPLETE,0.0,0.0,1.4210854715202004e-14,3.4638958368304883e-15,6.556206450809966e-16,36
0.97375,2337,4.0,m04_b04_g050_t000_mup15,107,-0.12868866878712285,0.11317368822978409,0.9973184460006317,0.9753269742645158,0.8749869246063433,0.013343705716699782,2.8051424824978883,1.0,1.0,0.0,0.2,-0.2675271058099004,0.1710528776637249,-23.407847382348375,0.32024893720079484,-23.675374488158276,0.14972622246203898,2.8132292977833835,stage3-coarse-20260729,1.0,0.5,4,cpu,40,1.5,0.003168751337993909,0.001735175130810136,0.5,2400,0.07330964031305251,0.057395975805421544,2.777596870416968,0.023008713374176096,0.009824194258758589,0.0481591768436143,0.03343431652510052,0b086349b97f580ce62c89cd56f6a84d8b56be9fc87b89bc02ad88d86a8ba890,78990697,20,b4459ae0d1c64ba021ffce634d26402362575171,False,True,True,COMPLETE,0.0,0.0,2.842170943040401e-14,6.0396132539608514e-15,1.6762477632760032e-15,37
0.8195833333333333,1967,4.0,m04_b04_g050_t025_mun15,108,-0.33754098899046936,0.09604499436448648,0.2973042320687993,0.2329293255406236,0.12663395899758362,0.02229451426258657,4.6974435365685645,1.0,1.0,0.0,0.2,-3.052033395473446,0.3143180932523358,3.30206641629691,0.3033898233852846,0.2500330208234641,0.040387485161912956,1.0827354796769544,stage3-coarse-20260729,1.0,0.5,4,cpu,40,-1.5,0.023053753506648955,0.0005973677945869856,0.5,2400,0.9924198380703189,0.09621743122372635,2.9949978605161665,0.5229189778772533,0.14462271672914057,0.757669407973786,0.11256528088754386,07cb3105fd4df4ada70ca9202505a7ee1408ef6d9fbb4415cb6ca95a65a758e8,81053664,20,b4459ae0d1c64ba021ffce634d26402362575171,False,True,True,COMPLETE,0.25,0.0,7.105427357601002e-15,1.4654943925052066e-15,3.9871510406368886e-16,38
0.735,1764,4.0,m04_b04_g050_t025_mu000,109,-0.6000188082050611,0.03282802131486076,0.49999999999999994,0.49999999999999944,0.49999999999999895,3.2847008405920175e-17,0.5076255838337622,1.0,1.0,0.0,0.2,-5.035071872455515,0.05161921620099616,-2.9060163628719415,0.034592595865310584,-7.941088235327456,0.05888870427305952,1.6348023099188211,stage3-coarse-20260729,1.0,0.5,4,cpu,40,0.0,0.03171836725348738,0.00011420815606761932,0.5,2400,1.9302855992570571,0.046518586241835906,2.3577777914394393,0.48384026361801047,0.03803815071413879,1.2070629314375338,0.012776854253972741,354b0a04397b16a5a2560cd2a6bfcc73fd6c904b009254dc7024c454e48a059f,326412707,20,b4459ae0d1c64ba021ffce634d26402362575171,False,True,True,COMPLETE,0.25,0.0,1.4210854715202004e-14,3.730349362740526e-15,6.725178453592985e-16,39
0.89,2136,4.0,m04_b04_g050_t025_mup15,110,-0.3947546861090577,0.04766334826268615,0.9802326671193866,0.8629268570745257,0.7393383094323023,0.045835499907479656,6.86481302500648,1.0,1.0,0.0,0.2,-1.7303998378891436,0.6889326018085595,-22.12316376659165,0.6496036535789586,-23.85356360448079,0.05225330136788411,1.161660968613058,stage3-coarse-20260729,1.0,0.5,4,wsl,40,1.5,0.01563503086909554,0.004211290020653465,0.5,2400,0.581032692227819,0.2739785613669956,7.457999137097531,0.20796890533603146,0.08573183319498416,0.39450079878192523,0.179930567515336,217e1569a8154a98e78659f2cfd8e05f3a781c63a71d5700602e56f1d13e7ebc,3987654439,20,b4459ae0d1c64ba021ffce634d26402362575171,False,True,True,COMPLETE,0.25,0.0,2.842170943040401e-14,7.105427357601002e-15,1.2463744089175026e-15,8
0.7520833333333333,1805,4.0,m04_b04_g050_t050_mun15,111,-0.14432583858461823,0.05914170183727892,0.3099403165159358,0.29539755971530085,0.25689689940521987,0.006496245959392346,4.390911080113752,1.0,1.0,0.0,0.2,-3.957432480565437,0.16996898209339947,1.6381369733043827,0.20871887533435904,-2.319295507261054,0.09905745398383756,1.8653356334835052,stage3-coarse-20260729,1.0,0.5,4,cpu,40,-1.5,0.02376712566350782,0.00012160101757902139,0.5,2400,1.1082223935773545,0.027822748657476918,1.5604726359413208,0.8504166620453457,0.08493116016662597,0.9793195278113501,0.03508861540737157,a39f74fd7b2f56227f54b8f10816a507a8fcbb4feb51198d87ac75a4d6e236f2,2039355283,20,b4459ae0d1c64ba021ffce634d26402362575171,False,True,True,COMPLETE,0.5,0.0,7.105427357601002e-15,1.9539925233402757e-15,3.102925794187791e-16,40
0.7454166666666666,1789,4.0,m04_b04_g050_t050_mu000,112,-0.5965815491228111,0.017367060319144798,0.5000000000000002,0.49999999999999967,0.49999999999999933,4.850638645350345e-17,1.1723796383970442,1.0,1.0,0.0,0.2,-5.065845062729592,0.020251510706100293,-5.855414860946823,0.09793523817395536,-10.921259923676413,0.09703895849402436,2.716181732903331,stage3-coarse-20260729,1.0,0.5,4,cpu,40,0.0,0.031476211073844185,6.108565084101742e-05,0.5,2400,1.9337493686963039,0.014887052544758611,1.018013536364836,0.49119928535725377,0.029542702893636967,1.2124743270267788,0.021812303055235693,232e2de347189a545080767edff9ecc0e88a22cb2455030b1f46bb7f4efb91cc,2135893870,20,b4459ae0d1c64ba021ffce634d26402362575171,False,True,True,COMPLETE,0.5,0.0,1.4210854715202004e-14,2.842170943040401e-15,7.105427357601001e-16,41
0.765,1836,4.0,m04_b04_g050_t050_mup15,113,-0.43977289974701417,0.09377898242967511,0.8010406516416706,0.7243091397011477,0.6840155727053999,0.008965324507528353,2.2922144285517487,1.0,1.0,0.0,0.2,-3.941441077140138,0.16069049539551403,-22.278327024457397,0.18956919250605866,-26.219768101597538,0.13642881976263208,1.64927198316013,stage3-coarse-20260729,1.0,0.5,4,cpu,40,1.5,0.025430912699302893,0.001256153839505109,0.5,2400,1.2831656114472696,0.1455148002105558,4.810658452173381,0.5121970292945297,0.09604093458134665,0.8976813203708996,0.04536104137841232,70835602e2dbecec73f18e7fb535d26960b82bb46b64efde95e451bd53b4b888,4214595699,20,b4459ae0d1c64ba021ffce634d26402362575171,False,True,True,COMPLETE,0.5,0.0,2.842170943040401e-14,7.460698725481052e-15,1.438064394886727e-15,42
0.75875,1821,4.0,m04_b04_g050_t100_mun15,114,-0.10787567794540483,0.0468368344535368,0.35547291393338,0.32111238881694526,0.3132634977615586,0.0031616823687274104,1.9635789892183915,1.0,1.0,0.0,0.2,-4.2153449957437505,0.06390807439276473,-4.134443118802196,0.17518789185267833,-8.349788114545944,0.12220465843125776,2.126994676125356,stage3-coarse-20260729,1.0,0.5,4,cpu,40,-1.5,0.024570454712218977,0.00040926881426301087,0.5,2400,1.2402617072648765,0.050003952937251295,2.2170542306159944,1.0030791577338498,0.0623121259515526,1.121670432499363,0.02230442629889778,22acb9a6745d23777ed347a17c9587b69b02a190a9370bf74b458aed6a9525a3,2843407217,20,b4459ae0d1c64ba021ffce634d26402362575171,False,True,True,COMPLETE,1.0,0.0,1.4210854715202004e-14,3.3750779948604757e-15,6.22537712667429e-16,43
0.7341666666666666,1762,4.0,m04_b04_g050_t100_mu000,115,-0.5877173804669933,0.005633307654007982,0.5000000000000001,0.49999999999999944,0.4999999999999988,5.232383290791192e-17,0.5,1.0,1.0,0.0,0.2,-5.05133637303108,0.02751653783410235,-12.03665832911215,0.0674215290606905,-17.08799470214323,0.09597046983040955,2.0445833425370292,stage3-coarse-20260729,1.0,0.5,4,wsl,40,0.0,0.03149987657123734,8.05970752840383e-05,0.5,2400,1.9875374472015856,0.008948390064827503,0.5667374208640886,0.5163032675141908,0.009355585850527724,1.2519203573578885,0.008953107025808149,699153694ada36c71f798f08bf30a2fccaa149a8534002cd00fd27bbbea36fb6,3852626311,20,b4459ae0d1c64ba021ffce634d26402362575171,False,True,True,COMPLETE,1.0,0.0,1.4210854715202004e-14,5.329070518200751e-15,1.1016497455536763e-15,9
0.7854166666666667,1885,4.0,m04_b04_g050_t100_mup15,116,-0.0558287362612452,0.020092294103950515,0.6867395154818998,0.6819161607924096,0.6620000326770361,0.0013845123936472995,1.1771906172229851,1.0,1.0,0.0,0.2,-4.111222577975029,0.031726200275817754,-28.312229311287116,0.10749528356961957,-32.42345188926214,0.1152041562787265,1.887879017165484,stage3-coarse-20260729,1.0,0.5,4,cpu,40,1.5,0.024206481267112567,0.0001838297936733439,0.5,2400,1.1913765003592072,0.023398357700683006,1.342996039135121,1.0666214024343335,0.028184481499364124,1.1289989513967702,0.014066562901956053,68841a9ea581f7c22a0960c9b48b1abd972c5f6275d55bcdf6cafc76e4534287,479038646,20,b4459ae0d1c64ba021ffce634d26402362575171,False,True,True,COMPLETE,1.0,0.0,2.842170943040401e-14,1.2079226507921703e-14,2.2498122595321544e-15,44
0.7725,1854,4.0,m04_b04_g050_t200_mun15,117,-0.04314343481886703,0.016582528253330345,0.3425843242415208,0.317505091557666,0.3134404196149773,0.0014614517602382913,1.4359071659266671,1.0,1.0,0.0,0.2,-4.078467002732731,0.029147488849634147,-16.373571218963733,0.17605103116611978,-20.452038221696462,0.17319373904834534,2.5366149909407336,stage3-coarse-20260729,1.0,0.5,4,cpu,40,-1.5,0.024027445937029695,0.00018300062866438886,0.5,2400,1.1824701071264436,0.021871331298349738,1.5781462006014073,1.0849055448803664,0.02611335968278738,1.133687826003405,0.015134986199310058,8019352e838292255433595bd8a7b8e8c5d7a7f4179d88dfa1e9a1d9d4613aeb,2552797030,20,b4459ae0d1c64ba021ffce634d26402362575171,False,True,True,COMPLETE,2.0,0.0,1.4210854715202004e-14,7.105427357601002e-15,1.137778964768807e-15,45
0.7133333333333334,1712,4.0,m04_b04_g050_t200_mu000,118,-0.5906440702226988,0.007344618644882291,0.5000000000000027,0.5000000000000003,0.4999999999999969,1.5329077616602773e-16,0.6869077893415212,1.0,1.0,0.0,0.2,-5.011981192627178,0.015160536936782,-23.997983976169174,0.031152549248241363,-29.009965168796356,0.03315199252423213,0.871112079188791,stage3-coarse-20260729,1.0,0.5,4,cpu,40,0.0,0.03131664267736527,1.6307472353539737e-05,0.5,2400,1.9858126752706657,0.011528219956298281,1.3180995199555001,0.5110250389624836,0.00880290358183065,1.2484188571165746,0.0018378334352117747,610a2895a203dcf433a6b7727b97d1578ac00f37aa5789682a6cd8836e401632,4172080337,20,b4459ae0d1c64ba021ffce634d26402362575171,False,True,True,COMPLETE,2.0,0.0,5.684341886080802e-14,1.3500311979441903e-14,2.8341596229973227e-15,46
0.7725,1854,4.0,m04_b04_g050_t200_mup15,119,-0.0742866610172472,0.03098175491205839,0.6865718925486254,0.6789726969852137,0.6449824519095029,0.003088574391556127,1.6934215208440337,1.0,1.0,0.0,0.2,-4.108000775326921,0.05067338626747554,-40.30701242805954,0.09389411043272185,-44.41501320338646,0.06879805505541908,1.5045782759334023,stage3-coarse-20260729,1.0,0.5,4,cpu,40,1.5,0.02446737317457345,0.0003858033668902183,0.5,2400,1.2279103634432211,0.04241810392198604,1.7164033247565242,1.0549019763312422,0.031799217730257186,1.1414061698872318,0.0077222468736647485,e2cb2f92daeef1cdea008a86d96a4009115460d97707dd422458333d06e1c9b5,820120595,20,b4459ae0d1c64ba021ffce634d26402362575171,False,True,True,COMPLETE,2.0,0.0,5.684341886080802e-14,1.5631940186722205e-14,3.406327981583603e-15,47
0.7754166666666666,1861,4.0,m04_b04_g100_t000_mun15,120,0.8530076403623703,0.08779682591646461,0.2529625012685597,0.23143900606999246,0.11570184485172971,0.015260429305384246,3.511115434377814,1.0,1.0,0.0,0.2,-4.233564208627291,0.3852226710102489,5.554536145679819,0.3662503033292219,1.3209719370525277,0.12475751509732005,1.85632976447663,stage3-coarse-20260729,1.0,1.0,4,wsl,40,-1.5,0.03030122279089432,0.002437327548785797,0.5,2400,0.034515813682937845,0.021580496040012987,3.054632357252425,0.5807341318258465,0.19693559760347887,0.3076249727543922,0.10346453738557963,848ce9bcefa3a7791fd3981e2089dde5435cf879b898c814a278132d6a08db1b,685036897,20,b4459ae0d1c64ba021ffce634d26402362575171,False,True,True,COMPLETE,0.0,0.0,7.105427357601002e-15,1.298960938811433e-15,2.8506074148975973e-16,10
0.7170833333333333,1721,4.0,m04_b04_g100_t000_mu000,121,0.5745616339680705,0.07628207140760518,0.5000000000000007,0.5,0.4999999999999998,3.741181247616989e-17,0.6960394412054013,1.0,1.0,0.0,0.2,-6.0902493889977265,0.20880848757593584,0.0,0.0,-6.0902493889977265,0.20880848757593584,1.569059240690323,stage3-coarse-20260729,1.0,1.0,4,cpu,40,0.0,0.032925578507734185,0.0009013288328516385,0.5,2400,0.3129547296611695,0.06712689749999752,3.6111565113390833,1.1835029827829124,0.13768013646793267,0.748228856222041,0.07665496437450287,dbf3590e41aa83514537ddb2292ee4ac2630384401a2eb4772e5c7319fb38b10,3128079895,20,b4459ae0d1c64ba021ffce634d26402362575171,False,True,True,COMPLETE,0.0,0.0,1.4210854715202004e-14,3.3750779948604757e-15,6.22537712667429e-16,48
0.97875,2349,4.0,m04_b04_g100_t000_mup15,122,-0.013869533085521652,0.05942900731939735,0.9973180542089657,0.9795184880529779,0.9234068119244743,0.00439274321898042,1.721330487562836,1.0,1.0,0.0,0.2,-0.24232100105161453,0.05650681417987384,-23.50844371327147,0.10542583725553042,-23.750764714323086,0.04883998217126228,1.8110657793743106,stage3-coarse-20260729,1.0,1.0,4,cpu,40,1.5,0.0026505736942998214,0.0005796520981798953,0.5,2400,0.03421047159393193,0.011524806067012443,2.58095378551416,0.03358438471582753,0.009034670973966395,0.03389742815487973,0.009330879628686364,957ead6f122de4508b46e1e26b56e4fdc1218c225a7663745ce8245ec998c4e4,3398223569,20,b4459ae0d1c64ba021ffce634d26402362575171,False,True,True,COMPLETE,0.0,0.0,2.842170943040401e-14,7.815970093361103e-15,1.4111235108356854e-15,49
0.865,2076,4.0,m04_b04_g100_t025_mun15,123,0.3358280481267828,0.09808523836138053,0.2797982154909353,0.18926934775404464,0.05647743285850707,0.015958660462177872,1.9990191236319044,1.0,1.0,0.0,0.2,-2.990235008718317,0.281688796913644,2.6621138161712876,0.24609043015684154,-0.3281211925470289,0.09263338323715291,2.5146776737173493,stage3-coarse-20260729,1.0,1.0,4,cpu,40,-1.5,0.020650167508951562,0.0009390049567037699,0.5,2400,0.37599066042558,0.1199989457847855,4.245928691551652,0.7371453064560685,0.06215513924705005,0.5565679834408241,0.06627555164507394,1b42a2ce90af3877ad310897e2c7f9a568def5ade9a5408626d96ff31b9c95e5,4003861250,20,b4459ae0d1c64ba021ffce634d26402362575171,False,True,True,COMPLETE,0.25,0.0,3.552713678800501e-15,7.494005416219807e-16,1.5141162416697162e-16,50
0.7358333333333333,1766,4.0,m04_b04_g100_t025_mu000,124,0.29389207911143966,0.20730139089762445,0.5,0.49999999999999944,0.499999999999999,4.1999455922456426e-17,0.5,1.0,1.0,0.0,0.2,-6.093950263171157,0.18833102572016078,-2.3135262701351405,0.11614363987203637,-8.407476533306298,0.2749618977945156,2.8458880792377763,stage3-coarse-20260729,1.0,1.0,4,cpu,40,0.0,0.0329156962866327,0.000648333376610261,0.5,2400,0.5373739452390709,0.12158830578980265,4.9587314489587655,1.1922634725811772,0.35542897271915724,0.864818708910124,0.11971844141187712,81615c6bcb72d5a0e0ad600f160ef97603a67877af42a1cb0509b41f55734a6d,3521215459,20,b4459ae0d1c64ba021ffce634d26402362575171,False,True,True,COMPLETE,0.25,0.0,1.4210854715202004e-14,4.263256414560601e-15,6.127127239370908e-16,51
0.7983333333333333,1916,4.0,m04_b04_g100_t025_mup15,125,-0.5936678633017684,0.1997592122640254,0.9969342114553563,0.8312006956259254,0.7449519695131923,0.04824065028808328,5.603802451962357,1.0,1.0,0.0,0.2,-2.8557773800241995,0.8954586972746583,-21.15067373530223,0.7068611239492394,-24.006451115326435,0.28373062793918324,4.958603478061139,stage3-coarse-20260729,1.0,1.0,4,wsl,40,1.5,0.020854729778572605,0.005679768653728365,0.5,2400,0.865705252552452,0.4034865262220217,7.1877282874821535,0.07771277306829341,0.015387600500951473,0.47170901281037275,0.2088418649791854,faadb829db96a6c87ba9c65c1ea94aaeb11e9179cebca1c994145f5c48dfb37f,3610157273,20,b4459ae0d1c64ba021ffce634d26402362575171,False,True,True,COMPLETE,0.25,0.0,4.263256414560601e-14,1.0658141036401503e-14,1.3219796946644116e-15,11
0.7191666666666666,1726,4.0,m04_b04_g100_t050_mun15,126,0.1286320392234936,0.07327043656509159,0.31385770518141154,0.31001564598339953,0.2965126849228911,0.0012150912782673007,2.0417759012492076,1.0,1.0,0.0,0.2,-5.464161628124931,0.08283994236280408,2.3692070156207,0.25289618786680823,-3.0949546125042304,0.276693883743524,2.0868770031316566,stage3-coarse-20260729,1.0,1.0,4,cpu,40,-1.5,0.02355448057822543,1.3859758066970813e-05,0.5,2400,0.7738681935377983,0.07241686581538015,2.063963024443442,0.9943806974707574,0.1030685440861308,0.884124445504278,0.05747552487726198,67ce25ce5a52e9e30c427c9dec32cd9f24a2c68e881f0d5c227115946ec2487e,1644442189,20,b4459ae0d1c64ba021ffce634d26402362575171,False,True,True,COMPLETE,0.5,0.0,1.0658141036401503e-14,3.4638958368304883e-15,7.579455583941705e-16,52
0.7525,1806,4.0,m04_b04_g100_t050_mu000,127,0.5262923559822109,0.08255301198162134,0.5000000000000003,0.49999999999999967,0.49999999999999917,3.524871243357977e-17,0.5,1.0,1.0,0.0,0.2,-6.070386505047525,0.1046444044161527,-6.083243781860598,0.13616100776068424,-12.153630286908122,0.2246058875536508,1.8835981281959804,stage3-coarse-20260729,1.0,1.0,4,cpu,40,0.0,0.03232769319184719,0.0004190527031406648,0.5,2400,0.6088355159362921,0.11286307578733275,3.523665033314106,1.94773909313135,0.08243497787680307,1.278287304533821,0.03248064734814165,8525ba2ef52c0bbb76b4de92eeca91e8d9ed13ec315de0e95e9ae60521202d61,1946777272,20,b4459ae0d1c64ba021ffce634d26402362575171,False,True,True,COMPLETE,0.5,0.0,1.4210854715202004e-14,4.7961634663806766e-15,9.308777382563376e-16,53
0.7329166666666667,1759,4.0,m04_b04_g100_t050_mup15,128,0.03991344938271072,0.03279852915849789,0.7015561645237369,0.6900925925453938,0.6865338640424399,0.0010937758724618957,1.936993268159957,1.0,1.0,0.0,0.2,-5.4475912452133555,0.0820397551530035,-22.528425088748083,0.05526949992892678,-27.976016333961432,0.1346970195038032,1.8866616152773623,stage3-coarse-20260729,1.0,1.0,4,cpu,40,1.5,0.023615953234337423,2.6314212191157222e-05,0.5,2400,1.0777795585211678,0.05376735902140079,3.1699224168902203,1.162218685181109,0.01890852607762371,1.1199991218511385,0.02306496445019717,f075bc3ae9b7cf07236c49a670fba94746dbadd2f1ebe15b39355f7066aa179b,858109199,20,b4459ae0d1c64ba021ffce634d26402362575171,False,True,True,COMPLETE,0.5,0.0,5.684341886080802e-14,1.3500311979441903e-14,2.2727117021203562e-15,54
0.7208333333333333,1730,4.0,m04_b04_g100_t100_mun15,129,0.021644974801856773,0.009982276421599965,0.324764178647009,0.316413642266243,0.3132548715787352,0.0008427598215319729,0.994285121941215,1.0,1.0,0.0,0.2,-5.347432968396045,0.012052681836136319,-4.2736441147151325,0.1054604194418664,-9.621077083111178,0.10110468242701022,1.9338037401847903,stage3-coarse-20260729,1.0,1.0,4,cpu,40,-1.5,0.02392586896547167,0.0001128575512881264,0.5,2400,1.0875063353861738,0.020267194191060645,1.9239681686349837,1.1356155766626836,0.01406586158704657,1.1115609560244288,0.013406793798722021,4a20eefdba754e3476a3222d892fc550e99e89a51d664c879b5729dceed7216a,674604052,20,b4459ae0d1c64ba021ffce634d26402362575171,False,True,True,COMPLETE,1.0,0.0,1.4210854715202004e-14,4.973799150320701e-15,8.514358136086429e-16,55
0.7191666666666666,1726,4.0,m04_b04_g100_t100_mu000,130,-0.06003959349884608,0.24593167804080474,0.49999999999999994,0.4999999999999994,0.49999999999999845,5.576604142613367e-17,0.5046022353714661,1.0,1.0,0.0,0.2,-5.795760324074678,0.03810707317114377,-11.94709253081784,0.0759737904265218,-17.742852854892522,0.09835916616540907,1.167622540376043,stage3-coarse-20260729,1.0,1.0,4,wsl,40,0.0,0.031581807733065445,7.441167838001068e-05,0.5,2400,1.283210251502207,0.29971559670974035,4.97022896921906,1.1445594774302972,0.3055291904369832,1.213884864466252,0.015366743118881428,c47e5657fa4040316ee69014467960c36e73c80b1323ca9f885f9c5d012dd517,88177692,20,b4459ae0d1c64ba021ffce634d26402362575171,False,True,True,COMPLETE,1.0,0.0,1.4210854715202004e-14,5.329070518200751e-15,1.1016497455536763e-15,12
0.7279166666666667,1747,4.0,m04_b04_g100_t100_mup15,131,0.0002454654745420191,0.03311881467283842,0.686651884175244,0.6859710124921473,0.6805894688504763,0.00022196109433706213,0.6699130889863266,1.0,1.0,0.0,0.2,-5.454929589755922,0.08235801710777028,-28.360677729848078,0.27510922936547577,-33.815607319604,0.3240827748546815,3.4820393564027508,stage3-coarse-20260729,1.0,1.0,4,cpu,40,1.5,0.02360469880109292,3.160259645845634e-05,0.5,2400,1.1220545845529564,0.07401657248696694,3.520677176455385,1.1098323920086424,0.014082453055174712,1.1159434882807995,0.04036660100515004,80942b9dddd3258f8add53d51d1f6638723ef957e8becaf637f1abf81dbc2528,3318379540,20,b4459ae0d1c64ba021ffce634d26402362575171,False,True,True,COMPLETE,1.0,0.0,5.684341886080802e-14,1.3500311979441903e-14,2.9986180325310115e-15,56
0.7320833333333333,1757,4.0,m04_b04_g100_t200_mun15,132,0.026858207008727663,0.04457881322675166,0.35384712259913,0.3177514733700346,0.3134292581936166,0.002926050167891811,2.02533733734946,1.0,1.0,0.0,0.2,-5.3405464060519385,0.024023042751746545,-15.792300201687656,0.16336655075824305,-21.132846607739594,0.17124259738747477,1.59496610932559,stage3-coarse-20260729,1.0,1.0,4,cpu,40,-1.5,0.024059600706392282,0.00036840304635510547,0.5,2400,1.0583983307525398,0.03762361006822014,2.082280341085193,1.123542537261085,0.06444687151246688,1.0909704340068123,0.01528567697334017,949630db1a0dd9365993d3130cb16b08a3b7da6eb8b83d73ed0d0dd6704000c2,2783185600,20,b4459ae0d1c64ba021ffce634d26402362575171,False,True,True,COMPLETE,2.0,0.0,2.842170943040401e-14,7.815970093361103e-15,1.303521388403564e-15,57
0.7216666666666667,1732,4.0,m04_b04_g100_t200_mu000,133,-0.3701695339758331,0.09987742503364007,0.5000000000000012,0.5000000000000003,0.49999999999999956,6.142350835173376e-17,0.5,1.0,1.0,0.0,0.2,-5.759631931203318,0.04607835949993546,-24.121401313233623,0.11385524063151348,-29.881033244436935,0.14767358629340124,3.3443690357731097,stage3-coarse-20260729,1.0,1.0,4,cpu,40,0.0,0.03163329812211772,0.000197910080738685,0.5,2400,1.7059166836399071,0.13119881274519282,1.790649461489943,0.7790655437205707,0.12053438331686554,1.242491113680239,0.010533163327326569,a0a79f555077612d7b67ceac0f392e8e92cbad4a3818587b801f74adb5bd3c65,4040131194,20,b4459ae0d1c64ba021ffce634d26402362575171,False,True,True,COMPLETE,2.0,0.0,5.684341886080802e-14,1.2789769243681804e-14,2.5136999982023294e-15,58
0.71875,1725,4.0,m04_b04_g100_t200_mup15,134,-0.0635076140915952,0.041595629064579843,0.6865727479362931,0.6818584581087777,0.6519444049742857,0.0037517808629510823,3.75638036400138,1.0,1.0,0.0,0.2,-5.326802977468694,0.030486701858986213,-40.122432146686315,0.11558557753231732,-45.44923512415501,0.09763057031638045,1.9969608031468173,stage3-coarse-20260729,1.0,1.0,4,cpu,40,1.5,0.024108603035471382,0.00047189956239166196,0.5,2400,1.189340868884966,0.05510675554015304,3.747611916423293,1.0445231230606793,0.0413061800041589,1.1169319959728228,0.008883424216022734,0caabfe5bf8fd277956137cc66e591fd4b382b1aad0dc16d67bad40329babc50,1053298635,20,b4459ae0d1c64ba021ffce634d26402362575171,False,True,True,COMPLETE,2.0,0.0,5.684341886080802e-14,1.4921397450962105e-14,2.490150850669716e-15,59
0.7879166666666667,1891,4.0,m04_b04_g200_t000_mun15,135,-0.5311553841370042,0.3564061991752431,0.30743786889928915,0.22834180551607006,0.00023347669255136677,0.02658374815884828,2.518680647823715,1.0,1.0,0.0,0.2,-7.239198091629366,1.063341890035267,5.480203332385681,0.6380099558123589,-1.7589947592436856,0.4672238461535179,5.127029301104875,stage3-coarse-20260729,1.0,2.0,4,wsl,40,-1.5,0.026555174182493285,0.004429111724162132,0.5,2400,0.32371526433992637,0.05059102634137382,2.0964002056432074,0.19417558734883497,0.1505426304467412,0.2589454258443807,0.07283846263532273,87feed845839d8f6eede0373c8fa201e34eb1185496fffb4c9606a8c2e64ae22,2552335085,20,b4459ae0d1c64ba021ffce634d26402362575171,False,True,True,COMPLETE,0.0,0.0,7.105427357601002e-15,1.7381929229287607e-15,4.535115881332236e-16,13
0.635,1524,4.0,m04_b04_g200_t000_mu000,136,0.06085590607426542,0.04281139136533785,0.5000000000000009,0.5,0.49999999999999956,4.447411060184775e-17,0.5281293952180028,1.0,1.0,0.0,0.2,-10.487983215316866,0.10031235320530185,0.0,0.0,-10.487983215316866,0.10031235320530185,1.4864710029515706,stage3-coarse-20260729,1.0,2.0,4,cpu,40,0.0,0.03151620988447797,0.00012824334871091865,0.5,2400,0.4102544762099599,0.042146284045366675,1.5523009637543346,0.4484894531744551,0.032932349975064466,0.42937196469220745,0.031870095952014184,760b84dce2b202dce91ec06f8cca164a4c38366580b997b60d7f2c9a33531a36,921689093,20,b4459ae0d1c64ba021ffce634d26402362575171,False,True,True,COMPLETE,0.0,0.0,2.842170943040401e-14,4.973799150320701e-15,1.1987245220083386e-15,60
0.67375,1617,4.0,m04_b04_g200_t000_mup15,137,0.7742764019952004,0.11020918971962608,0.7463954876145308,0.6918821618471158,0.633846774821951,0.012292283343471582,2.951167820954584,1.0,1.0,0.0,0.2,-9.449889121447706,0.24880614080615743,-16.60517188433078,0.2950148002433177,-26.05506100577848,0.11602290805340817,1.1594573003631912,stage3-coarse-20260729,1.0,2.0,4,cpu,40,1.5,0.029437447338066147,0.001518853757489767,0.5,2400,0.2092383903504187,0.09290246329876908,4.8693987246199475,1.7510694192068574,0.1588850070899048,0.980153904778638,0.04554803659399321,9c38f504b0c68208ff5ef4cfacb14dd1dc799b0a46835914d7bf2d52d819d0d1,2517393952,20,b4459ae0d1c64ba021ffce634d26402362575171,False,True,True,COMPLETE,0.0,0.0,5.684341886080802e-14,1.3145040611561854e-14,2.460734727609966e-15,61
0.645,1548,4.0,m04_b04_g200_t025_mun15,138,0.5685173194240601,0.036404687630703744,0.3663751247209464,0.3216336716749866,0.31312877223376834,0.0026353443756723365,1.0310239397837044,1.0,1.0,0.0,0.2,-9.734498465993562,0.08213492648412014,5.548561889760035,0.07503505031511366,-4.185936576233527,0.046457681224588966,0.876360569149082,stage3-coarse-20260729,1.0,2.0,4,cpu,40,-1.5,0.024811695176853145,0.00041152615143393636,0.5,2400,0.3491308441342774,0.037682881162954596,1.7554580406984388,1.2573001654983345,0.04199694593918163,0.8032155048163059,0.02941279932960139,ae7d97d71339dd5c281c3876c949789ac5c117e271867649eb5ce4349d463db0,778072626,20,b4459ae0d1c64ba021ffce634d26402362575171,False,True,True,COMPLETE,0.25,0.0,1.4210854715202004e-14,4.618527782440651e-15,8.235431336155507e-16,62
0.655,1572,4.0,m04_b04_g200_t025_mu000,139,-0.289130563947515,0.10168731914202124,0.5000000000000002,0.49999999999999944,0.4999999999999988,4.809460724476453e-17,0.5,1.0,1.0,0.0,0.2,-9.55888608264072,0.28361617690495966,-2.370021777011496,0.20776374201835238,-11.928907859652217,0.11603591693924481,1.1788066117723148,stage3-coarse-20260729,1.0,2.0,4,cpu,40,0.0,0.0323832367053837,0.0003286502773310963,0.5,2400,1.1154330603024032,0.2139138261037946,3.531585106345207,0.5347441972428982,0.013177240687167927,0.8250886287726509,0.11147104175988452,7c49836d9a43e48b3093f8c14c0ad872c4c75eb436b110d60a68b783f4006bb4,3682668780,20,b4459ae0d1c64ba021ffce634d26402362575171,False,True,True,COMPLETE,0.25,0.0,2.842170943040401e-14,7.460698725481052e-15,1.245075425334858e-15,63
0.6775,1626,4.0,m04_b04_g200_t025_mup15,140,0.9325061202432228,0.040967172232386204,0.749857193617039,0.7226404979946462,0.6318363020337477,0.014355470561903828,3.5514307063617356,1.0,1.0,0.0,0.2,-8.909533091366821,0.23639538277179403,-19.445416903256966,0.30035654394558076,-28.354949994623787,0.2489753978590441,2.377490840495278,stage3-coarse-20260729,1.0,2.0,4,wsl,40,1.5,0.033058378029222416,0.0004153785318864503,0.5,2400,0.0628557118773037,0.03742876200716636,3.327096083093064,1.8983806252286808,0.09924280958597843,0.9806181685529921,0.04000264379875576,19a24a091238359ead23e1c94108638e32dfce2a365c2cc89ce6db2cdaf64052,1484590368,20,b4459ae0d1c64ba021ffce634d26402362575171,False,True,True,COMPLETE,0.25,0.0,2.842170943040401e-14,9.237055564881303e-15,2.1316282072803005e-15,0
0.6383333333333333,1532,4.0,m04_b04_g200_t050_mun15,141,0.5896158203293516,0.017634795150711344,0.37474100511398734,0.36638991986249636,0.3406196750849106,0.0028529512508739833,1.8268532815248801,1.0,1.0,0.0,0.2,-9.901464663523885,0.268609438308383,3.177400133839787,0.1425663785368761,-6.724064529684098,0.4091808454649908,4.690330047339356,stage3-coarse-20260729,1.0,2.0,4,cpu,40,-1.5,0.03101767689679008,0.0002940564205177688,0.5,2400,0.4660882485357103,0.02846796059528343,1.795817077434495,1.8005888199310693,0.1175345272292078,1.1333385342333897,0.07212952357172081,c46f56f096cad94b116ff4670cd2b7226ef9f9a7613c6be31b82a6ea6e03b282,1436737218,20,b4459ae0d1c64ba021ffce634d26402362575171,False,True,True,COMPLETE,0.5,0.0,1.4210854715202004e-14,5.329070518200751e-15,9.433964801242822e-16,64
0.6370833333333333,1529,4.0,m04_b04_g200_t050_mu000,142,0.6144023975323092,0.028072872368586483,0.5000000000000007,0.4999999999999997,0.4999999999999992,5.935020215550171e-17,0.8278713174622866,1.0,1.0,0.0,0.2,-10.241397749648343,0.12441600604421885,-5.851933999411662,0.18368332289493233,-16.093331749060006,0.21820691370782072,2.3707234701172415,stage3-coarse-20260729,1.0,2.0,4,cpu,40,0.0,0.03174886329520414,0.00016982195510254625,0.5,2400,0.47054894091752997,0.04340118901851443,3.888760342358294,1.9660407115119973,0.05186935497103977,1.2182948262147637,0.044290715477950486,86614f31a7bfa466b35e09b1afb5c1ec041f334c52209269d61ffc09207f9d8a,3720369047,20,b4459ae0d1c64ba021ffce634d26402362575171,False,True,True,COMPLETE,0.5,0.0,2.842170943040401e-14,6.0396132539608514e-15,1.234634356933003e-15,65
0.64125,1539,4.0,m04_b04_g200_t050_mup15,143,0.5669248722287236,0.054387476823848584,0.684097288812732,0.6463303190240766,0.6253335184979716,0.007604258038812789,4.046662179190306,1.0,1.0,0.0,0.2,-9.894324254696699,0.22226943697754506,-21.15513608570737,0.1604035583093522,-31.04946034040406,0.13622707233800466,1.792737165182953,stage3-coarse-20260729,1.0,2.0,4,cpu,40,1.5,0.02998258936658633,0.0011561937009772491,0.5,2400,0.49791510178071796,0.05997691977124994,2.746613592982161,1.803418604048165,0.12713069404746694,1.1506668529144415,0.047261304368685,51526303f3867121099e6d9cb16248329f9afead010acca253a6556216d4e698,2601403906,20,b4459ae0d1c64ba021ffce634d26402362575171,False,True,True,COMPLETE,0.5,0.0,5.684341886080802e-14,1.6342482922482303e-14,2.9753992312211996e-15,66
0.6558333333333334,1574,4.0,m04_b04_g200_t100_mun15,144,0.4463090231964683,0.09632915574901237,0.3753219406661843,0.35828778182560816,0.3142234985861636,0.01274169635399631,6.088392316267639,1.0,1.0,0.0,0.2,-9.876550851261324,0.46288792585022875,-3.3224714257099777,0.17867672618294175,-13.199022276971302,0.5156135374325905,4.299939892931331,stage3-coarse-20260729,1.0,2.0,4,cpu,40,-1.5,0.02969517775237963,0.0017926582309089345,0.5,2400,0.6492820540607824,0.08070354821208091,4.592095012703804,1.7564874609777106,0.19862271655443992,1.2028847575192465,0.06547090084109779,a2ed92493684bda311a51496f227e8b71930ef17a291b35ddb97e211d603b94e,3869669717,20,b4459ae0d1c64ba021ffce634d26402362575171,False,True,True,COMPLETE,1.0,0.0,1.4210854715202004e-14,4.973799150320701e-15,1.4599607173675396e-15,67
0.6504166666666666,1561,4.0,m04_b04_g200_t100_mu000,145,0.6096490239864542,0.01438984038071331,0.5000000000000004,0.49999999999999967,0.49999999999999867,5.684726625831367e-17,0.5,1.0,1.0,0.0,0.2,-10.218931783717721,0.0578968799507689,-11.910089978365617,0.13188247879918297,-22.12902176208334,0.16271269922198178,2.107436989046476,stage3-coarse-20260729,1.0,2.0,4,wsl,40,0.0,0.03158870355095998,9.701619950636878e-05,0.5,2400,0.48610218440019165,0.021520695846446503,2.5455465325998214,2.0005568590391714,0.015021092553455599,1.2433295217196814,0.015165879250271217,ff0e6d415a760664f3b1bed082311ddc37f1148e40bcc4ff814964bdab7775d7,957268682,20,b4459ae0d1c64ba021ffce634d26402362575171,False,True,True,COMPLETE,1.0,0.0,2.842170943040401e-14,8.526512829121202e-15,1.6291534389237287e-15,1
0.6433333333333333,1544,4.0,m04_b04_g200_t100_mup15,146,0.5992004239378838,0.017805789688155393,0.6477740536920209,0.6261698772989499,0.6244252657088667,0.0014479263622921871,2.106578358855905,1.0,1.0,0.0,0.2,-10.109653485863339,0.08952692393824022,-26.846562092143756,0.11149231833804425,-36.9562155780071,0.1320749830264785,1.6313198561169613,stage3-coarse-20260729,1.0,2.0,4,cpu,40,1.5,0.031247189873228463,0.00020428452768925454,0.5,2400,0.4918355821274023,0.021213341193192674,1.7937745182793217,1.9614052320194666,0.03377996270159775,1.2266204070734346,0.014430356407561759,5fb98e79591aa7fc107a8232e551e4c7db7898108e8314bde422306fe16a10c5,1696021153,20,b4459ae0d1c64ba021ffce634d26402362575171,False,True,True,COMPLETE,1.0,0.0,5.684341886080802e-14,1.5631940186722205e-14,2.6828432321041987e-15,68
0.62625,1503,4.0,m04_b04_g200_t200_mun15,147,0.5968050632345682,0.007582613244938225,0.37561740303948354,0.3750826795223529,0.3710250453887476,0.0003686418820081948,3.0181258956199435,1.0,1.0,0.0,0.2,-10.052887467375339,0.06648805959332037,-14.813342425696657,0.10020927764502804,-24.866229893071996,0.11048318466069934,1.0814716580545323,stage3-coarse-20260729,1.0,2.0,4,cpu,40,-1.5,0.03129365317031815,4.1374413883802956e-05,0.5,2400,0.4979639995525339,0.008383612359889084,1.2360179300589496,1.971471952373193,0.018184357584069385,1.2347179759628635,0.007025738090344035,77256750023a929827b49a7eb72f8d7151f6bd91037eae34d8e2461b32fa1c2e,1963469103,20,b4459ae0d1c64ba021ffce634d26402362575171,False,True,True,COMPLETE,2.0,0.0,5.684341886080802e-14,1.6342482922482303e-14,2.4162739469570513e-15,69
0.6329166666666667,1519,4.0,m04_b04_g200_t200_mu000,148,0.606583252081869,0.011363403828250372,0.5000000000000013,0.5000000000000003,0.4999999999999992,7.776873299728947e-17,0.665604647069178,1.0,1.0,0.0,0.2,-10.052624457820352,0.04413393189382724,-23.650030918654647,0.16238490803575734,-33.70265537647499,0.1497100467840666,1.5153210778132573,stage3-coarse-20260729,1.0,2.0,4,cpu,40,0.0,0.03138051562084205,4.207819581660406e-05,0.5,2400,0.48260305775733076,0.015623444273419457,2.278932626233285,1.9688328614887531,0.01588684141859762,1.2257179596230423,0.008490709569667597,10dabd2353ca1bdd25c94db28f73c5e6a2e1238920be03aac51de49cf77c1a92,2673856750,20,b4459ae0d1c64ba021ffce634d26402362575171,False,True,True,COMPLETE,2.0,0.0,5.684341886080802e-14,1.4921397450962105e-14,2.690071381437194e-15,70
0.625,1500,4.0,m04_b04_g200_t200_mup15,149,0.5423212809784145,0.05274942197613827,0.6802657543778359,0.6320533439449254,0.6243906866746745,0.006047235192455406,3.664773287103042,1.0,1.0,0.0,0.2,-9.841426259767008,0.19754360994458983,-38.76942765358588,0.24365283392458592,-48.610853913352884,0.1617910405400253,2.2037711979253354,stage3-coarse-20260729,1.0,2.0,4,cpu,40,1.5,0.030436517525566743,0.000782433778354367,0.5,2400,0.5490354064632056,0.057980509017570056,4.079228956049592,1.8650115190956906,0.0727870906036231,1.2070234627794483,0.014369075989065587,6cb541bf3d3d9dee15916bb4585dd603d24401db133676afb856c67685ef9191,1957736694,20,b4459ae0d1c64ba021ffce634d26402362575171,False,True,True,COMPLETE,2.0,0.0,5.684341886080802e-14,1.9184653865522706e-14,2.7659965922759077e-15,71
1.0,4800,8.0,m04_b08_g000_t000_mun15,150,-0.18625322684106232,0.03574986617364528,0.0006948271782923482,7.13294347106293e-05,6.625899422733894e-06,3.718973434489293e-05,1.3838456035421474,1.0,1.0,0.0,0.2,-0.000492744330663835,0.00028344025551508916,0.0017119064330551035,0.0008925536242774303,0.0012191621023912684,0.0006093562249665089,1.38139288003738,stage3-coarse-20260729,1.0,0.0,4,wsl,40,-1.5,8.916015139071419e-06,4.6486132805351035e-06,0.25,4800,0.00012851353749963537,7.141236384476738e-05,1.3730566115635336,7.13046064202467e-05,3.7172260889707985e-05,9.990907195994103e-05,5.4286876436665215e-05,f8eb562cfff41e9be98242fe191d54804be5990a9d58c4f826070af629207b24,3410668600,40,b4459ae0d1c64ba021ffce634d26402362575171,False,True,True,COMPLETE,0.0,0.0,1.593668773336443e-15,4.982271512672318e-16,5.44414415282422e-17,2
0.8858333333333334,4252,8.0,m04_b08_g000_t000_mu000,151,-0.3598136106417904,0.016616587197803446,0.5000000000109414,0.49999999999995276,0.49999999998564654,7.661796769595478e-13,0.7679508249166159,1.0,1.0,0.0,0.2,-4.96276168842118,0.008435759258133248,0.0,0.0,-4.96276168842118,0.008435759258133248,1.5422380546036525,stage3-coarse-20260729,1.0,0.0,4,cpu,40,0.0,0.03125,8.286916362112859e-19,0.25,4800,0.527165069759188,0.017692890539665388,2.5652309289177166,0.24671536698424085,0.0015511356352087518,0.3869402183717144,0.00807559355545212,da549672379b0c40ab7258e64ea328709b7062032dfd11f2d7c006a2e7999012,801291088,40,b4459ae0d1c64ba021ffce634d26402362575171,False,True,True,COMPLETE,0.0,0.0,1.4210854715202004e-14,4.7961634663806766e-15,8.585332062967609e-16,72
1.0,4800,8.0,m04_b08_g000_t000_mup15,152,-0.1255419087622226,0.03961471976067751,0.9999937040716439,0.9999018493642289,0.999075992034789,7.240266527699634e-05,1.9565651717527301,1.0,1.0,0.0,0.2,-0.0007125103079249184,0.0005531073882800436,-23.997644384741495,0.001737663966647828,-23.99835689504942,0.0011854029902556053,1.9689419627920066,stage3-coarse-20260729,1.0,0.0,4,cpu,40,1.5,1.2268578378812553e-05,9.050130162366286e-06,0.25,4800,0.00017510674768016487,0.00013807062073354222,1.9290301774205911,9.811116038658529e-05,7.236672371892099e-05,0.0001366089540333751,0.00010521373237312544,e78a520176929a36fe8b7202ae72bde67790a4f85d6cba95560d638ef8ad548c,2745701896,40,b4459ae0d1c64ba021ffce634d26402362575171,False,True,True,COMPLETE,0.0,0.0,5.684341886080802e-14,1.4210854715202004e-14,2.492748817835005e-15,73
0.970625,4659,8.0,m04_b08_g000_t025_mun15,153,-0.2529081649261965,0.1334800873784146,0.1939800687634992,0.07292367980044599,0.009655798960396748,0.022048477994779332,4.116060633007235,1.0,1.0,0.0,0.2,-0.6701024695008817,0.303329531111407,0.7972971956155208,0.33905805739737394,0.12719472611463928,0.0355005762669072,4.1645793481692275,stage3-coarse-20260729,1.0,0.0,4,cpu,40,-1.5,0.009112328430204158,0.002752500326237251,0.25,4800,0.27482576568105976,0.1421255020620013,3.645748719620276,0.09422774621938348,0.011698903085740831,0.18452675595022164,0.07276533370992862,67a0e4fd2d9f7c5371a02cd420c207465c64ac9a13262e45de146fb51ffa06b2,1991953065,40,b4459ae0d1c64ba021ffce634d26402362575171,False,True,True,COMPLETE,0.25,0.0,3.552713678800501e-15,6.779299344117362e-16,1.0697599442792847e-16,74
0.8885416666666667,4265,8.0,m04_b08_g000_t025_mu000,154,-0.4006533252379664,0.03416541981825836,0.4999999999999998,0.49999999999999883,0.4999999999999982,6.038565526160304e-17,0.5,1.0,1.0,0.0,0.2,-4.293173333233542,0.016122789021211042,-3.3963228607236005,0.06725254034611454,-7.689496193957143,0.057114501727619456,1.6624105718482347,stage3-coarse-20260729,1.0,0.0,4,cpu,40,0.0,0.03125130630826317,6.797054040710612e-07,0.25,4800,1.9999005926749192,4.3211111195940974e-05,1.4142186477770669,0.874645865218867,0.0706338245937566,1.4372732289468932,0.03530823076741041,9bf01fe41c078782be8045802fc2669a563eb16b6bc93a9f9848aa6298cfe018,1635635677,40,b4459ae0d1c64ba021ffce634d26402362575171,False,True,True,COMPLETE,0.25,0.0,1.4210854715202004e-14,5.684341886080802e-15,1.1660188484268313e-15,75
0.9908333333333333,4756,8.0,m04_b08_g000_t025_mup15,155,0.07955583671298386,0.05756191651246414,0.9994848272745733,0.9797664170155145,0.9364266285964168,0.010693819055084593,5.829157231202916,1.0,1.0,0.0,0.2,-0.12833946906020371,0.06976291483370965,-23.850527686644124,0.09139962783166286,-23.978867155704325,0.022599815404295533,5.147289216352377,stage3-coarse-20260729,1.0,0.0,4,wsl,40,1.5,0.0025320559268902985,0.0013364203979776448,0.25,4800,0.04273856753380838,0.023431657990307823,5.697168241232847,0.045010600246024705,0.02001123758877923,0.04387458388991654,0.02164255704354956,de96b5a22de3903c6a394cf571b2178f311778e8b1ed3a0492838197f9471bd9,3331052200,40,b4459ae0d1c64ba021ffce634d26402362575171,False,True,True,COMPLETE,0.25,0.0,5.684341886080802e-14,1.4210854715202004e-14,2.492748817835005e-15,3
0.954375,4581,8.0,m04_b08_g000_t050_mun15,156,-0.30478373875147363,0.09350791033749796,0.1392425591377373,0.10191837715258104,0.07854905170698326,0.004573393742723803,1.7161694936942185,1.0,1.0,0.0,0.2,-0.864351886248332,0.07688657091646721,-0.18366791746001646,0.11322568381323596,-1.0480198037083486,0.04504918949990075,1.6690176812315076,stage3-coarse-20260729,1.0,0.0,4,cpu,40,-1.5,0.012695547785145724,0.0004918501494774548,0.25,4800,0.3389273243844844,0.03235448353327224,1.743958071826451,0.17143897047645473,0.019980519770653533,0.2551831474304696,0.012157437706978816,f8c92d08b19533968b8acd2efff500ba91b957a0b07352a68e9a0ba888835dec,3046769076,40,b4459ae0d1c64ba021ffce634d26402362575171,False,True,True,COMPLETE,0.5,0.0,2.6645352591003757e-15,5.773159728050814e-16,1.4309037797654006e-16,14
0.8754166666666666,4202,8.0,m04_b08_g000_t050_mu000,157,-0.6554054997280188,0.0418903958945084,0.5000000000000006,0.49999999999999944,0.49999999999999845,7.721071117510055e-17,0.5,1.0,1.0,0.0,0.2,-4.464446109978527,0.10553110300993597,-5.750168400646542,0.18549695738925942,-10.214614510625069,0.08005122930279027,7.569552774693371,stage3-coarse-20260729,1.0,0.0,4,cpu,40,0.0,0.03125006066348403,5.569723704568307e-08,0.25,4800,1.9999566016105739,3.5927813897771916e-05,1.6796931977996068,0.42015171046056743,0.061730777615925415,1.2100541560355704,0.03085009293969862,60924b6b1688053b8fff7ed87d3e109fdbb3c4f8cdea4d10bf34587543fa65c3,1954361265,40,b4459ae0d1c64ba021ffce634d26402362575171,False,True,True,COMPLETE,0.5,0.0,2.842170943040401e-14,1.1368683772161604e-14,1.8058005196583623e-15,15
0.953125,4575,8.0,m04_b08_g000_t050_mup15,158,-0.5016613397792848,0.1399584784705136,0.9253583361476505,0.8618630370855185,0.801546245210419,0.023550852913652835,6.067162133097755,1.0,1.0,0.0,0.2,-1.4937285782467362,0.3828265228685952,-23.471407549944974,0.14388689008792604,-24.96513612819171,0.27340043209564246,5.623895690296586,stage3-coarse-20260729,1.0,0.0,4,cpu,40,1.5,0.01657113835795727,0.0027592664571828166,0.25,4800,0.5865176140432208,0.20410657609048144,5.907823847719754,0.13463780477534795,0.001928863356056115,0.3605777094092844,0.10262742836653516,81781d3038827bb3920a6a30b53a2914b40943dbc50bae32006cc97da59e2207,2378212253,40,b4459ae0d1c64ba021ffce634d26402362575171,False,True,True,COMPLETE,0.5,0.0,5.684341886080802e-14,1.6342482922482303e-14,4.0388941180364744e-15,16
0.9060416666666666,4349,8.0,m04_b08_g000_t100_mun15,159,-0.09513798388744951,0.026868331983062186,0.31745702645826457,0.3126366718228971,0.31183455326245624,0.00023256317592422742,1.0954647556674186,1.0,1.0,0.0,0.2,-3.044303595728175,0.08257666242654418,-3.8922927582399467,0.17862983912625544,-6.936596353968122,0.09531225030589535,3.8069334668795185,stage3-coarse-20260729,1.0,0.0,4,cpu,40,-1.5,0.023524839738684515,2.6089910541866668e-05,0.25,4800,1.1347646407477516,0.002922830143075092,0.9945983542649641,0.9427917652155398,0.049448415636323136,1.0387782029816457,0.024488909503137174,043e738737069b09e0668a7e75a537bfca3d64f64f4a352e541c91672c27cfc9,3764231403,40,b4459ae0d1c64ba021ffce634d26402362575171,False,True,True,COMPLETE,1.0,0.0,2.842170943040401e-14,4.263256414560601e-15,1.0427916460363104e-15,17
0.8833333333333333,4240,8.0,m04_b08_g000_t100_mu000,160,-0.596499918600459,0.0033015820200366468,0.5000000000000004,0.49999999999999883,0.4999999999999972,1.0629576194313574e-16,0.5,1.0,1.0,0.0,0.2,-4.26827522651252,0.0037246293551449986,-12.02816097524728,0.02786356328280939,-16.2964362017598,0.02540882739101342,2.3139980209618596,stage3-coarse-20260729,1.0,0.0,4,wsl,40,0.0,0.03125002503318484,2.150671075011291e-08,0.25,4800,1.999878574603604,0.0001081651175280316,3.0846360640498256,0.5055531296692938,0.005212568300831666,1.2527158521364492,0.0026503814261611153,5606683e8c3805f4e9422793ad411370430551add383906593b3f39f537bddc0,941202508,40,b4459ae0d1c64ba021ffce634d26402362575171,False,True,True,COMPLETE,1.0,0.0,2.842170943040401e-14,1.3500311979441903e-14,2.272711702120357e-15,4
0.9033333333333333,4336,8.0,m04_b08_g000_t100_mup15,161,-0.10798490248735901,0.057923828801170994,0.6880159566637303,0.6786358878692228,0.6517596412319138,0.004759912845333443,4.8739154381630705,1.0,1.0,0.0,0.2,-2.9592040113720293,0.16297900921768352,-28.22952603797977,0.19034454739122095,-31.188730049351797,0.06314792431015102,2.4099559966198627,stage3-coarse-20260729,1.0,0.0,4,cpu,40,1.5,0.02463787823627749,0.0005831766405405832,0.25,4800,1.2594313185335577,0.06531764308433552,4.785120300556643,1.0160693094435116,0.06705466151021487,1.1377503139885348,0.009792835123166319,4d4c3c9487e0e4be63266a8cc55457dd26725710671a73b22a5e57f11392d900,2966465869,40,b4459ae0d1c64ba021ffce634d26402362575171,False,True,True,COMPLETE,1.0,0.0,5.684341886080802e-14,2.0605739337042905e-14,5.552386456630244e-15,18
0.909375,4365,8.0,m04_b08_g000_t200_mun15,162,-0.024853305290787858,0.014869835243028604,0.3179075969630374,0.31368192609516987,0.31250818106553857,0.0008441482426280204,5.917923235792649,1.0,1.0,0.0,0.2,-2.7302460612257113,0.04533682251807097,-16.29796538178301,0.10991403732893666,-19.02821144300872,0.06799700861239831,3.0248974464393137,stage3-coarse-20260729,1.0,0.0,4,cpu,40,-1.5,0.023585144074671032,0.0001055171408830854,0.25,4800,1.1415254178233885,0.011818098856938493,5.91792921291616,1.0868808847230715,0.02146375232285622,1.11420315127323,0.005720364219171174,5cea0627023f59681cc89765ff27ee122f8bcf2d6e693c8f96af12112855c6e1,1132924131,40,b4459ae0d1c64ba021ffce634d26402362575171,False,True,True,COMPLETE,2.0,0.0,5.684341886080802e-14,7.815970093361103e-15,2.272711702120357e-15,19
0.886875,4257,8.0,m04_b08_g000_t200_mu000,163,-0.596753405702383,0.0047304100538044175,0.5000000000000029,0.5000000000000007,0.4999999999999978,1.7986021552142968e-16,0.5,1.0,1.0,0.0,0.2,-4.258272268652241,0.004907930977108008,-24.052447610563426,0.07928336438840886,-28.310719879215668,0.07445831846013116,6.413256110799251,stage3-coarse-20260729,1.0,0.0,4,cpu,40,0.0,0.031250010039585746,8.150218195480348e-09,0.25,4800,1.9998885839692342,9.678893124144082e-05,1.432724909520257,0.5051215106877172,0.007452799302780345,1.2525050473284758,0.003762063475445839,eda01bd08634c4bb9330640503f78d185873ab5c212b8be3bb160b702c2f51e5,3925872297,40,b4459ae0d1c64ba021ffce634d26402362575171,False,True,True,COMPLETE,2.0,0.0,5.684341886080802e-14,1.3500311979441903e-14,3.909900755312522e-15,20
0.8997916666666667,4319,8.0,m04_b08_g000_t200_mup15,164,-0.09624065045063443,0.054139476700683364,0.6873000229572399,0.6779950957243676,0.6508211294541799,0.005485423517690382,5.418452935455828,1.0,1.0,0.0,0.2,-2.887372172511017,0.14460970845955443,-40.293160068992755,0.10608870333116689,-43.18053224150377,0.04272858386633979,2.7985558728556423,stage3-coarse-20260729,1.0,0.0,4,cpu,40,1.5,0.024625503483493683,0.0006856699325143276,0.25,4800,1.2580471536294386,0.07679593072899443,5.418452996490765,1.0333511958092236,0.04805683058035744,1.145699174719331,0.012718608615679009,ea0f60fcf6704be2f164c5f6b340259020c5229a93d139987d6e2235204b3cbe,1745079909,40,b4459ae0d1c64ba021ffce634d26402362575171,False,True,True,COMPLETE,2.0,0.0,1.1368683772161603e-13,2.842170943040401e-14,5.3849529048837995e-15,21
1.0,4800,8.0,m04_b08_g025_t000_mun15,165,-7.738224913666075e-05,0.06570548411155884,0.000503018018275285,8.390185574511065e-05,6.568245679898499e-06,4.3352759399805376e-05,2.778323495800603,1.0,1.0,0.0,0.2,-0.0006354372233157036,0.0003220579746368966,0.0020136445378826557,0.001040466225595329,0.0013782073145669521,0.0007187518228748171,2.841425472615716,stage3-coarse-20260729,1.0,0.25,4,wsl,40,-1.5,1.0939869261443325e-05,5.434118002292302e-06,0.25,4800,0.00012893037210669043,6.506046783506823e-05,2.762921759002994,0.00015569832524056317,9.91816435793464e-05,0.0001423143486736268,8.190986162422075e-05,13dd461b1ee662c4e943583d2023226e699c42ab75e593d48918b80748d5a7dc,478315732,40,b4459ae0d1c64ba021ffce634d26402362575171,False,True,True,COMPLETE,0.0,0.0,2.0261570199409107e-15,5.684038309472506e-16,6.684068039106759e-17,5
0.8670833333333333,4162,8.0,m04_b08_g025_t000_mu000,166,-0.8564485716462332,0.009436225202642572,0.5000000000000153,0.5000000000000002,0.49999999999999756,3.9716816507966774e-16,0.5,1.0,1.0,0.0,0.2,-5.181691786447325,0.16884896649095169,0.0,0.0,-5.181691786447325,0.16884896649095169,3.1231638840626914,stage3-coarse-20260729,1.0,0.25,4,cpu,40,0.0,0.031993265604359986,0.00040884661914168755,0.25,4800,1.9578592297863202,0.1052447885492647,3.2034879356865904,0.1494449049362792,0.009342200971746756,1.0536520673612997,0.05408388523913629,4b764321b65e2b502d9493129b7f7bba4e1e3bbf88fed663b8f43d058fed1baf,2385519565,40,b4459ae0d1c64ba021ffce634d26402362575171,False,True,True,COMPLETE,0.0,0.0,1.4210854715202004e-14,5.329070518200751e-15,1.559516099098709e-15,22
1.0,4800,8.0,m04_b08_g025_t000_mup15,167,-0.10069205574198622,0.040583533764643215,0.9999943169567223,0.9999640003896111,0.9998510852361469,1.029447818467557e-05,1.5710605360941412,1.0,1.0,0.0,0.2,-0.000258501807026712,7.743897690783169e-05,-23.999136009350668,0.0002470674764322013,-23.999394511157696,0.00016999516553721652,1.5684204457287083,stage3-coarse-20260729,1.0,0.25,4,cpu,40,1.5,4.6885951495934105e-06,1.2991243657153343e-06,0.25,4800,5.475098265125267e-05,1.8083319790528716e-05,1.6223550432716813,3.8068374738958745e-05,1.0664069452601766e-05,4.6409678695105706e-05,1.4339091470584751e-05,ee37bfa578cccf43175fb7fe54f118de924e4bbeecbb8cb985a2833ba9185957,251768689,40,b4459ae0d1c64ba021ffce634d26402362575171,False,True,True,COMPLETE,0.0,0.0,2.842170943040401e-14,1.1368683772161604e-14,2.229582323004525e-15,23
0.97375,4674,8.0,m04_b08_g025_t025_mun15,168,-0.10539727113970883,0.06652921928797512,0.07930471049836771,0.05440924776688525,0.015669002129466432,0.004398373421356013,1.7740776117593469,1.0,1.0,0.0,0.2,-0.4479399117470044,0.043841015983286366,0.5031927778820366,0.053838556373420575,0.0552528661350322,0.01852828397116618,1.9838517586377677,stage3-coarse-20260729,1.0,0.25,4,cpu,40,-1.5,0.006904546519302159,0.0005607479306426971,0.25,4800,0.1244840504135279,0.013696574359351251,1.670239260345594,0.09715356360663309,0.008821909782775396,0.11081880701008051,0.009745188018208022,0274f57173b23885b2905c48badf8b23cdbf7c2a7bfe6a1d5aea82078b48c09c,379405211,40,b4459ae0d1c64ba021ffce634d26402362575171,False,True,True,COMPLETE,0.25,0.0,1.7763568394002505e-15,6.106226635438361e-16,8.107922592650823e-17,24
0.8804166666666666,4226,8.0,m04_b08_g025_t025_mu000,169,-0.6453782655589391,0.02917528991067834,0.4999999999999998,0.4999999999999988,0.49999999999999767,1.0583605687502704e-16,0.9394684524432353,1.0,1.0,0.0,0.2,-4.697870211837193,0.05401730191101453,-2.8267411951170756,0.09201174623106229,-7.524611406954267,0.1103355595431992,3.154255920251445,stage3-coarse-20260729,1.0,0.25,4,cpu,40,0.0,0.03187600803599202,0.00024993903277139114,0.25,4800,1.922136888320604,0.041495881339818894,2.893622481703094,0.4181505375692021,0.047200255190895615,1.170143712944903,0.04032818340521501,54e1f3c5f5d89e66f4e50806d978d69165d1fe04b12021e82175f32ca518871c,3116619248,40,b4459ae0d1c64ba021ffce634d26402362575171,False,True,True,COMPLETE,0.25,0.0,1.4210854715202004e-14,5.329070518200751e-15,1.1016497455536763e-15,25
0.983125,4719,8.0,m04_b08_g025_t025_mup15,170,-0.028431930060617498,0.016480270215513678,0.9850353025295693,0.9555095571054814,0.935846584238403,0.0076206371775201865,5.571260786269275,1.0,1.0,0.0,0.2,-0.34913241310225057,0.06137778102755456,-23.596263360944842,0.08536193061872502,-23.945395774047093,0.02437481295814432,5.846321056140466,stage3-coarse-20260729,1.0,0.25,4,wsl,40,1.5,0.005568009218969069,0.0009542897374223671,0.25,4800,0.08774758902795446,0.01404154217240343,5.137943241242276,0.08324839050085295,0.01326553050594979,0.0854979897644037,0.01352646042221886,42b9cbce29d384fa21cf615110e2e9f359b2a9e3e4ff32309211db58d5103cfe,1740329678,40,b4459ae0d1c64ba021ffce634d26402362575171,False,True,True,COMPLETE,0.25,0.0,5.684341886080802e-14,1.7763568394002505e-14,2.8216000747665898e-15,6
0.931875,4473,8.0,m04_b08_g025_t050_mun15,171,-0.2228484537295329,0.2543723900256787,0.282094019688975,0.20107278436354398,0.12736300747578244,0.021454377210960645,5.522745781751946,1.0,1.0,0.0,0.2,-2.346122175171321,0.385914042726317,0.8135628560628282,0.2831164430689068,-1.5325593191084927,0.1500148874266123,4.080514789176447,stage3-coarse-20260729,1.0,0.25,4,cpu,40,-1.5,0.0218602327724069,0.0011715465790492106,0.25,4800,0.7913251053501015,0.22069198939530013,6.905646737896281,0.41328318609685466,0.06922150408947782,0.6023041457234781,0.07746418011720975,1717a189d6e59d065e63d0976b19e3e0f36aa261d5885f529fcf760dc4a37bd4,714736497,40,b4459ae0d1c64ba021ffce634d26402362575171,False,True,True,COMPLETE,0.5,0.0,7.105427357601002e-15,1.8207657603852566e-15,5.323181085389414e-16,26
0.868125,4167,8.0,m04_b08_g025_t050_mu000,172,-0.5462175797473691,0.058533547939399334,0.5000000000000001,0.4999999999999994,0.49999999999999817,7.060941449274734e-17,0.5,1.0,1.0,0.0,0.2,-4.897886279706679,0.04583723379930889,-6.22992701866185,0.24022787759427322,-11.127813298368528,0.1976060064194874,4.516003235282736,stage3-coarse-20260729,1.0,0.25,4,cpu,40,0.0,0.0314625947818254,7.086969796263042e-05,0.25,4800,2.011187829085761,0.002790385379791206,1.3247221630969994,0.6030293516584964,0.1013649058821362,1.3071085903721287,0.05094724454330913,25dd3d9e680184c9f3f8a1bdb549e45db2df85330efd39ed3b1f258a14080c0d,179170825,40,b4459ae0d1c64ba021ffce634d26402362575171,False,True,True,COMPLETE,0.5,0.0,2.842170943040401e-14,9.237055564881303e-15,1.6248745143150795e-15,27
0.911875,4377,8.0,m04_b08_g025_t050_mup15,173,-0.504177740786738,0.13209442605372132,0.7956449683186395,0.7601616767319588,0.7049089030604148,0.016034693748030748,5.785739136451229,1.0,1.0,0.0,0.2,-3.009136414722954,0.09082871561719563,-22.84184957925249,0.11013342479668226,-25.85098599397544,0.07120674305766023,4.702936173172287,stage3-coarse-20260729,1.0,0.25,4,cpu,40,1.5,0.023862634937568395,0.00017749475440045123,0.25,4800,1.1478927417776426,0.01898847996452333,2.7774094876221147,0.40932847784381765,0.1427246351416352,0.7786106098107302,0.0642309430539817,a5e38d30a54a23bf64faab76b7384192eda96924e31e0f5ad46ed5b920cb72de,1813285758,40,b4459ae0d1c64ba021ffce634d26402362575171,False,True,True,COMPLETE,0.5,0.0,8.526512829121202e-14,2.1316282072803006e-14,3.3366228982258775e-15,28
0.889375,4269,8.0,m04_b08_g025_t100_mun15,174,0.016415135255657264,0.01701267691374395,0.3186391042619945,0.31355031368486985,0.31248197083500323,0.0007428670326504783,4.017489199449144,1.0,1.0,0.0,0.2,-3.3517688558932455,0.026061596533758388,-4.654015518278594,0.16814051445920677,-8.005784374171839,0.19407219682887428,5.464487792045452,stage3-coarse-20260729,1.0,0.25,4,cpu,40,-1.5,0.023568369864400827,9.8375706390477e-05,0.25,4800,1.1358180103806266,0.005220195133493151,1.4556752907209938,1.1771702109746447,0.04468042755755811,1.1564941106776359,0.0240366684057659,ec50b67fde16de2d8153a5574356c613e2cd44a537edbc3945385bcc3426f3b6,3504870147,40,b4459ae0d1c64ba021ffce634d26402362575171,False,True,True,COMPLETE,1.0,0.0,2.842170943040401e-14,8.171241461241152e-15,1.234634356933003e-15,29
0.8708333333333333,4180,8.0,m04_b08_g025_t100_mu000,175,-0.5725564058625382,0.02784476741402542,0.5000000000000013,0.4999999999999988,0.49999999999999734,1.291034046731315e-16,0.5,1.0,1.0,0.0,0.2,-4.725173438691364,0.0107850871168307,-12.15337490511159,0.265311743755272,-16.878548343802954,0.27157357593689196,6.867310395946548,stage3-coarse-20260729,1.0,0.25,4,wsl,40,0.0,0.031315865192265493,4.181811836388551e-05,0.25,4800,1.9817691876992682,0.012861247171523097,5.844837264419486,0.5415766556772633,0.04804398347722328,1.2616729216882656,0.029587263306487876,449f33761c9bdf9fd223b852e5af9bbf735c9f6094167458ad28e4406f7bd6f8,2446528505,40,b4459ae0d1c64ba021ffce634d26402362575171,False,True,True,COMPLETE,1.0,0.0,2.842170943040401e-14,9.237055564881303e-15,2.1316282072803005e-15,7
0.8958333333333334,4300,8.0,m04_b08_g025_t100_mup15,176,-0.004499497325756727,0.005399139433687476,0.6875410583988675,0.6874079551388956,0.6870477657998301,4.695749283431128e-05,2.461489242221948,1.0,1.0,0.0,0.2,-3.3341001807005464,0.008870345713862074,-28.4628509075038,0.04028513709660515,-31.796951088204345,0.03212939455478905,2.255675451935462,stage3-coarse-20260729,1.0,0.25,4,cpu,40,1.5,0.023453527865561402,7.202520705141647e-06,0.25,4800,1.1249080942729734,0.007069253140309774,2.8894207613297054,1.1150512659646978,0.009639958029965921,1.1199796801188355,0.006516796763207998,04473051b32104262470f6299d4d70409fa8e9302c766e99c967af380bc55991,3425180884,40,b4459ae0d1c64ba021ffce634d26402362575171,False,True,True,COMPLETE,1.0,0.0,5.684341886080802e-14,1.9895196601282804e-14,7.277305245634818e-15,30
0.8877083333333333,4261,8.0,m04_b08_g025_t200_mun15,177,-0.08558932760278534,0.07800215957879632,0.3699608082351752,0.32308256762105947,0.31263594856870836,0.008416047246836157,4.62601577253364,1.0,1.0,0.0,0.2,-3.540876476933429,0.19092713271798686,-16.530702072560683,0.12013638263443688,-20.071578549494113,0.0658174794868021,1.7918090732731715,stage3-coarse-20260729,1.0,0.25,4,cpu,40,-1.5,0.02476280602019193,0.0010541822601622597,0.25,4800,1.2727745779391897,0.11855600792317296,4.669440306058897,1.0599420579839272,0.07561364226366551,1.1663583179615586,0.022219656036578973,0f64893c925dfc1a7266c1ab00df4732d10cd6603ebbb6766aaae5a9ea3854bf,4088306592,40,b4459ae0d1c64ba021ffce634d26402362575171,False,True,True,COMPLETE,2.0,0.0,5.684341886080802e-14,1.3500311979441903e-14,2.490150850669716e-15,31
0.8841666666666667,4244,8.0,m04_b08_g025_t200_mu000,178,-0.6021920108047898,0.0025553398529334476,0.5000000000000036,0.5000000000000009,0.49999999999999856,1.7139100357260052e-16,0.5,1.0,1.0,0.0,0.2,-4.643882875566697,0.00704957550923206,-23.95393411164979,0.0512903478441939,-28.597816987216486,0.053227082543088576,4.105263996626223,stage3-coarse-20260729,1.0,0.25,4,cpu,40,0.0,0.031322525595091175,2.5335093778228605e-05,0.25,4800,2.000313122290528,0.004696041464300402,2.8166546190681636,0.4966716998858597,0.0037774432349124407,1.2484924110881939,0.0031125534991148125,e58e2ed312bd29a71852cbd45f5f410f9d80e99d4188e3d6bc5bc8ca44f20d02,1928362709,40,b4459ae0d1c64ba021ffce634d26402362575171,False,True,True,COMPLETE,2.0,0.0,5.684341886080802e-14,1.2079226507921703e-14,2.6707528450633137e-15,32
0.895,4296,8.0,m04_b08_g025_t200_mup15,179,-0.025084950871734957,0.008836258640347204,0.6873872434617853,0.6852070774168715,0.6712618209295849,0.0008250894726723164,1.6151353082641045,1.0,1.0,0.0,0.2,-3.3531207183546514,0.016489535255520736,-40.3873963181059,0.057850785450300896,-43.74051703646055,0.04483018462176183,2.3105177450158587,stage3-coarse-20260729,1.0,0.25,4,cpu,40,1.5,0.023730068507527076,0.00010727750208597017,0.25,4800,1.1533923493976304,0.010635194924111514,1.5386776516522593,1.096827292648951,0.011400408627322119,1.1251098210232908,0.003864011253999902,898c91849e42c20ee741205f43f59706f4453a090e6d0f8d85fcef2d11ce02fd,3368887613,40,b4459ae0d1c64ba021ffce634d26402362575171,False,True,True,COMPLETE,2.0,0.0,1.1368683772161603e-13,2.2737367544323207e-14,5.791707877385449e-15,33
0.9997916666666666,4799,8.0,m04_b08_g050_t000_mun15,180,-0.02000381567686612,0.1251712464433806,8.659320171444662e-05,1.681056462914943e-05,1.3025869022992298e-07,5.08494083371638e-06,1.4661020412763976,1.0,1.0,0.0,0.2,-0.0001634595726695344,3.732906798523899e-05,0.00040345355109958623,0.00012203858000919314,0.00023999397843005185,8.559764691030762e-05,1.5740816796148163,stage3-coarse-20260729,1.0,0.5,4,wsl,40,-1.5,2.5496733084181243e-06,5.954310266055482e-07,0.25,4800,2.512929496752095e-05,7.832844481709424e-06,1.5221661041744006,2.1303014346251237e-05,5.535312126592148e-06,2.3216154656886096e-05,6.314948550304418e-06,bdba4feed02042cc6221eb5e98834ad4e9edcab7bd0bb9e759536b727fbaaae0,2049163164,40,b4459ae0d1c64ba021ffce634d26402362575171,False,True,True,COMPLETE,0.0,0.0,1.3322676295501878e-15,5.272800425448754e-16,7.556901689549275e-17,8
0.8695833333333334,4174,8.0,m04_b08_g050_t000_mu000,181,-0.3266567991962837,0.04101677404583527,0.5000000000000009,0.5,0.49999999999999944,6.601818681236658e-17,0.6942844233593133,1.0,1.0,0.0,0.2,-5.5784297643012035,0.0903378826336207,0.0,0.0,-5.5784297643012035,0.0903378826336207,2.3461204240229714,stage3-coarse-20260729,1.0,0.5,4,cpu,40,0.0,0.031683031627436874,0.00012901737168358489,0.25,4800,0.582477960869927,0.03870989473485328,2.1774265047288175,0.29085125396392186,0.017761179860824414,0.4366646074169244,0.018238569469195807,bb14b870daec739556e36dde0b8a2933a6751dee0378b681f96a6cb82cc16006,1333422878,40,b4459ae0d1c64ba021ffce634d26402362575171,False,True,True,COMPLETE,0.0,0.0,2.842170943040401e-14,6.0396132539608514e-15,1.3576244699979787e-15,34
0.9995833333333334,4798,8.0,m04_b08_g050_t000_mup15,182,-0.07846163083681292,0.07004586947825435,0.9999992350337636,0.9998512191213461,0.9978854016106148,0.00010076937445778494,1.6147169317260108,1.0,1.0,0.0,0.2,-0.0013652781843560974,0.0009059977841766008,-23.996429258912308,0.002418464986986622,-23.997794537096667,0.0015129232253066288,1.691693035522877,stage3-coarse-20260729,1.0,0.5,4,cpu,40,1.5,1.910895336043779e-05,1.2745721663197819e-05,0.25,4800,0.0002358540577398427,0.00014185043325257182,1.3495316550187961,0.0002515892525244923,0.0001933138634185146,0.00024372165513216748,0.00016694450449667735,8adfcb55bf81c1f8835d96145a45c2cca7ee96297a177f42985e092a2041f133,3055509509,40,b4459ae0d1c64ba021ffce634d26402362575171,False,True,True,COMPLETE,0.0,0.0,5.684341886080802e-14,1.7763568394002505e-14,2.8216000747665898e-15,35
0.9752083333333333,4681,8.0,m04_b08_g050_t025_mun15,183,-0.12551973886238255,0.023963778227708017,0.0695268123536137,0.03773081864822705,0.00990942190192829,0.010492773098563942,5.936667949562208,1.0,1.0,0.0,0.2,-0.3751142644305984,0.1081632860799667,0.34186210895204694,0.11651850317838086,-0.03325215547855151,0.023518754350159824,2.0540218044373364,stage3-coarse-20260729,1.0,0.5,4,cpu,40,-1.5,0.004830354858439643,0.0013522545769595403,0.25,4800,0.08629718896117836,0.02331448548063758,4.69909733684924,0.06387612556825109,0.014610778020002003,0.07508665726471471,0.0189448600945264,e73193a3f42adf21f83091dbc837fee8b19ca5d7884e76c8ae920c4b711ecb53,4195549373,40,b4459ae0d1c64ba021ffce634d26402362575171,False,True,True,COMPLETE,0.25,0.0,2.6645352591003757e-15,6.7723604502134545e-16,8.961821335537377e-17,36
0.8685416666666667,4169,8.0,m04_b08_g050_t025_mu000,184,-0.6326639662244913,0.02665503767111155,0.5,0.49999999999999895,0.4999999999999982,9.507603138557815e-17,1.0228459761080988,1.0,1.0,0.0,0.2,-5.256778005471135,0.05364505184647124,-2.930376319285164,0.11182045836329091,-8.187154324756298,0.148194911243651,2.6859947016797174,stage3-coarse-20260729,1.0,0.5,4,cpu,40,0.0,0.032114894306757805,0.00021775166320060568,0.25,4800,2.011807101659086,0.06784322736147398,3.3597761842281404,0.46080547964857016,0.048109283875877214,1.2363062906538282,0.0542512024521937,d276c7b905edb512faade3ab98964ca0dfed34a7cd01161f3dbe59bbdc259bd3,3569491590,40,b4459ae0d1c64ba021ffce634d26402362575171,False,True,True,COMPLETE,0.25,0.0,2.842170943040401e-14,8.526512829121202e-15,1.2254254478741817e-15,37
0.999375,4797,8.0,m04_b08_g050_t025_mup15,185,0.05055104366346995,0.0442360385924224,0.999933095759277,0.9991863329500028,0.995319369648535,0.00026488403926053374,1.5274942295581146,1.0,1.0,0.0,0.2,-0.0075693657583287164,0.0024945804630883087,-23.991699498344257,0.0032029873791625794,-23.999268864102586,0.0009121168470947929,1.4352959848994782,stage3-coarse-20260729,1.0,0.5,4,wsl,40,1.5,0.00010390573780450184,3.303405661581787e-05,0.25,4800,0.0014659979145787787,0.00046220817291444874,1.3870905977631924,0.0014633163928121445,0.0004081083329615763,0.0014646571536954616,0.00042426241912307176,55cc9c8b3b7156df4ea33c7a877d25c4d4b983656468f46da9598c6118ac6592,1346488499,40,b4459ae0d1c64ba021ffce634d26402362575171,False,True,True,COMPLETE,0.25,0.0,5.684341886080802e-14,1.8474111129762605e-14,2.604495094407509e-15,9
0.9210416666666666,4421,8.0,m04_b08_g050_t050_mun15,186,-0.24645505799527845,0.057025310488507786,0.29620192349708363,0.26708007136794293,0.19065658157674018,0.006450988688770845,1.404736758362516,1.0,1.0,0.0,0.2,-3.9094985809599523,0.11472858572694833,1.151665663437469,0.2527552772262382,-2.757832917522483,0.16089251300295065,4.006628467710751,stage3-coarse-20260729,1.0,0.5,4,cpu,40,-1.5,0.024052419749052256,0.00024286276175869827,0.25,4800,1.1511259262323619,0.047953398880385634,1.3844618098160464,0.6970059719237087,0.057849800725555185,0.9240659490780352,0.03417801774948251,3771e6418eb0d2b810c5a9c349a1c22b6e20de0e326754e3aebfc9a7ba0a632a,2088134326,40,b4459ae0d1c64ba021ffce634d26402362575171,False,True,True,COMPLETE,0.5,0.0,7.105427357601002e-15,2.6645352591003757e-15,4.716982400621411e-16,38
0.8752083333333334,4201,8.0,m04_b08_g050_t050_mu000,187,-0.5974402410903632,0.0028255603843661114,0.5000000000000042,0.49999999999999956,0.499999999999998,2.2802848351769053e-16,0.7571598949185037,1.0,1.0,0.0,0.2,-5.079558704650813,0.040771979354156954,-6.041305075466918,0.021401398878986004,-11.12086378011773,0.0611937449164156,3.992776100255111,stage3-coarse-20260729,1.0,0.5,4,cpu,40,0.0,0.03160880530977271,0.0001631615361998183,0.25,4800,2.0178783685498063,0.016014731036005238,3.569517827472838,0.5084203468396702,0.0025970482311573942,1.2631493576947381,0.008199088417788419,235b3d54e7b27df53daa7ede10021a0d3f42462c96d275a3eb2b4292684b332d,2628531659,40,b4459ae0d1c64ba021ffce634d26402362575171,False,True,True,COMPLETE,0.5,0.0,2.842170943040401e-14,1.0302869668521452e-14,2.4598915077461234e-15,39
0.909375,4365,8.0,m04_b08_g050_t050_mup15,188,0.2837943871328997,0.16834238448370967,0.8102610829757274,0.7458406923829487,0.694812118137486,0.028841292431957096,8.153865048836705,1.0,1.0,0.0,0.2,-3.0331766142004684,0.42735485518381505,-22.89617393005572,0.2113980109310731,-25.92935054425619,0.23958195998718473,6.175704159729544,stage3-coarse-20260729,1.0,0.5,4,cpu,40,1.5,0.02349260500302469,0.00012637040566279304,0.25,4800,0.6636263974573355,0.21781731667193438,7.821303410966065,1.039294557899795,0.041642711667906916,0.8514604776785653,0.12607874843443928,5e337ac53a784cc6e8d106ff000cd078e153f427eba5c50c5e7c941408c363b3,2012370230,40,b4459ae0d1c64ba021ffce634d26402362575171,False,True,True,COMPLETE,0.5,0.0,5.684341886080802e-14,2.1316282072803006e-14,2.643959389328823e-15,40
0.9027083333333333,4333,8.0,m04_b08_g050_t100_mun15,189,-0.009884236992208245,0.01285082830033116,0.3131792376453713,0.31256719980825765,0.31240808116657287,5.8910711747279824e-05,3.008659660886384,1.0,1.0,0.0,0.2,-4.1811378577059655,0.055907681779348066,-4.73151692754448,0.0764123904615353,-8.912654785250448,0.13168236278886936,2.61120554133532,stage3-coarse-20260729,1.0,0.5,4,cpu,40,-1.5,0.023411435490424296,1.760607683423392e-05,0.25,4800,1.1746761231757339,0.023809553546060427,2.5856760029817085,1.1510341024284496,0.010954015800307906,1.1628551128020919,0.011985776482368109,cbb27a06c42dc9f7f6865761bbf797df516da03c5c821a7f8b9382cc038a8dae,1594571622,40,b4459ae0d1c64ba021ffce634d26402362575171,False,True,True,COMPLETE,1.0,0.0,1.4210854715202004e-14,4.973799150320701e-15,1.2371522743767926e-15,41
0.8835416666666667,4241,8.0,m04_b08_g050_t100_mu000,190,-0.28429071095497954,0.18038537850489483,0.5000000000000004,0.49999999999999867,0.4999999999999972,1.4463015858742498e-16,1.1443328353612652,1.0,1.0,0.0,0.2,-4.7441022022839086,0.19090793036075063,-12.279181758747484,0.13697838007146385,-17.023283961031392,0.10625399145795447,2.000170829013119,stage3-coarse-20260729,1.0,0.5,4,wsl,40,0.0,0.03218899536410217,0.0004459701839698257,0.25,4800,1.6019875102004177,0.20745612054348864,6.024446617179163,0.9116264830127949,0.24798700641023091,1.2568069966066064,0.021771813034061095,1d22bde0735034d529de88053a3c086fbe048eccbcb292b5798d5432e9ccbd09,3955871669,40,b4459ae0d1c64ba021ffce634d26402362575171,False,True,True,COMPLETE,1.0,0.0,5.684341886080802e-14,1.0658141036401503e-14,2.4269654768146626e-15,10
0.8845833333333334,4246,8.0,m04_b08_g050_t100_mup15,191,0.002766475738998217,0.01635285947634308,0.6875019462088141,0.687219601434909,0.6850918293325556,0.0001984202988829464,4.141061416965011,1.0,1.0,0.0,0.2,-4.028940863722854,0.014907721230072161,-28.499286479022953,0.0869837588197256,-32.52822734274581,0.09825943527595613,4.2300799093754025,stage3-coarse-20260729,1.0,0.5,4,cpu,40,1.5,0.023471512862892403,2.613930415858341e-05,0.25,4800,1.1232063111775543,0.006039810559309097,2.1808215050480846,1.1307271174721774,0.03178737330150199,1.1269667143248658,0.01282104748188669,b4be9e4f199855c89e39fb6b6f01c62062f8d020da76ac5fa05ad9897dc5593c,4181495021,40,b4459ae0d1c64ba021ffce634d26402362575171,False,True,True,COMPLETE,1.0,0.0,5.684341886080802e-14,2.7000623958883806e-14,4.861310868116938e-15,42
0.8860416666666666,4253,8.0,m04_b08_g050_t200_mun15,192,0.0024467945356252004,0.004026694778275663,0.31448444303024653,0.3131025934124226,0.31250358291024255,0.0002104917286439599,2.792917471810879,1.0,1.0,0.0,0.2,-3.945510483807174,0.011109008746401665,-16.321377578888843,0.05903144403433461,-20.26688806269602,0.06652280512655397,3.718675645208662,stage3-coarse-20260729,1.0,0.5,4,cpu,40,-1.5,0.02351356133833113,2.6736132556168007e-05,0.25,4800,1.1107725833642699,0.008140936984372588,3.715531259315542,1.1161160316076308,0.004200859892606618,1.1134443074859504,0.004682107352993949,b0ba985e0687113ed6ae238049e5b6e2640dfbd87ac98196051e3cea5fd0a6cb,794865348,40,b4459ae0d1c64ba021ffce634d26402362575171,False,True,True,COMPLETE,2.0,0.0,2.842170943040401e-14,1.5631940186722205e-14,2.264151552298277e-15,43
0.8789583333333333,4219,8.0,m04_b08_g050_t200_mu000,193,-0.5842100160664463,0.003843383282789886,0.5000000000000032,0.5000000000000012,0.49999999999999933,1.592275621746091e-16,0.5429875772433028,1.0,1.0,0.0,0.2,-5.055226049720704,0.030747835095655804,-24.242875722183953,0.10486376193112672,-29.29810177190466,0.1343350437380633,4.4692766918017615,stage3-coarse-20260729,1.0,0.5,4,cpu,40,0.0,0.03141129840780613,0.00010395327280772492,0.25,4800,1.9979722226045973,0.016465337381661598,3.9721666262249284,0.5243431069544859,0.005187270972247088,1.2611576647795415,0.009489376698739818,23f37fce065219d6b90b91b56822b9ec69ae5454a56ed8f8a15ffd6ac6d7b0a8,3229216766,40,b4459ae0d1c64ba021ffce634d26402362575171,False,True,True,COMPLETE,2.0,0.0,8.526512829121202e-14,1.7763568394002505e-14,4.279924621215408e-15,44
0.8814583333333333,4231,8.0,m04_b08_g050_t200_mup15,194,-0.038605434180428874,0.01996153966761448,0.687494478973268,0.6848080058411204,0.6749968766564669,0.0018621780672612948,5.697930545998968,1.0,1.0,0.0,0.2,-4.064715238359125,0.05079459016862914,-40.38401667958177,0.07892546545774791,-44.4487319179409,0.028049332889642876,0.941600747826065,stage3-coarse-20260729,1.0,0.5,4,cpu,40,1.5,0.02377869134413136,0.0002365566990730231,0.25,4800,1.170198766965428,0.023922657593372133,5.221146466841202,1.0830567708419179,0.021316796225181057,1.126627768903673,0.0019983307345901994,82925cda05c0db39327743514c53ce880a74c8025a3c8c8246e2a7d3e973ac04,4280111155,40,b4459ae0d1c64ba021ffce634d26402362575171,False,True,True,COMPLETE,2.0,0.0,1.1368683772161603e-13,3.836930773104541e-14,5.531993184551815e-15,45
0.9995833333333334,4798,8.0,m04_b08_g100_t000_mun15,195,0.0011228928816482367,0.11517634983448416,0.002872388031611585,0.0004087275222103842,1.2975045046922928e-06,0.00017566846953262404,1.273688448631699,1.0,1.0,0.0,0.2,-0.005246853350325294,0.0021499506331287975,0.00980946053304922,0.004216043268782977,0.004562607182723926,0.0020755941022390554,1.2641472944161987,stage3-coarse-20260729,1.0,1.0,4,wsl,40,-1.5,5.391603880294748e-05,2.2280393146871348e-05,0.25,4800,0.0006196022961751505,0.00021806870325744953,1.3396718011422686,0.0008411740130936168,0.00039159921407272517,0.0007303881546343836,0.00030156570298329723,2d460fa8643792bdccc47171bdd2588ceccc92bba62b90c14fdcb9c6a426673d,3874711968,40,b4459ae0d1c64ba021ffce634d26402362575171,False,True,True,COMPLETE,0.0,0.0,1.9984014443252818e-15,6.239041401567835e-16,7.133855723598347e-17,11
0.8591666666666666,4124,8.0,m04_b08_g100_t000_mu000,196,0.18908825217400943,0.0712057857834391,0.5000000000000016,0.5000000000000001,0.4999999999999993,8.771888593347405e-17,0.6242603550295858,1.0,1.0,0.0,0.2,-6.770911393390219,0.15635985442212083,0.0,0.0,-6.770911393390219,0.15635985442212083,1.7948019693638337,stage3-coarse-20260729,1.0,1.0,4,cpu,40,0.0,0.035466685581441566,0.0006385047050018521,0.25,4800,0.33567217117909004,0.040150179301588255,4.220151692234435,0.48632454296487265,0.029853652924528545,0.41099835707198135,0.01884250979548315,2ba7d9ce30fe4e78e9d250aa359bd5a53c8f85bf2fc64e8ae92b73c45855a949,273036941,40,b4459ae0d1c64ba021ffce634d26402362575171,False,True,True,COMPLETE,0.0,0.0,2.842170943040401e-14,7.105427357601002e-15,1.704677407163776e-15,46
0.9985416666666667,4793,8.0,m04_b08_g100_t000_mup15,197,0.11250446783128651,0.061787764992380784,0.9999974944480412,0.9988128849093467,0.9864227164959283,0.000798115215589815,2.2177855889541456,1.0,1.0,0.0,0.2,-0.017943327631372102,0.012520232384459441,-23.971509237824325,0.01915476517415562,-23.989452565455693,0.0067549103516488145,1.6705117618880585,stage3-coarse-20260729,1.0,1.0,4,cpu,40,1.5,0.00023729498185149045,0.0001727499643601797,0.25,4800,0.0026564827462964595,0.0018577870187275974,2.463151268908739,0.003235152863116847,0.002333549971016847,0.002945817804706653,0.0020949934526671614,884399faf238c0a76d63cc13ff81c3c9e0670d225b28104fbae4561933bff046,4047054478,40,b4459ae0d1c64ba021ffce634d26402362575171,False,True,True,COMPLETE,0.0,0.0,5.684341886080802e-14,1.1368683772161604e-14,2.816831617566306e-15,47
0.941875,4521,8.0,m04_b08_g100_t025_mun15,198,0.2613900179411722,0.15449336758616058,0.17999494990154064,0.09371281899072949,0.007354957755438728,0.03366169729705917,7.731526292378742,1.0,1.0,0.0,0.2,-1.4149732697402093,0.5662501191345367,1.1178931257999156,0.5073416860232787,-0.29708014394029375,0.060617582892125266,2.067473268597539,stage3-coarse-20260729,1.0,1.0,4,cpu,40,-1.5,0.012173323155276842,0.0042094217443839465,0.25,4800,0.13575885669064644,0.03252258318068747,5.240493261181336,0.3398916800069386,0.17688792874726156,0.23782526834879247,0.10476589316164671,360252ed22e016c58d6ddb660f42a81642abacb1010b5b9b7f4f4be3fb4739d2,4292903054,40,b4459ae0d1c64ba021ffce634d26402362575171,False,True,True,COMPLETE,0.25,0.0,2.3314683517128287e-15,7.521760991835436e-16,1.22620892283038e-16,48
0.8597916666666666,4127,8.0,m04_b08_g100_t025_mu000,199,0.549181615429917,0.05073301368553048,0.5000000000000007,0.499999999999999,0.49999999999999806,8.161055570569494e-17,0.537760946348204,1.0,1.0,0.0,0.2,-6.037011627635161,0.09651556329359201,-2.700467326901574,0.04112652155157035,-8.737478954536735,0.12102268798486827,3.171107407332724,stage3-coarse-20260729,1.0,1.0,4,cpu,40,0.0,0.03227067027990689,0.0003687261603063938,0.25,4800,0.46285070755668584,0.040200836004078,4.826248549338041,1.6190733361810914,0.10093093425153626,1.0409620218688886,0.038197443190260916,4e16a73d6d1f61b0192d95f76d1557e3290a8a96e7fa2a05c3a5a897d3c7bdaf,481527971,40,b4459ae0d1c64ba021ffce634d26402362575171,False,True,True,COMPLETE,0.25,0.0,2.842170943040401e-14,7.815970093361103e-15,1.3136676507566268e-15,49
0.93375,4482,8.0,m04_b08_g100_t025_mup15,200,-0.7633810743542192,0.09874593264186848,0.997297882326619,0.8190296374595233,0.7796771431842202,0.017522347795089183,3.075181529833763,1.0,1.0,0.0,0.2,-3.2971043862520744,0.4884114985429793,-21.411813556826075,0.20602017019371005,-24.708917943078156,0.31137382946693326,3.7277947222328263,stage3-coarse-20260729,1.0,1.0,4,wsl,40,1.5,0.025650348362188193,0.0034788456785748273,0.25,4800,1.10543184191553,0.2855195299303026,5.271203318177732,0.09552505674561666,0.009375037750145726,0.6004784493305734,0.13888769015245778,6def2d1fe265d9c88ee887c045b0c66b8c18c53d092de017713a5e4aec26b149,2092865343,40,b4459ae0d1c64ba021ffce634d26402362575171,False,True,True,COMPLETE,0.25,0.0,5.684341886080802e-14,1.3500311979441903e-14,2.690071381437194e-15,12
0.8872916666666667,4259,8.0,m04_b08_g100_t050_mun15,201,0.194972660329721,0.059942542844892935,0.3123880680541271,0.3038553847997333,0.2698286273565985,0.006353737648052476,5.502710392210797,1.0,1.0,0.0,0.2,-6.316606355146551,0.2834106849207921,0.8792008030803151,0.3120094139065289,-5.437405552066236,0.5734302446091463,4.223004300776925,stage3-coarse-20260729,1.0,1.0,4,cpu,40,-1.5,0.023973283153654663,0.0005208217446381214,0.25,4800,1.0173121508195682,0.025733029263019794,2.098761602739135,1.5531599601517465,0.15799792761343695,1.2852360554856574,0.06991375084426915,19a649257d1e0e973f3e17bb7325ef7f227ae631fd571c257bcfa1bbc4b0cce8,3320271963,40,b4459ae0d1c64ba021ffce634d26402362575171,False,True,True,COMPLETE,0.5,0.0,1.4210854715202004e-14,3.9968028886505635e-15,7.328248301137367e-16,50
0.86125,4134,8.0,m04_b08_g100_t050_mu000,202,-0.5992925288361624,0.02586143733684143,0.5000000000000002,0.4999999999999994,0.49999999999999856,6.200824354608135e-17,0.516323199347072,1.0,1.0,0.0,0.2,-5.914131719459119,0.07883785228593856,-5.928627478341319,0.13003067892261402,-11.842759197800438,0.2093025740254638,4.170750676298527,stage3-coarse-20260729,1.0,1.0,4,cpu,40,0.0,0.03155196932314924,0.00011981579200156407,0.25,4800,1.9650415205915313,0.03212812029593032,2.517903312501454,0.49578855485460094,0.044371099293070156,1.2304150377230663,0.03307005972673885,2d25839c3fc245e3ba1d382bf1be873ded2f012252a341950d61f33e56ddd9fe,846353938,40,b4459ae0d1c64ba021ffce634d26402362575171,False,True,True,COMPLETE,0.5,0.0,2.842170943040401e-14,7.815970093361103e-15,1.683759106923591e-15,51
0.8779166666666667,4214,8.0,m04_b08_g100_t050_mup15,203,0.028875941209978984,0.027245894467420623,0.6899413261642467,0.6879602277989264,0.6875140960955197,0.00032352048557720116,4.5498171152824805,1.0,1.0,0.0,0.2,-5.517221186751485,0.04900756284944283,-22.29586017754328,0.04618639999585689,-27.81308136429476,0.05141504145596038,1.2609796012178123,stage3-coarse-20260729,1.0,1.0,4,cpu,40,1.5,0.023416776501723628,1.1678963154189851e-05,0.25,4800,1.032262299620085,0.03568267002222392,2.43797851148036,1.090813594402842,0.026389434445634657,1.0615379470114636,0.012576035665381348,bf34299add45eebbf9373443546098ef7a87861f68953c03e88db013ce794f36,3833705657,40,b4459ae0d1c64ba021ffce634d26402362575171,False,True,True,COMPLETE,0.5,0.0,5.684341886080802e-14,1.5631940186722205e-14,2.86936937081715e-15,52
0.8652083333333334,4153,8.0,m04_b08_g100_t100_mun15,204,-0.010816007577371639,0.011842111192687636,0.31251593483119827,0.3125058918273342,0.3125023336326985,9.524908788859658e-07,1.5640554308339778,1.0,1.0,0.0,0.2,-5.3490464220866425,0.030686715380572858,-4.470263637263019,0.07367007027097146,-9.819310059349663,0.05514361444990527,1.6807817918727141,stage3-coarse-20260729,1.0,1.0,4,cpu,40,-1.5,0.023432181279092523,3.076233398197509e-06,0.25,4800,1.1322976781352687,0.004001818176963873,1.88781740121834,1.1095729727658257,0.02342934410036861,1.1209353254505472,0.011126527774049657,760ff8d498a25191ea0c5baf1a7fd7dd1eac1841e354f8360e912f2ea6b30b3a,3956202490,40,b4459ae0d1c64ba021ffce634d26402362575171,False,True,True,COMPLETE,1.0,0.0,2.842170943040401e-14,8.171241461241152e-15,1.234634356933003e-15,53
0.8633333333333333,4144,8.0,m04_b08_g100_t100_mu000,205,0.5914964783433356,0.011956575584378352,0.5000000000000002,0.4999999999999988,0.49999999999999656,1.2224255010298776e-16,0.5,1.0,1.0,0.0,0.2,-6.097217110565931,0.10975106545913496,-11.913381744717524,0.13215023769643067,-18.010598855283455,0.2377476292324822,3.7519427485991494,stage3-coarse-20260729,1.0,1.0,4,wsl,40,0.0,0.03267764097494184,0.000494455341775388,0.25,4800,0.501954462985007,0.009323924225646435,2.580096530116017,1.9624497494132727,0.05395109451188218,1.2322021061991397,0.02687384049319185,972a4f6fb1f88f4475d79600674b394576237338333b4e01fef29273a9005460,2656714147,40,b4459ae0d1c64ba021ffce634d26402362575171,False,True,True,COMPLETE,1.0,0.0,5.684341886080802e-14,1.4210854715202004e-14,2.5454554671034047e-15,13
0.8783333333333333,4216,8.0,m04_b08_g100_t100_mup15,206,-0.03379888311616787,0.06513928528733415,0.6874984134080449,0.687491498987361,0.6874145537466282,4.528200831980243e-06,1.2705345587817627,1.0,1.0,0.0,0.2,-5.538080250776057,0.1295428780661577,-27.156788287370603,0.3254242181658553,-32.69486853814666,0.41788874386597197,3.20858216279082,stage3-coarse-20260729,1.0,1.0,4,cpu,40,1.5,0.023361651934266554,4.877501888530655e-05,0.25,4800,0.9641047660766041,0.07561385527265503,5.836585881572209,0.9068037008844266,0.07429773843412135,0.9354542334805153,0.04625554348471898,0f4818a94cb8712811fe9517be2b145c775b793ca8533835964177260204a45d,2193442163,40,b4459ae0d1c64ba021ffce634d26402362575171,False,True,True,COMPLETE,1.0,0.0,5.684341886080802e-14,1.5631940186722205e-14,4.637668425724451e-15,54
0.8645833333333334,4150,8.0,m04_b08_g100_t200_mun15,207,-0.012320020184498001,0.012711339416233895,0.3125816667113751,0.31251109668169563,0.3125023040665156,7.239802746707747e-06,3.2993715960562806,1.0,1.0,0.0,0.2,-5.2922974046146205,0.016289629208562462,-15.951466526708435,0.22251248483776517,-21.243763931323052,0.226799973468879,4.857708697411695,stage3-coarse-20260729,1.0,1.0,4,cpu,40,-1.5,0.02343725632141378,1.5927988788802857e-06,0.25,4800,1.0961849260989016,0.009553136588862782,1.7041780898427956,1.0703548980186912,0.03039114300291665,1.0832699120587965,0.016774881828419214,4a75531472b93866cb55cd5a1d80c51c18b2a8dbdbce2b8058facfd08d1ea872,2631204035,40,b4459ae0d1c64ba021ffce634d26402362575171,False,True,True,COMPLETE,2.0,0.0,8.526512829121202e-14,1.9184653865522706e-14,2.947264821256861e-15,55
0.8570833333333333,4114,8.0,m04_b08_g100_t200_mu000,208,-0.5946865980579666,0.0027589154041989215,0.5000000000000049,0.5000000000000011,0.49999999999999767,2.5620673881486273e-16,0.5660410676798652,1.0,1.0,0.0,0.2,-5.844854732796863,0.03306315919471596,-23.968684936388588,0.2627003637204517,-29.813539669185445,0.292109725589044,6.322985433553618,stage3-coarse-20260729,1.0,1.0,4,cpu,40,0.0,0.03159721066921033,0.00010736877365620749,0.25,4800,1.9848165953655592,0.04282730066990722,7.140049002500097,0.5042496918100147,0.006215571473896229,1.2445331435877869,0.0244960807756637,0eccfb8bd9da10edbf24cbe845b08dfc4fce2a50d20f48046aa208d38e298e48,2509528570,40,b4459ae0d1c64ba021ffce634d26402362575171,False,True,True,COMPLETE,2.0,0.0,5.684341886080802e-14,2.4158453015843406e-14,4.499624519064309e-15,56
0.8741666666666666,4196,8.0,m04_b08_g100_t200_mup15,209,-0.008315554241765843,0.0023983670559568886,0.6874976930959792,0.6874933268241209,0.6874502619859189,1.6689972633303788e-06,0.8682585627436792,1.0,1.0,0.0,0.2,-5.308039983512041,0.01912590951111109,-40.535873687622065,0.0665135039977438,-45.8439136711341,0.0826339199261171,2.661590857706513,stage3-coarse-20260729,1.0,1.0,4,cpu,40,1.5,0.023437291596344372,4.828989377392265e-07,0.25,4800,1.1373869477492815,0.007090477048739502,1.9651069036010091,1.1184895382580957,0.00374617146672536,1.1279382430036886,0.005233673269498425,d420700ad4924902dd0e78e26fd6a7b8803e0be8b208651434e06ee0db6083ce,3489352326,40,b4459ae0d1c64ba021ffce634d26402362575171,False,True,True,COMPLETE,2.0,0.0,1.1368683772161603e-13,3.552713678800501e-14,7.712014039606831e-15,57
0.9995833333333334,4798,8.0,m04_b08_g200_t000_mun15,210,-0.014727917736182228,0.10628450232150123,0.006229685449295662,0.0008768327933702041,5.544824564773787e-09,0.0002560319821431264,0.695332420934525,1.0,1.0,0.0,0.2,-0.01868147325378944,0.005150151208363853,0.0210439870408849,0.006144767571435034,0.002362513787095457,0.001777653925807838,1.0257475940949798,stage3-coarse-20260729,1.0,2.0,4,wsl,40,-1.5,0.00013002893178711938,3.258490776680803e-05,0.25,4800,0.0012715572597753126,0.00035182270229022425,0.7034260546576901,0.0014369812020207722,0.0004399791111552925,0.0013542692308980424,0.00037930869602729273,2d753d1e3ccc01c4203ab7fc401a49caba7325f25c9ebda79b7e33d3230a5e37,731539539,40,b4459ae0d1c64ba021ffce634d26402362575171,False,True,True,COMPLETE,0.0,0.0,1.915134717478395e-15,6.241108161959136e-16,7.382193743266293e-17,0
0.8097916666666667,3887,8.0,m04_b08_g200_t000_mu000,211,-0.5252278833604485,0.14381748341985465,0.5000000000000013,0.5000000000000001,0.49999999999999883,1.2469800211781462e-16,0.9711281013435362,1.0,1.0,0.0,0.2,-9.148458957832753,0.5092741669327425,0.0,0.0,-9.148458957832753,0.5092741669327425,6.081773066611578,stage3-coarse-20260729,1.0,2.0,4,cpu,40,0.0,0.03206136020666709,0.00020772813812314315,0.25,4800,1.0040897249174339,0.3031528810669251,5.7462512791663505,0.23800983427053404,0.03356625830771545,0.621049779593984,0.15551132646934918,1f7615b21827ddabb3f0af030cc52401620469fdd10e1416371406e4e41f180e,2746295775,40,b4459ae0d1c64ba021ffce634d26402362575171,False,True,True,COMPLETE,0.0,0.0,2.842170943040401e-14,9.592326932761353e-15,2.0610684143083588e-15,58
0.999375,4797,8.0,m04_b08_g200_t000_mup15,212,-0.07841045084787604,0.11558094216134465,1.0000000333067347,0.999874320774147,0.9987861412766275,6.070941902723496e-05,1.0689734885115232,1.0,1.0,0.0,0.2,-0.003360794027244818,0.0017156702775043783,-23.996983698579534,0.0014570260566536418,-24.000344492606775,0.0004774318435119926,0.9471938650767471,stage3-coarse-20260729,1.0,2.0,4,cpu,40,1.5,2.1162488169756966e-05,9.301242080777654e-06,0.25,4800,0.00023306994200700536,7.758229777184751e-05,0.8107159384944904,0.0002477497680890645,0.00012055259284505543,0.00024040985504803492,9.041491332003368e-05,4c5e1db3030cd68aaf8210173c1a7577774f89757523e5224d5961aa6aae0be5,1537377610,40,b4459ae0d1c64ba021ffce634d26402362575171,False,True,True,COMPLETE,0.0,0.0,5.684341886080802e-14,1.5631940186722205e-14,2.6828432321041987e-15,59
0.855625,4107,8.0,m04_b08_g200_t025_mun15,213,0.8119669234804482,0.0380553642736945,0.3744252155288813,0.3165482435447654,0.19131324506655223,0.030176478162090185,6.256417472856977,1.0,1.0,0.0,0.2,-9.95970173850377,0.6023456566684747,5.211708235572258,0.741750855263399,-4.74799350293151,0.1536919266099138,1.590781538839608,stage3-coarse-20260729,1.0,2.0,4,cpu,40,-1.5,0.0318356826305656,0.000371258137480635,0.25,4800,0.20446685259385525,0.04292781964637942,1.3527022919344192,1.9492215679421783,0.059507986608281244,1.076844210268017,0.0354795516684171,1bf19a03bb41e6ed40544b01c7efd38eaa4959c88b20a86d21fe3ae76bc22872,2834305780,40,b4459ae0d1c64ba021ffce634d26402362575171,False,True,True,COMPLETE,0.25,0.0,2.842170943040401e-14,5.861977570020826e-15,1.1557700749605203e-15,60
0.81,3888,8.0,m04_b08_g200_t025_mu000,214,0.7653974223981455,0.028587305887019816,0.5000000000000002,0.49999999999999883,0.49999999999999767,1.0064493952054977e-16,0.5,1.0,1.0,0.0,0.2,-14.311467238610902,0.9562822384798607,-1.4166800349623536,0.09436733769246473,-15.728147273573256,0.9278060394170717,1.4520744215510666,stage3-coarse-20260729,1.0,2.0,4,cpu,40,0.0,0.03210881620462989,0.0005445577297150902,0.25,4800,0.2656796824548372,0.03482659045236186,1.916004489195977,1.9751456001810752,0.0773528806001346,1.1204126413179563,0.045079800912079894,a663f52147245ced7ddc87ff775b48cd0c77f92a8b6f38367e54ab83d15f440a,3774599761,40,b4459ae0d1c64ba021ffce634d26402362575171,False,True,True,COMPLETE,0.25,0.0,5.684341886080802e-14,9.947598300641402e-15,2.605004830217148e-15,61
0.8475,4068,8.0,m04_b08_g200_t025_mup15,215,0.4723454478562138,0.021581949931425152,0.7078207649519961,0.6882595357311188,0.687205518564822,0.0007775540586642237,1.0416626050399107,1.0,1.0,0.0,0.2,-9.787825551033155,0.12265676927747256,-18.764284643638106,0.056572901954658715,-28.552110194671265,0.12589342134723613,2.617954074621499,stage3-coarse-20260729,1.0,2.0,4,wsl,40,1.5,0.023410538261248587,1.0788819467805053e-05,0.25,4800,0.41494619169366603,0.02483074194533333,1.8113457100689876,1.147843421665081,0.01557672855245254,0.7813948066793736,0.016646049883142028,b58219df389d2c57b870fa30003abd15baf48da4e0f7c220ca22fa3c87ba0d47,3098293531,40,b4459ae0d1c64ba021ffce634d26402362575171,False,True,True,COMPLETE,0.25,0.0,5.684341886080802e-14,2.1316282072803006e-14,4.1649548657558186e-15,1
0.8539583333333334,4099,8.0,m04_b08_g200_t050_mun15,216,0.7133169806312388,0.05487503330267052,0.3746681040250662,0.3451699032803442,0.2798293681450034,0.01804595298671011,6.757106353608665,1.0,1.0,0.0,0.2,-10.249429713248976,0.3189973174996655,3.0664426972184344,0.5585578025325727,-7.18298701603054,0.4704466586418792,3.8472358710015815,stage3-coarse-20260729,1.0,2.0,4,cpu,40,-1.5,0.03135650162591673,0.001074914445315275,0.25,4800,0.3254665611916461,0.0643006375083784,2.6873524276698126,1.941570316019267,0.10909680931997916,1.1335184386054564,0.06859336283633755,2b7ea5cb2f9130e649b3f065e36b49ec33d5dcdf01ad41754a6f734fd755889c,2110400697,40,b4459ae0d1c64ba021ffce634d26402362575171,False,True,True,COMPLETE,0.5,0.0,2.842170943040401e-14,6.572520305780927e-15,2.5193303610282043e-15,62
0.8227083333333334,3949,8.0,m04_b08_g200_t050_mu000,217,0.7230903989262095,0.028660479497120358,0.5000000000000012,0.4999999999999993,0.4999999999999971,1.3473353070534026e-16,0.5,1.0,1.0,0.0,0.2,-10.250391005497592,0.12211762505858131,-5.095351100011969,0.18038114214968168,-15.345742105509562,0.16401719664006675,4.348391859760278,stage3-coarse-20260729,1.0,2.0,4,cpu,40,0.0,0.031738940807121405,0.0001859474167826646,0.25,4800,0.2972351709690136,0.03653297455468788,3.3555228268774973,1.8266762900079967,0.033012439209507756,1.061955730488505,0.027667972642274833,847ad0ef016bec648f1aec7b04216deb330a6717de96284b576b6b244637aee9,3764720620,40,b4459ae0d1c64ba021ffce634d26402362575171,False,True,True,COMPLETE,0.5,0.0,5.684341886080802e-14,1.2789769243681804e-14,2.4823406353502336e-15,63
0.8508333333333333,4084,8.0,m04_b08_g200_t050_mup15,218,-0.09241642633411853,0.018450004526986405,0.6932508582383348,0.6873321442275824,0.6824824897695859,0.00046128116564045547,1.9239313589151896,1.0,1.0,0.0,0.2,-8.244709341185025,0.2632984087635515,-22.5550752134835,0.1523335202002811,-30.79978455466853,0.4135615328550359,6.5541006329331335,stage3-coarse-20260729,1.0,2.0,4,cpu,40,1.5,0.023436280462329196,6.644835061112371e-05,0.25,4800,1.2563976403190729,0.054437671304957184,4.997449616593096,1.0436815937359518,0.0492295519104002,1.1500396170275125,0.04872316527166886,838c4884a322b043e2d49c6a5c0a21302ea828eed3f204866a79d608f6097901,2337446476,40,b4459ae0d1c64ba021ffce634d26402362575171,False,True,True,COMPLETE,0.5,0.0,5.684341886080802e-14,1.5631940186722205e-14,3.8009311036904394e-15,64
0.84625,4062,8.0,m04_b08_g200_t100_mun15,219,0.02370145855196327,0.01506149842442602,0.3167864550119118,0.3132595017143043,0.3125040119601213,0.0005407872148625333,3.431393368705674,1.0,1.0,0.0,0.2,-8.077125459061403,0.046021682188486096,-4.23761378094856,0.05402883203103956,-12.314739240009963,0.06128007834186339,2.0384722368640786,stage3-coarse-20260729,1.0,2.0,4,cpu,40,-1.5,0.02353252371300024,7.132496102719199e-05,0.25,4800,1.0637261155461677,0.019038032174796892,3.031672327434978,1.1148759172334668,0.016110596885056436,1.0893010163898171,0.00650824653807611,dcf7306954327227e81ba57acbff3295efd17e801df875aa6e6992d57febf226,3126800281,40,b4459ae0d1c64ba021ffce634d26402362575171,False,True,True,COMPLETE,1.0,0.0,2.842170943040401e-14,1.1013412404281553e-14,2.773013514300289e-15,65
0.8189583333333333,3931,8.0,m04_b08_g200_t100_mu000,220,0.5527422826765649,0.014997503770087775,0.500000000000001,0.4999999999999988,0.4999999999999962,1.563599887231986e-16,0.5,1.0,1.0,0.0,0.2,-10.118941921111636,0.1726440092487962,-12.170647042856261,0.27819590550844864,-22.289588963967898,0.4505204785235235,7.816930382132029,stage3-coarse-20260729,1.0,2.0,4,wsl,40,0.0,0.031402852008086325,3.630949852471807e-05,0.25,4800,0.561248136528174,0.03556176874921954,6.584088224293032,1.9431372156533613,0.0488892452816617,1.2521926760907676,0.04079641404493145,d9aba0e9050473ce578d61a424588220573ea308ff5e2d67012d0d4e3b2e6e66,3422751648,40,b4459ae0d1c64ba021ffce634d26402362575171,False,True,True,COMPLETE,1.0,0.0,5.684341886080802e-14,1.7053025658242404e-14,3.0188687363977025e-15,2
0.83625,4014,8.0,m04_b08_g200_t100_mup15,221,-0.0906492276904911,0.04169811387572298,0.6874976971602236,0.6873291153148406,0.6856202416442873,0.00011155516000792481,2.0492252665803807,1.0,1.0,0.0,0.2,-9.678834251989297,0.5339721378181218,-29.240995537916156,0.602866712608864,-38.91982978990545,1.0986632182106495,3.4297123159825915,stage3-coarse-20260729,1.0,2.0,4,cpu,40,1.5,0.02276386310001246,0.0006394289095086372,0.25,4800,1.401849042408776,0.18087571633127505,3.358987154709437,1.1307778836656923,0.057778385385655634,1.2663134630372341,0.11356515611210453,4c740ef36842d46d53e52f74d92f86a113dcacee699b5e7df7d19221480f9fc2,3411916156,40,b4459ae0d1c64ba021ffce634d26402362575171,False,True,True,COMPLETE,1.0,0.0,5.684341886080802e-14,2.2737367544323207e-14,6.190537676956789e-15,66
0.843125,4047,8.0,m04_b08_g200_t200_mun15,222,-0.00865950369531795,0.012829597688060171,0.3137053541797542,0.31260269939800167,0.31250298826096895,4.350978300832216e-05,0.8859089465130272,1.0,1.0,0.0,0.2,-7.928580232324866,0.05428520730051019,-16.117276523270135,0.14104764006244888,-24.045856755595004,0.19585546212648416,4.978481229095716,stage3-coarse-20260729,1.0,2.0,4,cpu,40,-1.5,0.023448891751249343,5.628988113176614e-06,0.25,4800,1.1053432421315348,0.008684613226393231,1.8242570466178085,1.086934276934759,0.025317687797807402,1.0961387595331469,0.01075994026915213,1c7c093014dea402b630fb47d283ac334bd4c53b4ff9d9b702f172ccedff10e2,2749789765,40,b4459ae0d1c64ba021ffce634d26402362575171,False,True,True,COMPLETE,2.0,0.0,5.684341886080802e-14,1.8474111129762605e-14,2.397449044016677e-15,67
0.82875,3978,8.0,m04_b08_g200_t200_mu000,223,0.6171819585784218,0.006209686433532118,0.5000000000000037,0.5000000000000007,0.49999999999999784,2.2751064953991715e-16,0.5,1.0,1.0,0.0,0.2,-10.10537505879623,0.01205141638431205,-23.544114366993362,0.09233678249720637,-33.64948942578959,0.0869714934741699,1.9471994771447527,stage3-coarse-20260729,1.0,2.0,4,cpu,40,0.0,0.03127436626866048,8.122970544288662e-06,0.25,4800,0.46826328864436617,0.008489963313375199,1.8860311802789507,1.9774939141128147,0.009132325742412033,1.2228786013785904,0.005286268375340809,0fc6681fdffd875c405e81bcb92cb0be41d4891672a3d6812d593e52f69e7d86,188916246,40,b4459ae0d1c64ba021ffce634d26402362575171,False,True,True,COMPLETE,2.0,0.0,1.1368683772161603e-13,2.842170943040401e-14,6.0359779689046874e-15,68
0.8420833333333333,4042,8.0,m04_b08_g200_t200_mup15,224,0.23033817055208594,0.12788761865570022,0.6873546898340037,0.6683655876071752,0.6262642404821295,0.01234735160052688,5.665619201205843,1.0,1.0,0.0,0.2,-8.706686467624987,0.430519949194363,-39.34477599290545,0.4759735768394465,-48.05146246053043,0.060430058381739336,2.0605161269714896,stage3-coarse-20260729,1.0,2.0,4,cpu,40,1.5,0.025838986299529403,0.0015484912106297187,0.25,4800,0.8522033494592185,0.13401263661259,5.971947679923426,1.3842368876825784,0.16914113743108766,1.1182201185708984,0.01832544569972216,b75f1f8aae80b8045e2a9a406e7551998dfd544cb54942186ac1d118879c65a0,543174457,40,b4459ae0d1c64ba021ffce634d26402362575171,False,True,True,COMPLETE,2.0,0.0,1.7053025658242404e-13,3.836930773104541e-14,6.236025242012588e-15,69
0.8816666666666667,1058,2.0,m06_b02_g000_t000_mun15,225,-0.22900098837309413,0.03524295156971272,0.12503132749069573,0.08015870552350209,0.05116737973389272,0.0052738601733050075,1.2099312044117791,1.0,1.0,0.0,0.2,-0.9029334781145255,0.1251919582051678,4.328570098269113,0.2847884493584704,3.425636620154587,0.16025703255998958,1.1773891778688799,stage3-coarse-20260729,1.0,0.0,6,wsl,40,-1.5,0.004122471970111446,0.0002579031233833005,0.75,1200,0.08788035318475149,0.009563445767081692,0.6093850806470389,0.04653567286838279,0.002366784200810588,0.06720801302656713,0.005436545248963514,c3519d507c3088e3bce06a410f1ef57ab0cd9252c3cd2024f32921616ab89ca7,3140512738,10,b4459ae0d1c64ba021ffce634d26402362575171,False,False,False,COMPLETE,0.0,0.0,2.6645352591003757e-15,8.215650382226159e-16,9.840616490675454e-17,3
0.49833333333333335,598,2.0,m06_b02_g000_t000_mu000,226,-0.5927245582503022,0.20474202843886435,0.5000000000000008,0.5,0.4999999999999987,6.041835802883189e-17,0.5,1.0,1.0,0.0,0.2,-8.774127267530528,0.24890907308008603,0.0,0.0,-8.774127267530528,0.24890907308008603,1.9289153095790574,stage3-coarse-20260729,1.0,0.0,6,cpu,40,0.0,0.01388888888888889,7.268322828182341e-19,0.75,1200,1.2207917700639777,0.5396399289067443,7.035978094162181,0.13002279496009786,0.0011967312830415452,0.6754072825120377,0.26970602248921716,4d088634f4c2bb4bb204d115b684ecd5d43a79724267d998f691f75030ff05b5,3037711875,10,b4459ae0d1c64ba021ffce634d26402362575171,False,False,False,COMPLETE,0.0,0.0,4.263256414560601e-14,1.1013412404281553e-14,1.4380643948867274e-15,70
0.8658333333333333,1039,2.0,m06_b02_g000_t000_mup15,227,-0.27784388763620954,0.1372136966410532,0.951275616644031,0.9181625593148942,0.8613021257193524,0.010596954497129317,2.932553063004048,1.0,1.0,0.0,0.2,-0.975750702275598,0.2465323215653703,-49.58077820300428,0.5722355428449857,-50.556528905279876,0.3257034288027249,2.867489509774442,stage3-coarse-20260729,1.0,0.0,6,cpu,40,1.5,0.00418276602732133,0.0005054408000867433,0.75,1200,0.13497610729705967,0.06537906340120486,4.357263316432775,0.046861611765737554,0.004789305745312972,0.09091885953139861,0.03508477987214034,61bf728265370b27a9a7c0e482241077aea06f1e4e223e3df749d28ffa4c774d,487773439,10,b4459ae0d1c64ba021ffce634d26402362575171,False,False,False,COMPLETE,0.0,0.0,9.947598300641403e-14,2.2382096176443155e-14,3.4468318463021073e-15,71
0.8175,981,2.0,m06_b02_g000_t025_mun15,228,-0.20434943490303356,0.07812633271200624,0.19478931888764184,0.12230876914256703,0.0649530454601457,0.013860794688257964,2.6009268256555336,1.0,1.0,0.0,0.2,-1.8918959753113747,0.40915368139540814,4.8412358109189455,0.6289179953582601,2.9493398356075704,0.2338512157828125,3.578665620694298,stage3-coarse-20260729,1.0,0.0,6,cpu,40,-1.5,0.0061626920600828874,0.0006629323779481219,0.75,1200,0.2673099808910542,0.062238866765000865,1.7196618471086231,0.13546467437451548,0.010211710214051558,0.2013873276327848,0.03451219120674899,c5917fd6dd27150058d25eeccd713d58e4665a8e6a1ddcde58392e4c815feaf3,1002993482,10,b4459ae0d1c64ba021ffce634d26402362575171,False,False,False,COMPLETE,0.25,0.0,3.552713678800501e-15,1.4432899320127035e-15,2.0838732157262916e-16,72
0.45166666666666666,542,2.0,m06_b02_g000_t025_mu000,229,-0.8105452591103628,0.011276472451233562,0.5000000000000108,0.49999999999999983,0.4999999999999939,4.14772123592279e-16,0.5,1.0,1.0,0.0,0.2,-9.581746078377616,0.3296875383591723,-5.183214002911879,0.11659551722321942,-14.764960081289496,0.2301443227734201,3.8372966598032843,stage3-coarse-20260729,1.0,0.0,6,cpu,40,0.0,0.013901349928150364,3.700528199135014e-06,0.75,1200,2.6136295561039953,0.05970733084152264,1.2401902675681908,0.2710297428960352,0.01963989681733766,1.442329649500015,0.03862675165998743,8a1ff0707b99b138ac5338ae6075b3e778917219c7f13a4890474f1fa0a693e7,3814466109,10,b4459ae0d1c64ba021ffce634d26402362575171,False,False,False,COMPLETE,0.25,0.0,3.694822225952521e-13,7.016609515630989e-14,3.419816183082989e-14,73
0.675,810,2.0,m06_b02_g000_t025_mup15,230,-0.681785670076656,0.05496865343886896,0.8966436512480639,0.8147652276085363,0.7463880631519904,0.016863107804162645,3.6580069290992396,1.0,1.0,0.0,0.2,-4.093642796260461,0.6999112460598891,-47.298079402793554,0.5903857530180638,-51.391722199054016,0.1853160814988576,4.243177581866135,stage3-coarse-20260729,1.0,0.0,6,wsl,40,1.5,0.009027629027512977,0.0008453018500231287,0.75,1200,1.0939464873698401,0.26611882002312004,4.518604530612074,0.16746695309393722,0.005254291577980075,0.6307067202318887,0.13490687163863394,3407a0d1ba18b9caf0fc078f3adb31714221fe46c320c24209947f8ab0fb7fd8,3377994409,10,b4459ae0d1c64ba021ffce634d26402362575171,False,False,False,COMPLETE,0.25,0.0,1.0373923942097463e-12,1.63069557856943e-13,5.117414801243359e-14,4
0.5425,651,2.0,m06_b02_g000_t050_mun15,231,-0.7508992376600971,0.022240660711421254,0.296126585028506,0.2656631559128463,0.22321201933271612,0.006160688303393281,2.8102290786004938,1.0,1.0,0.0,0.2,-7.326704737390699,0.3387461613648775,4.065814238315651,0.19317336428262402,-3.2608904990750474,0.16714612146137411,2.2228499527936925,stage3-coarse-20260729,1.0,0.0,6,cpu,40,-1.5,0.012818213909155168,0.00026951816675786376,0.75,1200,2.3346088012504373,0.12127705934275841,2.51483483206037,0.32104245557418026,0.015734839347079952,1.327825628412309,0.05615605371381964,764cb3acae1d3262b5c094c9a34fc4f343beeb0919b52ea5f98d0a91f4e14c84,2114808395,10,b4459ae0d1c64ba021ffce634d26402362575171,False,False,False,COMPLETE,0.5,0.0,9.947598300641403e-14,1.305622276959184e-14,5.51679245466067e-15,74
0.4475,537,2.0,m06_b02_g000_t050_mu000,232,-0.693464823801955,0.010303538874764647,0.5000000000000191,0.4999999999999984,0.49999999999992906,2.2849206225549212e-15,0.5,1.0,1.0,0.0,0.2,-9.32140801689268,0.09647361703563846,-11.918654142759639,0.05611821095908907,-21.240062159652318,0.05891260739579129,2.1205852393882862,stage3-coarse-20260729,1.0,0.0,6,cpu,40,0.0,0.013902295946892896,4.28442233754036e-06,0.75,1200,2.780243300125627,0.021054638098256726,1.9687963194553106,0.5033074101629917,0.01728768340061076,1.6417753551443095,0.007993672705430182,26855c7f0c5613a0d1f76a9e4a3914d5c043090f4fb0213793449f04ae40287f,516289117,10,b4459ae0d1c64ba021ffce634d26402362575171,False,False,False,COMPLETE,0.5,0.0,1.3642420526593924e-12,2.3163693185779267e-13,5.784959968694361e-14,75
0.5633333333333334,676,2.0,m06_b02_g000_t050_mup15,233,-0.71174952080866,0.021544189436169946,0.7707956751653471,0.7432578013504412,0.7262765683522621,0.004517748538254141,2.8556726321284205,1.0,1.0,0.0,0.2,-6.772447983432639,0.2727764019868685,-50.24848262698087,0.08577691473717035,-57.020930610413515,0.15662772666230754,2.8579259891561675,stage3-coarse-20260729,1.0,0.0,6,cpu,40,1.5,0.01243052157462975,0.000229332714909246,0.75,1200,2.1324757823834006,0.09985600527217801,3.2323304863261626,0.3526559267253594,0.012444813158174535,1.2425658545543798,0.044647787904126664,784ff4b760e63ce2624ee6a01dcb310cd36b3f3a6eca542ca7b94b0d92f6e8d2,2763743090,10,b4459ae0d1c64ba021ffce634d26402362575171,False,False,False,COMPLETE,0.5,0.0,3.126388037344441e-12,8.032685627767932e-13,2.7319352623818e-13,14
0.5358333333333334,643,2.0,m06_b02_g000_t100_mun15,234,-0.5073290339263796,0.028460666670151003,0.31556544533917424,0.3045392739910863,0.29667335371124287,0.0008708192320597748,1.0852930517267398,1.0,1.0,0.0,0.2,-7.358371155793226,0.1412808593093734,-7.721372952776167,0.11284865811116936,-15.079744108569395,0.06552869478793741,1.2189211294787512,stage3-coarse-20260729,1.0,0.0,6,cpu,40,-1.5,0.013624412548693463,3.1058487987780596e-05,0.75,1200,2.335502674578449,0.05148497099133559,1.8837365972741642,0.7608483427401546,0.0412655150385711,1.5481755086593019,0.00740659793968544,907410a815060157d890a80ecd2f1fb9a5986eb5d51eaa92b41fda01433d6fe8,374752842,10,b4459ae0d1c64ba021ffce634d26402362575171,False,False,False,COMPLETE,1.0,0.0,2.913225216616411e-13,7.993605777301127e-14,1.2907055096127706e-14,15
0.5333333333333333,640,2.0,m06_b02_g000_t100_mu000,235,-0.41154583167687725,0.02526270220604105,0.5000000000002447,0.5000000000000101,0.4999999999998111,1.281744247789264e-14,0.5,1.0,1.0,0.0,0.2,-8.28206200856554,0.12149171591896585,-26.51268331054398,0.12051510310314166,-34.79474531910953,0.036759742748483475,0.9866426216943683,stage3-coarse-20260729,1.0,0.0,6,wsl,40,0.0,0.013921783044545074,1.0317550884010022e-05,0.75,1200,2.5024827503580998,0.03868329915913442,3.7717515785010667,1.043899959430658,0.04738592293962251,1.7731913548943787,0.004503481189257593,67e1a544489480b9980980dcd3f6016eea428680248d40023d9f1f5b01f1a31b,963336230,10,b4459ae0d1c64ba021ffce634d26402362575171,False,False,False,COMPLETE,1.0,0.0,6.579625733138528e-12,1.7696066834105296e-12,2.5134306698567896e-13,5
0.49083333333333334,589,2.0,m06_b02_g000_t100_mup15,236,-0.5511267796357757,0.02570126842647507,0.7003511887673612,0.6908536365417681,0.6737128137236325,0.002464426450882809,2.8198599791015853,1.0,1.0,0.0,0.2,-7.688126323691637,0.1613994831595414,-61.46866386740403,0.23211746523488988,-69.15679019109567,0.09926913873988936,2.344467401712082,stage3-coarse-20260729,1.0,0.0,6,cpu,40,1.5,0.01373934967300588,3.0069902199062284e-05,0.75,1200,2.439811049593075,0.04895335761417973,2.342101517193237,0.7044222126178552,0.03850952280320632,1.5721166311054653,0.007173731800865103,7a4a932adf539de78d6e453a388683a099a5d3557e37dac9f807920805beb24f,1840782356,10,b4459ae0d1c64ba021ffce634d26402362575171,False,False,False,COMPLETE,1.0,0.0,4.3880277189600747e-10,6.168079380586277e-11,3.493863690576847e-11,16
0.5033333333333333,604,2.0,m06_b02_g000_t200_mun15,237,-0.24049952325924573,0.02799751598292483,0.3642775046604813,0.3585086717417845,0.3541430579067011,0.0009695768998625248,2.5032815902514547,1.0,1.0,0.0,0.2,-7.132173698916262,0.14431454365779806,-34.85249446245405,0.15343836959124085,-41.98466816137031,0.06604358575202908,1.2238808058012545,stage3-coarse-20260729,1.0,0.0,6,cpu,40,-1.5,0.01392137977112155,1.7799320379272554e-05,0.75,1200,2.222753092671252,0.058634317869896535,4.027564255241068,1.3612516659082217,0.050400640771692144,1.7920023792897368,0.004278053898496025,ac28fbdfd6d915e7518f608ad7a2c34197bfbbb0458e6afeb52927028c23111b,3773976963,10,b4459ae0d1c64ba021ffce634d26402362575171,False,False,False,COMPLETE,2.0,0.0,1.3226184591985657e-09,3.6306708750544204e-10,1.0189275719403263e-10,17
0.51,612,2.0,m06_b02_g000_t200_mu000,238,-0.22772872260938853,0.0392833836347477,0.5000000007004107,0.50000000003777,0.4999999994907243,4.007095959823482e-11,0.5033141902388999,1.0,1.0,0.0,0.2,-7.466118916931843,0.19634225085976387,-55.26438354939946,0.23566943207026572,-62.7305024663313,0.0836255692783404,1.4445345982090292,stage3-coarse-20260729,1.0,0.0,6,cpu,40,0.0,0.013916461965348759,7.120231292471656e-06,0.75,1200,2.2731931399156613,0.06583587802939574,4.509598649157583,1.4311133985903624,0.07647732247494858,1.8521532692530118,0.006114252898491464,d863da14c71dbf5ea7e9e8ebabc87c55a627fdd1b6e7fdc604c1fd1a38d49773,2784424209,10,b4459ae0d1c64ba021ffce634d26402362575171,False,False,False,COMPLETE,2.0,0.0,2.2490183937406982e-08,4.501223571651281e-09,1.4636832954936853e-09,18
0.47,564,2.0,m06_b02_g000_t200_mup15,239,-0.2947967157736298,0.015598372257154432,0.6426948792484704,0.6395946451009877,0.6346165952048547,0.0009234669217894068,3.695934329871661,1.0,1.0,0.0,0.2,-7.427920462621122,0.07252269840413136,-88.61212669805036,0.07434025200526279,-96.04004716067149,0.05058677031629925,1.2196150579931653,stage3-coarse-20260729,1.0,0.0,6,cpu,40,1.5,0.013913307193596352,8.244459541232384e-06,0.75,1200,2.3248338591003526,0.028830907044971547,2.2667611547368827,1.2662795379959866,0.02758525565215741,1.7955566985481695,0.0019916314923278666,a4a24c99411dbc072db57dcebce420fc428698b9761d3bf28cd5e0c2f3d4806d,754086953,10,b4459ae0d1c64ba021ffce634d26402362575171,True,True,True,COMPLETE,2.0,0.0,5.684341886080802e-14,1.9184653865522706e-14,3.435343370142803e-15,19
0.8883333333333333,1066,2.0,m06_b02_g025_t000_mun15,240,-0.15984823714518961,0.08193770201684071,0.14049654401552614,0.0830313934607011,0.05340956953866702,0.005158459183276784,1.0067331239879957,1.0,1.0,0.0,0.2,-1.0350173969448886,0.12822250226294332,4.4836952468778595,0.2785567958969464,3.44867784993297,0.15075159758576223,0.9528944247479791,stage3-coarse-20260729,1.0,0.25,6,wsl,40,-1.5,0.004276321694577951,0.0002525393191437951,0.75,1200,0.1072819994048388,0.03254690086129012,1.6260881082882501,0.05578052694259481,0.004145945027029813,0.0815312631737168,0.017437119697258172,b7b1bc12ab40f90cbd5ca47e5cebf5b4308010339b0c48ac2f19e7e2896148fa,3188848054,10,b4459ae0d1c64ba021ffce634d26402362575171,False,False,False,COMPLETE,0.0,0.0,3.552713678800501e-15,1.0658141036401502e-15,1.821442760973148e-16,6
0.48,576,2.0,m06_b02_g025_t000_mu000,241,-0.33946074814227617,0.14614151708403353,0.5000000000000016,0.4999999999999999,0.49999999999999656,1.1298870027720927e-16,0.5,1.0,1.0,0.0,0.2,-9.473632656707926,0.1311371080433303,0.0,0.0,-9.473632656707926,0.1311371080433303,2.170144200426491,stage3-coarse-20260729,1.0,0.25,6,cpu,40,0.0,0.013986654727581854,3.245721234288758e-05,0.75,1200,0.42331941283930086,0.13751406559119736,3.8574610442490496,0.14146958858209088,0.004938436540865069,0.2823945007106959,0.0664238081626701,648a4b4b3ac3eac4174796d067ac3d6b49f39ef9c59fe9d8310abbea3921c0ef,526008621,10,b4459ae0d1c64ba021ffce634d26402362575171,False,False,False,COMPLETE,0.0,0.0,8.526512829121202e-14,1.758593271006248e-14,5.615473497628312e-15,20
0.8591666666666666,1031,2.0,m06_b02_g025_t000_mup15,242,-0.19130577173245808,0.05999865785560151,0.9469388890654334,0.9259370212325525,0.8697385142349116,0.0047906994029905305,1.3855134632534802,1.0,1.0,0.0,0.2,-0.8270482824576977,0.1124227581784349,-50.00059914655784,0.25869776776148823,-50.82764742901554,0.1464157318409367,1.3553918729615593,stage3-coarse-20260729,1.0,0.25,6,cpu,40,1.5,0.0038296707737870764,0.00023161589774801448,0.75,1200,0.08334859834805367,0.020161351449461334,1.9426625373486521,0.047185242683066855,0.0026027255172631253,0.06526692051556024,0.010783447571526513,d59341a290567f810908664d1d9886caf497723880dd74caa95415514c5f56a9,4061387893,10,b4459ae0d1c64ba021ffce634d26402362575171,False,False,False,COMPLETE,0.0,0.0,5.684341886080802e-14,1.6697754290362355e-14,2.6301190917994785e-15,21
0.615,738,2.0,m06_b02_g025_t025_mun15,243,-0.7018786863830389,0.03350573861276085,0.2618520562673888,0.22709388814771012,0.1683586351554308,0.0075736531901562,2.2445470379540144,1.0,1.0,0.0,0.2,-5.7695006131303135,0.26101161201444817,8.201594116231922,0.37753063864051817,2.432093503101609,0.1840308522066802,3.969948216226321,stage3-coarse-20260729,1.0,0.25,6,cpu,40,-1.5,0.010586192842858583,0.0001968031406434153,0.75,1200,1.469779335773197,0.07141883270993109,0.9544038753641663,0.2450113025010589,0.02586470203858888,0.857395319137128,0.03456939514874449,4d21c17ca0618b146e2511b82b4df186e0847e99ba35ebaacd60e04c75efa4be,3411082665,10,b4459ae0d1c64ba021ffce634d26402362575171,False,False,False,COMPLETE,0.25,0.0,2.1316282072803006e-14,6.7501559897209515e-15,1.8900183672410065e-15,22
0.4608333333333333,553,2.0,m06_b02_g025_t025_mu000,244,-0.7695881395718953,0.027943451745897168,0.5000000000000046,0.49999999999999967,0.4999999999999935,3.520581627653428e-16,0.5,1.0,1.0,0.0,0.2,-9.893168577683156,0.1481547154358103,-5.288096169712351,0.14590438266045913,-15.181264747395506,0.09392390717653454,1.046527715017976,stage3-coarse-20260729,1.0,0.25,6,cpu,40,0.0,0.013962466237104537,1.9742025822382327e-05,0.75,1200,2.5703676261772856,0.06262901904290853,1.6715831416785654,0.3371867491310121,0.043049723413846615,1.4537771876541488,0.03731047622114321,e98659becb75cd590060808a84a981f20ad40a7fd8b100b8956adb66f6cdbc76,1202203462,10,b4459ae0d1c64ba021ffce634d26402362575171,False,False,False,COMPLETE,0.25,0.0,2.3447910280083306e-13,5.968558980384842e-14,1.2107840209950034e-14,23
0.8441666666666666,1013,2.0,m06_b02_g025_t025_mup15,245,-0.005962059302320277,0.069603965650377,0.9387025592321974,0.8983953808878713,0.7856508161256179,0.008665956555279694,1.542696157308189,1.0,1.0,0.0,0.2,-1.3815874156598817,0.23887444895830684,-50.05264025107749,0.28529704514229676,-51.434227666737364,0.050101979048186154,0.7659108018604323,stage3-coarse-20260729,1.0,0.25,6,wsl,40,1.5,0.005174258103146338,0.000400555264599191,0.75,1200,0.19215232790861164,0.04669086147044322,1.083443651264447,0.1482829963127659,0.015065845106409783,0.17021766211068876,0.028314490386999118,9aaf1e55f4c19da52476a136220d992420eb94dbc9ad557a7db600465a6195ff,1402950712,10,b4459ae0d1c64ba021ffce634d26402362575171,False,False,False,COMPLETE,0.25,0.0,8.526512829121202e-14,1.9539925233402755e-14,2.677409314274196e-15,7
0.5033333333333333,604,2.0,m06_b02_g025_t050_mun15,246,-0.6343836747678347,0.026673152329835442,0.2924438863781742,0.2709435628598434,0.2528383021428398,0.0017547975825766653,0.8688802306888419,1.0,1.0,0.0,0.2,-7.341309008261716,0.11304306746104002,4.14955198101149,0.2249886602875306,-3.1917570272502265,0.3138231627973893,4.459785966367097,stage3-coarse-20260729,1.0,0.25,6,cpu,40,-1.5,0.01256027796102147,0.0002122900948521314,0.75,1200,2.0787818647899927,0.10727299959596684,2.828786708662176,0.457212205989865,0.02767005441400477,1.2679970353899286,0.04858111652147522,b0129c07bd2d260536b96a947493b83bf9e760f3d7f92efd5ba72e8a423f1067,581607452,10,b4459ae0d1c64ba021ffce634d26402362575171,False,False,False,COMPLETE,0.5,0.0,4.618527782440651e-14,1.0391687510491465e-14,1.8242813395270734e-15,24
0.4875,585,2.0,m06_b02_g025_t050_mu000,247,-0.5847658366693786,0.04691036799019292,0.5000000000000383,0.49999999999999967,0.4999999999999716,1.5928864584048992e-15,0.5,1.0,1.0,0.0,0.2,-9.631990563614826,0.2653959792356296,-12.093333226956764,0.1659240028851525,-21.725323790571593,0.2332634954656951,4.762447225224458,stage3-coarse-20260729,1.0,0.25,6,cpu,40,0.0,0.01395476023141835,1.1011978424746213e-05,0.75,1200,2.546968142405241,0.07626433028062746,2.095128411373423,0.6679269293385977,0.0787083762610082,1.6074475358719191,0.02257737729688758,7726e5e21b3c04fa5ebbeb46053ffe139c0fbd0965d4c515abb01b9e9a0663ac,3718761305,10,b4459ae0d1c64ba021ffce634d26402362575171,False,False,False,COMPLETE,0.5,0.0,1.0089706847793423e-12,1.5347723092418165e-13,4.919723642281176e-14,25
0.56,672,2.0,m06_b02_g025_t050_mup15,248,-0.5749205129723693,0.0727257303874732,0.7902314375496232,0.7528577206287432,0.7213269663983537,0.00841250533941512,3.6851676132094457,1.0,1.0,0.0,0.2,-6.307672313232284,0.5147880996327752,-50.24483268988851,0.24746843522578396,-56.55250500312079,0.26664476316927055,3.8216048084429963,stage3-coarse-20260729,1.0,0.25,6,cpu,40,1.5,0.011631107634012847,0.00042030307570817374,0.75,1200,1.6993732132422905,0.2111319942854484,4.901888823502576,0.43232589685745804,0.04168241534615482,1.065849555049874,0.08158798661308009,2e423bcd53b85121a1b6964acf1bd4c2f8709d3dcdd36fa4e2db68a9c842c998,3868700109,10,b4459ae0d1c64ba021ffce634d26402362575171,False,False,False,COMPLETE,0.5,0.0,2.8705926524708048e-12,6.846079259048565e-13,1.0870748638408915e-13,26
0.5,600,2.0,m06_b02_g025_t100_mun15,249,-0.47827674573298895,0.043290887663827216,0.3283789228442373,0.3089850879155991,0.29083688850391504,0.003957488711155978,5.547593461172937,1.0,1.0,0.0,0.2,-8.090584203280214,0.23449494536247575,-7.79501954590034,0.13714577019755458,-15.885603749180552,0.22284764338249785,4.768944242290653,stage3-coarse-20260729,1.0,0.25,6,cpu,40,-1.5,0.013766017281960466,0.00015016758233945776,0.75,1200,2.3289033137299056,0.09862872400582054,4.053364276999608,0.818899248071556,0.0602158427331683,1.573901280900731,0.034321435871329714,7c9e01ba64c226266b41f53354b8fef47ad12f521ce7229641161b53fe319a01,3090720516,10,b4459ae0d1c64ba021ffce634d26402362575171,False,False,False,COMPLETE,1.0,0.0,1.2008172234345693e-12,2.163602630389505e-13,8.931074508003221e-14,27
0.455,546,2.0,m06_b02_g025_t100_mu000,250,-0.363422960172321,0.024428183923602617,0.5000000000005118,0.5000000000000497,0.49999999999928246,4.504972525570718e-14,0.9486513314690563,1.0,1.0,0.0,0.2,-9.137158526293382,0.059233054200634794,-26.94068951232054,0.10554069206906003,-36.07784803861392,0.06279768778750622,1.0730575779820424,stage3-coarse-20260729,1.0,0.25,6,wsl,40,0.0,0.01397125506928509,1.8420695877531545e-05,0.75,1200,2.4631479215147367,0.04420859289137783,2.2032223495354075,1.1509904162525189,0.0458525947732988,1.8070691688836278,0.0069337520803372235,dec5bf2d6b57a1d1158719a25ed672521d378baddd6783874691171c275ecfdd,1289453484,10,b4459ae0d1c64ba021ffce634d26402362575171,False,False,False,COMPLETE,1.0,0.0,2.319211489520967e-11,5.783107326351455e-12,1.1142393692206932e-12,8
0.5258333333333334,631,2.0,m06_b02_g025_t100_mup15,251,-0.4418580976614307,0.042238400380251576,0.7073597486006185,0.6880733609686367,0.6697124852172528,0.003270456909630143,3.2159843521034994,1.0,1.0,0.0,0.2,-8.00878085260708,0.2046981138464285,-61.774186787369196,0.29248838111527475,-69.78296763997628,0.15559218250183077,2.478691367270228,stage3-coarse-20260729,1.0,0.25,6,cpu,40,1.5,0.013721478836478663,5.404479663071973e-05,0.75,1200,2.271685309080767,0.0748349005828602,2.064981443496239,0.8758214287260235,0.06377632539460744,1.573753368903395,0.010886328535358987,539e850c785c2fbfef698b44a84d2b04a236fc17f8d1fd766a000ad1f9fec290,607522958,10,b4459ae0d1c64ba021ffce634d26402362575171,False,False,False,COMPLETE,1.0,0.0,2.781916919047944e-10,4.8532200480622124e-11,1.8627656259106923e-11,28
0.49666666666666665,596,2.0,m06_b02_g025_t200_mun15,252,-0.25272494298044246,0.017519749146322067,0.367092121312374,0.36228783992432456,0.35804440972551876,0.0007930072402760228,2.5021771066512253,1.0,1.0,0.0,0.2,-8.37136459970662,0.05643765906173516,-34.75095152870305,0.11135409274365508,-43.12231612840967,0.07807702569937759,1.5542944638779657,stage3-coarse-20260729,1.0,0.25,6,cpu,40,-1.5,0.013925647978056219,7.812825333138508e-06,0.75,1200,2.2543582206344097,0.02813944790108128,1.596221777729753,1.3456865401491995,0.03405901049546635,1.8000223803918047,0.0054969239054634455,0242a2f30fc1101fed3d9b6a71422ba905a2aa716af3a832b422153d7b2bb5d0,1128178405,10,b4459ae0d1c64ba021ffce634d26402362575171,False,False,False,COMPLETE,2.0,0.0,3.0270825845946092e-09,6.555250564588277e-10,1.2568045995644915e-10,29
0.48083333333333333,577,2.0,m06_b02_g025_t200_mu000,253,-0.13352166890271322,0.03216403235061138,0.5000000028894438,0.5000000000037577,0.4999999964112178,1.609595708165817e-10,0.5,1.0,1.0,0.0,0.2,-8.357694797953204,0.12938198798139808,-55.724706146919516,0.06585270677841677,-64.08240094487272,0.1135393897681215,2.883821600788587,stage3-coarse-20260729,1.0,0.25,6,cpu,40,0.0,0.013927060161661491,5.88249638846525e-06,0.75,1200,2.1129029283685687,0.06113846078942971,3.9629373998655137,1.6150562407925393,0.059020415617278284,1.863979584580554,0.0032007266318348176,6eb89f06cd0a6b7228eb0d93ee536c15766f88cd7cf1b23a65ee6faa558d8024,2771533379,10,b4459ae0d1c64ba021ffce634d26402362575171,False,False,False,COMPLETE,2.0,0.0,1.7112986938627728e-07,2.5936447656249584e-08,8.66035813223156e-09,30
0.5016666666666667,602,2.0,m06_b02_g025_t200_mup15,254,-0.18333919989485276,0.019639611049854153,0.6411282510328709,0.637607499120788,0.633108193972754,0.000590108710096827,1.6541093658048327,1.0,1.0,0.0,0.2,-8.163666214803754,0.09152371526779422,-89.29385476945612,0.10108756127008567,-97.45752098425986,0.09240639010851523,1.122745362965999,stage3-coarse-20260729,1.0,0.25,6,cpu,40,1.5,0.013978733020366974,2.2042370733535468e-05,0.75,1200,2.1532822858767124,0.037943224500968875,1.5852316465037994,1.486339123676108,0.03560020747071337,1.8198107047764105,0.005200864725158592,3d7ba038779d552fddf3d93a94c4ed197aac209e1b99e6e94177b95776409ced,817118798,10,b4459ae0d1c64ba021ffce634d26402362575171,True,True,True,COMPLETE,2.0,0.0,8.526512829121202e-14,2.7000623958883806e-14,4.3174138407294835e-15,31
0.85,1020,2.0,m06_b02_g050_t000_mun15,255,0.015289017926962824,0.07959671710500021,0.1450394681284209,0.08915504410878772,0.051777870841402875,0.004884187216199653,0.9361269308144944,1.0,1.0,0.0,0.2,-1.2715749662783042,0.12691157741430986,4.814372381874536,0.26374610967478124,3.542797415596232,0.14474846624205162,1.02236348621486,stage3-coarse-20260729,1.0,0.5,6,wsl,40,-1.5,0.004591909219634019,0.0002425594172241652,0.75,1200,0.07923512599382002,0.009703301660608338,0.585186090156377,0.08164930703908493,0.018946881771552168,0.08044221651645247,0.009137333430293243,9d13f454a090f76b6610ed9d858d2067036b65a2d8d3a87d4958478e3a1a1aa7,3430451010,10,b4459ae0d1c64ba021ffce634d26402362575171,False,False,False,COMPLETE,0.0,0.0,3.552713678800501e-15,9.825473767932635e-16,1.750803723689468e-16,9
0.45916666666666667,551,2.0,m06_b02_g050_t000_mu000,256,0.19719374763357359,0.16509133116675842,0.500000000000011,0.5000000000000002,0.4999999999999929,3.85554356758217e-16,0.5,1.0,1.0,0.0,0.2,-10.082875692082226,0.12888778174392582,0.0,0.0,-10.082875692082226,0.12888778174392582,1.6404294690602708,stage3-coarse-20260729,1.0,0.5,6,cpu,40,0.0,0.014066468015562494,3.798237400059576e-05,0.75,1200,0.16235242130732067,0.04215119492150522,2.2614980982418222,0.23057056691691952,0.05313292600819899,0.19646149411212013,0.023559575941033174,245628e60296dd44cd3b42ce754f7d27cb1bff48b75fbf39458111fd7f69b6e0,1031566396,10,b4459ae0d1c64ba021ffce634d26402362575171,False,False,False,COMPLETE,0.0,0.0,2.4158453015843406e-13,3.0375701953744285e-14,1.3189533231204818e-14,32
0.7708333333333334,925,2.0,m06_b02_g050_t000_mup15,257,-0.21925857150246436,0.09695552675771822,0.9354316713164857,0.8891235413376372,0.7749451680600449,0.01876317046669238,3.968740695588879,1.0,1.0,0.0,0.2,-1.9913501324176743,0.60175962543163,-48.01267123223241,1.0132112052013886,-50.00402136465008,0.4178903313385507,4.052683995899088,stage3-coarse-20260729,1.0,0.5,6,cpu,40,1.5,0.005534327136634585,0.0008471710158374264,0.75,1200,0.17686431876678885,0.07910255208961744,2.783900939079834,0.07239575600312131,0.010173118848261468,0.12463003738495508,0.04443978516888586,1a9c4da70dfb71778bf39ea6cb0a357d1c586c4848ff50fe795638bf4ab5ec20,4245665038,10,b4459ae0d1c64ba021ffce634d26402362575171,False,False,False,COMPLETE,0.0,0.0,6.110667527536862e-13,8.242295734817162e-14,4.5075409541452203e-14,33
0.6108333333333333,733,2.0,m06_b02_g050_t025_mun15,258,-0.5786488937800736,0.06079317227821511,0.2670784715828326,0.2206336593830916,0.15655496570285715,0.006958805647588235,1.7242332073188897,1.0,1.0,0.0,0.2,-5.719004560304969,0.3246174932565104,7.689834871689314,0.3230509636341137,1.970830311384346,0.13250755150849883,3.470909114014207,stage3-coarse-20260729,1.0,0.5,6,cpu,40,-1.5,0.010564551691759537,0.0002932575042357255,0.75,1200,1.3705829472054174,0.11564074566415732,2.2660712217584544,0.3491302924016131,0.0454491654467641,0.8598566198035152,0.049521535319038,6b9265445fa15d9462e306b33041f1b7a3a6103f0b3568082a87d36bcd1c8a05,33865533,10,b4459ae0d1c64ba021ffce634d26402362575171,False,False,False,COMPLETE,0.25,0.0,1.4210854715202004e-14,3.8635761256955444e-15,8.927371773629945e-16,34
0.4891666666666667,587,2.0,m06_b02_g050_t025_mu000,259,-0.6765096646624883,0.07013096028406689,0.5000000000000067,0.49999999999999983,0.4999999999999939,3.5784853755534363e-16,0.5,1.0,1.0,0.0,0.2,-9.997230168731623,0.27544722044277165,-5.641970736376387,0.16112780181297948,-15.639200905108009,0.1222810741165071,2.0512111942983418,stage3-coarse-20260729,1.0,0.5,6,cpu,40,0.0,0.013970939043035969,1.4797928050676644e-05,0.75,1200,2.5576360258100506,0.10573990515513657,3.2901711498113184,0.49403749122960666,0.10582589926053375,1.5258367585198287,0.015371176701260793,3b8f3c98d243eb8490fe22c3121ce6d635d40e6083d9d7a3166339938a76df9c,4077526221,10,b4459ae0d1c64ba021ffce634d26402362575171,False,False,False,COMPLETE,0.25,0.0,2.2737367544323206e-13,4.405364961712621e-14,1.6782948133355663e-14,35
0.6341666666666667,761,2.0,m06_b02_g050_t025_mup15,260,-0.518116431754691,0.05899916941299582,0.853131194335861,0.7873269953355007,0.7450058357470843,0.0071727598219194855,1.8349927325486586,1.0,1.0,0.0,0.2,-5.34085485295271,0.29820332314664605,-46.4783822590691,0.28303949028906555,-51.8192371120218,0.14521577971597954,2.7426311298937534,stage3-coarse-20260729,1.0,0.5,6,wsl,40,1.5,0.010180184189287228,0.0002900802701589211,0.75,1200,1.1522115039167407,0.12227846984557418,2.2996672679463392,0.34598004432099955,0.038621799583536356,0.74909577411887,0.058387905248911375,b7531ba710ececc1fb20738c12056d1abb6b752636c2b46ecc6f7c504c8e8b73,4177670079,10,b4459ae0d1c64ba021ffce634d26402362575171,False,False,False,COMPLETE,0.25,0.0,2.2168933355715126e-12,2.920330643974012e-13,1.0777343814281403e-13,10
0.565,678,2.0,m06_b02_g050_t050_mun15,261,-0.2217518180122035,0.11009601737303676,0.28118703421384583,0.2597240853065654,0.22001112766405978,0.0027681322058872603,0.9425609737364231,1.0,1.0,0.0,0.2,-6.641724348032591,0.09919862773864405,3.6511058690493234,0.1746527319546247,-2.9906184789832686,0.21638545077079532,1.8388594988231304,stage3-coarse-20260729,1.0,0.5,6,cpu,40,-1.5,0.011975812354548216,0.0001697967591654446,0.75,1200,1.3596007093533995,0.12324673857733441,2.8198314123366486,0.8644893818852915,0.1308672817920339,1.1120450456193454,0.04169006048225376,b0c2139acb198f479776572f85a25673bb67742cb76e1a0cca0e6814f3569344,2384935948,10,b4459ae0d1c64ba021ffce634d26402362575171,False,False,False,COMPLETE,0.5,0.0,2.842170943040401e-14,8.348877145181177e-15,1.3435310077431257e-15,36
0.43166666666666664,518,2.0,m06_b02_g050_t050_mu000,262,-0.45200527847436217,0.02152753908808792,0.500000000000022,0.49999999999998773,0.49999999999982386,1.134474802996111e-14,1.5995857524390669,1.0,1.0,0.0,0.2,-10.15482115709386,0.060207666487488834,-12.772450374939739,0.07345176649520999,-22.927271532033597,0.04932466606253378,0.7346923099839987,stage3-coarse-20260729,1.0,0.5,6,cpu,40,0.0,0.013989289958563583,1.6853024196570426e-05,0.75,1200,2.4419480562586333,0.03527779726360207,1.2333374022010624,0.9251249230644791,0.03898300734764021,1.6835364896615563,0.00858902274305332,3333bb95a4c6321535f78f6706c12d4c6fd051bc387fed0453e3f004f94397c0,1250486690,10,b4459ae0d1c64ba021ffce634d26402362575171,False,False,False,COMPLETE,0.5,0.0,3.296918293926865e-12,6.497913318526116e-13,2.4839366240026517e-13,37
0.5383333333333333,646,2.0,m06_b02_g050_t050_mup15,263,-0.41506342356017223,0.06696522601269159,0.8059121033411812,0.7268628359090151,0.700548796373805,0.011731322308582513,4.126913276768437,1.0,1.0,0.0,0.2,-7.4544148377835215,0.4138774699551076,-50.24655125343297,0.26247645452162377,-57.70096609121649,0.23610466584727582,2.0811408956903255,stage3-coarse-20260729,1.0,0.5,6,cpu,40,1.5,0.012661186295457802,0.00039488868761309096,0.75,1200,1.832268832575389,0.14491304446538716,2.3353086291569567,0.7430349002452726,0.09916614311701227,1.287651866410331,0.07558378647451564,a36a2c8c69c28c41cc64b09ecbcfda24f1870b4519bafc9e0158022de3ff7f1e,501777246,10,b4459ae0d1c64ba021ffce634d26402362575171,False,False,False,COMPLETE,0.5,0.0,1.4239276424632408e-11,3.512923285597935e-12,1.2672629408003576e-12,38
0.5291666666666667,635,2.0,m06_b02_g050_t100_mun15,264,-0.2785357121201055,0.07604479337732725,0.3397667421034315,0.31898736662969707,0.28206693203495076,0.005722320338822236,3.3017654800508955,1.0,1.0,0.0,0.2,-8.537302727043784,0.29929642627472297,-7.740443854157408,0.13306730225403207,-16.277746581201193,0.208542724645664,2.331874594039046,stage3-coarse-20260729,1.0,0.5,6,cpu,40,-1.5,0.013615391864607706,0.00010495425779077644,0.75,1200,2.009828592757858,0.14818697816466614,3.603789331335986,1.1228930105744612,0.09762820282127282,1.5663608016661594,0.03351947681006437,a5ed3ccc60c55c08c8f4e7237a39a5a7d506a8b6a8546a2268116177d5139c3c,4131414851,10,b4459ae0d1c64ba021ffce634d26402362575171,False,False,False,COMPLETE,1.0,0.0,1.9255708139098715e-12,3.6077807408219086e-13,1.0825685808856266e-13,39
0.44333333333333336,532,2.0,m06_b02_g050_t100_mu000,265,-0.3373221847459791,0.028777699839110805,0.5000000000021099,0.5000000000001087,0.4999999999977373,1.2988461949584914e-13,0.5,1.0,1.0,0.0,0.2,-10.239759389308539,0.10886273091694498,-26.93653235900524,0.15698017920939855,-37.17629174831378,0.12792316653770844,2.307515482536868,stage3-coarse-20260729,1.0,0.5,6,wsl,40,0.0,0.01400865627936873,2.4991615747951103e-05,0.75,1200,2.4055243162055473,0.035756850960002876,1.1880037958464895,1.194121350712326,0.05748665362313243,1.7998228334589368,0.010008993745016083,fb3ceaeb3967b765bbc44bf7eb010da96082d0c157216ea7f5a0350ac506b800,1789974248,10,b4459ae0d1c64ba021ffce634d26402362575171,False,False,False,COMPLETE,1.0,0.0,7.743494734313572e-11,1.8273382806910377e-11,2.9143833260540622e-12,11
0.48083333333333333,577,2.0,m06_b02_g050_t100_mup15,266,-0.4178884429581994,0.056534211343523384,0.6879981951065173,0.6750932948672274,0.6597337683175564,0.002327705417291428,1.7381650270430953,1.0,1.0,0.0,0.2,-9.056563724047306,0.1239343214983458,-61.42274558143458,0.27847241999367767,-70.47930930548189,0.21953370907319703,3.802681027366335,stage3-coarse-20260729,1.0,0.5,6,cpu,40,1.5,0.013803331205865837,4.251478354889741e-05,0.75,1200,2.275287096376529,0.09539469453554122,3.452101907095558,0.934969325252838,0.09300481684645523,1.6051282108146836,0.022044529338684126,c2ab64c72d4a96631521501d2444637356ce9de759bbc8abec2c26f006579dae,3768995993,10,b4459ae0d1c64ba021ffce634d26402362575171,False,False,False,COMPLETE,1.0,0.0,6.416485121008009e-10,1.0542819950387639e-10,3.244090094245307e-11,40
0.455,546,2.0,m06_b02_g050_t200_mun15,267,-0.1455926989654975,0.027082137855085398,0.37781885875481364,0.36553687442585336,0.3608252300616112,0.0011799425814155006,2.3399399732440327,1.0,1.0,0.0,0.2,-9.339100256764908,0.0586330637489203,-35.26574233868593,0.0853935465019985,-44.60484259545084,0.06606150119104681,0.9767618957232608,stage3-coarse-20260729,1.0,0.5,6,cpu,40,-1.5,0.013964056124147296,1.6185468981701047e-05,0.75,1200,2.089309543864828,0.047562964880748425,1.618641227970685,1.5592118790763119,0.051067854701750334,1.8242607114705698,0.004000294214448038,2955544d9d145b5765a779c9f5c73a5ab32e0244d1926f5573c7b6bb1f6020bd,71607003,10,b4459ae0d1c64ba021ffce634d26402362575171,False,False,False,COMPLETE,2.0,0.0,8.194106726477912e-09,1.9106256132772616e-09,5.819352704630801e-10,41
0.44916666666666666,539,2.0,m06_b02_g050_t200_mu000,268,-0.11896666746641613,0.016879274082269715,0.5000000057299002,0.49999999992153465,0.49999999254744854,3.047199397697685e-10,0.5639988246382642,1.0,1.0,0.0,0.2,-9.711278870034485,0.07223714972097155,-55.76140339088679,0.08310007755581203,-65.47268226092129,0.1413033636498877,3.153366383051936,stage3-coarse-20260729,1.0,0.5,6,cpu,40,0.0,0.013936113398199019,8.385405715035044e-06,0.75,1200,2.0857402813756734,0.03209881703024977,1.5025622656867434,1.6422457834229753,0.03145453041442762,1.8639930323993241,0.005455047813174473,673bc9657773099859b688a602ae8b1f578046256e6e36e8c29f98d285664e75,705271885,10,b4459ae0d1c64ba021ffce634d26402362575171,False,False,False,COMPLETE,2.0,0.0,1.988471183267393e-07,2.4295641054550288e-08,5.075463700108418e-09,42
0.4775,573,2.0,m06_b02_g050_t200_mup15,269,-0.08726051040133992,0.07740381300126822,0.6408033656224006,0.636355075951127,0.6292175029595845,0.0007769055741399147,1.902413183857172,1.0,1.0,0.0,0.2,-9.14506921842015,0.1921719424612396,-89.20030016595967,0.09259985757187889,-98.34536938437982,0.08836137262488532,1.0099081491594475,stage3-coarse-20260729,1.0,0.5,6,cpu,40,1.5,0.013951449394357529,1.6632661965793544e-05,0.75,1200,1.9702331423347144,0.13884152651813647,6.492367597173016,1.6540465063624894,0.14109499252568578,1.812139824348602,0.0033959692407796852,eed286d390a1b4295eaac04513abc01fb3f882d47754b6f0ff99657d08e66e2b,2567731200,10,b4459ae0d1c64ba021ffce634d26402362575171,False,False,False,COMPLETE,2.0,0.0,9.863852312719246e-07,2.1552366789023835e-07,4.199434771335562e-08,43
0.67,804,2.0,m06_b02_g100_t000_mun15,270,0.00277121377045014,0.060914910388292054,0.18500506581445963,0.1283792369787577,0.07875845226444028,0.008899615269133278,2.188900085315748,1.0,1.0,0.0,0.2,-2.898807547633736,0.336648078584571,6.932478796852917,0.4805792245331969,4.0336712492191795,0.15381203488132064,1.8178257394730568,stage3-coarse-20260729,1.0,1.0,6,wsl,40,-1.5,0.006523907310403992,0.00045788032644503954,0.75,1200,0.13625268423812567,0.021922397530248404,0.7648916189992259,0.13166410949771318,0.02358078759078518,0.13395839686791944,0.01788335709709568,4937e2c7fab8a0baf460330590c9cb96024c0778151da8f646d3b8af03fbe6c0,193348637,10,b4459ae0d1c64ba021ffce634d26402362575171,False,False,False,COMPLETE,0.0,0.0,4.440892098500626e-15,1.3655743202889426e-15,1.9106789465899994e-16,12
0.525,630,2.0,m06_b02_g100_t000_mu000,271,0.20144690407645482,0.2837002664155688,0.500000000000001,0.5,0.49999999999999883,6.260208081791363e-17,0.5,1.0,1.0,0.0,0.2,-10.716889343589946,0.1662076260559955,0.0,0.0,-10.716889343589946,0.1662076260559955,1.3848913498285789,stage3-coarse-20260729,1.0,1.0,6,cpu,40,0.0,0.014208331352949244,7.491241090435217e-05,0.75,1200,0.2701254564310041,0.05523179951480848,1.7136912709242018,0.6868437520189656,0.3858481719343831,0.47848460422498496,0.17721287697115506,926ab3de399c883a368c926fb46eace776bb7d544c330a7a204db12b759e50fe,3896052380,10,b4459ae0d1c64ba021ffce634d26402362575171,False,False,False,COMPLETE,0.0,0.0,6.394884621840902e-14,1.2079226507921703e-14,2.4538357995611823e-15,44
0.7158333333333333,859,2.0,m06_b02_g100_t000_mup15,272,-0.09095039206495235,0.15730706726683355,0.9306167144739397,0.8619330770804658,0.796444256738498,0.015003198129513066,2.94490812922875,1.0,1.0,0.0,0.2,-3.332591677520128,0.5551553064510131,-46.544386162345155,0.8101726989937064,-49.876977839865276,0.2600107197080074,2.9979244377406076,stage3-coarse-20260729,1.0,1.0,6,cpu,40,1.5,0.006942992785153909,0.0007272353326971953,0.75,1200,0.25099726009539697,0.1045231871471373,2.7852236593954167,0.15698984841004257,0.05068847374105649,0.20399355425271973,0.057174672919507126,6f5030f2ae1879a9a1e17d3d91314f1cec98ba5205c9803573b368869e6e4857,3119628969,10,b4459ae0d1c64ba021ffce634d26402362575171,False,False,False,COMPLETE,0.0,0.0,4.121147867408581e-13,6.927791673660977e-14,1.435856929934486e-14,45
0.645,774,2.0,m06_b02_g100_t025_mun15,273,0.11891770104518062,0.22362970114750103,0.2674739781301819,0.2048567552023463,0.0817110400579863,0.017804175684576137,3.140153595402647,1.0,1.0,0.0,0.2,-5.970458223569365,0.7313971894994207,7.32875565441986,0.5824028315298205,1.358297430850495,0.25182303413428364,3.051842303119125,stage3-coarse-20260729,1.0,1.0,6,cpu,40,-1.5,0.009850191473840317,0.0007435263801353759,0.75,1200,0.5943038449580154,0.19723523457026162,4.256112615643521,0.773034391822492,0.2043212696182478,0.6836691183902538,0.12165321780593409,2d1167443d870ea267efd6fdbff7593e6a6976440f3496fbe7bfacc4fa5115d3,1995925953,10,b4459ae0d1c64ba021ffce634d26402362575171,False,False,False,COMPLETE,0.25,0.0,1.7763568394002505e-14,3.785860513971784e-15,5.307352675536971e-16,46
0.4225,507,2.0,m06_b02_g100_t025_mu000,274,0.18188218671101017,0.11323447682468203,0.5000000000000281,0.5,0.4999999999999687,1.929960189883711e-15,0.6780309771274386,1.0,1.0,0.0,0.2,-11.895023619861613,0.08362587680185304,-5.95726231069774,0.25224359921054124,-17.85228593055935,0.2904743968188244,3.293003948221253,stage3-coarse-20260729,1.0,1.0,6,cpu,40,0.0,0.014193846746827221,6.20987412955321e-05,0.75,1200,1.1873495977150392,0.14295681829636428,1.7332801971051721,1.7450216967934213,0.2060197442752862,1.4661856472542305,0.1016975278621756,b641166081f2f0d8073e15171b2e1c5d322a289a2b9fbb761173f79988373843,3525758412,10,b4459ae0d1c64ba021ffce634d26402362575171,False,False,False,COMPLETE,0.25,0.0,1.1368683772161603e-12,2.3376856006507295e-13,8.386601380142337e-14,47
0.5541666666666667,665,2.0,m06_b02_g100_t025_mup15,275,0.5240406866624348,0.0946972821883999,0.834561519035263,0.7635784045850256,0.7314634194676272,0.008963159222264039,2.4031254026980515,1.0,1.0,0.0,0.2,-7.2787702820426485,0.4017562040127343,-45.32947163933444,0.2305075838752912,-52.608241921377086,0.29685619343092073,2.6747812287404935,stage3-coarse-20260729,1.0,1.0,6,wsl,40,1.5,0.01079693885431808,0.0003999983191057279,0.75,1200,0.40593517548015023,0.08596539509367346,2.8770030199978414,1.2726063052448038,0.12175840664161831,0.8392707403624768,0.07527833333310043,4251bd0d2cb6956a05c33efbbb9ab0780e8c773b9134afd285445cb7f00b9b07,3066494247,10,b4459ae0d1c64ba021ffce634d26402362575171,False,False,False,COMPLETE,0.25,0.0,5.030642569181509e-12,1.0501821634534282e-12,2.565099743356475e-13,13
0.5016666666666667,602,2.0,m06_b02_g100_t050_mun15,276,-0.15509143374454543,0.10241282344663764,0.32853382474904946,0.28892652631390686,0.24210977216609114,0.008598730914998107,3.220321934566625,1.0,1.0,0.0,0.2,-9.329462538544142,0.26395280102910995,4.270078210245131,0.5003435894557962,-5.0593843282990125,0.3921918100292514,4.255701869561889,stage3-coarse-20260729,1.0,1.0,6,cpu,40,-1.5,0.012563804004231812,0.00018146066020235306,0.75,1200,1.5024081003471348,0.11867491204132773,2.000754905576336,1.096879177064132,0.1639398430214995,1.2996436387056334,0.03832311878126213,26a12f62ba38575bbbb678c4f23dec6d6d3c757a849239d8b3548a43d899729e,2987914771,10,b4459ae0d1c64ba021ffce634d26402362575171,False,False,False,COMPLETE,0.5,0.0,1.5631940186722204e-12,1.816324868286756e-13,1.2815277091092544e-13,48
0.38083333333333336,457,2.0,m06_b02_g100_t050_mu000,277,-0.13319896490392197,0.06523172327640428,0.5000000000007057,0.5000000000000433,0.4999999999994606,4.1767780894238684e-14,0.6383232732477382,1.0,1.0,0.0,0.2,-12.449247481182265,0.04291880352772394,-13.60096837909756,0.16612667351715107,-26.05021586027983,0.13153325451257572,1.8555087686317586,stage3-coarse-20260729,1.0,1.0,6,cpu,40,0.0,0.014066544368304823,3.2417464709194416e-05,0.75,1200,2.030107860110865,0.09877891937701913,2.769198133152849,1.5588700980369348,0.1333723449381998,1.7944889790738998,0.022200509892790356,9d9aa645e13d6713c5b112ad1d5cc808fbeb14cd2ea21271341389a8248a2ffd,529722949,10,b4459ae0d1c64ba021ffce634d26402362575171,False,False,False,COMPLETE,0.5,0.0,2.0051516003150027e-11,4.6831871713948205e-12,1.7947364135632993e-12,49
0.4866666666666667,584,2.0,m06_b02_g100_t050_mup15,278,0.018992038590430922,0.13203456538915997,0.7306126230219911,0.7077830964796223,0.6789134474933793,0.0048788464354044365,2.9542112296585006,1.0,1.0,0.0,0.2,-9.59711868443475,0.1735806746361796,-50.14978705461985,0.12431263487027466,-59.74690573905459,0.083375076884985,0.949983896724746,stage3-coarse-20260729,1.0,1.0,6,cpu,40,1.5,0.013221976787250334,0.00011238406696453681,0.75,1200,1.3976287022249578,0.18081428833027682,3.6633286933568976,1.4602986230790032,0.20079461670710985,1.4289636626519804,0.028969491821859844,f214a4a88e3e266c493cc1780daa6bdc98c80cf73712deec474a828e8eea2a3d,656516292,10,b4459ae0d1c64ba021ffce634d26402362575171,False,False,False,COMPLETE,0.5,0.0,2.97859514830634e-11,7.073452934491797e-12,1.5459625230066886e-12,50
0.44333333333333336,532,2.0,m06_b02_g100_t100_mun15,279,-0.09627601742333478,0.06313718429842603,0.351365447972779,0.3376706520039372,0.3218195237849631,0.0021923892819807594,1.867936860848121,1.0,1.0,0.0,0.2,-11.245181727296814,0.08999320270060798,-8.165398005573504,0.26699584376737795,-19.410579732870318,0.3298314187219119,3.5628786632352885,stage3-coarse-20260729,1.0,1.0,6,cpu,40,-1.5,0.01401667465864615,6.965730729603993e-05,0.75,1200,1.858054137648557,0.10123778743010804,2.7903999837009974,1.535710504472042,0.1124769019983129,1.6968823210602995,0.0183516281795201,2bcd59f22c65d1483e57d96c318cbe439989469b1b42e189088dcdcba49898ff,2017921205,10,b4459ae0d1c64ba021ffce634d26402362575171,False,False,False,COMPLETE,1.0,0.0,2.191313797084149e-11,3.9094061321520715e-12,1.1769573467677374e-12,51
0.42916666666666664,515,2.0,m06_b02_g100_t100_mu000,280,0.10048737921638154,0.08831009201161329,0.5000000000072559,0.5000000000001344,0.49999999999512057,3.7178861504017203e-13,0.5,1.0,1.0,0.0,0.2,-12.532551250533084,0.04844170120385059,-27.2886859878924,0.24450291797557722,-39.821237238425475,0.24447976522942164,3.172053118478032,stage3-coarse-20260729,1.0,1.0,6,wsl,40,0.0,0.013991212236386885,1.53064276057961e-05,0.75,1200,1.629479330100987,0.16610756940779892,3.676614962961116,1.989402751173786,0.15258855854827869,1.8094410406373864,0.019134976731617324,dde4c6bfce98da827dbb7463a1795d98e07bff9cadafdcbddc71c7648a730a59,3403974455,10,b4459ae0d1c64ba021ffce634d26402362575171,False,False,False,COMPLETE,1.0,0.0,3.7691449961130274e-10,6.285816311901726e-11,1.4299132198089218e-11,0
0.39916666666666667,479,2.0,m06_b02_g100_t100_mup15,281,0.020185121097998367,0.10221456470055328,0.6724582944887479,0.6539245371414524,0.6344074709061336,0.0053612717707337216,6.388462508879027,1.0,1.0,0.0,0.2,-11.347883344128613,0.13932984859511516,-61.41180548471469,0.3354638023412828,-72.7596888288433,0.1852080911861528,1.9872439335931595,stage3-coarse-20260729,1.0,1.0,6,cpu,40,1.5,0.01392860919162509,3.544876778264561e-05,0.75,1200,1.63031027157529,0.15865768721524634,3.9212259006980488,1.7013722582890207,0.18203469531581784,1.6658412649321552,0.012260081708554945,9577eff7a398e6bea2446bdfeaab6ee6b7638f9551f09a7070d8d4fcad9fcb6e,3158140840,10,b4459ae0d1c64ba021ffce634d26402362575171,False,False,False,COMPLETE,1.0,0.0,1.5858034885241068e-08,1.8840367488337504e-09,5.332957298545603e-10,52
0.3641666666666667,437,2.0,m06_b02_g100_t200_mun15,282,-0.13243492912518723,0.05974262567527355,0.3784679817348446,0.3714223648344239,0.36798452845380164,0.000933172404656063,2.4266300008012123,1.0,1.0,0.0,0.2,-12.108295532987954,0.01701518753487637,-35.16028515176646,0.20150299878331687,-47.26858068475442,0.22345755596514955,2.742719428613494,stage3-coarse-20260729,1.0,1.0,6,cpu,40,-1.5,0.01396489577876724,1.2544963513787648e-05,0.75,1200,2.0797919704313044,0.1045127769913782,4.893009705730725,1.5955227061314636,0.11434179176716426,1.837657338281384,0.005765728600430599,daea03a0e3f59d05aa46c92bd940fdd7702c7d779a21a0c6384e4e9cc89bf7cf,2133921540,10,b4459ae0d1c64ba021ffce634d26402362575171,False,False,False,COMPLETE,2.0,0.0,5.712874440177984e-08,1.4455467578500247e-08,2.9846821863492745e-09,53
0.4575,549,2.0,m06_b02_g100_t200_mu000,283,-0.005232656346952834,0.056937102417371516,0.5000000297279548,0.5000000004950393,0.4999999850945262,1.0055580118362913e-09,0.5,1.0,1.0,0.0,0.2,-12.627010803014185,0.04324416006058228,-55.958007986120016,0.15040946639414038,-68.58501878913421,0.16466795005466797,2.216304697723946,stage3-coarse-20260729,1.0,1.0,6,cpu,40,0.0,0.013945339014966673,1.1464650698055255e-05,0.75,1200,1.8850442823846776,0.11376459132113059,4.5788375040922675,1.8642874206799256,0.09964141303090725,1.8746658515323016,0.007053109496351015,0dbcd92388aa8c87eb2a5ba86e83414f6ded2c791900384553d3f74b5eae182e,3972535453,10,b4459ae0d1c64ba021ffce634d26402362575171,False,False,False,COMPLETE,2.0,0.0,3.6279499227021006e-07,9.498080117964492e-08,3.066803821730533e-08,54
0.4141666666666667,497,2.0,m06_b02_g100_t200_mup15,284,0.05902950767609354,0.03651567675417197,0.6343247603502858,0.6311500354432932,0.6259223229049944,0.0005416578136245083,1.682261162869913,1.0,1.0,0.0,0.2,-12.081806168533785,0.04992676280867309,-89.57414833251703,0.12069379814326725,-101.65595450105081,0.16100929322449734,2.992611233981526,stage3-coarse-20260729,1.0,1.0,6,cpu,40,1.5,0.013988865413282276,1.8899494237051326e-05,0.75,1200,1.7357402575457548,0.05963612060948114,2.710046395959998,1.954680032518327,0.07670714402623467,1.8452101450320406,0.011158232711676116,2b75c64a516a5d3324a8e8f2d259b51d346f9e3651fe29c24b727022ec6aeb2e,2459201026,10,b4459ae0d1c64ba021ffce634d26402362575171,True,True,True,COMPLETE,2.0,0.0,5.684341886080802e-14,2.2737367544323207e-14,3.348341184899017e-15,55
0.38333333333333336,460,2.0,m06_b02_g200_t000_mun15,285,-0.04270571335230439,0.22197647406851775,0.337719124337402,0.29927163141972524,0.2672995247014301,0.011572187380992553,6.090111116155098,1.0,1.0,0.0,0.2,-18.75404044957302,0.28914352391269654,16.16066809666516,0.6248981185735973,-2.593372352907857,0.6711365082015249,7.190825344784702,stage3-coarse-20260729,1.0,2.0,6,wsl,40,-1.5,0.013318493079123911,0.0003837271677297848,0.75,1200,0.2005515390855015,0.04647591452706878,5.028866892029968,0.19941383006497243,0.04602693884426491,0.19998268457523694,0.020251460946656634,bfa450a4bb1a35be1e027407eca866f3c48cbaf2c2446f0cb01a43412f8e13a4,260085351,10,b4459ae0d1c64ba021ffce634d26402362575171,False,False,False,COMPLETE,0.0,0.0,2.1387336346379016e-12,2.759570350008289e-13,2.0764336969184977e-13,1
0.26166666666666666,314,2.0,m06_b02_g200_t000_mu000,286,0.8473848456401697,0.01226352368475197,0.5000000000112175,0.49999999999995187,0.4999999999877278,4.563650943321183e-13,0.5,1.0,1.0,0.0,0.2,-23.052469573913868,0.26471245059924275,0.0,0.0,-23.052469573913868,0.26471245059924275,2.445693358700254,stage3-coarse-20260729,1.0,2.0,6,cpu,40,0.0,0.01410105737774232,5.800828690488297e-05,0.75,1200,0.14247268155905832,0.00782295070708768,1.187951470158717,1.757993382343916,0.13585653755549765,0.9502330319514872,0.06933493449779321,e86759724280e3e36eaff0c35940849adf452e5e4a22525a06a6eb999b13a6cc,2009193836,10,b4459ae0d1c64ba021ffce634d26402362575171,False,False,False,COMPLETE,0.0,0.0,2.752358341240324e-10,3.1523228471996845e-11,2.1758437276427347e-11,56
0.3541666666666667,425,2.0,m06_b02_g200_t000_mup15,287,0.6969034665925098,0.09029217953302816,0.7308469150427708,0.7023514908281024,0.6679180202362932,0.006527459508699756,3.4804237919748995,1.0,1.0,0.0,0.2,-18.29280925797775,0.6906849975847932,-37.926980504717534,0.3524828134697868,-56.21978976269529,0.35370915486592097,4.378232364126234,stage3-coarse-20260729,1.0,2.0,6,cpu,40,1.5,0.013002073450548435,0.0004375223508876326,0.75,1200,0.14275617779976094,0.00751641032511506,0.9981176145587329,1.0277975260611965,0.27501645019565624,0.5852768519304787,0.13571172036654744,79bf0f9d8bde4afffa0e34f8d7d76a26856f8c5ef5bc7255bed932d7f451f428,3327217635,10,b4459ae0d1c64ba021ffce634d26402362575171,False,False,False,COMPLETE,0.0,0.0,6.101572580519132e-10,3.733688913598598e-11,2.3290030723812255e-11,57
0.3416666666666667,410,2.0,m06_b02_g200_t025_mun15,288,0.5648751993647064,0.13742333877678992,0.32253581552206767,0.30099912100073856,0.2744016065948697,0.005698618071557805,3.1466519323608577,1.0,1.0,0.0,0.2,-19.068903095535664,0.1731416498659293,13.669555845297404,0.2704482380193049,-5.399347250238256,0.15953528473455625,1.5050651515761286,stage3-coarse-20260729,1.0,2.0,6,cpu,40,-1.5,0.01350670568982304,0.00019605460521857396,0.75,1200,0.16451572977282058,0.04378621324245503,3.24851888895463,0.7035051384370915,0.20100764035937838,0.43401043410495604,0.0912455950318185,2815ddb3bc7684e373986c70e0f52c54c2b67e3359a76c17fd16c923178ca62f,249943720,10,b4459ae0d1c64ba021ffce634d26402362575171,False,False,False,COMPLETE,0.25,0.0,1.1510792319313623e-12,1.2807532812075805e-13,4.034448788436432e-14,58
0.2875,345,2.0,m06_b02_g200_t025_mu000,289,0.7645340709326527,0.0704721838245901,0.5000000000335763,0.5000000000005642,0.4999999999857777,1.045849299151902e-12,0.6069775688412938,1.0,1.0,0.0,0.2,-23.27685215076437,0.2526296198937941,-4.563921197279173,0.328020805228373,-27.84077334804354,0.43957418509518426,2.468906273304509,stage3-coarse-20260729,1.0,2.0,6,cpu,40,0.0,0.014053369094892628,1.8528725112807857e-05,0.75,1200,0.25340945034127954,0.05918710753923033,3.342412078408233,2.1789260045334276,0.26525717081711897,1.216167727437354,0.13741950673988804,d8e02622be5459961bfa4c377d461b17b98422d87a86e628fec202d64b5fa295,1833038884,10,b4459ae0d1c64ba021ffce634d26402362575171,False,False,False,COMPLETE,0.25,0.0,4.148716925556073e-10,4.914078033380065e-11,2.4245062916158266e-11,59
0.3358333333333333,403,2.0,m06_b02_g200_t025_mup15,290,0.4823137205790299,0.04534761128013596,0.7166273597463165,0.6901235323475436,0.6637875734138476,0.008372018738561395,5.302475081862946,1.0,1.0,0.0,0.2,-19.337576927061356,0.2578325377291058,-41.21891539170376,0.4333186381999417,-60.556492318765116,0.3502452118177336,5.426449149105106,stage3-coarse-20260729,1.0,2.0,6,wsl,40,1.5,0.013652045696938148,0.0003061484430055035,0.75,1200,0.40284923528496475,0.1436715127902039,7.153175350590369,1.1238012278746905,0.36890557512465744,0.7633252315798277,0.25509894199690136,784a9845fb4f724de74e5530bb31fe02999d790ae9e41698609bfa9c62b22eba,2239476953,10,b4459ae0d1c64ba021ffce634d26402362575171,False,False,False,COMPLETE,0.25,0.0,3.2525804272154346e-10,6.357794291034224e-11,2.100349319494761e-11,2
0.36,432,2.0,m06_b02_g200_t050_mun15,291,0.835429466616128,0.016966607418279062,0.3429659821122477,0.31119584924215565,0.284577911599889,0.007698984580003878,5.014249782416148,1.0,1.0,0.0,0.2,-19.55498820151056,0.23835828658524094,6.093997228681795,0.36654243936723874,-13.460990972828762,0.1538242896580801,1.663654422074033,stage3-coarse-20260729,1.0,2.0,6,cpu,40,-1.5,0.013954557299084649,6.484326103825856e-05,0.75,1200,0.2551140577259637,0.026022209655887266,2.1154233157309714,2.845891333703785,0.03279235424392888,1.5505026957148744,0.00828488693558697,f3d5739414a6f5c11b9347009cc9074372755b36fcdacc21ea153792463ac560,4082676797,10,b4459ae0d1c64ba021ffce634d26402362575171,False,False,False,COMPLETE,0.5,0.0,3.0269120543380268e-12,7.268852186825825e-13,3.198717700314359e-13,60
0.30916666666666665,371,2.0,m06_b02_g200_t050_mu000,292,0.6682229529227128,0.03940624527470358,0.5000000000117502,0.4999999999996138,0.49999999997125655,1.1235416373758712e-12,0.5,1.0,1.0,0.0,0.2,-22.972661622096265,0.3766847348510322,-11.61955293545159,0.3988361470888922,-34.592214557547855,0.20852785464848683,1.8653941400431906,stage3-coarse-20260729,1.0,2.0,6,cpu,40,0.0,0.01404151666322708,3.587247901356221e-05,0.75,1200,0.5269163229368756,0.07516128826781168,3.3399814568860537,2.597428359543862,0.04660378657373975,1.5621723412403687,0.052616787036151295,82f143c80c29f470eb69957ee398a1cd16247f564bfa6dbc368d872342ed8125,723352123,10,b4459ae0d1c64ba021ffce634d26402362575171,False,False,False,COMPLETE,0.5,0.0,8.72688588060555e-10,9.446203819152288e-11,3.1863309496101047e-11,61
0.3433333333333333,412,2.0,m06_b02_g200_t050_mup15,293,0.7504200865257283,0.0775810470317157,0.7113532746238559,0.6806123129830823,0.6587305042748913,0.00255344890614104,1.0392880995897906,1.0,1.0,0.0,0.2,-19.498925021466977,0.38495459159730483,-47.96793535269774,0.3864584803849465,-67.46686037416471,0.10710748545455724,0.954252290715322,stage3-coarse-20260729,1.0,2.0,6,cpu,40,1.5,0.013900485545281883,4.1633233890654626e-05,0.75,1200,0.3937490169956221,0.1215508318753351,5.352954581513398,2.765009982599038,0.12124155226035384,1.57937949979733,0.007411270309815803,29073673757a66e6089dff0c928c5c13358734b3a10a41b9fe535948df00bad4,3375319727,10,b4459ae0d1c64ba021ffce634d26402362575171,False,False,False,COMPLETE,0.5,0.0,2.20686047214258e-09,2.396788545411255e-10,9.356356142529568e-11,62
0.31,372,2.0,m06_b02_g200_t100_mun15,294,0.37728414676935246,0.05495542777732002,0.37268213464822475,0.35520700920995507,0.339349410074787,0.0034494164755708755,4.48119081974996,1.0,1.0,0.0,0.2,-19.455879150511247,0.13259690984003822,-7.0493526897270185,0.18104571614429757,-26.505231840238263,0.17252102147679332,3.1586305826735956,stage3-coarse-20260729,1.0,2.0,6,cpu,40,-1.5,0.013965108788135871,3.864875142595765e-05,0.75,1200,1.0811204442208973,0.0983903656805536,4.326992131427812,2.3836276922978072,0.09344336023100173,1.7323740682593525,0.018166601506562522,bbdec2ba5a5c572f3b9a1c5a3ac47451b34c759b02b3435bc31a2cd9272d4b98,442918266,10,b4459ae0d1c64ba021ffce634d26402362575171,False,False,False,COMPLETE,1.0,0.0,4.254303576090024e-10,7.846736593819514e-11,2.2874824335695264e-11,63
0.31916666666666665,383,2.0,m06_b02_g200_t100_mu000,295,0.2715504295553127,0.08296140857454484,0.5000000000897964,0.49999999999507805,0.4999999998269103,6.237983715246963e-12,0.5,1.0,1.0,0.0,0.2,-21.002043840197263,0.512573135776016,-27.16548002226559,0.3348379195684393,-48.16752386246285,0.5345263874597894,3.279644911123386,stage3-coarse-20260729,1.0,2.0,6,wsl,40,0.0,0.014125072227534535,4.496935798509778e-05,0.75,1200,1.335638687855674,0.15642190266252873,2.915614515325528,2.321489801716976,0.15025897110797362,1.8285642447863253,0.02835579949660571,c1cc6ac3a2ed56d1198f8e165164a5eda469157e8ca34cfb29fdaf10a262bb5b,1667107670,10,b4459ae0d1c64ba021ffce634d26402362575171,False,False,False,COMPLETE,1.0,0.0,4.3052068576798774e-09,9.165432857116684e-10,2.6897753340184654e-10,3
0.32,384,2.0,m06_b02_g200_t100_mup15,296,0.46194588718501917,0.08678791962627123,0.6799845856055642,0.651838207636937,0.6324936301425318,0.005969034058682987,5.375606092480651,1.0,1.0,0.0,0.2,-19.502795537139466,0.21141730804361974,-60.907569982574294,0.3171819821049771,-80.41036551971376,0.14480407447672863,1.7432917271192538,stage3-coarse-20260729,1.0,2.0,6,cpu,40,1.5,0.013973758271526013,3.5270636226168496e-05,0.75,1200,0.9359395474897638,0.1601176246765024,4.312002433696854,2.5117473235127727,0.11881641926438645,1.7238434355012686,0.020994845001543288,40203bc8c1c9c4e349e8d02f8566b486483a2a9ff5a9e90d83cb463317dbdec1,3975746244,10,b4459ae0d1c64ba021ffce634d26402362575171,False,False,False,COMPLETE,1.0,0.0,8.208971280510013e-08,1.5069903724906907e-08,2.436183472866739e-09,64
0.29083333333333333,349,2.0,m06_b02_g200_t200_mun15,297,0.2022065520772403,0.06423895526470703,0.3831255977533532,0.3745853840998904,0.37073953286238603,0.0013279917345188823,3.354631399920579,1.0,1.0,0.0,0.2,-19.355203050842817,0.31561888848971376,-34.576196626179204,0.365459186170106,-53.931399677022014,0.16581427883455613,1.6639765327430402,stage3-coarse-20260729,1.0,2.0,6,cpu,40,-1.5,0.013944165556103987,1.2224359361839274e-05,0.75,1200,1.4570066810402262,0.12120059412379142,4.396244872224989,2.1942583330563528,0.11145452028967535,1.8256325070482895,0.0073137832696481084,ed68dea0fc87fe8183b519810166865f50cdb016bcc383c9ba52bb36d307901c,3699816031,10,b4459ae0d1c64ba021ffce634d26402362575171,True,True,True,COMPLETE,2.0,0.0,5.684341886080802e-14,1.2789769243681804e-14,2.4823406353502336e-15,65
0.2975,357,2.0,m06_b02_g200_t200_mu000,298,0.3008141021066598,0.028118547699169178,0.5000000000000012,0.5,0.4999999999999995,4.6081028859332603e-17,0.5,1.0,1.0,0.0,0.2,-20.606878506068266,0.10796599347224474,-54.72929001814883,0.08678082289397768,-75.3361685242171,0.09151523283277412,1.0644873024404244,stage3-coarse-20260729,1.0,2.0,6,cpu,40,0.0,0.013916734635875805,4.333840579975939e-06,0.75,1200,1.2838247342200366,0.05072668843347684,3.849832145628321,2.3893356516573276,0.0536875616108304,1.8365801929386822,0.004307518278481701,f539a64ac364686b598b2bc985e8386ae8a53a59b7e1d8c578030d55cbf4f51a,682918171,10,b4459ae0d1c64ba021ffce634d26402362575171,True,True,True,COMPLETE,2.0,0.0,5.684341886080802e-14,1.2079226507921703e-14,2.6707528450633137e-15,66
0.30083333333333334,361,2.0,m06_b02_g200_t200_mup15,299,0.22298712396644577,0.028416688173995616,0.6305900110710839,0.621012680861049,0.6033212012621255,0.004070323662695914,5.931879023779875,1.0,1.0,0.0,0.2,-19.509514189136635,0.15632870609471722,-88.59437705238656,0.34061766925417414,-108.1038912415232,0.26815419724353157,2.9860882484054523,stage3-coarse-20260729,1.0,2.0,6,cpu,40,1.5,0.01397881447993148,2.2712536526644058e-05,0.75,1200,1.4303195078813804,0.0534886084291164,1.7821789357424522,2.250637024689682,0.05073158210795459,1.8404782662855315,0.006966436847092226,652d692150cdafb623b413d74ef59ac933cb93016d8723d02f722d0db91e280d,2867243576,10,b4459ae0d1c64ba021ffce634d26402362575171,True,True,True,COMPLETE,2.0,0.0,5.684341886080802e-14,2.2737367544323207e-14,4.903687784679616e-15,67
0.9970833333333333,2393,4.0,m06_b04_g000_t000_mun15,300,-0.11406442949029365,0.02924373029887073,0.017409547591205374,0.0050033520919429255,0.0024938097130896624,0.0006794063542360963,0.9641698760760706,1.0,1.0,0.0,0.2,-0.039085861125721544,0.007352934291697713,0.2701810129649179,0.03668794312874921,0.23109515183919643,0.029351483475349556,0.9677117541784925,stage3-coarse-20260729,1.0,0.0,6,wsl,40,-1.5,0.0002767026084218987,3.744833114705801e-05,0.5,2400,0.0047786858264305355,0.001063539054420618,0.98103411550194,0.003293700405387471,0.00043548438371296226,0.004036193115909003,0.0007480666196941792,0a0fafb0fd49ce4f8a58631e8aab5aa30e6907073b6a07129239b3af739e6bf7,613267240,20,b4459ae0d1c64ba021ffce634d26402362575171,False,True,True,COMPLETE,0.0,0.0,1.3322676295501878e-15,5.630912403020716e-16,7.664507416421247e-17,4
0.6091666666666666,1462,4.0,m06_b04_g000_t000_mu000,301,-0.8920795435244397,0.009720351206898362,0.5000000000000154,0.49999999999999883,0.4999999999999844,1.094082640974116e-15,0.7154814991370786,1.0,1.0,0.0,0.2,-11.04648190286803,0.05946063706428636,0.0,0.0,-11.04648190286803,0.05946063706428636,4.612810682206022,stage3-coarse-20260729,1.0,0.0,6,cpu,40,0.0,0.01388888888888889,1.907243572897928e-18,0.5,2400,2.2153161770137024,0.20517248792551768,3.744444111794777,0.1209902722391432,8.66187918180006e-05,1.168153224626423,0.10255095752749571,ace3cd0f63c8b928fdc4f0027bf9246ba1921dd328cfa26e20686a294ee4a445,662222391,20,b4459ae0d1c64ba021ffce634d26402362575171,False,True,True,COMPLETE,0.0,0.0,1.4210854715202004e-14,7.815970093361103e-15,1.2594882261836815e-15,68
0.9908333333333333,2378,4.0,m06_b04_g000_t000_mup15,302,-0.1579141740120296,0.05044143241242643,0.9972809844725526,0.9925044449217664,0.9805395492114699,0.0014002972913971638,2.200362748394096,1.0,1.0,0.0,0.2,-0.06424325898992263,0.01497301709154986,-53.59524002577539,0.07561605373544736,-53.6594832847653,0.0606428052711946,2.1955142419383264,stage3-coarse-20260729,1.0,0.0,6,cpu,40,1.5,0.00041428390762129766,7.725867872865403e-05,0.5,2400,0.008119052857260153,0.002587803290779349,2.537094059713356,0.004902545610696607,0.0008957676262392314,0.006510799233978381,0.0017312407845589245,09a2e6f83f24d6bfc22b9dc2ea873a03cff605390a0245de02a5ad842ab5c0f5,2282376969,20,b4459ae0d1c64ba021ffce634d26402362575171,False,True,True,COMPLETE,0.0,0.0,8.526512829121202e-14,2.3447910280083305e-14,3.1999717332849504e-15,69
0.95875,2301,4.0,m06_b04_g000_t025_mun15,303,-0.10584502203780981,0.0713002188896166,0.0765843305021696,0.030187939989929753,0.007983165003347186,0.005986373751291855,2.7673742771196608,1.0,1.0,0.0,0.2,-0.32827817703650763,0.08760777640223123,0.8521101644320005,0.16313059645087877,0.5238319873954926,0.07549960866019345,2.703196150834229,stage3-coarse-20260729,1.0,0.0,6,cpu,40,-1.5,0.0016681825699984298,0.0003294957673970097,0.5,2400,0.06548401431608866,0.022275350286138758,2.569890426843651,0.04107901753893874,0.008190213876963478,0.05328151592751371,0.015202390388969839,2f7d98592cae7d999c658a81fd3c1528887b8bebb8fc47086eccbccc9b936390,650989154,20,b4459ae0d1c64ba021ffce634d26402362575171,False,True,True,COMPLETE,0.25,0.0,3.774758283725532e-15,1.1990408665951691e-15,1.8670622352016401e-16,70
0.6175,1482,4.0,m06_b04_g000_t025_mu000,304,-0.8112196978855437,0.01660895882834788,0.5000000000000001,0.49999999999999967,0.4999999999999991,2.8458359633407824e-17,0.5,1.0,1.0,0.0,0.2,-10.872594395301785,0.09493054245216657,-5.304985989063701,0.1599476519463403,-16.177580384365488,0.17476677283237296,4.168600858530183,stage3-coarse-20260729,1.0,0.0,6,cpu,40,0.0,0.01389616466897949,1.9132479985761162e-06,0.5,2400,2.7151536877049347,0.18890378805260122,4.508819604120579,0.27583243195573054,0.008668413031607284,1.4954930598303324,0.09377488845919163,7808c47d4c4e59f278787bbc3901bf9377744b35f438a828d413041ad4da5017,139312595,20,b4459ae0d1c64ba021ffce634d26402362575171,False,True,True,COMPLETE,0.25,0.0,2.842170943040401e-14,8.881784197001252e-15,1.5203626168706535e-15,71
0.9391666666666667,2254,4.0,m06_b04_g000_t025_mup15,305,-0.19092766937175012,0.05043550787702795,0.9898782349214211,0.9559663242993093,0.9077624367228599,0.007652576351198437,2.361156148002805,1.0,1.0,0.0,0.2,-0.5678259280953375,0.1396072827751697,-52.73581307538607,0.2282945339550989,-53.30363900348139,0.08934040005322622,2.2488495214031454,stage3-coarse-20260729,1.0,0.0,6,wsl,40,1.5,0.0024234799206691864,0.0004164721891107024,0.5,2400,0.11463302267304651,0.03100455364825203,2.2444106755824764,0.06280424865033055,0.011630088137864097,0.08871863566168854,0.021217337494221732,7a166b0e6bdf8732b3c19e200e07947127457d74f08fc8c7ed21d237a8c2171c,4046603161,20,b4459ae0d1c64ba021ffce634d26402362575171,False,True,True,COMPLETE,0.25,0.0,8.526512829121202e-14,2.4158453015843406e-14,4.029828606997547e-15,5
0.695,1668,4.0,m06_b04_g000_t050_mun15,306,-0.7514915169516604,0.009726457183467202,0.25402898870764923,0.24838512492227666,0.23576153551028417,0.0016151822740496265,2.4728615906605977,1.0,1.0,0.0,0.2,-7.652513999353756,0.11551506861378123,2.619660859067428,0.05611969775269668,-5.032853140286328,0.0690002372658521,2.4601804591014824,stage3-coarse-20260729,1.0,0.0,6,cpu,40,-1.5,0.013512283345306525,0.00010546461475621381,0.5,2400,2.5199531697525535,0.04246791812900929,2.0985425422816038,0.356177893856054,0.011758903569371688,1.4380655318043039,0.018637201622107136,9297ca7f61c2e09e6664f157555ff730e35506628f6592c0b5e916f8ba89cdd5,202455213,20,b4459ae0d1c64ba021ffce634d26402362575171,False,True,True,COMPLETE,0.5,0.0,1.4210854715202004e-14,3.3750779948604757e-15,6.859280512217893e-16,72
0.62,1488,4.0,m06_b04_g000_t050_mu000,307,-0.6911308660874789,0.010534648397059162,0.5,0.49999999999999967,0.49999999999999933,2.614303379797445e-17,0.5,1.0,1.0,0.0,0.2,-10.309034105398851,0.1426242281486645,-12.073694332342189,0.09640121412921049,-22.382728437741044,0.04925262854121833,2.509837671836911,stage3-coarse-20260729,1.0,0.0,6,cpu,40,0.0,0.013902287057168233,4.916820621504619e-06,0.5,2400,2.8305982716270934,0.00887767290813359,1.4528778746150648,0.5176668755215681,0.021109195459402437,1.6741325735743307,0.011580373334828004,f7964599a4eae8f96f8423fe8a2f8e16e5a6c9f94ad6e2faf02320b054fd0652,2570569877,20,b4459ae0d1c64ba021ffce634d26402362575171,False,True,True,COMPLETE,0.5,0.0,5.684341886080802e-14,1.4921397450962105e-14,2.490150850669716e-15,73
0.70625,1695,4.0,m06_b04_g000_t050_mup15,308,-0.7722258848804283,0.018227280381234418,0.7611543759902851,0.7490849297630954,0.7431892396812396,0.0015218870019331613,3.0890595342238165,1.0,1.0,0.0,0.2,-7.8659727558948,0.15254451915671885,-51.23791334384598,0.11342398854523485,-59.10388609974079,0.04988732137556317,2.2956394218692724,stage3-coarse-20260729,1.0,0.0,6,cpu,40,1.5,0.013635087271744766,7.295737116355472e-05,0.5,2400,2.596654951266713,0.052874965611741806,3.5825136305980245,0.3321660963005451,0.02299691906411367,1.4644105237836291,0.015963963670200088,41847031901bc8ba3bf4b319f23e224a0f74cb994776aac6076cab9e8230a06d,3020222992,20,b4459ae0d1c64ba021ffce634d26402362575171,False,True,True,COMPLETE,0.5,0.0,1.1368683772161603e-13,3.126388037344441e-14,5.714797482415047e-15,74
0.6775,1626,4.0,m06_b04_g000_t100_mun15,309,-0.562201496193727,0.020909656398483155,0.3043911929896768,0.2907029609196884,0.2831038827666179,0.0021321649045072124,2.2943996694126954,1.0,1.0,0.0,0.2,-7.696013067685811,0.12119062600480997,-8.558177996406304,0.13293555900862952,-16.25419106409212,0.05926022245072287,2.449356965821499,stage3-coarse-20260729,1.0,0.0,6,cpu,40,-1.5,0.013944449065901098,1.6430040608610428e-05,0.5,2400,2.484430517791632,0.03943843460674176,4.092997656128195,0.6960089955776991,0.03158780211543132,1.5902197566846654,0.003965870538565002,45d49d97481171df568659fafe978fb8e581ded01845b35393e06a265ad3abba,257009957,20,b4459ae0d1c64ba021ffce634d26402362575171,False,True,True,COMPLETE,1.0,0.0,2.842170943040401e-14,6.0396132539608514e-15,1.6547809225613212e-15,75
0.65125,1563,4.0,m06_b04_g000_t100_mu000,310,-0.48419185813246324,0.013625693810894254,0.5000000000000002,0.49999999999999983,0.4999999999999995,2.4545272311783316e-17,0.5,1.0,1.0,0.0,0.2,-9.087904384726475,0.15729335464169575,-26.44493663200342,0.21590811355032238,-35.532841016729904,0.1068942058452096,3.2080933005145944,stage3-coarse-20260729,1.0,0.0,6,wsl,40,0.0,0.013906788347594451,5.655174982299947e-06,0.5,2400,2.6638655381369016,0.0220533010361919,4.437713457199541,0.9270461369010145,0.03163957567631341,1.7954558375189582,0.019237987327364557,72c62b684836bc28920478eb7cd3f4d75af87002247983c3e56cdbeccb84e184,3419411088,20,b4459ae0d1c64ba021ffce634d26402362575171,False,True,True,COMPLETE,1.0,0.0,5.684341886080802e-14,1.7763568394002505e-14,2.983567081614547e-15,6
0.68875,1653,4.0,m06_b04_g000_t100_mup15,311,-0.543140457986809,0.028139683034723067,0.7209934115393092,0.712853589026168,0.7014018626808576,0.0008515921967839453,1.1169402384705225,1.0,1.0,0.0,0.2,-7.522586492315909,0.13596588611149973,-62.7429335306691,0.1407527079714167,-70.265520022985,0.021226055386802566,1.0986136575301917,stage3-coarse-20260729,1.0,0.0,6,cpu,40,1.5,0.013912115069753445,1.21208750797064e-05,0.5,2400,2.4358404038858863,0.04567770621693936,4.985512519699988,0.7211384619380959,0.044018683396381694,1.5784894329119912,0.0026560139447916326,1eaae36f7f2a197db2bd0b01e5da6c12598777db787fe9e55b8a01ee8d193df7,2951623446,20,b4459ae0d1c64ba021ffce634d26402362575171,False,True,True,COMPLETE,1.0,0.0,1.1368683772161603e-13,2.7000623958883806e-14,5.380142762874388e-15,14
0.6641666666666667,1594,4.0,m06_b04_g000_t200_mun15,312,-0.2956984505979353,0.012407115956662804,0.3595212534192403,0.35897349335349144,0.35840055094168666,5.848066673574453e-05,1.1297731637937551,1.0,1.0,0.0,0.2,-7.5884424644739426,0.06450269546330138,-35.56453343106921,0.05779479574250215,-43.15297589554315,0.030997834050514816,1.251684778637761,stage3-coarse-20260729,1.0,0.0,6,cpu,40,-1.5,0.013903062750755762,4.115183966139372e-06,0.5,2400,2.3926440111735845,0.023412505631512415,2.5772685062049385,1.3006259062629995,0.022772823398479376,1.8466349587182918,0.0015317920084013123,9bc7e253337152f0464dc3cce8d092d49c9d7c416145d08dc755b562dacc04dd,2478958898,20,b4459ae0d1c64ba021ffce634d26402362575171,False,True,True,COMPLETE,2.0,0.0,5.684341886080802e-14,1.4210854715202004e-14,2.878378401998323e-15,15
0.6716666666666666,1612,4.0,m06_b04_g000_t200_mu000,313,-0.26173328408166235,0.023845595064887645,0.5000000000000008,0.5,0.4999999999999994,4.52810628020821e-17,0.5,1.0,1.0,0.0,0.2,-7.813098156296187,0.18023904995917217,-55.179903452752434,0.21845920642451536,-62.99300160904863,0.05534785804407781,1.8010467191899755,stage3-coarse-20260729,1.0,0.0,6,cpu,40,0.0,0.013913395390643419,8.68867634452206e-06,0.5,2400,2.33709048342932,0.03736654704845965,4.52718935447544,1.3681982201149965,0.04848557423353562,1.8526443517721582,0.008232332794718139,611092416ea6900b0f06bfbb84433542316519ce1804e889edba5643f176c36c,3378657300,20,b4459ae0d1c64ba021ffce634d26402362575171,False,True,True,COMPLETE,2.0,0.0,5.684341886080802e-14,2.5579538487363607e-14,5.169993177799754e-15,16
0.6833333333333333,1640,4.0,m06_b04_g000_t200_mup15,314,-0.21558289734735941,0.03800377280775757,0.64261533216155,0.6417113532752955,0.6404986752910344,0.00016670157960402426,2.240271856720282,1.0,1.0,0.0,0.2,-7.201003042121547,0.18957001114817676,-90.04566749936876,0.17187489225197786,-97.24667054149029,0.069530993523221,1.9208418790278714,stage3-coarse-20260729,1.0,0.0,6,cpu,40,1.5,0.013960032813679413,3.128966809641917e-05,0.5,2400,2.256000057501826,0.06660185945521895,7.398088330327644,1.4565163224215047,0.07302863698585346,1.8562581899616657,0.00437668448507321,d46099b43931786cef0df72a3b8514688a77c3c1229fed4e4bca1efb882ce0e3,2154221932,20,b4459ae0d1c64ba021ffce634d26402362575171,False,True,True,COMPLETE,2.0,0.0,1.7053025658242404e-13,4.263256414560601e-14,6.020560375477568e-15,17
0.9891666666666666,2374,4.0,m06_b04_g025_t000_mun15,315,-0.10728635977130921,0.05740191079993282,0.04596498074076946,0.00860306514225044,0.002738579849514314,0.0014611897722597647,0.8070244668423033,1.0,1.0,0.0,0.2,-0.09274712597754695,0.021623225877783994,0.46456551768152377,0.07890424770202731,0.3718183917039769,0.05784882499134319,0.8721492475677792,stage3-coarse-20260729,1.0,0.25,6,wsl,40,-1.5,0.00047776110025184876,8.176922782645904e-05,0.5,2400,0.009736956315173477,0.002895768090970022,0.5852871250238036,0.006141644826413449,0.001009032512589597,0.007939300570793463,0.001871681842664677,cb47cb5ee5b037aaebd837cfd74d5fe38ef987b9d378844f1d8b89c89afd2a93,2939934256,20,b4459ae0d1c64ba021ffce634d26402362575171,False,True,True,COMPLETE,0.0,0.0,4.385380947269368e-15,1.4117179647499255e-15,1.8669132246247486e-16,7
0.59375,1425,4.0,m06_b04_g025_t000_mu000,316,0.18914277816882596,0.08609102884520713,0.5000000000000004,0.5,0.4999999999999995,3.3318549984542203e-17,0.5,1.0,1.0,0.0,0.2,-11.415113697159502,0.03384143159786771,0.0,0.0,-11.415113697159502,0.03384143159786771,1.813210751014831,stage3-coarse-20260729,1.0,0.25,6,cpu,40,0.0,0.013986037190995892,2.668819581961003e-05,0.5,2400,0.10565266574475825,0.02087691388393236,1.6511925068396915,0.13116578833076234,0.0039095431406186,0.11840922703776027,0.010181726258943159,a3c98b193bc5c60e0a1626e5fb16b663dfbe32c5e20a56e4da6eb56663c58158,1943616710,20,b4459ae0d1c64ba021ffce634d26402362575171,False,True,True,COMPLETE,0.0,0.0,2.842170943040401e-14,8.526512829121202e-15,1.3726088356154149e-15,18
0.99125,2379,4.0,m06_b04_g025_t000_mup15,317,-0.023447478291196318,0.015114904171152726,0.9970719886427342,0.9924871917977054,0.9716061091732673,0.002277665658306522,3.2381233302305583,1.0,1.0,0.0,0.2,-0.07646546733357809,0.029227361367155168,-53.59430835707608,0.12299394554855404,-53.67077382440967,0.09375532843739479,3.3090836480351036,stage3-coarse-20260729,1.0,0.25,6,cpu,40,1.5,0.00041560108653172025,0.00012582240088910752,0.5,2400,0.006212435782087714,0.002313238993089299,3.1713355531365095,0.005633932427453193,0.0019060791948340057,0.0059231841047704525,0.0021100841978329483,d871694fa728ad679a6a2cdb971e1637fc686310bc6bf22ae2bacde66ee421bf,3656420741,20,b4459ae0d1c64ba021ffce634d26402362575171,False,True,True,COMPLETE,0.0,0.0,8.526512829121202e-14,2.4868995751603507e-14,5.167233364245248e-15,19
0.9225,2214,4.0,m06_b04_g025_t025_mun15,318,-0.018883093496965393,0.095928551959304,0.10289787249815119,0.05313040775012849,0.007711201886897784,0.012370431274759116,4.00891639386928,1.0,1.0,0.0,0.2,-0.8198080055096973,0.23887012638765193,1.5896974181999515,0.33965754036418055,0.7698894126902538,0.11123129552575524,3.144571524750116,stage3-coarse-20260729,1.0,0.25,6,cpu,40,-1.5,0.002930878736677534,0.0006770607607623485,0.5,2400,0.13020767038310901,0.056553324634741,4.054728738600689,0.09575689455711352,0.025196731270434165,0.11298228247011126,0.04081692492711409,f11f38d13161b5b9a8903aa0c4daa77d9ee85e09e20f51360d50293dbe475b7a,4279557626,20,b4459ae0d1c64ba021ffce634d26402362575171,False,True,True,COMPLETE,0.25,0.0,3.552713678800501e-15,1.0449974219284286e-15,1.1874608264448793e-16,20
0.6266666666666667,1504,4.0,m06_b04_g025_t025_mu000,319,-0.5629964635246913,0.16450953111494906,0.4999999999999999,0.49999999999999967,0.49999999999999933,2.2531209026877378e-17,0.5,1.0,1.0,0.0,0.2,-10.636740443932013,0.3717560685911783,-5.567442019904654,0.07150415218726557,-16.204182463836666,0.40294453462363033,4.080247183839153,stage3-coarse-20260729,1.0,0.25,6,cpu,40,0.0,0.014068886560879446,7.746949716990658e-05,0.5,2400,2.2998611290131334,0.35209922818019634,6.03476314690257,0.5827860443824953,0.17327899889284412,1.441323586697814,0.09006268303453144,8c21fef61997c3aa8437f206ba9da2d7111af5af518054172b42b6210ef2f6c9,709880712,20,b4459ae0d1c64ba021ffce634d26402362575171,False,True,True,COMPLETE,0.25,0.0,2.842170943040401e-14,6.7501559897209515e-15,1.3225758948442266e-15,21
0.9445833333333333,2267,4.0,m06_b04_g025_t025_mup15,320,0.03748816995061822,0.0609234084891343,0.9957406245560035,0.9542501843823376,0.8993954929416604,0.013223868549240967,4.674903917539226,1.0,1.0,0.0,0.2,-0.6798523714377782,0.21884901769629558,-52.58024592465288,0.39698267723294234,-53.26009829609065,0.18145675537796244,5.5587967132673635,stage3-coarse-20260729,1.0,0.25,6,wsl,40,1.5,0.002511841640260199,0.0007201591941401322,0.5,2400,0.08664619712041756,0.02916918852717492,2.547893938207961,0.08255787214152276,0.02948999877170721,0.08460203463097016,0.02882975272268662,d862a2bda982dca6642655d50f4bd9712c300fcaf3e00359c6e784f30126182f,578268162,20,b4459ae0d1c64ba021ffce634d26402362575171,False,True,True,COMPLETE,0.25,0.0,8.526512829121202e-14,2.842170943040401e-14,4.195921499303478e-15,8
0.68875,1653,4.0,m06_b04_g025_t050_mun15,321,-0.7862781000166004,0.019576423018416743,0.26439427812831,0.25151306224330217,0.2322010409471003,0.00272907732276672,2.9440040838375467,1.0,1.0,0.0,0.2,-8.23757416936822,0.13902599335448088,2.9271022931752504,0.13475892889117047,-5.310471876192969,0.07232604079408785,2.464454253520886,stage3-coarse-20260729,1.0,0.25,6,cpu,40,-1.5,0.013597925726751786,0.00010673036295751172,0.5,2400,2.602110394172235,0.05221583714903456,2.389029121598691,0.31013884871184383,0.02811867987247559,1.4561246214420396,0.02143065747513194,8efd51f0e53612bdf298c318bb0c761d5baf56430ceeb9918283d217fa1616c4,934181303,20,b4459ae0d1c64ba021ffce634d26402362575171,False,True,True,COMPLETE,0.5,0.0,1.4210854715202004e-14,3.819167204710538e-15,8.273024262271682e-16,22
0.6466666666666666,1552,4.0,m06_b04_g025_t050_mu000,322,-0.5386454856100964,0.04329175401134106,0.5000000000000018,0.49999999999999967,0.4999999999999992,6.728796399883635e-17,0.5491442753062302,1.0,1.0,0.0,0.2,-10.105081018662855,0.22952719620669676,-12.957025468234097,0.2198611140963434,-23.062106486896955,0.04448797924418274,1.0670023669179396,stage3-coarse-20260729,1.0,0.25,6,cpu,40,0.0,0.01402076383693317,2.4253112281225502e-05,0.5,2400,2.7210373880539462,0.039708128792871326,3.2755231342240534,0.821766913870769,0.08698052816921528,1.7714021509623579,0.02329733738224502,bd43feaad673bd75c7bbab512e320f33515cb598f91dec8ad6c51fc5bfc22eb3,1403926016,20,b4459ae0d1c64ba021ffce634d26402362575171,False,True,True,COMPLETE,0.5,0.0,2.842170943040401e-14,1.1013412404281553e-14,2.1278291876733544e-15,23
0.7195833333333334,1727,4.0,m06_b04_g025_t050_mup15,323,-0.6517494240720166,0.035457990512701945,0.7682942541433067,0.7480073299177538,0.7324392387011206,0.0025678024053091514,2.10803357144832,1.0,1.0,0.0,0.2,-7.6623708274956375,0.22090122250186783,-51.414470726261605,0.21189653261791708,-59.076841553757234,0.20417023356484898,3.712435405660517,stage3-coarse-20260729,1.0,0.25,6,cpu,40,1.5,0.013395034308379036,0.00023301629981938038,0.5,2400,2.3235804386349908,0.09105344853730628,2.5393426762945053,0.48414069230491086,0.04507469457404621,1.4038605654699507,0.03334635495380633,16d11b175dba5855634eeabd94825230d6c63d65e93bcf092ca27667fe0db12c,1018566358,20,b4459ae0d1c64ba021ffce634d26402362575171,False,True,True,COMPLETE,0.5,0.0,5.684341886080802e-14,2.4158453015843406e-14,4.2632564145606e-15,24
0.6433333333333333,1544,4.0,m06_b04_g025_t100_mun15,324,-0.4567390288167224,0.039909915177071514,0.3115194987578375,0.30231194376133935,0.29204720092062714,0.0015212902606780915,2.09081367023015,1.0,1.0,0.0,0.2,-8.189864837822014,0.13025037332724307,-8.757826077346648,0.12405467358390243,-16.947690915168664,0.02464311862174509,0.9015480553811459,stage3-coarse-20260729,1.0,0.25,6,cpu,40,-1.5,0.013972298039791942,1.5547550201061783e-05,0.5,2400,2.375566454792955,0.06750168237732747,5.225538580648519,0.8863015665242289,0.06382924183018873,1.6309340106585917,0.004660286389557841,c1745cf6b47e7212be9a3a638f589dfa26e4e223a07f3ff0cbb661cdbefc011f,2817846498,20,b4459ae0d1c64ba021ffce634d26402362575171,False,True,True,COMPLETE,1.0,0.0,2.842170943040401e-14,8.171241461241152e-15,1.3353764225316569e-15,25
0.6625,1590,4.0,m06_b04_g025_t100_mu000,325,-0.35226274941219604,0.01962230457620109,0.5000000000000003,0.49999999999999983,0.4999999999999994,3.854397221762935e-17,0.7402584292348072,1.0,1.0,0.0,0.2,-9.44225442845513,0.15097223273666777,-27.254926831196663,0.1184917161524488,-36.69718125965179,0.07813094690463472,2.131587256359484,stage3-coarse-20260729,1.0,0.25,6,wsl,40,0.0,0.013933656077306632,1.138666465397786e-05,0.5,2400,2.4856748040463392,0.03445471165218583,2.2944826257924094,1.1910319911237763,0.039536314378764606,1.838353397585058,0.00906098702731379,941e1a6c4c16e4649243e5ebe2c5025e632c93b16cb04f1fd7c4a438ac47e7f1,2253673182,20,b4459ae0d1c64ba021ffce634d26402362575171,False,True,True,COMPLETE,1.0,0.0,5.684341886080802e-14,1.2789769243681804e-14,2.86936937081715e-15,9
0.6758333333333333,1622,4.0,m06_b04_g025_t100_mup15,326,-0.4685378941108115,0.03916131524076928,0.7044862740659085,0.6930950740432794,0.6711162546876529,0.002809105141458074,2.846228307244154,1.0,1.0,0.0,0.2,-8.344059532837097,0.14839274742317218,-62.61188291561812,0.10201291090001166,-70.9559424484552,0.05915390124161586,1.8473658229400427,stage3-coarse-20260729,1.0,0.25,6,cpu,40,1.5,0.013946458566916963,1.32901558584043e-05,0.5,2400,2.4237811579405326,0.0648008335145242,2.6179819700989095,0.8761128832938099,0.06503630106910487,1.6499470206171711,0.012245610783898414,1b46ba67eba1b2bd6eeff65e2f6b2fc452b0cb4599d8bcbbf5634d9dd0e4a187,312328843,20,b4459ae0d1c64ba021ffce634d26402362575171,False,True,True,COMPLETE,1.0,0.0,5.684341886080802e-14,1.7053025658242404e-14,4.9026141179280594e-15,26
0.6545833333333333,1571,4.0,m06_b04_g025_t200_mun15,327,-0.19824308190086257,0.01769969389323235,0.36073051245477056,0.3601410014014158,0.359215166856741,9.907254445973144e-05,1.2885993922498706,1.0,1.0,0.0,0.2,-8.380068969679357,0.07421163082843957,-36.15848443737469,0.08536300762205817,-44.53855340705404,0.054211842926129454,1.5025068995909927,stage3-coarse-20260729,1.0,0.25,6,cpu,40,-1.5,0.013943203022360939,1.3604890508184983e-05,0.5,2400,2.2352677742196008,0.032455149663653406,1.7311549820819994,1.4958241734411708,0.033799529402615755,1.8655459738303857,0.002634365273476305,6f5c651047f05c1b51a6ced8d111e5b632e6be5edd9bf05c689cca0cc16f135f,632556837,20,b4459ae0d1c64ba021ffce634d26402362575171,False,True,True,COMPLETE,2.0,0.0,5.684341886080802e-14,1.9184653865522706e-14,2.7659965922759077e-15,27
0.6633333333333333,1592,4.0,m06_b04_g025_t200_mu000,328,-0.1469732008930126,0.022851798635017028,0.5000000000000032,0.5000000000000001,0.4999999999999992,1.002614913778946e-16,0.5,1.0,1.0,0.0,0.2,-8.480630823559245,0.11736429709202705,-55.739217992821786,0.11333002826239146,-64.21984881638102,0.11642803789242284,3.67893629052892,stage3-coarse-20260729,1.0,0.25,6,cpu,40,0.0,0.013931763551792977,1.3692148706630521e-05,0.5,2400,2.1397727304082963,0.043130872604274346,3.3703736105311366,1.5914822821960375,0.04327967735607763,1.8656275063021668,0.0060801300180723244,9f5794e30c47bbaf418afb1673f92df2bd09d12237b03409188fccd36b0762cb,1323183565,20,b4459ae0d1c64ba021ffce634d26402362575171,False,True,True,COMPLETE,2.0,0.0,1.1368683772161603e-13,2.4158453015843406e-14,4.938537427732012e-15,28
0.6795833333333333,1631,4.0,m06_b04_g025_t200_mup15,329,-0.17218063273016257,0.021026221847863007,0.6409288346187333,0.6403829950506396,0.6396260121292986,7.515520307511886e-05,1.0551567373723918,1.0,1.0,0.0,0.2,-8.317893123541406,0.10069547519124004,-90.31365087899528,0.1566331000276947,-98.63154400253669,0.19019236356858188,4.216113864301815,stage3-coarse-20260729,1.0,0.25,6,cpu,40,1.5,0.014134643166037486,0.00013318472362417943,0.5,2400,2.1915821090365926,0.04410665414694916,2.946745864342228,1.5479172739299787,0.03704421867021856,1.8697496914832854,0.009036263698732179,d25c26aa24ba226fffee84ee8a4dca18384c2432bf81b9ee5eec035f53b3dc4f,949037773,20,b4459ae0d1c64ba021ffce634d26402362575171,False,True,True,COMPLETE,2.0,0.0,5.684341886080802e-14,2.842170943040401e-14,4.551115859075228e-15,29
0.97875,2349,4.0,m06_b04_g050_t000_mun15,330,-0.08862700446441958,0.038624641803798834,0.03430775930521135,0.010252489443032402,0.0028389824624083394,0.002433045712465338,2.162021684486665,1.0,1.0,0.0,0.2,-0.12719828329115884,0.03674952759298237,0.5536344299237497,0.1313844684731282,0.4264361466325909,0.09466528916620458,2.173517942742533,stage3-coarse-20260729,1.0,0.5,6,wsl,40,-1.5,0.0005691634981806143,0.00013560494951216995,0.5,2400,0.010159810688421452,0.0035606615057996887,2.0575439193217084,0.007476892301175505,0.0018873725933054204,0.008818351494798479,0.0027303729503955843,9914a4922c8ad1df530c3e77edbc3a222ead16851a63782582fbee695081c865,758765000,20,b4459ae0d1c64ba021ffce634d26402362575171,False,True,True,COMPLETE,0.0,0.0,4.135580766728708e-15,1.2892464873459631e-15,1.8886715050481832e-16,10
0.61375,1473,4.0,m06_b04_g050_t000_mu000,331,-0.5164972799883071,0.0742516418795346,0.5000000000000004,0.5,0.4999999999999996,4.2132976667495384e-17,0.821468838740079,1.0,1.0,0.0,0.2,-11.632135132626448,0.27207288836587745,0.0,0.0,-11.632135132626448,0.27207288836587745,3.676232305050771,stage3-coarse-20260729,1.0,0.5,6,cpu,40,0.0,0.014354346994378101,0.00019231977386794985,0.5,2400,0.8285732450418907,0.11808818978280225,3.4915545780119395,0.2677931587423692,0.06678785080026316,0.5481832018921299,0.08273105980652594,2f6a86cc1bb13c3b7063012822e9ac9020c7812969d7bce49e4e7613e8880084,2995651756,20,b4459ae0d1c64ba021ffce634d26402362575171,False,True,True,COMPLETE,0.0,0.0,2.842170943040401e-14,7.460698725481052e-15,1.245075425334858e-15,30
0.9858333333333333,2366,4.0,m06_b04_g050_t000_mup15,332,-0.09201152864556827,0.02549708189609098,0.9970101172064992,0.991526336191632,0.9739873983487038,0.0017482172239790099,2.1399357146960933,1.0,1.0,0.0,0.2,-0.1010079535441204,0.026255980633154808,-53.54242215434813,0.09440373009486816,-53.64343010789226,0.06818199389669903,2.1361056989344127,stage3-coarse-20260729,1.0,0.5,6,cpu,40,1.5,0.00047094913027307913,9.791322983978816e-05,0.5,2400,0.008204898524982544,0.0016934539659822297,1.1376094729075503,0.006001758739469717,0.0011394245878986477,0.00710332863222613,0.0014840677495581863,ca213b9f95f49fb3c1230915d38f69226171f0e2b10c21d5b489b2132fe05130,820994850,20,b4459ae0d1c64ba021ffce634d26402362575171,False,True,True,COMPLETE,0.0,0.0,1.1368683772161603e-13,2.984279490192421e-14,4.189746482713522e-15,31
0.7945833333333333,1907,4.0,m06_b04_g050_t025_mun15,333,-0.4929976334411833,0.08847598151154948,0.24330893215099048,0.1638527303827542,0.07943515897531528,0.018417742594539505,4.312187808172491,1.0,1.0,0.0,0.2,-4.444682198650958,0.6743189712087528,5.023309933059558,0.552658426448626,0.5786277344085998,0.13750934801700532,2.8323405743145966,stage3-coarse-20260729,1.0,0.5,6,cpu,40,-1.5,0.008913376844257387,0.0009964229561474844,0.5,2400,1.061188258631881,0.22509887960212235,3.4141861034306697,0.34858874256864275,0.10939475499452068,0.7048885006002619,0.13509287747276705,52f113465503455b6251f602bb12bc27216ab5c5eca45795e9d1f98759e207bf,3711284357,20,b4459ae0d1c64ba021ffce634d26402362575171,False,True,True,COMPLETE,0.25,0.0,7.105427357601002e-15,1.3544720900426909e-15,3.8703091391784188e-16,32
0.6120833333333333,1469,4.0,m06_b04_g050_t025_mu000,334,-0.6370630399793102,0.03753065177467423,0.5,0.49999999999999967,0.4999999999999991,3.2516910492173565e-17,0.5529773257045985,1.0,1.0,0.0,0.2,-11.43344553806352,0.10090930492431392,-5.841733983929563,0.1526471065387361,-17.275179521993085,0.10735647459363294,2.28696753517979,stage3-coarse-20260729,1.0,0.5,6,cpu,40,0.0,0.013987360566990797,2.3831933903998246e-05,0.5,2400,2.552028683448244,0.08488485461837797,1.71954704144836,0.5624150735707986,0.07054693959551503,1.5572218785095213,0.04324829254334083,82fe8081c7bdf55524ae85705dbff37b4b745ae97d338583c34cbbc33223bd4b,4201388784,20,b4459ae0d1c64ba021ffce634d26402362575171,False,True,True,COMPLETE,0.25,0.0,2.842170943040401e-14,8.526512829121202e-15,1.32686688210676e-15,33
0.7091666666666666,1702,4.0,m06_b04_g050_t025_mup15,335,-0.7398495814082547,0.03319722029619056,0.843197755936864,0.7796421702715061,0.7470853821477665,0.00846155319912958,2.616538112807006,1.0,1.0,0.0,0.2,-7.147765996512954,0.40588561989672917,-46.938381030652565,0.316699163785988,-54.086147027165524,0.09936042300949154,2.354243236114717,stage3-coarse-20260729,1.0,0.5,6,wsl,40,1.5,0.012165650927844667,0.00045869753073901756,0.5,2400,2.0876175430049626,0.14319499595938354,2.2262047864164796,0.2963590995035198,0.035240992813627706,1.191988321254241,0.07291912517503456,68cd6d603df6c5aa35a5c45f305ccd0b81853f645afd9ff0758c6f646d74b398,1708339770,20,b4459ae0d1c64ba021ffce634d26402362575171,False,True,True,COMPLETE,0.25,0.0,8.526512829121202e-14,1.9895196601282804e-14,3.086716954768283e-15,11
0.6741666666666667,1618,4.0,m06_b04_g050_t050_mun15,336,-0.42760186817712215,0.05794350266585872,0.27803923267044856,0.26412410230991207,0.24065749296863023,0.0053165332960800945,5.5371899976007315,1.0,1.0,0.0,0.2,-7.89699362333973,0.2878316862285232,2.5280340522807587,0.23903578741700027,-5.368959571058971,0.07738279327237758,1.709350925646316,stage3-coarse-20260729,1.0,0.5,6,cpu,40,-1.5,0.013677576647132808,0.00017139779002257102,0.5,2400,2.0651516592820887,0.13219801720151006,4.511557073127163,0.8230344840401973,0.06454766173539124,1.4440930716611429,0.034647254728839776,5ed0b812ed5a91f278f6aa9484e05d6789751cc41884e01a2d2366cff4fe7154,2575703499,20,b4459ae0d1c64ba021ffce634d26402362575171,False,True,True,COMPLETE,0.5,0.0,1.4210854715202004e-14,3.907985046680551e-15,8.418795534617955e-16,34
0.64375,1545,4.0,m06_b04_g050_t050_mu000,337,-0.41114622936951123,0.08903660498636126,0.5000000000000004,0.49999999999999967,0.4999999999999994,4.304550321575632e-17,0.7504291497975709,1.0,1.0,0.0,0.2,-10.82215422660189,0.23512797918623968,-13.017505864417524,0.2837747901929376,-23.839660091019418,0.07755717241903194,1.4835242692376842,stage3-coarse-20260729,1.0,0.5,6,cpu,40,0.0,0.014015680691451048,2.4560299453665968e-05,0.5,2400,2.453150535635041,0.144856018345405,4.195769447953804,1.032796772385923,0.16332786103882752,1.7429736540104823,0.041283907619551634,3f09bd55685372498225a71fbf0334546314c5a108b7719b6e489fd48f48c860,4012616579,20,b4459ae0d1c64ba021ffce634d26402362575171,False,True,True,COMPLETE,0.5,0.0,2.842170943040401e-14,9.592326932761353e-15,2.1217366077016347e-15,35
0.6966666666666667,1672,4.0,m06_b04_g050_t050_mup15,338,-0.45628242027148574,0.07595456787612573,0.7595842234076604,0.7478533820938044,0.7343815830676611,0.0032575755594514387,4.872729031540688,1.0,1.0,0.0,0.2,-7.699106408920882,0.24209962254323455,-51.86032635414695,0.19437594242393974,-59.55943276306783,0.15130743973273628,2.832710762764609,stage3-coarse-20260729,1.0,0.5,6,cpu,40,1.5,0.013499701723560636,0.00010751036809070616,0.5,2400,2.0548605071077937,0.13243816986225604,3.174076383671005,0.7561341028719801,0.09632913353376629,1.4054973049898867,0.019061934250089455,1a739df889396480cffa9d268757adabace0a299025b96d871c5a786b9dba162,1790410067,20,b4459ae0d1c64ba021ffce634d26402362575171,False,True,True,COMPLETE,0.5,0.0,5.684341886080802e-14,2.9132252166164105e-14,4.9480389174928904e-15,36
0.6708333333333333,1610,4.0,m06_b04_g050_t100_mun15,339,-0.301918541972349,0.04065183355402171,0.3304836952647197,0.3124841236774305,0.2961666127212392,0.0029248261305157633,1.9773922976937806,1.0,1.0,0.0,0.2,-8.798479273480662,0.13430706664166994,-8.910149954851018,0.14443780526548206,-17.70862922833168,0.05026968922030352,0.8512348632379567,stage3-coarse-20260729,1.0,0.5,6,cpu,40,-1.5,0.013975736241979213,2.028807089422334e-05,0.5,2400,2.15818495172221,0.0739689042599419,2.925579292358287,1.1576191048644426,0.06372184812752106,1.6579020282933263,0.010469707942256849,5b87163584c25b89bfd21c7562fe5c21482883759731a07b5c5ff50e9c2f77eb,1241495016,20,b4459ae0d1c64ba021ffce634d26402362575171,False,True,True,COMPLETE,1.0,0.0,2.842170943040401e-14,6.394884621840902e-15,1.434684685408575e-15,37
0.6320833333333333,1517,4.0,m06_b04_g050_t100_mu000,340,-0.26206418491867794,0.06615988468508449,0.5000000000000003,0.49999999999999967,0.49999999999999883,7.574046138543454e-17,1.0225903328201327,1.0,1.0,0.0,0.2,-10.17037464333726,0.16836479067005464,-27.4375088904746,0.1944854518082567,-37.607883533811865,0.09861747544462479,2.0316872910635366,stage3-coarse-20260729,1.0,0.5,6,wsl,40,0.0,0.013944490444416358,1.725392256911884e-05,0.5,2400,2.322776043889045,0.11943136449089457,5.214613737727598,1.3617779212401542,0.12498412343986383,1.8422769825646,0.013896306682970518,9050d9e87c531fc0cd34f5930b0c687c07c3e0488406b4184d4ad6cfdc706e41,547984790,20,b4459ae0d1c64ba021ffce634d26402362575171,False,True,True,COMPLETE,1.0,0.0,5.684341886080802e-14,1.9895196601282804e-14,3.4057432544345715e-15,12
0.6695833333333333,1607,4.0,m06_b04_g050_t100_mup15,341,-0.3680110845941843,0.04854105188690177,0.7067184831089922,0.6839031173248313,0.6658276590872396,0.0041467086517777835,4.196688310376205,1.0,1.0,0.0,0.2,-9.140410335847426,0.19597358981126023,-62.66934649715495,0.3798464681640158,-71.80975683300237,0.1875804662360895,3.3527336778614107,stage3-coarse-20260729,1.0,0.5,6,cpu,40,1.5,0.014086288481920986,5.257568027248237e-05,0.5,2400,2.2922806857906606,0.08625291461679163,3.2866358620454252,1.0625417015710157,0.08462551837511692,1.6774111936808382,0.00837902519587107,d33402fdf5c81380e95b7b6b0aeaa57b3dc04e14a9398835577f3cd755d3fb5f,3017252258,20,b4459ae0d1c64ba021ffce634d26402362575171,False,True,True,COMPLETE,1.0,0.0,1.1368683772161603e-13,3.694822225952521e-14,5.951356233016265e-15,38
0.6545833333333333,1571,4.0,m06_b04_g050_t200_mun15,342,-0.1358992399395198,0.025024296207141118,0.36154124150928174,0.3606836311355009,0.35926149624332476,0.0002500880385522353,5.288763729764772,1.0,1.0,0.0,0.2,-9.50805094915592,0.0594872299247078,-36.26992130824773,0.09739315799810579,-45.777972257403654,0.07399823781889835,1.5717868361970853,stage3-coarse-20260729,1.0,0.5,6,cpu,40,-1.5,0.013996047491888383,3.329740824323272e-05,0.5,2400,2.1184678463317557,0.0454288331328477,3.0318972435895586,1.6119897036897755,0.048230429854195386,1.8652287750107654,0.0044402565993045835,d28fd6b7d8aa6187c6362bdc27c1d80a2df5d77186e08e1da0cce5593d68b9e1,172352686,20,b4459ae0d1c64ba021ffce634d26402362575171,False,True,True,COMPLETE,2.0,0.0,5.684341886080802e-14,1.0658141036401503e-14,2.6316903700447977e-15,39
0.6433333333333333,1544,4.0,m06_b04_g050_t200_mu000,343,-0.10768358903475206,0.07137188898271882,0.500000000000001,0.5000000000000002,0.4999999999999996,5.4081701287612226e-17,0.5553984650008656,1.0,1.0,0.0,0.2,-9.779394890281106,0.12663302341954502,-55.82946086146635,0.20603319942331755,-65.60885575174746,0.1218025639812984,2.247930761929554,stage3-coarse-20260729,1.0,0.5,6,cpu,40,0.0,0.013966538193616596,1.975200731338968e-05,0.5,2400,2.073679868689247,0.1312212788369933,6.058283978485659,1.672208860131945,0.1349997819519547,1.8729443644105959,0.005953986011912263,d1c71b2cf4ac726a2f4553b742aa64810642c6c983eff333441186078212673b,543058272,20,b4459ae0d1c64ba021ffce634d26402362575171,False,True,True,COMPLETE,2.0,0.0,1.1368683772161603e-13,3.410605131648481e-14,5.2531543223419235e-15,40
0.6529166666666667,1567,4.0,m06_b04_g050_t200_mup15,344,-0.26976956045674155,0.0271303067844699,0.6401309590531981,0.6388193657189041,0.637237371790131,0.00031593596990922915,2.770224420757798,1.0,1.0,0.0,0.2,-9.82718171872553,0.0646446694689121,-89.44568243892063,0.11182673056851782,-99.27286415764617,0.08522455439607873,1.4370631465595145,stage3-coarse-20260729,1.0,0.5,6,cpu,40,1.5,0.013984397867199422,1.9772008056262783e-05,0.5,2400,2.3396529183575963,0.05551183286380354,3.3074445238728587,1.34537219089527,0.04729969416600025,1.8425125546264334,0.0053259765102538,0563cd038d83d5d63ebcf67dd6a447b521ffe76b7e29b0101ffe10abc50c96ea,236999158,20,b4459ae0d1c64ba021ffce634d26402362575171,False,True,True,COMPLETE,2.0,0.0,5.684341886080802e-14,3.126388037344441e-14,4.528303104596554e-15,41
0.9820833333333333,2357,4.0,m06_b04_g100_t000_mun15,345,0.0578891244751059,0.07592877415737936,0.03978440250839571,0.014313315604810342,0.0028715453054168278,0.0022076893423362827,1.373782165542592,1.0,1.0,0.0,0.2,-0.23623104167484202,0.041571474883041255,0.7729190426597585,0.11921522448615927,0.5366880009849165,0.07768611277726781,1.3895895477874154,stage3-coarse-20260729,1.0,1.0,6,wsl,40,-1.5,0.0007961978637499173,0.00012264414987460777,0.5,2400,0.013513246737111897,0.0024318822329033618,1.14128173937688,0.017725615442581902,0.00560042225711382,0.0156194310898469,0.0036553654695834752,feb461e4829e5c7ed8edc04e9f8ba07d5140add1e879d7f436de253385d5b0ed,1260684032,20,b4459ae0d1c64ba021ffce634d26402362575171,False,True,True,COMPLETE,0.0,0.0,2.9976021664879227e-15,1.0151601781416276e-15,1.187046017932728e-16,13
0.61,1464,4.0,m06_b04_g100_t000_mu000,346,0.13532779701304556,0.12747191824335385,0.5000000000000004,0.5,0.4999999999999997,3.075995470907082e-17,0.5,1.0,1.0,0.0,0.2,-12.872501419914489,0.2821283618216334,0.0,0.0,-12.872501419914489,0.2821283618216334,5.489709095705362,stage3-coarse-20260729,1.0,1.0,6,cpu,40,0.0,0.01433225806097666,0.00015159185142072545,0.5,2400,0.641684152196384,0.08710871818946406,2.2019367064301414,0.8581191273865653,0.14064749333341764,0.7499016397914746,0.08286152107287045,4a53673d559ba01e12c512f13a859b9820d47e3081c5c57302d0865ca799a93a,2010079279,20,b4459ae0d1c64ba021ffce634d26402362575171,False,True,True,COMPLETE,0.0,0.0,2.842170943040401e-14,6.0396132539608514e-15,1.3663436327994072e-15,42
0.9775,2346,4.0,m06_b04_g100_t000_mup15,347,0.021621939199100416,0.03523073160196087,0.9963934934265549,0.9827806405739425,0.9563833032768579,0.004333150691910185,2.329399999113597,1.0,1.0,0.0,0.2,-0.3033985006084562,0.08724431906817645,-53.0701545909929,0.23399013736314997,-53.373553091601366,0.14702562841855998,2.371430518391807,stage3-coarse-20260729,1.0,1.0,6,cpu,40,1.5,0.0009612828033392544,0.0002412358063558728,0.5,2400,0.013218126651626343,0.00308284549476484,1.6258302483839469,0.014477331836597846,0.003982604380431493,0.013847729244112095,0.003445621933342664,afe9c2d6e7711a3d33f948e13d77c0ff06c8a6450b9825458b37e2a856096fa6,2463131444,20,b4459ae0d1c64ba021ffce634d26402362575171,False,True,True,COMPLETE,0.0,0.0,5.684341886080802e-14,2.2737367544323207e-14,3.2501468177592047e-15,43
0.6841666666666667,1642,4.0,m06_b04_g100_t025_mun15,348,0.1385470971614854,0.10663820495362619,0.26513239722764276,0.23970201515697945,0.20111960547408206,0.009715685945635504,6.23992578162075,1.0,1.0,0.0,0.2,-8.395390993597069,0.34130294158748753,7.496148339298264,0.3600960183590103,-0.8992426542988042,0.12732047242447253,1.7897335673341261,stage3-coarse-20260729,1.0,1.0,6,cpu,40,-1.5,0.012449136912138333,0.00027456604583975117,0.5,2400,1.03251532040882,0.11704572271508851,2.9880554481876396,1.3727542824269423,0.15088533735922707,1.2026348014178811,0.0585190320971565,382e8f304b38860b9574b599802ad40b6095fb927498c8b324f38edf372aab73,2120506658,20,b4459ae0d1c64ba021ffce634d26402362575171,False,True,True,COMPLETE,0.25,0.0,1.4210854715202004e-14,3.3750779948604757e-15,6.094025283298508e-16,44
0.58375,1401,4.0,m06_b04_g100_t025_mu000,349,-0.11082706485511669,0.08589472442023763,0.5000000000000003,0.4999999999999997,0.49999999999999933,4.1446239335608736e-17,0.8928436912334027,1.0,1.0,0.0,0.2,-13.176795046484159,0.09207597491789865,-6.712717348463906,0.05127335345722366,-19.889512394948067,0.12548173330684884,2.009636646005602,stage3-coarse-20260729,1.0,1.0,6,cpu,40,0.0,0.014196279852158123,6.756633524045335e-05,0.5,2400,1.957325550865102,0.1631587426292294,3.357446789180217,1.564735834155249,0.15047968418550506,1.7610306925101753,0.023396318229285697,331892fb75942e6f3298c7e03f07027fc031bd009784592ec41fd799d32be8f4,751954210,20,b4459ae0d1c64ba021ffce634d26402362575171,False,True,True,COMPLETE,0.25,0.0,2.842170943040401e-14,1.3500311979441903e-14,1.967403748162647e-15,45
0.6820833333333334,1637,4.0,m06_b04_g100_t025_mup15,350,-0.08724349068520722,0.11779197663174036,0.7878179206733837,0.7606480221897932,0.7318205271500013,0.0039772027635330345,1.901081839064073,1.0,1.0,0.0,0.2,-8.378280142394626,0.20054885599809325,-46.61509549024176,0.18131036686126661,-54.99337563263638,0.10911403416576504,1.2878048719295723,stage3-coarse-20260729,1.0,1.0,6,wsl,40,1.5,0.01270315451629063,0.00025293737210733817,0.5,2400,1.3466846414546247,0.14766395521366577,3.294459613452746,1.136661564451821,0.16558929463972327,1.2416731029532229,0.035271293512316546,d764952b3611bff8b07b0e436002cb79d9eb589d1897ed94d94b8049c2131ee9,872311777,20,b4459ae0d1c64ba021ffce634d26402362575171,False,True,True,COMPLETE,0.25,0.0,8.526512829121202e-14,2.2026824808563106e-14,4.369259235058158e-15,0
0.6620833333333334,1589,4.0,m06_b04_g100_t050_mun15,351,0.09138929099903687,0.10288567599695282,0.30786399480371,0.2773253042740495,0.2512760649712523,0.009377939451709828,6.040387330102143,1.0,1.0,0.0,0.2,-9.573040520726716,0.2725613945116505,2.946451875693236,0.45983913641422114,-6.626588645033479,0.21998058880063234,4.048403110893914,stage3-coarse-20260729,1.0,1.0,6,cpu,40,-1.5,0.013449869792639086,0.00013846509920650369,0.5,2400,1.3110231742959946,0.15895820324578575,4.141267439483995,1.564822024157628,0.14537808246082246,1.4379225992268114,0.018792799148086667,5c164f50bb282d3d31fa766577d54039706b2279703fdc44eb00cda689fe865f,293994726,20,b4459ae0d1c64ba021ffce634d26402362575171,False,True,True,COMPLETE,0.5,0.0,1.4210854715202004e-14,3.3750779948604757e-15,7.94658980510702e-16,46
0.5941666666666666,1426,4.0,m06_b04_g100_t050_mu000,352,-0.11792881078593172,0.09014819256633828,0.5,0.49999999999999967,0.4999999999999994,3.0538820045319525e-17,0.7067928919488957,1.0,1.0,0.0,0.2,-13.123542304571675,0.14999448095074455,-13.519053955562109,0.14413024138862754,-26.642596260133786,0.2676859860017446,2.3808658562281297,stage3-coarse-20260729,1.0,1.0,6,cpu,40,0.0,0.014098215260637476,9.637719503231681e-05,0.5,2400,1.9887806573375157,0.15537824917820256,3.823456826698789,1.5652223845602304,0.16726899900120046,1.7770015209488732,0.03603461417068619,5995b1c5ce97c5e94cd140b4bd11559a94911a8739f3703e6a74844cac3b435f,3642491758,20,b4459ae0d1c64ba021ffce634d26402362575171,False,True,True,COMPLETE,0.5,0.0,2.842170943040401e-14,1.6342482922482303e-14,2.478794576003827e-15,47
0.6520833333333333,1565,4.0,m06_b04_g100_t050_mup15,353,-0.008424046411968773,0.0905671338173158,0.7415308075394974,0.7153307151305904,0.682714117982417,0.007843879222612276,4.432331926980376,1.0,1.0,0.0,0.2,-10.028501817019677,0.22731124798048283,-51.07197399056342,0.2763052768924727,-61.10047580758311,0.11619096627617485,2.134042594473846,stage3-coarse-20260729,1.0,1.0,6,cpu,40,1.5,0.014038274781225182,0.00016075813806584136,0.5,2400,1.5529010733938358,0.17163246333468193,3.486032338326793,1.5137411522961544,0.12301287713689023,1.533321112844995,0.04007492651885805,79579df6507394c60a78483c70277d54bd09a12e8822120bbc7a4b8547881ab4,3880603095,20,b4459ae0d1c64ba021ffce634d26402362575171,False,True,True,COMPLETE,0.5,0.0,1.1368683772161603e-13,2.1316282072803006e-14,8.190557450265562e-15,48
0.60375,1449,4.0,m06_b04_g100_t100_mun15,354,0.1692161654753765,0.10754120224307728,0.3475172961873924,0.3362266749619612,0.31582869620699694,0.002381393077200215,1.9299232926840006,1.0,1.0,0.0,0.2,-11.535630902892596,0.14315518825108242,-8.603790536138042,0.3571938849645574,-20.139421439030638,0.4763762489619861,7.15714064993676,stage3-coarse-20260729,1.0,1.0,6,cpu,40,-1.5,0.014133668918241632,7.184207357913203e-05,0.5,2400,1.464530153962794,0.2132371854025628,6.6365739059262445,2.043419489924753,0.15313329905896497,1.7539748219437734,0.03229770704182775,60b445277d130a58ab4e2b12bde10aa28602132bfa2ac365637635e9367b0721,845455032,20,b4459ae0d1c64ba021ffce634d26402362575171,False,True,True,COMPLETE,1.0,0.0,5.684341886080802e-14,1.2434497875801753e-14,2.000261088684173e-15,49
0.5958333333333333,1430,4.0,m06_b04_g100_t100_mu000,355,-0.12577490936957703,0.058125077351791295,0.5000000000000028,0.4999999999999997,0.4999999999999991,8.384591895378258e-17,0.5,1.0,1.0,0.0,0.2,-12.913732685823891,0.0846450524543105,-27.976596256982624,0.10770196011010881,-40.89032894280651,0.17163102810928155,2.3061419677165724,stage3-coarse-20260729,1.0,1.0,6,wsl,40,0.0,0.014023232587220302,2.528505173819993e-05,0.5,2400,2.1212747154148914,0.11438994692465315,3.4530619612998623,1.646419231682745,0.10540016753667827,1.8838469735488181,0.012482767882959985,764340341433861d734b22d43bfd66de2ad725ee0b89e6c3cd8de5aec853c046,892095644,20,b4459ae0d1c64ba021ffce634d26402362575171,False,True,True,COMPLETE,1.0,0.0,5.684341886080802e-14,1.5631940186722205e-14,3.4606703803867105e-15,1
0.6220833333333333,1493,4.0,m06_b04_g100_t100_mup15,356,-0.024625936347582665,0.037644109734633634,0.6744238243924501,0.6582833375931176,0.6453096101710539,0.0027966932118577577,2.940310939695754,1.0,1.0,0.0,0.2,-11.757413373670355,0.11491977866533148,-62.71489128373653,0.05363135537280306,-74.4723046574069,0.11271332369155874,1.047601852241349,stage3-coarse-20260729,1.0,1.0,6,cpu,40,1.5,0.014140169327182595,7.489471567479028e-05,0.5,2400,1.8273149868010692,0.07440871990279184,1.4692070645432067,1.7359618810179032,0.06309784427120688,1.7816384339094864,0.016739598035857894,969b8111b8cc81f63b038f893c2a81a44b61bb17639b0afafd1a3805dc999439,89379266,20,b4459ae0d1c64ba021ffce634d26402362575171,False,True,True,COMPLETE,1.0,0.0,1.1368683772161603e-13,3.552713678800501e-14,5.2633807400895955e-15,50
0.6025,1446,4.0,m06_b04_g100_t200_mun15,357,0.01643732076400822,0.01492586991967479,0.3617607138814764,0.36139683230993386,0.36108394504970975,2.8512037714222716e-05,0.7503129706456223,1.0,1.0,0.0,0.2,-12.212156353495875,0.02756662193096403,-36.32891533173079,0.09023080360762854,-48.54107168522667,0.11807888980536578,1.9334032122109592,stage3-coarse-20260729,1.0,1.0,6,cpu,40,-1.5,0.013977642847126558,2.364004804734873e-05,0.5,2400,1.8320761221614674,0.027756296321842552,1.362187445029785,1.893303082283135,0.02853382114347974,1.8626896022223012,0.005208896331799608,18211587b89cf389c637bf95356915b8265f4e2ace030e0be210c18331615096,3770984204,20,b4459ae0d1c64ba021ffce634d26402362575171,False,True,True,COMPLETE,2.0,0.0,5.684341886080802e-14,1.7763568394002505e-14,2.9995099199801173e-15,51
0.6133333333333333,1472,4.0,m06_b04_g100_t200_mu000,358,-0.07875302589894236,0.03632260571806969,0.5000000000000004,0.4999999999999999,0.4999999999999996,7.915958609514277e-17,2.230856129982254,1.0,1.0,0.0,0.2,-12.893276691305767,0.026864995853981923,-55.295919117718235,0.07621552336393439,-68.18919580902399,0.08033141566087115,1.2705784930927826,stage3-coarse-20260729,1.0,1.0,6,cpu,40,0.0,0.013928949176325738,7.504109599925746e-06,0.5,2400,1.9781810779998494,0.06667187217471669,3.3956705054961205,1.6892116135080084,0.06631764330320304,1.833696345753929,0.0035644208233976704,d8dd69d5e931cc82aabfdbcf560ea9365a8ab0be00ff9d4ebbea888f5b2258dc,1509501149,20,b4459ae0d1c64ba021ffce634d26402362575171,False,True,True,COMPLETE,2.0,0.0,1.1368683772161603e-13,3.410605131648481e-14,6.7176146781871565e-15,52
0.6058333333333333,1454,4.0,m06_b04_g100_t200_mup15,359,0.06465186912804077,0.06056601105648565,0.6390992210257517,0.638544163667578,0.6380340860627326,7.61392350380432e-05,1.9880413584792391,1.0,1.0,0.0,0.2,-12.194129033916807,0.02388792557109102,-90.322455614309,0.1949642963822703,-102.5165846482258,0.22077265128016377,4.455344807220709,stage3-coarse-20260729,1.0,1.0,6,cpu,40,1.5,0.014039421019190848,4.84711711925951e-05,0.5,2400,1.7490989785716553,0.12128185974993641,5.793791939365461,1.987952738707748,0.1039239057911092,1.8685258586397016,0.008285913956918484,b90ae458e8813ec4088312f7c01319d37d4f2743e43a9a5789c312ee0c52a9e4,2724247629,20,b4459ae0d1c64ba021ffce634d26402362575171,False,True,True,COMPLETE,2.0,0.0,1.1368683772161603e-13,3.2684965844964606e-14,6.067680385678333e-15,53
0.6783333333333333,1628,4.0,m06_b04_g200_t000_mun15,360,0.6947899786328534,0.01805779396030766,0.2751506225247873,0.23939135101119285,0.10442880146027263,0.0140428100020674,3.144937149858304,1.0,1.0,0.0,0.2,-15.936594217587492,1.335444957419806,12.927132954604417,0.7583117401116395,-3.009461262983076,0.6008357501588941,4.262636425668796,stage3-coarse-20260729,1.0,2.0,6,wsl,40,-1.5,0.00797957839781196,0.00015328796552477908,0.5,2400,0.14402245437783565,0.011193755453866916,1.3934789702033565,0.8042789729941168,0.04780287534469428,0.4741507136859763,0.02467046653213947,c45423bbdf13fdb3e05755dcb96b4d77cc55fa0aa718255b9886e3e18fa8b7a0,747657195,20,b4459ae0d1c64ba021ffce634d26402362575171,False,True,True,COMPLETE,0.0,0.0,1.4210854715202004e-14,5.81756864903582e-15,1.3730451779597937e-15,2
0.4658333333333333,1118,4.0,m06_b04_g200_t000_mu000,361,-0.648919629176184,0.04179877093628092,0.5000000000000007,0.4999999999999999,0.4999999999999995,4.849261666839681e-17,0.7710243124750897,1.0,1.0,0.0,0.2,-24.156071248935923,0.2514940363440356,0.0,0.0,-24.156071248935923,0.2514940363440356,3.570354962259251,stage3-coarse-20260729,1.0,2.0,6,cpu,40,0.0,0.014156408099333223,8.295710687234802e-05,0.5,2400,0.18340231803994178,0.023661367686679213,2.152129140587428,0.035772690061484216,0.0033363062280015498,0.109587504050713,0.011512943441594654,2761e226fb821a1e91babdde2fc4e5348e1e60f9b583bf0946b94f383a05bc2b,3643048363,20,b4459ae0d1c64ba021ffce634d26402362575171,False,True,True,COMPLETE,0.0,0.0,5.684341886080802e-14,1.9184653865522706e-14,2.5719845198495327e-15,54
0.7029166666666666,1687,4.0,m06_b04_g200_t000_mup15,362,0.42430971943811324,0.07939777995617277,0.9145469089416145,0.7614235557372033,0.6975344119990202,0.036158956353476115,7.103998430575616,1.0,1.0,0.0,0.2,-14.468609981857815,2.534993483750361,-41.11687200980898,1.9525836430877095,-55.5854819916668,0.60350859243473,5.677936325227981,stage3-coarse-20260729,1.0,2.0,6,cpu,40,1.5,0.01023106273696403,0.0006982090069390197,0.5,2400,0.2688978954004173,0.03706272099047788,2.5762841782791694,0.7044732634291606,0.1421263809571293,0.48668557941478896,0.07701070586678128,1d5ef0c15b473afdc4f8b50cc850535ad3053e49d91bc70f9d57d6a427e80a2d,4281705829,20,b4459ae0d1c64ba021ffce634d26402362575171,False,True,True,COMPLETE,0.0,0.0,1.1368683772161603e-13,2.2737367544323207e-14,4.8455808638813684e-15,55
0.53125,1275,4.0,m06_b04_g200_t025_mun15,363,0.9225470767993554,0.009507623642316016,0.26867728102364646,0.2556940282149852,0.25176618430913394,0.001682137460522125,3.597389734932127,1.0,1.0,0.0,0.2,-18.996876161257507,0.11806353282334633,8.968508151163153,0.06266171556727401,-10.02836801009435,0.10742944849510885,1.5603964894333813,stage3-coarse-20260729,1.0,2.0,6,cpu,40,-1.5,0.014289947880801157,0.0001004625331895099,0.5,2400,0.12087659089966522,0.014674613745242593,2.8778019592977104,3.0054353129517914,0.022815894166606045,1.563155951925728,0.009131389103701124,3e447b57e7c251d065b7d431b11f9da723e14bbc85bbbb0bdc89595e59aa3a20,1938948139,20,b4459ae0d1c64ba021ffce634d26402362575171,False,True,True,COMPLETE,0.25,0.0,2.842170943040401e-14,8.881784197001252e-15,1.4108000373832949e-15,56
0.47791666666666666,1147,4.0,m06_b04_g200_t025_mu000,364,0.7009157197521534,0.0817107416606034,0.5,0.49999999999999967,0.49999999999999933,3.43386819154626e-17,0.8066769581705571,1.0,1.0,0.0,0.2,-24.236411872763977,0.6713835002709464,-5.8847060069334916,0.27967750485825743,-30.121117879697472,0.3984561887075674,4.331310938830873,stage3-coarse-20260729,1.0,2.0,6,cpu,40,0.0,0.014140865790706971,6.0975776000248995e-05,0.5,2400,0.5051483749280411,0.14289606979844385,6.394249149546476,2.839340062968202,0.09679215757694429,1.6722442189481221,0.022738359117806136,df60284053d5dc354844b74ffaba1c53edea9db76fef944d46de58dfa80ec369,3326761201,20,b4459ae0d1c64ba021ffce634d26402362575171,False,True,True,COMPLETE,0.25,0.0,5.684341886080802e-14,1.6342482922482303e-14,2.6707528450633137e-15,57
0.595,1428,4.0,m06_b04_g200_t025_mup15,365,0.7504221872566058,0.05731626232195067,0.7393341087502857,0.7032611355497218,0.662306079280968,0.008026680782190258,4.0630591895818995,1.0,1.0,0.0,0.2,-19.61423119931795,0.4677879011456147,-43.35710327576347,0.46359301674432585,-62.97133447508143,0.45212119227635533,3.700929571982239,stage3-coarse-20260729,1.0,2.0,6,wsl,40,1.5,0.01355405420127724,0.0006197096240873251,0.5,2400,0.34471127641140287,0.0353537994342378,1.7023551251019895,2.5581167547752903,0.2772643904343537,1.4514140155933464,0.11476910828562555,4ebd88b1d1f83ec8d56535a053234a03f543c8b763bd41cddd9b3972a0635f72,445143882,20,b4459ae0d1c64ba021ffce634d26402362575171,False,True,True,COMPLETE,0.25,0.0,5.684341886080802e-14,2.4158453015843406e-14,4.508762617513062e-15,3
0.5454166666666667,1309,4.0,m06_b04_g200_t050_mun15,366,0.7484805421773891,0.04032058120056747,0.3021839674809126,0.2816523332897257,0.2651110920925565,0.0040767478621975325,2.972226137043623,1.0,1.0,0.0,0.2,-18.87808966066745,0.11908506819192845,3.8147605707183936,0.22765697436937357,-15.063329089949056,0.1770169768349847,2.2971601482842607,stage3-coarse-20260729,1.0,2.0,6,cpu,40,-1.5,0.014399169294744728,0.00019119943721660428,0.5,2400,0.4055675144387327,0.06868817772508369,3.4778452284912467,2.796440609850282,0.041396029142933936,1.6010040621445072,0.01586886679995754,2d0160063a74c8eca3047dde7b7adf4c1b5d0272b9a69547e29a6d108e5608cb,346828301,20,b4459ae0d1c64ba021ffce634d26402362575171,False,True,True,COMPLETE,0.5,0.0,2.842170943040401e-14,7.460698725481052e-15,2.720454999295174e-15,58
0.4920833333333333,1181,4.0,m06_b04_g200_t050_mu000,367,0.5364350447911732,0.08092938937272803,0.5000000000000002,0.49999999999999967,0.4999999999999991,3.879675663979213e-17,0.5,1.0,1.0,0.0,0.2,-23.044682994797334,0.31013223002580653,-12.465746574466651,0.2539196307340561,-35.510429569263984,0.11290106111626044,2.035991350400792,stage3-coarse-20260729,1.0,2.0,6,cpu,40,0.0,0.014063549844890577,6.129525978730095e-05,0.5,2400,0.7809025318109731,0.13963337072092283,4.824614728645543,2.566050134506214,0.11773217604199974,1.6734763331585936,0.017913038241789008,824bf2eb6ca213e93b0db123b989ffdaf8b0ac1f59ae9c67deb5282bb2dddd4a,2975797266,20,b4459ae0d1c64ba021ffce634d26402362575171,False,True,True,COMPLETE,0.5,0.0,5.684341886080802e-14,1.8474111129762605e-14,2.9756781165081327e-15,59
0.5225,1254,4.0,m06_b04_g200_t050_mup15,368,0.39912583097242293,0.048812537214723145,0.6805944342879191,0.6631027721137592,0.6486992845979881,0.0029501980226029315,3.261268040316422,1.0,1.0,0.0,0.2,-19.549487987774235,0.2012814396315744,-48.63698874683966,0.16932771776686328,-68.18647673461389,0.10039243421585857,0.94470091251366,stage3-coarse-20260729,1.0,2.0,6,cpu,40,1.5,0.014079904815705651,0.0001229956610849409,0.5,2400,1.0041535001553155,0.06363793439913183,1.9000638424657361,2.346771605118005,0.12944869263213862,1.6754625526366602,0.03528258804292203,ee886d9aee99a84a234bf3a51f2f7c58163c7c46c7a34c333e62907825979065,2563469810,20,b4459ae0d1c64ba021ffce634d26402362575171,False,True,True,COMPLETE,0.5,0.0,1.1368683772161603e-13,3.2684965844964606e-14,5.3415056901266274e-15,60
0.5020833333333333,1205,4.0,m06_b04_g200_t100_mun15,369,0.25693033891684447,0.04088294498244727,0.3607493830167701,0.35614777705162287,0.34652538518105014,0.001758185498917549,5.470985340700384,1.0,1.0,0.0,0.2,-20.025439210931683,0.1931761874006924,-8.619208115598934,0.21445588898954376,-28.644647326530617,0.18375692138903776,1.858315823632473,stage3-coarse-20260729,1.0,2.0,6,cpu,40,-1.5,0.014181664506610616,6.923313428174626e-05,0.5,2400,1.4069751826318382,0.08985136993896174,3.117253984647592,2.368612769029421,0.05547572462404357,1.8877939758306301,0.019133660840153662,32cc9ba199e0c1f54093ad3dec506513a76213ecf1cb4934eb0a0293d4e4a7c7,194913835,20,b4459ae0d1c64ba021ffce634d26402362575171,False,True,True,COMPLETE,1.0,0.0,5.684341886080802e-14,1.2789769243681804e-14,2.4823406353502336e-15,61
0.49041666666666667,1177,4.0,m06_b04_g200_t100_mu000,370,0.48162087594648356,0.026892240136104233,0.5000000000000003,0.49999999999999967,0.4999999999999939,1.59088738121171e-16,0.5455956919932392,1.0,1.0,0.0,0.2,-22.733406083646223,0.3876389054402006,-26.154778992235617,0.2128644879451507,-48.888185075881836,0.49953892996183,3.433640328606151,stage3-coarse-20260729,1.0,2.0,6,wsl,40,0.0,0.01399547450217652,5.4185467858736775e-05,0.5,2400,0.9176798133705741,0.05175894263065365,2.0700042388017224,2.6150235995338655,0.03863869504126851,1.7663517064522196,0.01386844930002354,6f44c83bed7b83e225dcba1da42d7844af814ba2b67bb6fd7ed222dd5f1332bf,3987508473,20,b4459ae0d1c64ba021ffce634d26402362575171,False,True,True,COMPLETE,1.0,0.0,5.684341886080802e-14,2.2737367544323207e-14,4.848320182808906e-15,4
0.49041666666666667,1177,4.0,m06_b04_g200_t100_mup15,371,0.42033236041772437,0.01990478179228462,0.6541443080910853,0.6422675569195994,0.6377371666247009,0.0025320653254685185,6.188812430368928,1.0,1.0,0.0,0.2,-20.47916484040172,0.10151811660198982,-61.640183660700224,0.13874489476961124,-82.11934850110194,0.11356398770132102,1.374788596516626,stage3-coarse-20260729,1.0,2.0,6,cpu,40,1.5,0.014044788615408444,2.6689948713389015e-05,0.5,2400,1.0615830406058158,0.04051241884955023,2.160049014327614,2.5971775101468753,0.026648493694213515,1.8293802753763457,0.00864297350529858,c951972014ce73bd22f5b7708e3af1b67a5949ed01b9b0a7ac4562036ced6353,3513288191,20,b4459ae0d1c64ba021ffce634d26402362575171,False,True,True,COMPLETE,1.0,0.0,1.1368683772161603e-13,3.979039320256561e-14,6.38821120470309e-15,62
0.5295833333333333,1271,4.0,m06_b04_g200_t200_mun15,372,-0.01930354022081127,0.07213147477159051,0.36689158915840137,0.362724475149889,0.36144077191102963,0.0005347821345413,3.678824250366478,1.0,1.0,0.0,0.2,-18.391746852098617,0.40921975673135375,-36.19362415794838,0.19031933223527747,-54.58537101004699,0.5155316513205422,2.762483897289986,stage3-coarse-20260729,1.0,2.0,6,cpu,40,-1.5,0.014102720653716094,4.71842294923115e-05,0.5,2400,1.9059538462063064,0.12996379853074239,3.2409335366784893,1.8357748326456247,0.13901648159931912,1.8708643394259652,0.010950921635687703,a216acd746487e3df237e817b92d1b74f07c83b368d878632720e93bba125e7a,1412180726,20,b4459ae0d1c64ba021ffce634d26402362575171,False,True,True,COMPLETE,2.0,0.0,1.1368683772161603e-13,3.2684965844964606e-14,5.841153021902819e-15,63
0.49666666666666665,1192,4.0,m06_b04_g200_t200_mu000,373,0.20483262255762497,0.016487677574811805,0.5000000000000007,0.4999999999999999,0.4999999999999953,1.4309168764258707e-16,0.5523587393458437,1.0,1.0,0.0,0.2,-21.301613688513093,0.2836848737874736,-56.55595708756906,0.6933099179760628,-77.85757077608216,0.9779967961240777,4.7353688888041905,stage3-coarse-20260729,1.0,2.0,6,cpu,40,0.0,0.013946414281177799,1.641087711498219e-05,0.5,2400,1.5303132333551268,0.048123826243889375,2.5287031556876434,2.3167755055618353,0.05859207846850938,1.9235443694584808,0.0419103006902025,7940768f8e70d1eb7fed907748ec5cba733909f59d7bca67b2cfab467f56d372,2186804899,20,b4459ae0d1c64ba021ffce634d26402362575171,False,True,True,COMPLETE,2.0,0.0,1.1368683772161603e-13,3.126388037344441e-14,5.7387387416343e-15,64
0.5175,1242,4.0,m06_b04_g200_t200_mup15,374,0.26822016824825967,0.051514237840532814,0.638572446645053,0.6380671358516803,0.6363774719158886,0.00022168146012465254,2.999513222530593,1.0,1.0,0.0,0.2,-19.744119213649277,0.2051160357247028,-89.55254463310568,0.39449598488590537,-109.29666384675495,0.2065382200731592,2.9911502644756642,stage3-coarse-20260729,1.0,2.0,6,cpu,40,1.5,0.01404401645690306,5.742558052746403e-05,0.5,2400,1.3579822842803178,0.10412842471349489,4.933153248380175,2.350154386024875,0.08386577583943877,1.8540683351525964,0.010602794238948391,2d0dcca64e2eb7d2f3a5e06f713e5c0b046692b150bebddd721b1a135fbadb49,3457921791,20,b4459ae0d1c64ba021ffce634d26402362575171,False,True,True,COMPLETE,2.0,0.0,1.1368683772161603e-13,3.126388037344441e-14,6.476966413414996e-15,65
1.0,4800,8.0,m06_b08_g000_t000_mun15,375,-0.05149004618810602,0.02338780627335381,2.4389571936487028e-05,1.0271187852374288e-05,6.302298007545806e-06,8.387595330877084e-07,1.1665216592041934,1.0,1.0,0.0,0.2,-7.137783032938681e-05,7.4034777879042605e-06,0.0005546441440282115,4.529301478673624e-05,0.0004832663136988247,3.789852182295963e-05,1.1702730480554207,stage3-coarse-20260729,1.0,0.0,6,wsl,40,-1.5,5.706161237725226e-07,4.659694578243116e-08,0.25,4800,7.841416773988778e-06,1.0054537005065159e-06,1.3677209142267228,6.847336431820546e-06,5.591418288987631e-07,7.344376602904662e-06,7.718969020474661e-07,e02fc02b4bcff8a4a03c9390b7fb51ecf0b2163d8df47069842d87f300d1e9c1,3681425244,40,b4459ae0d1c64ba021ffce634d26402362575171,False,True,True,COMPLETE,0.0,0.0,2.075867689549371e-15,5.941041658196617e-16,7.180983907089582e-17,5
0.801875,3849,8.0,m06_b08_g000_t000_mu000,376,-0.8745596441763162,0.0013047612638268536,0.5000000001428075,0.5000000000020061,0.49999999996633004,3.83711228056161e-12,0.5,1.0,1.0,0.0,0.2,-11.508550833425451,0.03373674151077336,0.0,0.0,-11.508550833425451,0.03373674151077336,3.443267391987932,stage3-coarse-20260729,1.0,0.0,6,cpu,40,0.0,0.01388888888888889,1.148443925281184e-18,0.25,4800,1.8000074363095528,0.02005023694506238,5.348342950580573,0.12040063880162558,9.693033685095659e-06,0.9602040375555891,0.010022893338166044,967c9c26c8b8b6843d6bedfc357b95d992a77e800cc8d7167fe92549380b1433,1827505582,40,b4459ae0d1c64ba021ffce634d26402362575171,False,True,True,COMPLETE,0.0,0.0,5.684341886080802e-14,1.7053025658242404e-14,3.3643313643329835e-15,66
1.0,4800,8.0,m06_b08_g000_t000_mup15,377,-0.1161222237868206,0.028207217804277086,0.9999931537482885,0.9999826880967244,0.9999696880723327,2.9100495883130087e-06,4.046099930345623,1.0,1.0,0.0,0.2,-0.0001333401962317756,2.5367633978068735e-05,-53.999065157223114,0.00015714267776811884,-53.99919849741934,0.00013177400349932862,4.087650177821895,stage3-coarse-20260729,1.0,0.0,6,cpu,40,1.5,9.617602567857923e-07,1.6166672502692246e-07,0.25,4800,1.528478220803885e-05,3.1305914825632654e-06,3.6660737365410916,1.1540842219369973e-05,1.939905632493259e-06,1.3412812213704411e-05,2.5391463710642726e-06,5f325f93b0c3cdbd5cf329eeb24c07dd25bde09d5b2280856e1678ffeb0141a2,323937677,40,b4459ae0d1c64ba021ffce634d26402362575171,False,True,True,COMPLETE,0.0,0.0,1.7053025658242404e-13,5.684341886080802e-14,7.615473430827065e-15,67
0.9816666666666667,4712,8.0,m06_b08_g000_t025_mun15,378,-0.1957877164573601,0.04654905286921398,0.06414861862064447,0.03138123216884656,0.002719531936980771,0.009932840352826865,5.933234372467687,1.0,1.0,0.0,0.2,-0.4053454207723354,0.1475744283910809,0.8044730582969942,0.25229132364417217,0.3991276375246587,0.10505118066208993,5.555672225062687,stage3-coarse-20260729,1.0,0.0,6,cpu,40,-1.5,0.001749797046974377,0.000555406658945338,0.25,4800,0.0705477930295531,0.029863178283501015,5.50567066788904,0.04172132732289487,0.016072423651525527,0.05613456017622398,0.022964123364625364,75092f06b3d21fd53c224bc17b3f377e164faa314aa6303d52000d64c5fb3842,164839388,40,b4459ae0d1c64ba021ffce634d26402362575171,False,True,True,COMPLETE,0.25,0.0,2.220446049250313e-15,9.835882108788496e-16,1.107207488260828e-16,68
0.8220833333333334,3946,8.0,m06_b08_g000_t025_mu000,379,-0.7392292378777622,0.04032961792052399,0.4999999999999998,0.4999999999999993,0.49999999999999845,5.1012716985266034e-17,0.6208342395901303,1.0,1.0,0.0,0.2,-10.662832309252767,0.2789555137900724,-5.891316114280843,0.17672044457949537,-16.55414842353361,0.10321465227898957,6.034008865749092,stage3-coarse-20260729,1.0,0.0,6,cpu,40,0.0,0.013903803289472938,2.6007849345510105e-06,0.25,4800,2.8954785990663994,0.012803083609752476,3.7141456944384847,0.43851738765154663,0.07687999237351822,1.666997993358973,0.03292273010230732,0e96d55e8c544aab8d91d4ffa7c2cc4de92570810510b6e677a2e350b9619e25,1853215303,40,b4459ae0d1c64ba021ffce634d26402362575171,False,True,True,COMPLETE,0.25,0.0,5.684341886080802e-14,1.0658141036401503e-14,2.4269654768146626e-15,69
0.998125,4791,8.0,m06_b08_g000_t025_mup15,380,0.0777159543316773,0.024353379272291732,0.9995786444255452,0.9979455252749487,0.9941355539703254,0.0004128611095502152,1.9366846474855233,1.0,1.0,0.0,0.2,-0.016403913984438835,0.0033456609883574812,-53.95507698045518,0.00809491261409144,-53.971480894439615,0.0047663049456490945,1.791331213694752,stage3-coarse-20260729,1.0,0.0,6,wsl,40,1.5,0.00011421859196925149,2.2967669281422118e-05,0.25,4800,0.002428621239317544,0.0005498947447711483,2.0083145249651064,0.002701978363580572,0.0005647125478227941,0.0025652998014490586,0.0005555314188059978,014a40d85bcddbaf65f10c939dec2b0c6b62edc358138f88ced57ac407ac9433,172939999,40,b4459ae0d1c64ba021ffce634d26402362575171,False,True,True,COMPLETE,0.25,0.0,1.7053025658242404e-13,4.973799150320701e-14,9.161213570145898e-15,6
0.8591666666666666,4124,8.0,m06_b08_g000_t050_mun15,381,-0.6691020525028678,0.05239934368779623,0.2500290928246106,0.2415248851739349,0.22276784505986147,0.005186162387167659,7.183707247103604,1.0,1.0,0.0,0.2,-7.124056702686984,0.46968086708686163,2.115961522936206,0.22575927324613526,-5.008095179750777,0.2440976273750744,7.462917925302553,stage3-coarse-20260729,1.0,0.0,6,cpu,40,-1.5,0.013470076236281334,0.00030252714383251743,0.25,4800,2.343286485423054,0.16788576748049147,7.404921722536893,0.4551422778082193,0.052647273312420896,1.3992143816156364,0.05733459007670466,2417a6530121e259b724fc43b4c39f12febc234364ed3af74d2355f640564cec,2746538793,40,b4459ae0d1c64ba021ffce634d26402362575171,False,True,True,COMPLETE,0.5,0.0,2.842170943040401e-14,3.730349362740526e-15,1.017262842154565e-15,70
0.8320833333333333,3994,8.0,m06_b08_g000_t050_mu000,382,-0.5827568984336626,0.020423217346203528,0.4999999999999997,0.4999999999999993,0.4999999999999987,3.585984675122903e-17,0.5,1.0,1.0,0.0,0.2,-9.855878719720137,0.20029650679802793,-12.800328068609833,0.14342250866563083,-22.656206788329968,0.054132495004407116,4.724355916959992,stage3-coarse-20260729,1.0,0.0,6,cpu,40,0.0,0.01389508141372281,1.8606882492815246e-06,0.25,4800,2.774681462369242,0.007527908960827883,1.9152841092215283,0.7326628935447638,0.043311087393058875,1.7536721779570026,0.01829157243896923,73e135fd8f2333dd5339063344746456f8e0b84bb361f83f83d30de0139ee343,4252761436,40,b4459ae0d1c64ba021ffce634d26402362575171,False,True,True,COMPLETE,0.5,0.0,1.1368683772161603e-13,2.0605739337042905e-14,4.851128180022158e-15,71
0.8477083333333333,4069,8.0,m06_b08_g000_t050_mup15,383,-0.7513535519955795,0.03313826494013566,0.7773384170168014,0.7525995164495634,0.7497479010464616,0.0024201588400419374,2.946063619183314,1.0,1.0,0.0,0.2,-7.799700020738557,0.25285287652087374,-51.53663049480703,0.17546783996673357,-59.33633051554559,0.08701200972326285,2.5797114371259573,stage3-coarse-20260729,1.0,0.0,6,cpu,40,1.5,0.013809098014042186,0.000101502370327411,0.25,4800,2.583533120835536,0.08970601613567798,3.9108879134467407,0.36222134680449986,0.04019037682990703,1.472877233820018,0.025285582785264875,049f274740592b0bd8171639f426fac36b4654ab35c3bfc586977fb301076ef5,458968179,40,b4459ae0d1c64ba021ffce634d26402362575171,False,True,True,COMPLETE,0.5,0.0,2.2737367544323206e-13,5.2580162446247416e-14,9.412671468268755e-15,72
0.8466666666666667,4064,8.0,m06_b08_g000_t100_mun15,384,-0.509651514530654,0.05267935057994758,0.28754669148846906,0.2777627672937072,0.2637343322897303,0.0015599124556330854,2.1579636133254274,1.0,1.0,0.0,0.2,-7.1979191287998345,0.27839569703253925,-9.066863113150534,0.18533417089738494,-16.26478224195037,0.0964879546254658,3.219182718467995,stage3-coarse-20260729,1.0,0.0,6,cpu,40,-1.5,0.013927121754198423,1.0012122694383223e-05,0.25,4800,2.3370537489440113,0.09363947706711949,3.767655677591677,0.7560223119099705,0.07535629216520769,1.5465380304269911,0.009224326669493136,fdad34ef436767ba30190d98c2aa3c02ad435ec827768e20f193122e1ffcf5ed,3282141193,40,b4459ae0d1c64ba021ffce634d26402362575171,False,True,True,COMPLETE,1.0,0.0,2.842170943040401e-14,1.2079226507921703e-14,2.2498122595321544e-15,73
0.8377083333333334,4021,8.0,m06_b08_g000_t100_mu000,385,-0.3653729622537768,0.03390198651393747,0.5000000000000006,0.49999999999999944,0.4999999999999987,6.644414215237176e-17,0.5,1.0,1.0,0.0,0.2,-8.54459210217487,0.13359910672991726,-27.17045905379432,0.14616027592473857,-35.71505115596919,0.04534052582875411,2.7685336775139047,stage3-coarse-20260729,1.0,0.0,6,wsl,40,0.0,0.013907352868137985,7.218241912515362e-06,0.25,4800,2.502534925674656,0.05367199061323179,5.038566329899507,1.1641985968177329,0.06607377457066134,1.8333667612461944,0.006566624343570574,8cf4751bab65c8ed68293b26d77b00596cf5cf45c26fa6ccfc0ab9b279a8e3af,3994270743,40,b4459ae0d1c64ba021ffce634d26402362575171,False,True,True,COMPLETE,1.0,0.0,1.1368683772161603e-13,2.5579538487363607e-14,4.964681270700467e-15,7
0.8475,4068,8.0,m06_b08_g000_t100_mup15,386,-0.5271211998799595,0.006212264482143634,0.7368628922987285,0.728543357278993,0.7218600031142832,0.0016968809444011495,4.2677380665086035,1.0,1.0,0.0,0.2,-7.143937934609506,0.03519538472393921,-63.1989586957723,0.027304339816358526,-70.3428966303818,0.02406827538186565,2.426268360043016,stage3-coarse-20260729,1.0,0.0,6,cpu,40,1.5,0.013959635653238617,6.782640750826616e-06,0.25,4800,2.3264106663815043,0.0115586499833317,1.1812357646452958,0.7203553890634911,0.011308802457501748,1.5233830277224976,0.008097254164121045,dfc2c9a8f16e8c79b0140321a6bd3079c6a2b1d8cb2f723c4ac971792cafadf8,4080776617,40,b4459ae0d1c64ba021ffce634d26402362575171,False,True,True,COMPLETE,1.0,0.0,2.2737367544323206e-13,5.1159076974727215e-14,1.0731372928416795e-14,74
0.85625,4110,8.0,m06_b08_g000_t200_mun15,387,-0.22298835467544542,0.012314005899540128,0.3610044419357346,0.3608788798621577,0.3606872862304106,7.101811343202074e-05,7.762943016572857,1.0,1.0,0.0,0.2,-7.277100041942165,0.062255746152884275,-35.999308942298626,0.08071328598555988,-43.27640898424079,0.06320070431805874,2.238637700913545,stage3-coarse-20260729,1.0,0.0,6,cpu,40,-1.5,0.013932242766710328,6.233269124249698e-06,0.25,4800,2.2771141396808585,0.023351578978052862,2.619141341082209,1.4469176415131464,0.02352281965641871,1.8620158905970023,0.003591927291294506,1006a1d8f3fcb6038960513188b5c00aee4dc9292930d84ca63a4ed677daf7d6,159473953,40,b4459ae0d1c64ba021ffce634d26402362575171,False,True,True,COMPLETE,2.0,0.0,1.1368683772161603e-13,3.410605131648481e-14,5.684341886080801e-15,75
0.8327083333333334,3997,8.0,m06_b08_g000_t200_mu000,388,-0.21616970426339358,0.013765531324657172,0.5000000000000022,0.4999999999999992,0.4999999999999679,8.080040210417509e-16,0.5,1.0,1.0,0.0,0.2,-7.702545412720383,0.10048018758401353,-55.43822919836009,0.14419826505298136,-63.140774611080474,0.04513402754328056,3.8665301503295018,stage3-coarse-20260729,1.0,0.0,6,cpu,40,0.0,0.01390457371442073,6.309402263115147e-06,0.25,4800,2.2589862683681057,0.020017616632420215,3.005561199883315,1.4564791042336085,0.02976380043176873,1.8577326863008572,0.006892146114241865,349030e759f10fde8bffdf0383623d20fb596133b00fbc60a962f5a4856ead5f,2478136472,40,b4459ae0d1c64ba021ffce634d26402362575171,False,True,True,COMPLETE,2.0,0.0,1.1368683772161603e-13,5.1159076974727215e-14,1.4623737297268977e-14,14
0.8427083333333333,4045,8.0,m06_b08_g000_t200_mup15,389,-0.19161496787148954,0.018075560541761012,0.6390604961823729,0.6390074419156478,0.6389672642862377,1.3055056465270823e-05,4.606777998068734,1.0,1.0,0.0,0.2,-7.126862703563253,0.092306725470785,-89.98095892922495,0.04451205919455116,-97.10782163278819,0.07220919261551403,3.2733230972515663,stage3-coarse-20260729,1.0,0.0,6,cpu,40,1.5,0.013920364539120555,1.6796230959900964e-05,0.25,4800,2.2113348164743205,0.0348993582504519,4.055796493329784,1.5000224763940035,0.032669178238232406,1.855678646434162,0.00227209996633243,8c656e62f0ac65915e361a217a0e59da824ed95c5b831ffba4820174741bbf88,1731887047,40,b4459ae0d1c64ba021ffce634d26402362575171,False,True,True,COMPLETE,2.0,0.0,2.2737367544323206e-13,6.536993168992921e-14,1.8416994913602304e-14,15
1.0,4800,8.0,m06_b08_g025_t000_mun15,390,-0.040283061266810125,0.05502086507268176,0.00012737827145824684,3.2656840887175294e-05,7.144136059591657e-06,1.0197199548587453e-05,3.503669747205631,1.0,1.0,0.0,0.2,-0.0003008295533056775,0.00010526449493669421,0.0017634694079074655,0.0005506487756237224,0.0014626398546017882,0.0004455930419209726,3.4640570240111908,stage3-coarse-20260729,1.0,0.25,6,wsl,40,-1.5,1.8162251069185847e-06,5.666600304208573e-07,0.25,4800,3.134948815213767e-05,1.4109661261193024e-05,3.702836155925583,2.516704845945812e-05,7.91539170892022e-06,2.8258268305797897e-05,1.0966300037359778e-05,38fada6674c8da2490b1b54abdcd9f235e9e0ee5174d68ec649c5d4c6e45bebe,1616693851,40,b4459ae0d1c64ba021ffce634d26402362575171,False,True,True,COMPLETE,0.0,0.0,2.55351295663786e-15,1.097461965055002e-15,1.1218368681937395e-16,8
0.81125,3894,8.0,m06_b08_g025_t000_mu000,391,-0.3891279561227209,0.053062142044672085,0.5000000000000006,0.5,0.4999999999999994,4.9688922379208006e-17,0.5152197349229501,1.0,1.0,0.0,0.2,-11.523919513717784,0.1586575180457337,0.0,0.0,-11.523919513717784,0.1586575180457337,4.930144781462943,stage3-coarse-20260729,1.0,0.25,6,cpu,40,0.0,0.014051829329586037,2.8412759957448315e-05,0.25,4800,0.4862340957337688,0.09191472786180477,4.2410005020059325,0.20006850794306746,0.022141305904833725,0.34315130183841813,0.054719949701966704,fd35a628617aa7e250d8e5c435cf9ab3308b22daa2467104e2f905c7c02b92f4,864784322,40,b4459ae0d1c64ba021ffce634d26402362575171,False,True,True,COMPLETE,0.0,0.0,2.842170943040401e-14,1.1013412404281553e-14,2.0024586544661783e-15,16
1.0,4800,8.0,m06_b08_g025_t000_mup15,392,-0.07113400992258993,0.0444213647025017,0.9999934163158696,0.9999734322250937,0.999939003635547,6.291283538114335e-06,3.609729283124707,1.0,1.0,0.0,0.2,-0.00024558744450558503,6.274498959715634e-05,-53.99856534015506,0.0003397293110581542,-53.998810927599564,0.0002769912847300322,3.6123652715767824,stage3-coarse-20260729,1.0,0.25,6,cpu,40,1.5,1.483173607306511e-06,3.538220534287962e-07,0.25,4800,2.2952086924761988e-05,6.676867377491002e-06,3.904591442471535,1.84921590541357e-05,4.337795800978241e-06,2.0722122989448845e-05,5.438020140909319e-06,9d1e4952c2c386eb740d72bbdf9ca9044cb6d78e35d1ffc8d5a80b656824d972,1096608770,40,b4459ae0d1c64ba021ffce634d26402362575171,False,True,True,COMPLETE,0.0,0.0,1.7053025658242404e-13,5.400124791776761e-14,7.035854375618873e-15,17
0.9989583333333333,4795,8.0,m06_b08_g025_t025_mun15,393,-0.020656141655333558,0.021850962561205466,0.013990731059810286,0.0029177967360633312,0.00013158796928232198,0.0011751233422946327,2.8618008645931443,1.0,1.0,0.0,0.2,-0.03296648158770547,0.014586243195067053,0.06719573322174377,0.030082672458082313,0.03422925163403829,0.015517263981641757,3.047040538384365,stage3-coarse-20260729,1.0,0.25,6,cpu,40,-1.5,0.0001624993084824607,6.526697820586685e-05,0.25,4800,0.003689295827616938,0.0014628897797481935,2.737851750378255,0.0034041310759423604,0.0012566628190396256,0.0035467134517796484,0.0013584430783143942,d3335643599e72d7490210b188303a4ff9562b968b6865f28a05f4e7a3891818,2730482950,40,b4459ae0d1c64ba021ffce634d26402362575171,False,True,True,COMPLETE,0.25,0.0,3.497202527569243e-15,1.1065801053256052e-15,1.3147796412230477e-16,18
0.8160416666666667,3917,8.0,m06_b08_g025_t025_mu000,394,-0.5126079571231459,0.11014748566385701,0.5000000000000004,0.4999999999999994,0.4999999999999989,4.244390698661432e-17,0.5,1.0,1.0,0.0,0.2,-10.359290304718218,0.36347371401023726,-6.394505871809997,0.14688362020109597,-16.753796176528216,0.2225567695595988,6.917961906233787,stage3-coarse-20260729,1.0,0.25,6,cpu,40,0.0,0.013949157043768992,1.786006002347645e-05,0.25,4800,2.618239424173067,0.1769656571615043,7.481982547226264,0.8468947610746376,0.19404994204519763,1.7325670926238523,0.012132919850302938,9c3b5eb2958bb4698640191233ce9b8ba2ef950d4ad7d567a005019e9d08fd32,801395022,40,b4459ae0d1c64ba021ffce634d26402362575171,False,True,True,COMPLETE,0.25,0.0,5.684341886080802e-14,1.9895196601282804e-14,3.953188428090429e-15,19
0.9985416666666667,4793,8.0,m06_b08_g025_t025_mup15,395,-0.10529695319202519,0.008213327179649252,0.9998464124591554,0.998510486556421,0.9951261084113308,0.0006871061285271214,5.476867263021532,1.0,1.0,0.0,0.2,-0.01592018050898249,0.007511068773825422,-53.965616417454626,0.015755866600543598,-53.9815365979636,0.008256831663486494,5.7250429384227335,stage3-coarse-20260729,1.0,0.25,6,wsl,40,1.5,8.307677197766989e-05,3.839546500854775e-05,0.25,4800,0.00197636889677986,0.0009194310875127593,5.253260614081933,0.001623506493534803,0.0007647933181158246,0.0017999376951573312,0.0008416110397613909,fe6f1a08d3a58caf74213901ddcf5ab169352a2bbf84564c09a653a2ac8ceae7,4026366311,40,b4459ae0d1c64ba021ffce634d26402362575171,False,True,True,COMPLETE,0.25,0.0,2.2737367544323206e-13,6.394884621840902e-14,8.982931256729077e-15,9
0.8725,4188,8.0,m06_b08_g025_t050_mun15,396,-0.6148189330962669,0.10174400744302228,0.24628778778326665,0.2142550972884841,0.1525422712116223,0.018665089871654994,7.505885738039688,1.0,1.0,0.0,0.2,-6.502291872454302,0.968670234834149,1.5600496864272588,0.501769140794183,-4.942242186027043,0.4685262815836125,8.096898473086219,stage3-coarse-20260729,1.0,0.25,6,cpu,40,-1.5,0.012126064983310775,0.0010392516430865076,0.25,4800,1.9487212166528292,0.36321893247418563,7.580909522870311,0.411653900209582,0.04620801964904194,1.1801875584312056,0.16174253800748903,0c28109b017b5e361cbfbe3ad696bb1376bec05e306ecb9b779e778200c51508,2117092787,40,b4459ae0d1c64ba021ffce634d26402362575171,False,True,True,COMPLETE,0.5,0.0,1.4210854715202004e-14,3.552713678800501e-15,1.1179171669390879e-15,20
0.8316666666666667,3992,8.0,m06_b08_g025_t050_mu000,397,-0.4625821287026543,0.021801497912796123,0.5000000000000022,0.49999999999999944,0.49999999999999883,9.02343571542469e-17,0.5,1.0,1.0,0.0,0.2,-9.827537921334198,0.1075938294605793,-13.493757218747493,0.0721033282055506,-23.32129514008169,0.06540619539302925,2.550373140872247,stage3-coarse-20260729,1.0,0.25,6,cpu,40,0.0,0.013994881392287013,1.4451760880645513e-05,0.25,4800,2.7023159450734213,0.0305000822993654,4.293676172531193,0.9936060015457316,0.04426366458837933,1.8479609733095763,0.006594715603738802,f3191c0ecf6f5c4d72171a48359eeaf738a16a6837e0b40c498bf167fe65dc30,416390742,40,b4459ae0d1c64ba021ffce634d26402362575171,False,True,True,COMPLETE,0.5,0.0,5.684341886080802e-14,1.7053025658242404e-14,2.65373376421352e-15,21
0.8841666666666667,4244,8.0,m06_b08_g025_t050_mup15,398,-0.444305091800845,0.10062532645920343,0.8387588036697943,0.7768402744652461,0.7532490994495797,0.012318583705909587,5.790187184289478,1.0,1.0,0.0,0.2,-6.194179516194726,0.6693731647368061,-52.660171435936874,0.35889243947952765,-58.85435095213158,0.31004315515586606,6.377680593202914,stage3-coarse-20260729,1.0,0.25,6,cpu,40,1.5,0.012559230610760122,0.0006607280520900213,0.25,4800,1.8071938228071946,0.25312874367297494,6.691166278089324,0.6569962132995999,0.06384753881651478,1.2320950180533972,0.09841114871924724,1b424123bd5e96e8dab57e62cdec402c13f7c1a68385119e4cd8acfd4b35b59d,3877887064,40,b4459ae0d1c64ba021ffce634d26402362575171,False,True,True,COMPLETE,0.5,0.0,1.1368683772161603e-13,5.400124791776761e-14,6.735036427694364e-15,22
0.8414583333333333,4039,8.0,m06_b08_g025_t100_mun15,399,-0.3169347360987661,0.0308794592427939,0.3058377868685953,0.29302184581465396,0.2712358773110133,0.003706812125659912,3.7855148016539233,1.0,1.0,0.0,0.2,-7.564986661140947,0.150860028022131,-9.553192461409182,0.05835939946006151,-17.118179122550128,0.09677685198887481,3.8922526699568065,stage3-coarse-20260729,1.0,0.25,6,cpu,40,-1.5,0.014008535008994853,4.105631704958039e-05,0.25,4800,2.124055578693502,0.053356256488694125,2.571274246419773,1.1027603924807259,0.053276922339388744,1.6134079855871135,0.018935925452342663,1d85376cfe8e0a4edbc02608abd7272642c623ba13d96871c40be3b49c08206a,831098113,40,b4459ae0d1c64ba021ffce634d26402362575171,False,True,True,COMPLETE,1.0,0.0,2.842170943040401e-14,1.6342482922482303e-14,2.2498122595321544e-15,23
0.8210416666666667,3941,8.0,m06_b08_g025_t100_mu000,400,-0.3019457362660164,0.061519384344176975,0.5000000000000003,0.49999999999999956,0.4999999999999981,7.712111728197718e-17,0.5,1.0,1.0,0.0,0.2,-9.644730803973655,0.10613319884512738,-27.342942076091003,0.13435730543675273,-36.98767288006466,0.09258599791803696,2.787418078681627,stage3-coarse-20260729,1.0,0.25,6,wsl,40,0.0,0.013930306397157737,1.3947199825808299e-05,0.25,4800,2.392102758999105,0.12229969453738186,7.981326011652112,1.2815086616505347,0.10816789719979694,1.8368057103248199,0.011590583934218994,1488f8a2e91685209302ef472199af787bcca169ddd06b66fc960a33a79d5a01,3172082818,40,b4459ae0d1c64ba021ffce634d26402362575171,False,True,True,COMPLETE,1.0,0.0,1.1368683772161603e-13,2.842170943040401e-14,4.98549763567001e-15,10
0.865625,4155,8.0,m06_b08_g025_t100_mup15,401,-0.1357730378587265,0.04020921875159285,0.737035452628876,0.7282392466404328,0.7150811608310583,0.0018654830510569948,4.266551684637915,1.0,1.0,0.0,0.2,-6.43603649326842,0.13358335522769252,-64.13513021072613,0.10150642524528332,-70.57116670399455,0.06105774622209559,1.8316271994442959,stage3-coarse-20260729,1.0,0.25,6,cpu,40,1.5,0.01411505653493747,6.460228688672102e-05,0.25,4800,1.720697911883212,0.0591953592819903,3.3094147015133553,1.3098165474087384,0.06313403665472228,1.515257229645975,0.007863111268211048,3259c207ff279089cd2baf8cf8f5e08e9b0a00b5a6eeb4811655b4d8faf0d6ae,823765074,40,b4459ae0d1c64ba021ffce634d26402362575171,False,True,True,COMPLETE,1.0,0.0,2.2737367544323206e-13,5.400124791776761e-14,1.1504515159093816e-14,24
0.841875,4041,8.0,m06_b08_g025_t200_mun15,402,-0.16464654816563273,0.026895774758599396,0.3610922788240234,0.36104300540090245,0.3609114059766903,1.8699826154878587e-05,4.347091474503679,1.0,1.0,0.0,0.2,-8.322568033881002,0.10908123447154704,-36.256072249721136,0.14620971731495477,-44.57864028360215,0.12902554772723696,3.2688047102170033,stage3-coarse-20260729,1.0,0.25,6,cpu,40,-1.5,0.013956416929673313,2.2162624936030525e-05,0.25,4800,2.175989039484078,0.04789490195398086,5.171034358660787,1.561190687187197,0.05231416456025535,1.8685898633356373,0.007466692703642802,cca41fba8312c8596e5fbc95b764a067c8bd73016d0d3eb1eab5aae5363713a7,1560039081,40,b4459ae0d1c64ba021ffce634d26402362575171,False,True,True,COMPLETE,2.0,0.0,1.1368683772161603e-13,3.552713678800501e-14,5.2633807400895955e-15,25
0.8341666666666666,4004,8.0,m06_b08_g025_t200_mu000,403,-0.057337467289361954,0.044542759201664624,0.5000000000000071,0.5000000000000002,0.49999999999999745,2.136157769197184e-16,0.5,1.0,1.0,0.0,0.2,-8.38771978565325,0.16517588478196565,-56.16527709212245,0.13045689401730673,-64.55299687777571,0.29034022808393783,6.436314510833965,stage3-coarse-20260729,1.0,0.25,6,cpu,40,0.0,0.013988973430184995,1.7969023648576624e-05,0.25,4800,1.9941737951065128,0.09548931031205053,6.322293891749969,1.7763726677734357,0.07347047297710317,1.885273231439974,0.009297951534114775,ca8d71d166338d98e87bba45dbe52cd516761a366b7456411db382d975e7de80,220278328,40,b4459ae0d1c64ba021ffce634d26402362575171,False,True,True,COMPLETE,2.0,0.0,2.2737367544323206e-13,4.263256414560601e-14,9.70786190725865e-15,26
0.8379166666666666,4022,8.0,m06_b08_g025_t200_mup15,404,-0.1574446074751966,0.026005766302740513,0.6390147511347469,0.6389680526112812,0.6389184411976772,1.1822852999476438e-05,4.933345312906391,1.0,1.0,0.0,0.2,-8.24277316195998,0.09996907672797539,-90.21910552780062,0.05838829453831122,-98.4618786897606,0.06772905948355676,2.6789705410939524,stage3-coarse-20260729,1.0,0.25,6,cpu,40,1.5,0.013969665742866209,2.7904904771834706e-05,0.25,4800,2.1587811259704632,0.04971266839016377,6.4740158484638695,1.5714515026080875,0.04765372584118869,1.8651163142892755,0.002727303850159304,65682eea49516277c27f3b427fc09c8653d843e3bb3fc7af5293c0be5e196a00,2818001042,40,b4459ae0d1c64ba021ffce634d26402362575171,False,True,True,COMPLETE,2.0,0.0,3.410605131648481e-13,8.242295734817162e-14,1.3493118334779474e-14,27
1.0,4800,8.0,m06_b08_g050_t000_mun15,405,-0.019780853538638888,0.027858897229580848,0.0016055391165556525,0.0002157549067370032,1.0781777861768655e-05,0.00010724886438320068,2.458963529306628,1.0,1.0,0.0,0.2,-0.002856985943074361,0.0015146702867096077,0.011650764963798176,0.005791438676692838,0.008793779020723813,0.004277737350398581,2.480950456455617,stage3-coarse-20260729,1.0,0.5,6,wsl,40,-1.5,1.2082987478256712e-05,5.98464959213398e-06,0.25,4800,0.0002244929164173769,0.00012069907429008303,2.314427536442866,0.00018807221334676572,8.95887746229494e-05,0.0002062825648820713,0.00010505643388136171,328c63b70b6543ad121aa612f5182cd5c41e4f1bf5f67a45cf7a8f26f3760b0b,2137676627,40,b4459ae0d1c64ba021ffce634d26402362575171,False,True,True,COMPLETE,0.0,0.0,3.3306690738754696e-15,9.297250469497698e-16,1.2132934452605016e-16,11
0.8154166666666667,3914,8.0,m06_b08_g050_t000_mu000,406,-0.8904342754639188,0.010333007639742703,0.5000000000000013,0.5,0.4999999999999994,5.781201601568792e-17,0.5,1.0,1.0,0.0,0.2,-11.672276336447322,0.25473939379038346,0.0,0.0,-11.672276336447322,0.25473939379038346,5.642696137753295,stage3-coarse-20260729,1.0,0.5,6,cpu,40,0.0,0.014074173329197909,5.518267593482723e-05,0.25,4800,2.9514867531758684,0.04564795669235033,4.3282717064563325,0.17126955774973235,0.01628495722289469,1.5613781554628001,0.021291313494416066,433f53e02c4199aa8b37297df98ec07a6739cd304de56b782f52f4b56d84529e,3703872026,40,b4459ae0d1c64ba021ffce634d26402362575171,False,True,True,COMPLETE,0.0,0.0,5.684341886080802e-14,1.4210854715202004e-14,2.8377295003532714e-15,28
0.9997916666666666,4799,8.0,m06_b08_g050_t000_mup15,407,-0.08334015895434208,0.04268364776574511,0.999993195318019,0.9999519694602614,0.9996305711676339,2.587539529037767e-05,2.519919217458141,1.0,1.0,0.0,0.2,-0.0005955891026942754,0.00034309808819673617,-53.99740635085412,0.0013972713456797618,-53.998001939956815,0.0010542943413951631,2.5415368845333983,stage3-coarse-20260729,1.0,0.5,6,cpu,40,1.5,2.6747683204980736e-06,1.4375160801022228e-06,0.25,4800,5.023414883524621e-05,2.959853274148096e-05,2.4050218761907747,3.4439633741347974e-05,1.7506246468258544e-05,4.2336891288297096e-05,2.3509868216882535e-05,652c904f1224056bbe6446a339beed7a6e862c64669f2a87d7256011d8048763,3240661711,40,b4459ae0d1c64ba021ffce634d26402362575171,False,True,True,COMPLETE,0.0,0.0,1.7053025658242404e-13,5.2580162446247416e-14,7.447021906050701e-15,29
0.9445833333333333,4534,8.0,m06_b08_g050_t025_mun15,408,-0.18351820543099792,0.04431941381085862,0.08630581767347029,0.06382629451374977,0.0411284732743065,0.004361503383356982,2.8743634884523432,1.0,1.0,0.0,0.2,-1.2488071025324463,0.11591615252529572,1.5702769392399571,0.13994458281371175,0.32146983670751045,0.07707782175284182,5.80906052109712,stage3-coarse-20260729,1.0,0.5,6,cpu,40,-1.5,0.0036741682503192144,0.0002548835429325577,0.25,4800,0.19473080080895813,0.020910230801400587,2.448331444091587,0.13366751473319963,0.016073066634444303,0.16419915777107888,0.016557286887533967,638ccac148f5fd0f7ab5d47ec926dea0fd26c9d7d249334bf2f4836fa005a90c,2934940827,40,b4459ae0d1c64ba021ffce634d26402362575171,False,True,True,COMPLETE,0.25,0.0,3.552713678800501e-15,1.1102230246251565e-15,1.3398373929120096e-16,30
0.8170833333333334,3922,8.0,m06_b08_g050_t025_mu000,409,-0.6239448923908808,0.04504154310478379,0.5000000000000006,0.4999999999999993,0.49999999999999883,8.564682017289854e-17,1.0658803862924957,1.0,1.0,0.0,0.2,-11.762913042421886,0.09896259903050476,-6.194405556717941,0.10457417484932911,-17.957318599139825,0.08763562881295892,2.17947120895162,stage3-coarse-20260729,1.0,0.5,6,cpu,40,0.0,0.014037136989727524,4.252298713357296e-05,0.25,4800,2.753030512483795,0.054723186399679005,3.1122413498408563,0.6400746881220001,0.08224391030497046,1.6965526003028977,0.015842875925783404,cdb66101b9608ffa18d93796cb83b73bb9172728dd06c9dd438346f7edf26aef,2469376170,40,b4459ae0d1c64ba021ffce634d26402362575171,False,True,True,COMPLETE,0.25,0.0,2.842170943040401e-14,1.5631940186722205e-14,2.784277749644597e-15,31
0.988125,4743,8.0,m06_b08_g050_t025_mup15,410,-0.02961021037124332,0.031956474291473656,0.9992841055442542,0.979738783198329,0.9313517122028306,0.009804673327338552,5.9452134695792695,1.0,1.0,0.0,0.2,-0.30419998434068485,0.16443937669741013,-53.554188982174665,0.21508401666993476,-53.85838896651535,0.051206171578924646,3.891776727145085,stage3-coarse-20260729,1.0,0.5,6,wsl,40,1.5,0.0011310573143182127,0.0005479296579203682,0.25,4800,0.03999394401471508,0.023815541735667602,5.525497998431652,0.038841079890085936,0.023054124951629933,0.03941751195240051,0.0234349618692845,2d5afff755164bf7c38b47dc4f190c17a233d7f69a3275eb51027ef9dc64776f,1739157667,40,b4459ae0d1c64ba021ffce634d26402362575171,False,True,True,COMPLETE,0.25,0.0,1.7053025658242404e-13,4.5474735088646414e-14,8.896865171146305e-15,12
0.8658333333333333,4156,8.0,m06_b08_g050_t050_mun15,411,-0.39389923869993915,0.038309893569113074,0.25705582488180784,0.24367569128413918,0.21983251990789748,0.006296882636938425,7.64083265920125,1.0,1.0,0.0,0.2,-7.727523685754247,0.4094228475415005,1.2762465616598755,0.06461174977829151,-6.4512771240943705,0.44097937676339904,7.039657596967605,stage3-coarse-20260729,1.0,0.5,6,cpu,40,-1.5,0.014432868960632266,0.00078122637292448,0.25,4800,2.034966090971326,0.131018335724697,4.476215586473252,0.8787345562973355,0.06318426231063644,1.4568503236343306,0.08768127819747401,49f99af3a6396e5780132b61240ba1e3a8728f62b0304249a42c67bde8c2e9aa,225816630,40,b4459ae0d1c64ba021ffce634d26402362575171,False,True,True,COMPLETE,0.5,0.0,2.842170943040401e-14,5.5067062021407766e-15,1.20646156430541e-15,32
0.826875,3969,8.0,m06_b08_g050_t050_mu000,412,-0.1464219336999875,0.08133084263709162,0.5000000000000001,0.4999999999999994,0.4999999999999985,1.0427176340039724e-16,1.7952519865232457,1.0,1.0,0.0,0.2,-10.440919813471655,0.3566359347347066,-13.852319576360983,0.13000600807421758,-24.293239389832642,0.2337205023172325,5.117959915503645,stage3-coarse-20260729,1.0,0.5,6,cpu,40,0.0,0.013989520896636954,1.8917041221734236e-05,0.25,4800,2.1234999893462723,0.1257318760868772,5.042378901566234,1.5870414368428296,0.16637715901340433,1.8552707130945507,0.019152872172340032,6ee3d8b6a23b74429e7e6353a8ef1e5ece0a43b7fdae4a4f46a0dedf977f57b4,57371904,40,b4459ae0d1c64ba021ffce634d26402362575171,False,True,True,COMPLETE,0.5,0.0,5.684341886080802e-14,1.9895196601282804e-14,3.086716954768283e-15,33
0.874375,4197,8.0,m06_b08_g050_t050_mup15,413,-0.05498378883525055,0.09066730091582366,0.8182829247429628,0.7818388088220065,0.7694299278495218,0.0041152209936492256,2.8022225929693625,1.0,1.0,0.0,0.2,-5.810711560040458,0.15238683944567796,-53.03512755172261,0.06367636176209474,-58.845839111763055,0.0950273105603175,1.8767701948397488,stage3-coarse-20260729,1.0,0.5,6,cpu,40,1.5,0.012208344764687356,0.00030942187104286933,0.25,4800,1.229402528336526,0.08570281635989309,2.6578552361596044,1.1058665630827964,0.14812432697672026,1.1676345457096613,0.03669722976310817,7e3fe3979edb43e46e5a3b60fd696b5996f2cef9516ea2fd335fbc4e59df4f32,4248946501,40,b4459ae0d1c64ba021ffce634d26402362575171,False,True,True,COMPLETE,0.5,0.0,1.7053025658242404e-13,5.1159076974727215e-14,7.466163549665381e-15,34
0.8370833333333333,4018,8.0,m06_b08_g050_t100_mun15,414,-0.04510709585781969,0.08355464077243427,0.3198855991560566,0.3035100762944386,0.2761678094101996,0.00728901303594377,5.607082175520301,1.0,1.0,0.0,0.2,-8.059481521110282,0.3444453556558453,-9.569659388046862,0.14466309024289847,-17.629140909157144,0.20025913312766605,4.300969644662825,stage3-coarse-20260729,1.0,0.5,6,cpu,40,-1.5,0.014070205331133814,6.481210246569836e-05,0.25,4800,1.7210250237451532,0.1613008165409522,6.869984244553762,1.5607168303885175,0.11003407327420384,1.6408709270668353,0.030640121512629005,073706063c98290ed9e2789518c2f37410f07a8ce3a08228fcbc97ee5e1e62bf,679391185,40,b4459ae0d1c64ba021ffce634d26402362575171,False,True,True,COMPLETE,1.0,0.0,5.684341886080802e-14,9.947598300641402e-15,2.6050048302171472e-15,35
0.8247916666666667,3959,8.0,m06_b08_g050_t100_mu000,415,-0.09088936336128546,0.03786940757476995,0.5000000000000004,0.49999999999999956,0.49999999999999784,1.0355061930487617e-16,0.8919439895018013,1.0,1.0,0.0,0.2,-10.034878391393294,0.12724407269273005,-27.947523044587264,0.021121687416354267,-37.982401435980556,0.13322278604555213,4.815392445959965,stage3-coarse-20260729,1.0,0.5,6,wsl,40,0.0,0.013960346924008951,2.0096120134961734e-05,0.25,4800,2.0397140863318524,0.07503029410967063,6.045929107802779,1.6989068545887622,0.06708808508999473,1.869310470460307,0.00352977251031917,9517bb8828399d4d0936693ad2d31f0962c8159315c5fa84062dd368b5e1b68c,1071547733,40,b4459ae0d1c64ba021ffce634d26402362575171,False,True,True,COMPLETE,1.0,0.0,1.1368683772161603e-13,4.263256414560601e-14,5.287918778657646e-15,13
0.8414583333333333,4039,8.0,m06_b08_g050_t100_mup15,416,-0.3595712972538703,0.030424510425826782,0.727796231117321,0.7019553828586254,0.6924277054883922,0.0034146924104065013,3.104029911820495,1.0,1.0,0.0,0.2,-8.719037171177474,0.13500662250694576,-63.346089271204164,0.10361115991897159,-72.06512644238163,0.07967214756727169,2.0899540280943993,stage3-coarse-20260729,1.0,0.5,6,cpu,40,1.5,0.014141844132681292,4.8885674567210274e-05,0.25,4800,2.2226459864357655,0.06117592203596043,2.8261031893278745,1.0467812788035438,0.046490103408099906,1.6347136326196547,0.013990803548446111,7b0432d65555d33042978642904a77c96a7c8383d80aed30b9b7b716aab8e4f4,2802759807,40,b4459ae0d1c64ba021ffce634d26402362575171,False,True,True,COMPLETE,1.0,0.0,3.410605131648481e-13,7.389644451905042e-14,1.118500959315035e-14,36
0.8345833333333333,4006,8.0,m06_b08_g050_t200_mun15,417,-0.1815825876610215,0.01095541995960529,0.36109859271553724,0.36106481520473527,0.3609975812653329,1.4822858631303834e-05,6.008249207118293,1.0,1.0,0.0,0.2,-9.64015077917749,0.02280796430930887,-36.400308031054315,0.0705710570950296,-46.04045881023181,0.0647938177274649,2.496860655654427,stage3-coarse-20260729,1.0,0.5,6,cpu,40,-1.5,0.013976607250789957,2.8604601183967855e-05,0.25,4800,2.2203630383768993,0.018727645790810644,1.8010624002806603,1.5381757255488298,0.022077621783798504,1.8792693819628645,0.0028205487832046725,c6f3d92c9e292a0830b233518bc51aeb5c4c4449abced6f65dfe2e2ed74dc442,3674116779,40,b4459ae0d1c64ba021ffce634d26402362575171,False,True,True,COMPLETE,2.0,0.0,1.1368683772161603e-13,3.126388037344441e-14,5.635077129805428e-15,37
0.8314583333333333,3991,8.0,m06_b08_g050_t200_mu000,418,-0.1413501824947283,0.07985726611767278,0.5000000000000624,0.5000000000000018,0.49999999999999656,1.588857912101494e-15,0.5,1.0,1.0,0.0,0.2,-9.962509591065627,0.21469633071343996,-55.48356591168615,0.24772152648209078,-65.44607550275177,0.05414236084339851,2.022767906416497,stage3-coarse-20260729,1.0,0.5,6,cpu,40,0.0,0.013909271297988385,5.795183912290113e-06,0.25,4800,2.1175770441013277,0.14307764777817417,6.967196807984359,1.5949331920359193,0.15181478661493245,1.8562551180686235,0.004749198997325257,86f941784415a27842ff24956a2634d4941fc33f8d3d28a9a503fbc2f11b2b9d,1409740311,40,b4459ae0d1c64ba021ffce634d26402362575171,False,True,True,COMPLETE,2.0,0.0,1.1368683772161603e-13,4.263256414560601e-14,8.81319796442941e-15,38
0.8385416666666666,4025,8.0,m06_b08_g050_t200_mup15,419,-0.02903771331617546,0.045786509071466065,0.6389910213654497,0.638936311386832,0.6389012670413454,1.607798119285652e-05,7.225951623640172,1.0,1.0,0.0,0.2,-9.26483443523403,0.10676399567010272,-90.70232651152114,0.08407922540360901,-99.96716094675519,0.06643413888667436,1.5613934633722613,stage3-coarse-20260729,1.0,0.5,6,cpu,40,1.5,0.014004269400115944,4.322930847065019e-05,0.25,4800,1.9403351118200576,0.08231901847338015,5.976365925463025,1.831840679667484,0.09027646536081115,1.886087895743771,0.004406675175308064,299b86a8456fac76b799cef5194d89a26409c7b0ba249e84c495b132fc60ed8c,213325372,40,b4459ae0d1c64ba021ffce634d26402362575171,False,True,True,COMPLETE,2.0,0.0,2.2737367544323206e-13,1.0231815394945443e-13,1.3130661418186869e-14,39
1.0,4800,8.0,m06_b08_g100_t000_mun15,420,-0.052258382568967574,0.03054785108574896,0.00015778612407596482,4.3472814186046084e-05,8.557789984104453e-06,6.979137825370308e-06,0.9151214583482816,1.0,1.0,0.0,0.2,-0.0006799272752310475,0.00011687769259322409,0.0023475319660464884,0.00037687344256999656,0.0016676046908154414,0.00026115864258429003,0.9260301093928445,stage3-coarse-20260729,1.0,1.0,6,wsl,40,-1.5,2.4509867722688544e-06,3.8666404373954886e-07,0.25,4800,3.615260400748612e-05,6.313615119665021e-06,0.7979648573494829,3.2027174214511466e-05,5.232608683755143e-06,3.408988911099879e-05,5.596958464720117e-06,dd63e456cc6806fe9f48508ec0fd4fb858236c74243274b89c1ee2ecd3d7870b,1736560985,40,b4459ae0d1c64ba021ffce634d26402362575171,False,True,True,COMPLETE,0.0,0.0,3.497202527569243e-15,9.837616832264473e-16,2.0263424688261616e-16,0
0.8066666666666666,3872,8.0,m06_b08_g100_t000_mu000,421,-0.8308247144892995,0.02265717017882338,0.5000000000000006,0.5,0.4999999999999997,3.097163649809528e-17,0.5266978141164692,1.0,1.0,0.0,0.2,-13.256967999320006,0.15163980807527777,0.0,0.0,-13.256967999320006,0.15163980807527777,3.28160452574497,stage3-coarse-20260729,1.0,1.0,6,cpu,40,0.0,0.014360796422041511,0.00016481075534731488,0.25,4800,1.388202849517413,0.1770232345244099,3.7380946237462616,0.12013265627523231,0.009458925931653515,0.7541677528963227,0.07727892644356335,6e229e499f7794450a7f29b734cd58a3abea3bf7271a86bf6f391e30ded55543,1832300348,40,b4459ae0d1c64ba021ffce634d26402362575171,False,True,True,COMPLETE,0.0,0.0,2.842170943040401e-14,1.2789769243681804e-14,2.2641515522982773e-15,40
0.9997916666666666,4799,8.0,m06_b08_g100_t000_mup15,422,-0.13761466470367942,0.048381531408823515,0.9999775284483287,0.9998703515064497,0.9992251425305176,3.98208933100901e-05,1.4362101390092805,1.0,1.0,0.0,0.2,-0.0031164054580763356,0.0015189571363942761,-53.99299898134829,0.002150328238745328,-53.996115386806366,0.0007372510703806168,0.9278360152167637,stage3-coarse-20260729,1.0,1.0,6,cpu,40,1.5,2.6976075616582773e-05,2.0310825344155e-05,0.25,4800,0.00017604072554784107,7.525112244196643e-05,1.5765914263100884,0.00010409421744052305,3.1069973787068055e-05,0.00014006747149418203,5.3034006181663045e-05,b7e93e786e4e82ffdc94ad361b6ead27d8ac29977d920b826b44e9ae4973bee0,639099992,40,b4459ae0d1c64ba021ffce634d26402362575171,False,True,True,COMPLETE,0.0,0.0,1.7053025658242404e-13,4.405364961712621e-14,6.509988641265117e-15,41
0.9979166666666667,4790,8.0,m06_b08_g100_t025_mun15,423,0.04676363013948987,0.08906414651316424,0.002419586335655113,0.0005489816808800436,5.5163535316683004e-05,0.0001555721216187654,1.8798198565141655,1.0,1.0,0.0,0.2,-0.009564571577132204,0.0028866775674382637,0.015363460210239394,0.003949551252176517,0.0057988886331071885,0.0011463821734904566,1.4074464265134676,stage3-coarse-20260729,1.0,1.0,6,cpu,40,-1.5,3.085558024700171e-05,8.730203030309888e-06,0.25,4800,0.0005471777065465718,0.00016022354868665958,1.6164752981941404,0.0006139328526491566,0.00019321550460647748,0.0005805552795978641,0.00017437888006287397,80b5e98af0738615ceacec08b4ee61f352de6075d13d5b4437f2d2f1123ad807,470073325,40,b4459ae0d1c64ba021ffce634d26402362575171,False,True,True,COMPLETE,0.25,0.0,6.106226635438361e-15,1.2104033053628172e-15,1.9160015556842533e-16,42
0.7970833333333334,3826,8.0,m06_b08_g100_t025_mu000,424,-0.49934167087759695,0.08315613831714667,0.4999999999999999,0.49999999999999944,0.499999999999999,4.6773826437859873e-17,0.8559248853318648,1.0,1.0,0.0,0.2,-12.977090078313296,0.015419102770600353,-6.400047882825463,0.15164811934345868,-19.377137961138757,0.1469450414768248,4.455998071528564,stage3-coarse-20260729,1.0,1.0,6,cpu,40,0.0,0.013984994419746988,2.0712578290167e-05,0.25,4800,2.589630799455593,0.1176189289719183,5.27336256193175,0.8711711804866852,0.14893755758058186,1.7304009899711388,0.01787728349756808,bc4cc9875a1869749ef578a1b0d69fdef126b6a7e93a39111f007fbf66a1dc46,191993823,40,b4459ae0d1c64ba021ffce634d26402362575171,False,True,True,COMPLETE,0.25,0.0,5.684341886080802e-14,1.6342482922482303e-14,2.858068147814199e-15,43
0.955625,4587,8.0,m06_b08_g100_t025_mup15,425,-0.21205905372472408,0.15586476789125775,0.9844136581381212,0.9431197262586494,0.8909457246197952,0.01818977883171315,7.601270023289993,1.0,1.0,0.0,0.2,-1.432197597134468,0.5337917021240988,-52.51044936495443,0.605212463348301,-53.94264696208891,0.09319130766535494,3.883346000489207,stage3-coarse-20260729,1.0,1.0,6,wsl,40,1.5,0.0032743791681195305,0.0010015268056946583,0.25,4800,0.1913591371715115,0.09511795983371825,7.555681510146942,0.0918151913694067,0.022158243479637872,0.1415871642704591,0.05744432960272444,dae5881454b9413b00a1afa27ee6ab8577de50a8e4333bf83e0eb7a435ae75e8,3098959496,40,b4459ae0d1c64ba021ffce634d26402362575171,False,True,True,COMPLETE,0.25,0.0,1.7053025658242404e-13,4.405364961712621e-14,6.8983567721134216e-15,1
0.8547916666666666,4103,8.0,m06_b08_g100_t050_mun15,426,0.01944271300816166,0.05385056134518424,0.2551287772964912,0.24811387217634606,0.22290675801923085,0.004387242992840123,5.067288844997236,1.0,1.0,0.0,0.2,-8.857027102946276,0.2892958552721897,1.5295946400288816,0.053529892781363005,-7.327432462917396,0.2959074098533434,7.07442009462457,stage3-coarse-20260729,1.0,1.0,6,cpu,40,-1.5,0.014067321099245227,0.00037547391410446956,0.25,4800,1.3760788152423247,0.09572264881822232,2.146896067081477,1.4232945036510485,0.07538531937708202,1.3996866594466866,0.05294193382260934,cb3adb6b30cf49de019adee6a355e4b7456112ff182bc8608074fb98d91454fa,3879835701,40,b4459ae0d1c64ba021ffce634d26402362575171,False,True,True,COMPLETE,0.5,0.0,2.842170943040401e-14,9.059419880941277e-15,1.1655294647480938e-15,44
0.801875,3849,8.0,m06_b08_g100_t050_mu000,427,0.12982114748587426,0.1494486543720046,0.5,0.4999999999999993,0.4999999999999985,6.205233568975147e-17,0.6027543884686742,1.0,1.0,0.0,0.2,-13.212898796242769,0.08469542126263133,-13.94740926326773,0.16890590813135314,-27.1603080595105,0.24728162265808254,4.966895587097778,stage3-coarse-20260729,1.0,1.0,6,cpu,40,0.0,0.014121596081702673,9.881248681211478e-05,0.25,4800,1.653993665731256,0.30399544534027667,7.541377049756312,2.1301810161598853,0.2568800668383837,1.892087340945571,0.032511671382970106,5b496ac15c40229fc6ff6f50a957569b581308b990b22d66acbdd573a176ce95,3266632565,40,b4459ae0d1c64ba021ffce634d26402362575171,False,True,True,COMPLETE,0.5,0.0,5.684341886080802e-14,1.9184653865522706e-14,3.991966855269763e-15,45
0.84125,4038,8.0,m06_b08_g100_t050_mup15,428,0.060791825506911534,0.18697824968252588,0.7773804396417262,0.7419297756990368,0.7229927690188858,0.00817693364354596,5.674838048671927,1.0,1.0,0.0,0.2,-9.415504238032039,0.3095696631849324,-52.090210818343145,0.13862900165018832,-61.50571505637517,0.1473719735549987,2.689669594081524,stage3-coarse-20260729,1.0,1.0,6,cpu,40,1.5,0.014314786045513745,0.00022684293244329916,0.25,4800,1.3571766293174845,0.23772945739044105,6.01429104527166,1.5677185850613402,0.3391153419649503,1.4624476071894121,0.07265703744945061,bf213750e3f766f8e015dc37d2e6dabd60fe7e5a5cc83260c76c9eac041d45a5,257717172,40,b4459ae0d1c64ba021ffce634d26402362575171,False,True,True,COMPLETE,0.5,0.0,1.1368683772161603e-13,6.679101716144942e-14,8.608108112451449e-15,46
0.8289583333333334,3979,8.0,m06_b08_g100_t100_mun15,429,0.05825026036859808,0.035205597782743375,0.3295915471541678,0.31686173720521565,0.3090267811241082,0.002452084960286018,4.253447871377569,1.0,1.0,0.0,0.2,-11.08762514459484,0.08653683497346651,-9.349583520182021,0.05766997966479043,-20.43720866477686,0.10419285752697591,1.7999773013533886,stage3-coarse-20260729,1.0,1.0,6,cpu,40,-1.5,0.014049823084300972,6.34216909787631e-05,0.25,4800,1.5960040723211473,0.06726865234733907,2.814206283772144,1.7909156896701597,0.05321011063225109,1.6934598809956534,0.013614645425047806,87230680ce9f12379d1cfe210b847b81d9887ca552d0f21a67c0828ec0b01f41,2719601092,40,b4459ae0d1c64ba021ffce634d26402362575171,False,True,True,COMPLETE,1.0,0.0,5.684341886080802e-14,1.5631940186722205e-14,2.98236353971036e-15,47
0.8029166666666666,3854,8.0,m06_b08_g100_t100_mu000,430,-0.07402462867125442,0.03889094998093548,0.5000000000000003,0.49999999999999967,0.4999999999999985,7.642378326954994e-17,0.6828625569965062,1.0,1.0,0.0,0.2,-13.48101517885286,0.06367273169635121,-28.32903612080863,0.1332931198979177,-41.810051299661495,0.10679830889685261,1.5758763831997826,stage3-coarse-20260729,1.0,1.0,6,wsl,40,0.0,0.01428408236545078,4.9894247567621094e-05,0.25,4800,2.0580977446077107,0.06027794425759432,3.5915090802040837,1.7775031562587387,0.0865970589915427,1.9178004504332251,0.013733623667881951,4b62701e92210c6e5dba2be3d194421afa669d9c3451f1ab052ba303311e67ea,4109961437,40,b4459ae0d1c64ba021ffce634d26402362575171,False,True,True,COMPLETE,1.0,0.0,1.1368683772161603e-13,3.552713678800501e-14,5.2633807400895955e-15,2
0.8145833333333333,3910,8.0,m06_b08_g100_t100_mup15,431,-0.261785516562452,0.015488706470096572,0.6923153474947846,0.657354354499675,0.6448900608291113,0.007719556808566685,5.751168242157185,1.0,1.0,0.0,0.2,-11.596644648957994,0.17540697419615073,-62.20214226705791,0.2735726783306661,-73.7987869160159,0.23550266216101703,3.521870264795838,stage3-coarse-20260729,1.0,1.0,6,cpu,40,1.5,0.014059581797769716,9.076113711065689e-05,0.25,4800,2.206342420047979,0.0664273899338583,5.266891659851114,1.2904492417734854,0.02809619346020065,1.7483958309107321,0.03819715546371466,d3220e8291851a2bf9cf813b59acaef6a335ffaac3cdb1ad2b2ef445fb7e79a1,1807671034,40,b4459ae0d1c64ba021ffce634d26402362575171,False,True,True,COMPLETE,1.0,0.0,2.2737367544323206e-13,6.536993168992921e-14,9.877074855464024e-15,48
0.811875,3897,8.0,m06_b08_g100_t200_mun15,432,0.07427013044980865,0.018029772885031166,0.3611193468205342,0.3611058194937844,0.3610751958998699,4.457036761891203e-06,5.166880380104021,1.0,1.0,0.0,0.2,-12.20934289953929,0.04435498136085041,-36.27782831197551,0.19542214246847892,-48.4871712115148,0.24016289324946263,4.5788880268470304,stage3-coarse-20260729,1.0,1.0,6,cpu,40,-1.5,0.014005827292749531,4.460465538588945e-05,0.25,4800,1.723032418811563,0.035989737768647,2.326417540022213,1.9991315062729307,0.03312114724559977,1.8610819625422472,0.01157906686020291,d2cc4d59e29501c9aebe9a22210d9863517b8e1925cf96478a5278bfca8a163a,3951213163,40,b4459ae0d1c64ba021ffce634d26402362575171,False,True,True,COMPLETE,2.0,0.0,1.1368683772161603e-13,3.126388037344441e-14,5.9913792545123854e-15,49
0.8085416666666667,3881,8.0,m06_b08_g100_t200_mu000,433,-0.15189550841629593,0.019150832072825547,0.5000000000000014,0.5,0.49999999999999784,1.2328840868035043e-16,0.5,1.0,1.0,0.0,0.2,-12.748730119415907,0.07713366910148696,-55.840308144992534,0.12635572236657333,-68.58903826440844,0.1888649981867727,4.699447383231987,stage3-coarse-20260729,1.0,1.0,6,cpu,40,0.0,0.013949729601044078,1.7239116171740205e-05,0.25,4800,2.1564851453263225,0.03231105955956864,2.700555330586651,1.5881412288862624,0.0389901015794667,1.8723131871062926,0.005466612946722405,05ecdf15ffe79db82289d7dd0fc88645cfb3721fddd974a06bca05bc01db4eaa,1367334220,40,b4459ae0d1c64ba021ffce634d26402362575171,False,True,True,COMPLETE,2.0,0.0,2.2737367544323206e-13,4.5474735088646414e-14,1.0961507469919738e-14,50
0.8202083333333333,3937,8.0,m06_b08_g100_t200_mup15,434,-0.15297867889730823,0.051459687815968984,0.6389281810854188,0.6389024835760869,0.6388883442935731,6.75769678412116e-06,6.642310465499411,1.0,1.0,0.0,0.2,-12.21497652823038,0.02815776471080401,-90.42008159541334,0.14934002311482597,-102.63505812364374,0.1829781967856702,4.797377341597347,stage3-coarse-20260729,1.0,1.0,6,cpu,40,1.5,0.013966656905829492,2.4914942498836614e-05,0.25,4800,2.1667461580293024,0.09391395088129771,5.877169720256868,1.5927254188390219,0.09920393589715322,1.8797357884341621,0.0036197180629369296,662fad3d0e56f0828caad4da42ccbde98c0218415426b84e876412766a7599a3,2795549218,40,b4459ae0d1c64ba021ffce634d26402362575171,False,True,True,COMPLETE,2.0,0.0,2.2737367544323206e-13,7.673861546209083e-14,1.106398636910363e-14,51
1.0,4800,8.0,m06_b08_g200_t000_mun15,435,-0.025306206600203524,0.057871935442888996,0.0009563531317739923,0.0002307348420470371,5.004111800374325e-06,0.00010244042272312192,3.4891274923875653,1.0,1.0,0.0,0.2,-0.006139228967567653,0.0025113278623291823,0.012459681470540001,0.005531782827048585,0.0063204525029723485,0.003053490029122437,3.7912002626943804,stage3-coarse-20260729,1.0,2.0,6,wsl,40,-1.5,1.475856749324048e-05,4.007005240904253e-06,0.25,4800,0.0001934854627101067,7.455192159818818e-05,3.175536689266004,0.0002218130410727421,6.50763322825982e-05,0.0002076492518914244,5.730377652927108e-05,4c5dfe90335a79d2846b7e06d5637ed2c70e08404775bc04472690197bf088fa,163680367,40,b4459ae0d1c64ba021ffce634d26402362575171,False,True,True,COMPLETE,0.0,0.0,3.913536161803677e-15,1.0907941216942162e-15,1.7082376225367418e-16,3
0.738125,3543,8.0,m06_b08_g200_t000_mu000,436,0.5816060072200671,0.06383003583513391,0.5000000000000018,0.5,0.4999999999999992,8.184676761780663e-17,0.5543163929891619,1.0,1.0,0.0,0.2,-24.633302201155637,0.3105635383227568,0.0,0.0,-24.633302201155637,0.3105635383227568,4.327638543132084,stage3-coarse-20260729,1.0,2.0,6,cpu,40,0.0,0.014019923145324228,5.1699582111084285e-05,0.25,4800,0.10986213806167273,0.0028983855735781805,1.714439224172,0.48869517630584197,0.12438171588954357,0.29927865718375735,0.06209891464168732,14d0f2caf0e43c14db9b9d185540ac85fe243ca768721b3102b8658a0063c23c,3457069105,40,b4459ae0d1c64ba021ffce634d26402362575171,False,True,True,COMPLETE,0.0,0.0,5.684341886080802e-14,2.984279490192421e-14,5.381856990671003e-15,52
0.9997916666666666,4799,8.0,m06_b08_g200_t000_mup15,437,0.04604479063622513,0.03803653842470541,0.9999992977108225,0.999651683843999,0.9963772437058983,0.00020616436961344548,1.9799344298560058,1.0,1.0,0.0,0.2,-0.008608827558342825,0.005009217207567512,-53.98119092757595,0.01113287595912474,-53.989799755134285,0.006122196633653231,2.1525353686727375,stage3-coarse-20260729,1.0,2.0,6,cpu,40,1.5,1.9655172794861177e-05,1.1550984388704092e-05,0.25,4800,0.00026044214395101143,0.0001373218298203403,1.9983243019223518,0.0003088885891092348,0.00016664598007028896,0.0002846653665301231,0.00015167012850256277,f210a7e9a0d8fbdc6594f463adedff15b751d61c6b703e4bd142596e8a759c37,3175186715,40,b4459ae0d1c64ba021ffce634d26402362575171,False,True,True,COMPLETE,0.0,0.0,1.1368683772161603e-13,4.689582056016661e-14,6.339703930942293e-15,53
0.9683333333333334,4648,8.0,m06_b08_g200_t025_mun15,438,0.13754635422343048,0.09144918945888966,0.13871429513504363,0.037771692673651575,0.00028366790762258183,0.02377814990263924,5.976103829912496,1.0,1.0,0.0,0.2,-1.588887797747871,1.1258392828693922,1.0295518108657444,0.7022667735179093,-0.5593359868821268,0.42478916407551104,4.609512984555439,stage3-coarse-20260729,1.0,2.0,6,cpu,40,-1.5,0.0021292978221971624,0.0013226473127283037,0.25,4800,0.06027316958424679,0.03910289856768724,5.9173955004991665,0.13719601679321597,0.10701255469547244,0.09873459318873139,0.07282399192680754,8491ff4752d9dfa7d8d3768751c5ae3dc874aa21fa499f92c7e4949d39c9bf50,2555303445,40,b4459ae0d1c64ba021ffce634d26402362575171,False,True,True,COMPLETE,0.25,0.0,7.105427357601002e-15,1.3364309658925321e-15,3.386267587932307e-16,54
0.748125,3591,8.0,m06_b08_g200_t025_mu000,439,0.09568428573273399,0.030954764753191887,0.5000000000000006,0.49999999999999944,0.4999999999999986,6.389813363550566e-17,0.5,1.0,1.0,0.0,0.2,-23.527794121527744,0.5383785720783452,-5.066480246915288,0.09544626100173759,-28.59427436844303,0.6231993323797534,6.142399950110745,stage3-coarse-20260729,1.0,2.0,6,cpu,40,0.0,0.014340709294159796,0.00014354992187395286,0.25,4800,0.9113698391308052,0.03307363451600087,3.216685219995972,1.1089589633784542,0.057654856463308875,1.0101644012546298,0.03490049252965734,e4e7f06ac5254603324c2d628c003ee547a6c94c116dbfe77fb1f9b52a45b969,1874109902,40,b4459ae0d1c64ba021ffce634d26402362575171,False,True,True,COMPLETE,0.25,0.0,1.1368683772161603e-13,2.2737367544323207e-14,4.794898088033354e-15,55
0.8497916666666666,4079,8.0,m06_b08_g200_t025_mup15,440,0.6814973167049412,0.05349540721288391,0.8909858866851967,0.7423691885828756,0.6725423222638801,0.0417750749727044,7.305120693759338,1.0,1.0,0.0,0.2,-16.32273974227395,3.0754360528678513,-44.201971280992765,1.9822214792098207,-60.52471102326672,1.0925982615427035,7.084879862603246,stage3-coarse-20260729,1.0,2.0,6,wsl,40,1.5,0.010951433309018746,0.001117074482388167,0.25,4800,0.25316059352192355,0.02527313546124128,2.4163880644021916,1.461133010922553,0.22530858960512143,0.8571468022222384,0.11929256281010432,a9388ca43f91d64b5aeac06e3a93d2942e19cc52ecbe54e56a32cc5bd28864b3,2530909664,40,b4459ae0d1c64ba021ffce634d26402362575171,False,True,True,COMPLETE,0.25,0.0,1.1368683772161603e-13,5.684341886080802e-14,9.186976630372745e-15,4
0.7777083333333333,3733,8.0,m06_b08_g200_t050_mun15,441,0.33959687914728187,0.08126555014578443,0.3103315919629252,0.29910683211034617,0.2769001645180963,0.005549233323071343,6.403759644355423,1.0,1.0,0.0,0.2,-17.02823595409318,0.2877336287625639,4.504266118943509,0.056233823813283366,-12.523969835149671,0.2766628485526608,2.577943843275888,stage3-coarse-20260729,1.0,2.0,6,cpu,40,-1.5,0.013717715480066766,0.0003219144734612231,0.25,4800,0.9220224004544233,0.1451176238651658,6.830694432559891,1.8576061293874886,0.09796922351992442,1.3898142649209562,0.059397592674998244,f305c55238e4c83056a37ab33838e7e6101d9b1b3ab87e60a0119d9a9ac7fff8,2981118767,40,b4459ae0d1c64ba021ffce634d26402362575171,False,True,True,COMPLETE,0.5,0.0,5.684341886080802e-14,1.5631940186722205e-14,2.429631008070346e-15,56
0.7475,3588,8.0,m06_b08_g200_t050_mu000,442,0.6459792347249599,0.04075974282903593,0.5000000000000001,0.4999999999999993,0.4999999999999986,5.5136252529407734e-17,0.5,1.0,1.0,0.0,0.2,-23.170287954291794,0.21769093226162087,-12.249362370039755,0.20111791016770633,-35.419650324331556,0.16234502284390587,6.253515873514907,stage3-coarse-20260729,1.0,2.0,6,cpu,40,0.0,0.013973083794998706,1.3336020086028036e-05,0.25,4800,0.5998913311902985,0.0722568864177553,3.514751709867605,2.776523015870276,0.053825238981135885,1.6882071735302873,0.015061110343997671,4b6884620faffd2b3929fa5dedba700b2bd2c4802fb37a27e0211915d53155b6,2511918518,40,b4459ae0d1c64ba021ffce634d26402362575171,False,True,True,COMPLETE,0.5,0.0,1.1368683772161603e-13,3.694822225952521e-14,4.794898088033354e-15,57
0.7910416666666666,3797,8.0,m06_b08_g200_t050_mup15,443,0.34213381545857713,0.23717740484718144,0.7486032269209695,0.6990384910330565,0.6835202348388335,0.00926008750473854,5.155831983931005,1.0,1.0,0.0,0.2,-17.906940252258483,1.532280950237385,-50.05204429646545,0.5209674501564294,-67.95898454872392,1.0204653896027378,6.05397924811721,stage3-coarse-20260729,1.0,2.0,6,cpu,40,1.5,0.013978676060692797,4.3992500756041825e-05,0.25,4800,1.0363069717638644,0.3468761873632738,6.196703966340924,2.193096524550392,0.41547320984063113,1.6147017481571282,0.0345608318056306,f0131dbd61bac66261b0b6af816eb8d648e333e71287b261c2abd551931ab4b4,1885281739,40,b4459ae0d1c64ba021ffce634d26402362575171,False,True,True,COMPLETE,0.5,0.0,1.1368683772161603e-13,5.1159076974727215e-14,1.164104276916231e-14,58
0.781875,3753,8.0,m06_b08_g200_t100_mun15,444,0.4230645069007351,0.096505755263933,0.36098899373427584,0.35691207755205145,0.3326760554453295,0.0023638576725382877,3.061178479590147,1.0,1.0,0.0,0.2,-20.324952965547666,0.6570699007339524,-7.08545590720919,0.6614061595966487,-27.410408872756857,0.05753718441885118,1.0821187109559611,stage3-coarse-20260729,1.0,2.0,6,cpu,40,-1.5,0.013986372956756966,1.1333583464035687e-05,0.25,4800,1.027878015969754,0.18368108638542363,7.623517441384489,2.5181924136703366,0.1391553096805134,1.7730352148200452,0.02324047414889855,b0e831bbd5b0182218f27422f6a191bf9069fe552db54e246af401499d473d2a,2249676806,40,b4459ae0d1c64ba021ffce634d26402362575171,False,True,True,COMPLETE,1.0,0.0,5.684341886080802e-14,2.4158453015843406e-14,4.2632564145606e-15,59
0.7604166666666666,3650,8.0,m06_b08_g200_t100_mu000,445,0.2995123717575548,0.04807586689402286,0.5000000000000012,0.49999999999999967,0.4999999999999985,9.339690125213775e-17,0.5,1.0,1.0,0.0,0.2,-21.631869487354912,0.203348071161629,-28.088099692970037,0.18705448532574148,-49.71996918032495,0.34474134650609867,2.217287379191496,stage3-coarse-20260729,1.0,2.0,6,wsl,40,0.0,0.014042620028447361,3.310310027263542e-05,0.25,4800,1.349482957239226,0.0992559539395599,6.541814495953143,2.4998626049185204,0.07571916014963168,1.9246727810788733,0.014054508236775651,247f8bf6d5bc5d9ac6c957117e5024e1328000b494d86087d5a42e7e8cdaf49e,1505543015,40,b4459ae0d1c64ba021ffce634d26402362575171,False,True,True,COMPLETE,1.0,0.0,1.1368683772161603e-13,3.552713678800501e-14,5.6432001495331796e-15,5
0.7714583333333334,3703,8.0,m06_b08_g200_t100_mup15,446,0.4425020651019228,0.028648267040062923,0.6660083694268768,0.6446814593423529,0.6390672644447003,0.0037318894205025026,5.514659753736645,1.0,1.0,0.0,0.2,-20.37355739147568,0.12311400223715314,-61.068543938702724,0.22986069664125938,-81.4421013301784,0.13510757184405411,2.812944971629854,stage3-coarse-20260729,1.0,2.0,6,cpu,40,1.5,0.014004332537093152,3.0210426669156522e-05,0.25,4800,0.9813530371307941,0.05329570587540362,3.7021578482950845,2.535425408358466,0.04537273325850482,1.7583892227446303,0.012375719305251416,aa5eb47a03575426e917bb0112b3c4debc2d720e2bc275fe982a487099438576,3957387998,40,b4459ae0d1c64ba021ffce634d26402362575171,False,True,True,COMPLETE,1.0,0.0,2.2737367544323206e-13,7.958078640513122e-14,1.277642240940618e-14,60
0.76375,3666,8.0,m06_b08_g200_t200_mun15,447,0.03550251295403283,0.029743143844628495,0.3614511644956901,0.3611919138027323,0.36111358713161334,4.9797983080628104e-05,5.324277999113004,1.0,1.0,0.0,0.2,-18.82281839928661,0.24395652403142173,-37.152817905090046,0.1510105434049459,-55.975636304376664,0.40720229469565483,5.062464132803296,stage3-coarse-20260729,1.0,2.0,6,cpu,40,-1.5,0.01407237688637319,2.761693049213668e-05,0.25,4800,1.8447737617961653,0.04997096458102168,3.051671181476477,1.9820301975430268,0.06515869518073432,1.913401979669596,0.009620630519979077,3ccbcfc168f86a662298251b471c43ea13bedbb096503841855b8ed371744597,2252916132,40,b4459ae0d1c64ba021ffce634d26402362575171,False,True,True,COMPLETE,2.0,0.0,1.1368683772161603e-13,4.263256414560601e-14,8.329909731511637e-15,61
0.7564583333333333,3631,8.0,m06_b08_g200_t200_mu000,448,0.32725448565987386,0.043741508119880486,0.5000000000000053,0.5,0.49999999999999406,2.4332449361970755e-16,0.5022686610259504,1.0,1.0,0.0,0.2,-21.287553690365364,0.11167396016007311,-55.06488317055253,0.20225414218851662,-76.35243686091789,0.10996574088593533,1.524997465671951,stage3-coarse-20260729,1.0,2.0,6,cpu,40,0.0,0.014019450582160014,1.42582662148114e-05,0.25,4800,1.2552023992249484,0.08118823517204528,5.703666716404014,2.4765649873533713,0.08227545846102327,1.86588369328916,0.0031191659623614684,1c682706bdbdf592f2aef3b2538a3f76b005a3b74ae2e337e209a6ab642c5e4b,1529377539,40,b4459ae0d1c64ba021ffce634d26402362575171,False,True,True,COMPLETE,2.0,0.0,2.2737367544323206e-13,6.821210263296962e-14,1.4681741207666553e-14,62
0.765625,3675,8.0,m06_b08_g200_t200_mup15,449,0.209266095847482,0.02317514630163291,0.6388880060511243,0.6388834534028343,0.6388587920780466,1.3855472070120128e-06,1.468655313589119,1.0,1.0,0.0,0.2,-19.44027678712495,0.06892768971353179,-90.07244982732516,0.21213799825026172,-109.51272661445009,0.14346642142070012,3.936348105502942,stage3-coarse-20260729,1.0,2.0,6,cpu,40,1.5,0.013996937111849092,4.974770481480996e-05,0.25,4800,1.475301715170072,0.04958895362612674,5.636984798640637,2.25474565165381,0.033206875456432736,1.8650236834119411,0.008675841753928853,e1880ca24a175b186a6d6008a47c54cf330f5d945708005a8db7fd2f998b57dc,1659319637,40,b4459ae0d1c64ba021ffce634d26402362575171,False,True,True,COMPLETE,2.0,0.0,2.2737367544323206e-13,8.242295734817162e-14,1.2864451715723495e-14,63
0.835,1002,2.0,m08_b02_g000_t000_mun15,450,-0.22164719808076844,0.055575138072535335,0.13550841008394943,0.07640718877342667,0.051519598045827425,0.005734500841480441,1.3723628044106417,1.0,1.0,0.0,0.2,-1.303926623795438,0.2432649830559611,7.335090122248961,0.5505120807821223,6.031163498453523,0.3095433918683373,1.34340741009953,stage3-coarse-20260729,1.0,0.0,8,wsl,40,-1.5,0.002197339513904496,0.00014731198771509237,0.75,1200,0.0643415140903832,0.011473317086027479,1.1704463696869123,0.03336373721750075,0.0018600859295116387,0.048852625653941974,0.0063425812870568565,4c46ed27df8d44f0dbd673240ea82061f5a7e348a5f657d64b7f0f7b3da1bf3a,2420673446,10,b4459ae0d1c64ba021ffce634d26402362575171,False,False,False,COMPLETE,0.0,0.0,3.552713678800501e-15,1.0880185641326535e-15,1.9344250008042115e-16,6
0.37916666666666665,455,2.0,m08_b02_g000_t000_mu000,451,-0.9255456087376175,0.01664667184147884,0.5000000000000014,0.5000000000000001,0.4999999999999991,8.224032406389993e-17,0.5,1.0,1.0,0.0,0.2,-16.711324806724072,0.09878739342666952,0.0,0.0,-16.711324806724072,0.09878739342666952,1.6658791765686463,stage3-coarse-20260729,1.0,0.0,8,cpu,40,0.0,0.0078125,4.106723159977897e-19,0.75,1200,2.9428922414341985,0.32926079366132915,2.9606723343344075,0.094954085557013,0.0001970910880729551,1.5189231634956055,0.1646705731800327,629203b8c892daa62e5a4d96d4f5d0fec23a10e82af1473bc82a91eb78e67157,1040203005,10,b4459ae0d1c64ba021ffce634d26402362575171,False,False,False,COMPLETE,0.0,0.0,1.1368683772161603e-13,2.948752353404416e-14,3.5027149567847382e-15,64
0.8666666666666667,1040,2.0,m08_b02_g000_t000_mup15,452,-0.299736680969641,0.10260320170946094,0.9514210457598274,0.929409824705856,0.8757228798108303,0.005584377134290126,2.3624659290531964,1.0,1.0,0.0,0.2,-1.0353792263498611,0.19948186376191562,-89.2233431717622,0.5361002048918497,-90.25872239811204,0.33692061104143123,2.4109936592181973,stage3-coarse-20260729,1.0,0.0,8,cpu,40,1.5,0.0020593588375116666,0.00015581564157589027,0.75,1200,0.08505669848184556,0.026486974165370002,2.2598689280678887,0.031605246007008744,0.0020016683504292736,0.05833097224442716,0.014211729855918651,ad4bce50fd54bb11e51da53c5f1b438232e99f2201959f431583474dd8acb9a0,4097915260,10,b4459ae0d1c64ba021ffce634d26402362575171,False,False,False,COMPLETE,0.0,0.0,1.4210854715202004e-13,5.1159076974727215e-14,5.7747186473445565e-15,65
0.6375,765,2.0,m08_b02_g000_t025_mun15,453,-0.5687064705312004,0.062042094313110065,0.19459267427456978,0.14251232774375033,0.0927132538024709,0.0161678032818736,6.1358320212013595,1.0,1.0,0.0,0.2,-4.12075723993394,0.9636908844000769,9.249552053641997,1.050220279818435,5.1287948137080575,0.1256194973458969,1.8547330150111616,stage3-coarse-20260729,1.0,0.0,8,cpu,40,-1.5,0.003993526901125937,0.0004231040322805473,0.75,1200,0.7191216795012971,0.19842445592144142,4.401304368351415,0.1593119734097756,0.009751676210223171,0.4392168264555364,0.10391072905765933,47fb22833e487163118deb4881e702e3ac3938dce7a798185a9f73636dbfc6bd,3770714757,10,b4459ae0d1c64ba021ffce634d26402362575171,False,False,False,COMPLETE,0.25,0.0,1.2434497875801753e-14,3.197442310920451e-15,4.3231857805244255e-16,66
0.3441666666666667,413,2.0,m08_b02_g000_t025_mu000,454,-0.845922197704222,0.005703415977093205,0.5000000000000064,0.5000000000000006,0.4999999999999959,3.7117137374601e-16,0.5,1.0,1.0,0.0,0.2,-16.985883799148418,0.1351428760304279,-9.230662178829183,0.07306992868102534,-26.216545977977603,0.11021373500298187,2.8906695448484103,stage3-coarse-20260729,1.0,0.0,8,cpu,40,0.0,0.007815665254098167,5.25390290113269e-07,0.75,1200,3.482052198753371,0.07755247683159175,3.28435394726578,0.28970156035130945,0.005884344749316813,1.88587687955234,0.03661305154988359,2e76bc287eec0bd323da9e8c1021a2a8b0d5419d919f0e82b6916e0c6d680304,985377496,10,b4459ae0d1c64ba021ffce634d26402362575171,False,False,False,COMPLETE,0.25,0.0,1.9895196601282805e-13,5.6488147492927966e-14,6.948607193400231e-15,67
0.6741666666666667,809,2.0,m08_b02_g000_t025_mup15,455,-0.654506220800782,0.05402714992357981,0.8825228530581416,0.8343019737585564,0.7796442714564654,0.012456827834309622,3.0148741778571595,1.0,1.0,0.0,0.2,-5.590471281530928,0.8197607944706273,-85.23967839023118,0.7551460273086688,-90.83014967176211,0.11229793521449716,1.628078707725203,stage3-coarse-20260729,1.0,0.0,8,wsl,40,1.5,0.0045695256872721034,0.0003341977769205023,0.75,1200,1.0246017982601994,0.21187461564043208,2.9850273113517924,0.17064431679556677,0.004867855842782344,0.5976230575278831,0.10817574840153897,ade4ac92b8d949ba98ce8282a275d1b09d9f4c95bde01094925a1fb9391ff162,4071578630,10,b4459ae0d1c64ba021ffce634d26402362575171,False,False,False,COMPLETE,0.25,0.0,5.115907697472721e-13,1.3997691894473973e-13,2.835401159036862e-14,7
0.40166666666666667,482,2.0,m08_b02_g000_t050_mun15,456,-0.7910901647564303,0.010655893955168236,0.2795539403170338,0.26787967977255456,0.2459006104504976,0.0023174257998930703,2.1784591561518147,1.0,1.0,0.0,0.2,-12.872375878528308,0.21819065209218574,7.528144176247006,0.17509493972128298,-5.344231702281301,0.11467428609588247,1.3089916717432892,stage3-coarse-20260729,1.0,0.0,8,cpu,40,-1.5,0.0071568494982774695,3.934017003406452e-05,0.75,1200,3.058231854192372,0.05702491673750531,1.9042959646373885,0.3542812443549164,0.012349256743549518,1.7062565492736443,0.019342994130718407,0649961acc56c85df200fd90619fa9a7cee66fe30760128ea955f3d952d60a2d,2244697093,10,b4459ae0d1c64ba021ffce634d26402362575171,False,False,False,COMPLETE,0.5,0.0,7.105427357601002e-14,1.3500311979441903e-14,2.356603652028894e-15,68
0.38166666666666665,458,2.0,m08_b02_g000_t050_mu000,457,-0.709580080789747,0.003270169225617723,0.5000000000000089,0.5000000000000007,0.4999999999999943,5.20040427043899e-16,0.5,1.0,1.0,0.0,0.2,-16.413629066482763,0.09133168033601338,-21.173733944381887,0.01697019813411552,-37.58736301086465,0.07372821937132802,2.1773103413446027,stage3-coarse-20260729,1.0,0.0,8,cpu,40,0.0,0.007816607283815183,7.872756110784716e-07,0.75,1200,3.6615618043034006,0.013613909577106542,1.128712122699474,0.6218517527557207,0.006061321104482512,2.1417067785295605,0.004436724247966928,be561e69bd57badc8399e4cadbca4d74e892cac061b2bd2aec09468a7af1f4f3,1965101812,10,b4459ae0d1c64ba021ffce634d26402362575171,False,False,False,COMPLETE,0.5,0.0,7.389644451905042e-13,1.7124079931818415e-13,2.4545191449061208e-14,69
0.41083333333333333,493,2.0,m08_b02_g000_t050_mup15,458,-0.7539314794734407,0.011437066340865665,0.7660056539859821,0.7348384259587188,0.7096265730683529,0.006551889351667473,4.3003442230348154,1.0,1.0,0.0,0.2,-12.235832995090387,0.3565901386084811,-88.31466330129459,0.6557001947493173,-100.55049629638498,0.3832775548612333,2.5578456982780224,stage3-coarse-20260729,1.0,0.0,8,cpu,40,1.5,0.006925551578454037,7.347599825990579e-05,0.75,1200,2.791232832718708,0.08457378809715059,1.5538639510451924,0.38550645274856,0.010144851588544945,1.5883696427336342,0.038897280793811204,54de97a66396373fe43cc34419f50cb770e0e7a7909e6053b5a119e131bfe1c0,2521292198,10,b4459ae0d1c64ba021ffce634d26402362575171,False,False,False,COMPLETE,0.5,0.0,6.24424956185976e-11,5.95790083934844e-12,4.248537692135858e-12,70
0.4041666666666667,485,2.0,m08_b02_g000_t100_mun15,459,-0.5416085162078934,0.02566142644974538,0.31642923682916946,0.3095027455113434,0.3027434841705178,0.001558072674017008,3.1769622614168207,1.0,1.0,0.0,0.2,-13.047631755287387,0.269168491128995,-13.133223933841643,0.25774179256596935,-26.180855689129025,0.08958057716498947,1.8437643509131076,stage3-coarse-20260729,1.0,0.0,8,cpu,40,-1.5,0.007492388268397968,2.878699787250246e-05,0.75,1200,3.1072482139521753,0.06677040174446541,3.5504146468392546,0.9219797752775059,0.04710049679325442,2.0146139946148405,0.011221298137594666,c399c7aa47185d28fe59ca48edab007093b09c811808e28f47d941bc89c7f562,981975837,10,b4459ae0d1c64ba021ffce634d26402362575171,False,False,False,COMPLETE,1.0,0.0,7.105427357601002e-13,1.7159607068606418e-13,3.312091106266932e-14,71
0.41833333333333333,502,2.0,m08_b02_g000_t100_mu000,460,-0.4154008906582837,0.007924509285756144,0.500000000000157,0.4999999999999895,0.49999999999976047,9.043982996475817e-15,0.5,1.0,1.0,0.0,0.2,-14.642397742687336,0.09428896901082384,-47.734830870800195,0.15601290336005608,-62.377228613487524,0.10407619980515737,2.28029457588486,stage3-coarse-20260729,1.0,0.0,8,wsl,40,0.0,0.007826932300785308,2.1927494744813094e-06,0.75,1200,3.3674824170311295,0.03294165376256908,3.722124344024383,1.3911587358238355,0.019728777625843436,2.3793205764274825,0.015273034717719815,0fc0c61a2ca200bb35ce6ae4ff5a76f992060276ec45650f15b26ab91fcb7d62,3076428360,10,b4459ae0d1c64ba021ffce634d26402362575171,False,False,False,COMPLETE,1.0,0.0,1.432454155292362e-11,2.19628759623447e-12,7.729848673800696e-13,8
0.3591666666666667,431,2.0,m08_b02_g000_t100_mup15,461,-0.5921616628922628,0.005723475809697787,0.6926340167350326,0.6869851321424193,0.6799638450054106,0.001090429618055103,2.5485213619300024,1.0,1.0,0.0,0.2,-13.657075958333412,0.08406984193449324,-108.93071939012016,0.06401119190299406,-122.58779534845357,0.03347663352595401,1.0121460232967676,stage3-coarse-20260729,1.0,0.0,8,cpu,40,1.5,0.007608981721311634,1.649005096306299e-05,0.75,1200,3.2872438419374093,0.020417906680458942,1.5817520835226277,0.8416397808050817,0.009988060331962034,2.0644418113712453,0.007344195267516601,936d6f62a8704401a2c5fd282efad86eb3c17c0c25366d09b3ecc46113aff1d6,2054236532,10,b4459ae0d1c64ba021ffce634d26402362575171,False,False,False,COMPLETE,1.0,0.0,2.6847146727959625e-10,7.279226110767923e-11,1.6845062447121137e-11,72
0.41833333333333333,502,2.0,m08_b02_g000_t200_mun15,462,-0.2552631194368885,0.014310273375318618,0.37390762918522946,0.3681870482487404,0.3648027198318277,0.0007353410937956217,2.114556271021623,1.0,1.0,0.0,0.2,-12.688115695394027,0.12795045939264285,-61.35709682465656,0.1840692539079899,-74.04521252005058,0.15441329714939153,2.15151176262175,stage3-coarse-20260729,1.0,0.0,8,cpu,40,-1.5,0.0075837274862113405,1.4709584190313e-05,0.75,1200,2.9715639635662257,0.04312315452231865,2.8495449516218843,1.7624934430881605,0.03093195839664451,2.3670287033271933,0.007374418201915199,f87e61c5a3e44cb44c871ff7f8f1a6fd993d1760be2618fb19eb0e20250a3419,1785571193,10,b4459ae0d1c64ba021ffce634d26402362575171,False,False,False,COMPLETE,2.0,0.0,1.002689486995223e-09,2.9603484108520204e-10,5.421341993233505e-11,73
0.3416666666666667,410,2.0,m08_b02_g000_t200_mu000,463,-0.3340940956479697,0.014923200945966568,0.5000000006357277,0.49999999991179767,0.49999999895869085,5.3459211612055284e-11,0.5,1.0,1.0,0.0,0.2,-14.312971271406218,0.11809362111603754,-99.52595584598855,0.11904872073906983,-113.83892711739477,0.05988768624107169,2.235088612636673,stage3-coarse-20260729,1.0,0.0,8,cpu,40,0.0,0.007817729695357819,1.0000840166169832e-06,0.75,1200,3.3726483610777933,0.04024414098486433,7.131753950877824,1.683406034337701,0.03663654850512963,2.5280271977077478,0.0028139747175790256,34688338a1ba505f84f72f8fdcb1c477c27540cee761ae6fe4e7765c916c2a99,3016063643,10,b4459ae0d1c64ba021ffce634d26402362575171,False,False,False,COMPLETE,2.0,0.0,8.469658041576622e-08,1.8884118446749198e-08,2.6106370560871294e-09,74
0.43416666666666665,521,2.0,m08_b02_g000_t200_mup15,464,-0.20875461031481995,0.0342996903652281,0.6396334701208257,0.6333709720459879,0.628169591214736,0.0012574791250242873,3.96855143273954,1.0,1.0,0.0,0.2,-12.181822483668313,0.3351437405445752,-157.88686987473554,0.23768388509894767,-170.06869235840387,0.09471680460201812,1.9957440942870779,stage3-coarse-20260729,1.0,0.0,8,cpu,40,1.5,0.007569191020561363,2.4148687206673717e-05,0.75,1200,2.8689740875754963,0.08491401449111054,4.379714459921514,1.877414919343567,0.07909374519738437,2.373194503459532,0.0030582609370990274,3e12bb29b452ff82efb2be71d35ec67964c07bf1b9dd3accf07104230e311fa2,2846095730,10,b4459ae0d1c64ba021ffce634d26402362575171,False,False,False,COMPLETE,2.0,0.0,2.984601223943173e-07,6.69186576374159e-08,1.989919065982859e-08,75
0.9066666666666666,1088,2.0,m08_b02_g025_t000_mun15,465,-0.13381942952931544,0.029711989744522938,0.08258638235400209,0.06158123110113019,0.05038437441939074,0.0014418387638231284,0.6704112962087782,1.0,1.0,0.0,0.2,-0.7995445743056436,0.04458781375678358,5.911798185708497,0.13841652132702037,5.112253611402854,0.09494994122940147,0.6666613637362662,stage3-coarse-20260729,1.0,0.25,8,wsl,40,-1.5,0.0018093764800552249,3.998474622918848e-05,0.75,1200,0.04505130666075863,0.0038611015159607425,0.5444402991439841,0.03130764810777541,0.0010048870014690672,0.03817947738426702,0.002177701106999447,47df1e037560c5dede9c4aac7c6507fe8fe0c445fbd6611db98fa85024310586,3739779414,10,b4459ae0d1c64ba021ffce634d26402362575171,False,False,False,COMPLETE,0.0,0.0,8.881784197001252e-15,1.7319479184152442e-15,2.852436201786169e-16,9
0.39166666666666666,470,2.0,m08_b02_g025_t000_mu000,466,-0.6801889830767884,0.07436054027320274,0.5000000000000007,0.4999999999999999,0.49999999999999906,4.9829390360377965e-17,0.5,1.0,1.0,0.0,0.2,-15.83313472207875,0.21781367580318983,0.0,0.0,-15.83313472207875,0.21781367580318983,2.699731864457264,stage3-coarse-20260729,1.0,0.25,8,cpu,40,0.0,0.007832825912813281,2.6761452188763572e-06,0.75,1200,0.9411572592208906,0.2823285715702907,4.3184962578575545,0.12943496203809798,0.00991824302924611,0.5352961106294943,0.13815321421865423,0627499da833b9cc0b5a47e0e24f9406e9a03b3139efaf2d00a21796dba527ad,599543158,10,b4459ae0d1c64ba021ffce634d26402362575171,False,False,False,COMPLETE,0.0,0.0,7.105427357601002e-14,1.9895196601282804e-14,3.2894666680132838e-15,14
0.9141666666666667,1097,2.0,m08_b02_g025_t000_mup15,467,-0.09983353749839805,0.0289259060003208,0.9505284206088281,0.9342379762685807,0.9010411907479667,0.002292349921532671,0.8161584818345597,1.0,1.0,0.0,0.2,-0.9320219583922705,0.07876060479484472,-89.68684572178375,0.22006559246713603,-90.61886768017602,0.14324632747159366,0.796956017693576,stage3-coarse-20260729,1.0,0.25,8,cpu,40,1.5,0.0019255524312184412,6.387040925380035e-05,0.75,1200,0.046573269293337986,0.005037340399746961,0.6389253468519523,0.03415922164079475,0.0016783920589540614,0.040366245467066374,0.0031036291687311594,148d793f31c51ae36988e2d9ab869319a55aacb74432170cecc4592a916c6be1,368199845,10,b4459ae0d1c64ba021ffce634d26402362575171,False,False,False,COMPLETE,0.0,0.0,1.1368683772161603e-13,3.339550858072471e-14,4.538297794899066e-15,15
0.6175,741,2.0,m08_b02_g025_t025_mun15,468,-0.5740860865760854,0.04360881527350284,0.21743933055974593,0.16861205596181095,0.10095155202445838,0.015569578360743543,5.3635480936252975,1.0,1.0,0.0,0.2,-5.870840387654118,0.970018669422454,10.650375117632347,0.8504391724443315,4.779534729978228,0.0940394940561459,1.8217240664385865,stage3-coarse-20260729,1.0,0.25,8,cpu,40,-1.5,0.004639711804916463,0.0004103247299737113,0.75,1200,1.029247530554103,0.23638452283955877,5.3623768829510166,0.2428075460748061,0.03552795884467844,0.6360275383144544,0.13315335571288003,624f850a892c813def9bd2f61c354b0d33fae0a862d280631fa463168d5fdb69,321119748,10,b4459ae0d1c64ba021ffce634d26402362575171,False,False,False,COMPLETE,0.25,0.0,1.4210854715202004e-14,4.507505479978136e-15,5.718926696719972e-16,16
0.35583333333333333,427,2.0,m08_b02_g025_t025_mu000,469,-0.8100929554278924,0.01518958405563454,0.500000000000019,0.5000000000000002,0.49999999999998956,6.572271813666635e-16,0.5,1.0,1.0,0.0,0.2,-17.493566431633955,0.15357308878606626,-9.584382523794877,0.12918654841300667,-27.077948955428838,0.10163416718274206,1.836324927801554,stage3-coarse-20260729,1.0,0.25,8,cpu,40,0.0,0.007831718543496605,3.063946850483448e-06,0.75,1200,3.52609208713021,0.06625359131462977,2.5395046429555173,0.3705152470088021,0.030955215603747206,1.948303667069506,0.036920100148723725,b09620b0fcad74bde9db0717e8990aca69a196d2946ffd5cd14a459b7841f283,936667289,10,b4459ae0d1c64ba021ffce634d26402362575171,False,False,False,COMPLETE,0.25,0.0,9.521272659185342e-13,1.1191048088221578e-13,4.3104861006733454e-14,17
0.675,810,2.0,m08_b02_g025_t025_mup15,470,-0.5531493958754151,0.12374924111594604,0.9118446371055936,0.8355977471310089,0.7906962958904531,0.015989952958813787,4.416512013231939,1.0,1.0,0.0,0.2,-5.702196169002567,0.9756810091334815,-85.25538165547134,1.0345658690016954,-90.95757782447393,0.13567761638502693,1.9483049581865144,stage3-coarse-20260729,1.0,0.25,8,wsl,40,1.5,0.00451327719714628,0.00037444403155635056,0.75,1200,0.9510699451893618,0.2047558505297896,3.4385923958241653,0.1957331046076451,0.028759414796449088,0.5734015248985034,0.10180024206594891,575d31dd68a118ab4594f215a41b59eee30f1b9a64ca7543901eaea5ce3f74d9,245418615,10,b4459ae0d1c64ba021ffce634d26402362575171,False,False,False,COMPLETE,0.25,0.0,5.087485988042317e-12,4.4835246626462323e-13,3.2436961573727704e-13,10
0.3441666666666667,413,2.0,m08_b02_g025_t050_mun15,471,-0.762571998112052,0.012825133827615043,0.28261540795493123,0.2738849305049941,0.26430799623959217,0.001707287613744141,3.073111164785493,1.0,1.0,0.0,0.2,-13.735749041430381,0.14640552994945902,7.442143543950641,0.14503218001614096,-6.293605497479741,0.11098910796187324,1.5080425445841057,stage3-coarse-20260729,1.0,0.25,8,cpu,40,-1.5,0.007314287933251169,3.722489570693027e-05,0.75,1200,3.143804451706593,0.04549939392859207,1.6330309026721705,0.42165477229322884,0.019279436384770914,1.7827296119999112,0.015224763282477334,1fce15ed3b96fb387e76f8790933fd6b4138996cf43ae784ed890b48ac890b66,292264286,10,b4459ae0d1c64ba021ffce634d26402362575171,False,False,False,COMPLETE,0.5,0.0,5.684341886080802e-14,1.8474111129762605e-14,2.5797163410487502e-15,18
0.35,420,2.0,m08_b02_g025_t050_mu000,472,-0.560840060055107,0.02142191512128096,0.5000000000000407,0.5000000000000022,0.49999999999998546,1.809880475294597e-15,0.8214154731761907,1.0,1.0,0.0,0.2,-16.60110982526221,0.15626317131026313,-22.106193819602794,0.1340290450867866,-38.707303644865,0.21114300115051357,3.9770486981302833,stage3-coarse-20260729,1.0,0.25,8,cpu,40,0.0,0.007838437868062674,3.1196693751678675e-06,0.75,1200,3.375005537566539,0.10411385105944006,5.36442362138912,0.9486574738178823,0.04362777902707186,2.1618315056922106,0.03182375460598849,b1ebff7b5b67fc0dff8168dd8a32846e0f85cfd9cfde6e5cde91b9df10a7ba5b,935002276,10,b4459ae0d1c64ba021ffce634d26402362575171,False,False,False,COMPLETE,0.5,0.0,1.5063505998114124e-12,3.1938895972416505e-13,7.339356723715754e-14,19
0.44583333333333336,535,2.0,m08_b02_g025_t050_mup15,473,-0.643767451851186,0.04179084316738543,0.7662367972166919,0.7407454050049221,0.7059453465826089,0.005618253023896106,3.2108057801994465,1.0,1.0,0.0,0.2,-11.81840156727296,0.5173815907060519,-89.32648989453193,0.2692764383965366,-101.14489146180489,0.3075897308674869,3.5648236355265,stage3-coarse-20260729,1.0,0.25,8,cpu,40,1.5,0.006826521717164975,0.00013444592609988698,0.75,1200,2.5665538224186073,0.15793179749578468,4.1281446214516775,0.5500404865871749,0.05216875954279639,1.5582971545028912,0.0682351623466195,ad448ebf9a2b83a34d50be98b304442343365886792a19345e3d6d68e07a053a,3182743748,10,b4459ae0d1c64ba021ffce634d26402362575171,False,False,False,COMPLETE,0.5,0.0,2.0747847884194925e-11,2.001598886636202e-12,7.418014071591149e-13,20
0.4075,489,2.0,m08_b02_g025_t100_mun15,474,-0.4514644767415182,0.015394602204996295,0.324472333974943,0.3164031740685653,0.3109134503664512,0.0007913945784522,1.2234439183015349,1.0,1.0,0.0,0.2,-13.925976013886952,0.1264177284555831,-13.585923805262038,0.110577571699501,-27.511899819148994,0.06929574034050424,0.9201562159201828,stage3-coarse-20260729,1.0,0.25,8,cpu,40,-1.5,0.007483993726900634,2.247149421401739e-05,0.75,1200,2.981904010154169,0.037296849841599505,1.6908015006082011,1.1269267539828476,0.030814775902499068,2.054415382068508,0.007270575325138542,0ef1a5e02473b295d839d0213aab63190c57b99f2b65a626746830f81226903e,4093979253,10,b4459ae0d1c64ba021ffce634d26402362575171,False,False,False,COMPLETE,1.0,0.0,1.2505552149377763e-12,2.6219026949547696e-13,3.825357721961266e-14,21
0.36916666666666664,443,2.0,m08_b02_g025_t100_mu000,475,-0.36709391374938377,0.03510661429799558,0.5000000000003078,0.500000000000006,0.49999999999981426,1.725795390662213e-14,0.5,1.0,1.0,0.0,0.2,-16.096122451664293,0.2197938732693041,-48.388598360996475,0.17671816272423013,-64.48472081266075,0.09503187345049191,1.7669833514505586,stage3-coarse-20260729,1.0,0.25,8,wsl,40,0.0,0.00784242792196907,7.584453998192443e-06,0.75,1200,3.3049452122778424,0.08544087298347618,5.7645547587809345,1.5309435577693993,0.08536099898039202,2.4179443850236213,0.007888954558706921,1863ec137848deadfaa8a459bb76e72d4dda229a217ac5aa7f2c6280e0baf47b,2318868768,10,b4459ae0d1c64ba021ffce634d26402362575171,False,False,False,COMPLETE,1.0,0.0,2.3305801732931286e-11,4.695266397902742e-12,8.323175945389817e-13,11
0.385,462,2.0,m08_b02_g025_t100_mup15,476,-0.5189845347068616,0.024145530581295226,0.6913265708924401,0.6816565463814228,0.673235509679964,0.0020007024475738647,3.0959254002538588,1.0,1.0,0.0,0.2,-14.445187625551725,0.1791819899875295,-108.82482373470796,0.2227123642082026,-123.2700113602597,0.13007902953477796,3.250415772323899,stage3-coarse-20260729,1.0,0.25,8,cpu,40,1.5,0.007519998806039268,2.183060463576445e-05,0.75,1200,3.1094511024519447,0.05358199215472531,2.8056682399310584,0.9844502586236082,0.049641976106334855,2.0469506805377766,0.01125956476949914,e5f798fe36998d3e8646cd520a5c76af01a8bd5f009fd7844cdc35b35ea59922,3170455077,10,b4459ae0d1c64ba021ffce634d26402362575171,False,False,False,COMPLETE,1.0,0.0,3.681748239614535e-10,9.073488627109327e-11,2.0886310246172835e-11,22
0.415,498,2.0,m08_b02_g025_t200_mun15,477,-0.14719834618654773,0.01569588862808715,0.3718454261133318,0.36834223330475274,0.3627246341764875,0.0007040341977520365,2.3863222555123587,1.0,1.0,0.0,0.2,-13.91542033179147,0.11817352465033944,-62.39437830432204,0.1331188487677809,-76.30979863611351,0.06917182056104067,0.9357127679171484,stage3-coarse-20260729,1.0,0.25,8,cpu,40,-1.5,0.007519942048405018,9.91124289046602e-06,0.75,1200,2.739948424177045,0.03758618492587849,1.9394024542321275,2.0368672681863336,0.037749084770566044,2.3884078461816896,0.0032213590232111466,62861948073abd872a2f5a887f4ea21f58924945fc0afd761f4662b465630ead,1357834395,10,b4459ae0d1c64ba021ffce634d26402362575171,False,False,False,COMPLETE,2.0,0.0,1.1890222140209517e-09,3.717858021445863e-10,5.033666057964313e-11,23
0.37833333333333335,454,2.0,m08_b02_g025_t200_mu000,478,-0.21742654851397614,0.021350332133581677,0.5000000002876415,0.49999999995134764,0.49999999937749884,3.8405437681095045e-11,0.8529555160402015,1.0,1.0,0.0,0.2,-15.363832366067225,0.19593185541839866,-100.33106369526931,0.13362218686812471,-115.69489606133655,0.09172552104740618,2.7469803029402677,stage3-coarse-20260729,1.0,0.25,8,cpu,40,0.0,0.007825399851709932,3.1182566084001244e-06,0.75,1200,3.074490528877474,0.053548217544121285,5.168054175034482,1.9762782535758443,0.054138880843818,2.525384391226659,0.0027424069549262906,f38935321979b54531cf1dc06743f6de776c081663febe51f28b47857cec47a8,868164823,10,b4459ae0d1c64ba021ffce634d26402362575171,False,False,False,COMPLETE,2.0,0.0,2.7410465008870233e-08,7.345126817881464e-09,2.11057604064502e-09,24
0.38416666666666666,461,2.0,m08_b02_g025_t200_mup15,479,-0.16177721710374815,0.022950512336702016,0.6337837198667344,0.6297729643341632,0.6248449061093055,0.0008717745484062721,2.7615041812340833,1.0,1.0,0.0,0.2,-14.078874009904178,0.15348977988445967,-158.3014318160407,0.20438608518356427,-172.38030582594487,0.11426926207760085,1.7268887007887892,stage3-coarse-20260729,1.0,0.25,8,cpu,40,1.5,0.0075400949426956436,1.1679102981743619e-05,0.75,1200,2.7836121281790023,0.053588891727102794,2.965538688900326,2.0088253707530646,0.0564684955679481,2.3962187494660334,0.004603883643852148,a80878c642f243179484f85c5cd2e53f43c04868e91a2c0ab025a59e85b6c638,992406966,10,b4459ae0d1c64ba021ffce634d26402362575171,False,False,False,COMPLETE,2.0,0.0,7.82930044351815e-07,1.5895666081178205e-07,3.788454231331621e-08,25
0.87,1044,2.0,m08_b02_g050_t000_mun15,480,-0.12722091462501645,0.054972299908241345,0.12659792857557767,0.07419270608575482,0.053493561206697265,0.003497936026805971,0.9656322010246295,1.0,1.0,0.0,0.2,-1.3547015275628609,0.13945167592666538,7.122499784232462,0.3358018585733732,5.767798256669602,0.19777589659003655,0.9385193934213123,stage3-coarse-20260729,1.0,0.5,8,wsl,40,-1.5,0.0021573986923535764,9.419864171807937e-05,0.75,1200,0.06151814677760684,0.010086801241240005,0.9811175742725635,0.041929742916809384,0.0037799537748923473,0.05172394484720812,0.005509592266510984,78a528958fdd93397dd219140e4143024bdbf5dd4f4e116e7d9738025021f3bd,795722176,10,b4459ae0d1c64ba021ffce634d26402362575171,False,False,False,COMPLETE,0.0,0.0,7.105427357601002e-15,1.9761969838327787e-15,2.7977003584786075e-16,12
0.37,444,2.0,m08_b02_g050_t000_mu000,481,-0.6802015906419316,0.06609476141160407,0.5000000000000013,0.5,0.4999999999999988,8.875554799974289e-17,0.5,1.0,1.0,0.0,0.2,-16.74587346922716,0.2528310438901916,0.0,0.0,-16.74587346922716,0.2528310438901916,2.795314755099915,stage3-coarse-20260729,1.0,0.5,8,cpu,40,0.0,0.007876725344416155,1.636289377988624e-05,0.75,1200,1.0977525086343523,0.3723119441075151,4.148773885635625,0.14015275386534426,0.01400553658297443,0.6189526312498483,0.18600004482774019,0306e2fc9164d0b1437b82d693964173647625a36ff19e0509609357a53654e1,286754718,10,b4459ae0d1c64ba021ffce634d26402362575171,False,False,False,COMPLETE,0.0,0.0,9.947598300641403e-14,2.3803181647963357e-14,4.242419593814949e-15,26
0.8508333333333333,1021,2.0,m08_b02_g050_t000_mup15,482,-0.1514760204252772,0.07698242182960277,0.9449091427558904,0.9185973291681199,0.865293251203908,0.005098872956490729,1.2587938477861715,1.0,1.0,0.0,0.2,-1.6209341154019694,0.23211834556927755,-88.1853436001395,0.48949180382310986,-89.80627771554148,0.2694093544120283,1.1256580976920754,stage3-coarse-20260729,1.0,0.5,8,cpu,40,1.5,0.002351358771517377,0.00013473404621429675,0.75,1200,0.0896715555200456,0.031343236092467544,1.953835939620405,0.0454200595727426,0.004034229248790925,0.0675458075463941,0.016562846141645576,71d7b164d25c6ee5c47bdc34f41bb288be98be5aad79b62f86bb40f5c3d31da4,2029844594,10,b4459ae0d1c64ba021ffce634d26402362575171,False,False,False,COMPLETE,0.0,0.0,1.4210854715202004e-13,3.836930773104541e-14,5.531993184551815e-15,27
0.5816666666666667,698,2.0,m08_b02_g050_t025_mun15,483,-0.39829074515303714,0.085882240463205,0.22561855894088992,0.16984785334187782,0.10545751278695673,0.01822845247169734,5.648114572501321,1.0,1.0,0.0,0.2,-6.142558204827743,1.157582366114666,10.421233110170819,0.9097453607690469,4.278674905343076,0.24133659572085225,5.404296385003853,stage3-coarse-20260729,1.0,0.5,8,cpu,40,-1.5,0.004728143811377238,0.000491016334598356,0.75,1200,0.982147061317443,0.28862273615904294,6.523059358824293,0.3711038815703864,0.05298583802628936,0.6766254714439147,0.16893570558101337,dd9ba6b264420e9d83258e41f1f60144fba9a42a213a1521bee2d1117f31430f,1122158595,10,b4459ae0d1c64ba021ffce634d26402362575171,False,False,False,COMPLETE,0.25,0.0,1.0658141036401503e-14,4.085620730620576e-15,6.136431404041477e-16,28
0.2875,345,2.0,m08_b02_g050_t025_mu000,484,-0.626133063985033,0.09271149444190381,0.50000000000001,0.49999999999999734,0.499999999999968,1.310071376874582e-15,0.538139679333849,1.0,1.0,0.0,0.2,-18.46466904213011,0.08947327060113146,-10.131254384181322,0.16871497543009703,-28.595923426311437,0.1463482226593508,2.3516529499613488,stage3-coarse-20260729,1.0,0.5,8,cpu,40,0.0,0.007916062230561625,1.1896132614777652e-05,0.75,1200,3.144365519132605,0.25725178066030663,6.249409030165948,0.7078360181617421,0.15566439383751196,1.9261007686471736,0.061050003863362484,9885cc398829d42283e7105994d30b9aae290eccfaa9d86eb5b935bc0cad28bd,1653098282,10,b4459ae0d1c64ba021ffce634d26402362575171,False,False,False,COMPLETE,0.25,0.0,3.495870259939693e-12,4.511946372076636e-13,1.0190984221867746e-13,29
0.6366666666666667,764,2.0,m08_b02_g050_t025_mup15,485,-0.30974706555322296,0.10115432992411683,0.8900193579665001,0.8408693786152093,0.7774496737352382,0.013478611848556393,3.9167994487296305,1.0,1.0,0.0,0.2,-5.443746118043352,0.9130635587689218,-86.04637310924522,0.8102209114845559,-91.49011922728857,0.12555671793807477,1.9156749688866594,stage3-coarse-20260729,1.0,0.5,8,wsl,40,1.5,0.004433678060002185,0.0003300040148439995,0.75,1200,0.7958665113615648,0.213316130486492,3.703497132513468,0.32730982815537785,0.02144383907290389,0.5615881697584714,0.10940173980100376,a83320fdb813da75acdb415580aebd78f1009075621c40aeed1aae9b9c958ae3,3465199556,10,b4459ae0d1c64ba021ffce634d26402362575171,False,False,False,COMPLETE,0.25,0.0,7.389644451905042e-13,1.0516032489249483e-13,3.484941665258108e-14,13
0.43666666666666665,524,2.0,m08_b02_g050_t050_mun15,486,-0.5176199539933799,0.05194617576317972,0.2861550656430145,0.2663376458895885,0.23498718302197288,0.007616091138940166,6.053644152541884,1.0,1.0,0.0,0.2,-12.667660559284872,0.6674202554998788,6.431396357960142,0.41363003395712616,-6.236264201324731,0.3040799414693226,3.2075676517803533,stage3-coarse-20260729,1.0,0.5,8,cpu,40,-1.5,0.006939361751319167,0.00015557317590679518,0.75,1200,2.485025662775146,0.19570801218289788,3.946143564984576,0.7684928480910154,0.05742878391471374,1.6267592554330803,0.07757526536445769,f91bede0fe2c26c2d8715bc306f5acc59cce21a896e4a5f19568a4f5117a4cc9,651347084,10,b4459ae0d1c64ba021ffce634d26402362575171,False,False,False,COMPLETE,0.5,0.0,8.526512829121202e-14,1.7053025658242404e-14,3.834432911914213e-15,30
0.375,450,2.0,m08_b02_g050_t050_mu000,487,-0.44068947156936017,0.02059568698596493,0.5000000000000138,0.5000000000000006,0.4999999999999905,7.633307332631508e-16,0.5,1.0,1.0,0.0,0.2,-17.380931393089686,0.12684655370852393,-22.895979326110396,0.13500728361461667,-40.276910719200075,0.08713442916342844,1.1062182111220098,stage3-coarse-20260729,1.0,0.5,8,cpu,40,0.0,0.007869744355816504,4.830647755114822e-06,0.75,1200,3.1955223964920556,0.032785122830601914,1.2033921921602746,1.2436616915278278,0.052955645865885054,2.2195920440099415,0.014316971773901253,e2c545fe58efa96d8cc6b142886ebee6bbf634d86c51eb1c9836b4d525571d57,3111447460,10,b4459ae0d1c64ba021ffce634d26402362575171,False,False,False,COMPLETE,0.5,0.0,1.0089706847793423e-12,2.494005002517952e-13,5.550225354762176e-14,31
0.4508333333333333,541,2.0,m08_b02_g050_t050_mup15,488,-0.4413624293564262,0.10065261669846691,0.7802736061374441,0.7328094585952305,0.6975106889967292,0.015586573819461403,7.176114524102775,1.0,1.0,0.0,0.2,-12.380200186362929,1.3056066186601973,-89.41747509981508,0.9230354047600885,-101.79767528617802,0.43227017907943116,4.541806142314906,stage3-coarse-20260729,1.0,0.5,8,cpu,40,1.5,0.006852728573104749,0.00028637695675864374,0.75,1200,2.3246719904728166,0.34713766396185153,7.263453685656613,0.8542684968205198,0.08004293186507344,1.5894702436466681,0.13479269534008823,bbcd12b3adfc15929614079127bddb3112153e76f851fc3f92d4022e758d0d53,746037028,10,b4459ae0d1c64ba021ffce634d26402362575171,False,False,False,COMPLETE,0.5,0.0,2.893330020015128e-11,4.6902925987524215e-12,2.2722724956175133e-12,32
0.3983333333333333,478,2.0,m08_b02_g050_t100_mun15,489,-0.24052568246847167,0.036155596882905,0.3333264065435915,0.32156924883975707,0.3108000339589105,0.0024846010517187386,3.80538574923708,1.0,1.0,0.0,0.2,-14.596350398032238,0.2987060000979801,-14.21853140138926,0.12462582889793712,-28.8148817994215,0.26462664684651427,3.1453850382160935,stage3-coarse-20260729,1.0,0.5,8,cpu,40,-1.5,0.007388491418207144,3.6651404160221985e-05,0.75,1200,2.574510615027781,0.12498979873753734,3.678189197819747,1.573793405678158,0.07299867730915195,2.0741520103529694,0.028302718329831663,44df709f79ff283885dfcf559f55ce7d36771b7bd4115ca860c3152b8154129b,688694786,10,b4459ae0d1c64ba021ffce634d26402362575171,False,False,False,COMPLETE,1.0,0.0,2.0889956431346945e-12,4.163780431554187e-13,1.0279906794430933e-13,33
0.3375,405,2.0,m08_b02_g050_t100_mu000,490,-0.3060899024526438,0.034945973750116724,0.5000000000002902,0.49999999999991684,0.49999999999907163,4.378194862270462e-14,0.5976297302230892,1.0,1.0,0.0,0.2,-17.61231124120149,0.12452456391772887,-48.787369234501554,0.217883925607278,-66.39968047570304,0.09701885754776955,1.5675475867202269,stage3-coarse-20260729,1.0,0.5,8,wsl,40,0.0,0.007842798367774868,9.46856878569829e-06,0.75,1200,3.1722385797713377,0.07591481611447291,3.818749268066382,1.6864628512273527,0.08959065345673091,2.4293507154993454,0.007865018655287357,c8f6e09ccfb0b8e63b2d711046f4b4ba68f2c07c99cb425608ffbf9eaea3ae35,4061070770,10,b4459ae0d1c64ba021ffce634d26402362575171,False,False,False,COMPLETE,1.0,0.0,5.891820364922751e-11,1.2324363751758938e-11,4.580709921139739e-12,0
0.39416666666666667,473,2.0,m08_b02_g050_t100_mup15,491,-0.3695517966021214,0.026987070934769042,0.6844019144740408,0.6766311044797135,0.6696553013982626,0.0009692132738634231,1.256144356076251,1.0,1.0,0.0,0.2,-15.279946536178722,0.1248794835005548,-109.8676627790946,0.2170609885324113,-125.14760931527333,0.12101040641765438,1.6251773222772659,stage3-coarse-20260729,1.0,0.5,8,cpu,40,1.5,0.007484134260472258,3.5054912547194826e-05,0.75,1200,2.873512178862957,0.05313910625807184,2.3032113988931275,1.324059397397009,0.059030646477369865,2.098785788129983,0.005937588429768937,2f974ebbc50055f33a6fc4e821fcd97646a5bd17e7e844ff6f91a721f23196d6,632758033,10,b4459ae0d1c64ba021ffce634d26402362575171,False,False,False,COMPLETE,1.0,0.0,3.67435859516263e-10,1.0378897741247783e-10,2.8545395903741134e-11,34
0.3625,435,2.0,m08_b02_g050_t200_mun15,492,-0.11610886889083513,0.015532033807482694,0.3779094531397673,0.37180886293002463,0.3666617303057506,0.0008552942779098424,2.3205572469839524,1.0,1.0,0.0,0.2,-16.12919100485125,0.07558045389807297,-62.69230784013822,0.14561404278832252,-78.82149884498946,0.10269382938431729,1.9054051227898656,stage3-coarse-20260729,1.0,0.5,8,cpu,40,-1.5,0.007530641863788745,1.3791254203929901e-05,0.75,1200,2.6927055092346954,0.03703955116232096,1.8974974025867417,2.1325583055123163,0.03799809345628227,2.4126319073735063,0.0033468622682947657,a4bef240264ff0b793ea50c4e61dc7d7e91bb8a1d7a29e0104bf23dd428b8588,1801784905,10,b4459ae0d1c64ba021ffce634d26402362575171,False,False,False,COMPLETE,2.0,0.0,2.439662694087019e-09,7.063526652473229e-10,9.797878215161254e-11,35
0.3625,435,2.0,m08_b02_g050_t200_mu000,493,-0.20292491609088267,0.009131016365317908,0.500000001077199,0.5000000000116365,0.499999999062711,8.885515670730371e-11,0.6960911313233634,1.0,1.0,0.0,0.2,-17.52608611230901,0.0625800233868535,-100.30975506816912,0.05391016670488199,-117.83584118047816,0.06066063661599515,1.3367063860628652,stage3-coarse-20260729,1.0,0.5,8,cpu,40,0.0,0.007835963042148019,4.812708401649303e-06,0.75,1200,3.031953607391638,0.024269501426870337,1.338872779461032,2.008852610443982,0.022257534559336933,2.5204031089178103,0.0020835344632654023,fccbe32f527d4ebb27d2f4488705b91ed5cea06084387db4dfeb2355f47cd214,868644505,10,b4459ae0d1c64ba021ffce634d26402362575171,False,False,False,COMPLETE,2.0,0.0,6.695495358144399e-08,2.1752160250798624e-08,3.841428192322953e-09,36
0.3675,441,2.0,m08_b02_g050_t200_mup15,494,-0.04406279506053454,0.009295494421951083,0.6356874367812495,0.6308561295029038,0.6249637128858929,0.0009906560995444804,2.7186959983737204,1.0,1.0,0.0,0.2,-15.78983563388203,0.05974255202528337,-158.80717356204082,0.08334667555355406,-174.59700919592285,0.06929620700106291,0.807238571111144,stage3-coarse-20260729,1.0,0.5,8,cpu,40,1.5,0.0074481319063959385,4.931277469537809e-06,0.75,1200,2.502309161437579,0.022868252951406223,1.325320285766276,2.2910145888481823,0.022704431118928982,2.3966618751428808,0.004634420510042005,de92ce4b027e0590db107e25f479b1b63cd3763b0b36f8184baf52fe9ff2102f,13965166,10,b4459ae0d1c64ba021ffce634d26402362575171,False,False,False,COMPLETE,2.0,0.0,5.314975055625837e-07,1.5659368983733658e-07,3.287522689037928e-08,37
0.7091666666666666,851,2.0,m08_b02_g100_t000_mun15,495,-0.02823222671863353,0.19948560725059344,0.16139922344787763,0.11479951525395864,0.07304549611909295,0.009474022460516388,2.6072159365332976,1.0,1.0,0.0,0.2,-3.821255320991532,0.5633664410231567,11.020753464380029,0.9095061562095735,7.199498143388496,0.34843354321225556,2.314359361742518,stage3-coarse-20260729,1.0,1.0,8,wsl,40,-1.5,0.0032516678882269236,0.0002463333966969055,0.75,1200,0.09980917978172253,0.01255013345409587,1.0144477480561251,0.12285202402917214,0.05088282077405162,0.11133060190544734,0.020689117244819914,33cfbd5e33389e1eaf138226757a37c2ec669735a2d24021bbc0feb1885d22e1,3449316033,10,b4459ae0d1c64ba021ffce634d26402362575171,False,False,False,COMPLETE,0.0,0.0,7.105427357601002e-15,2.176037128265307e-15,4.052750344550602e-16,1
0.3233333333333333,388,2.0,m08_b02_g100_t000_mu000,496,-0.22285148288702145,0.19627028341437944,0.5000000000000127,0.5,0.49999999999999334,5.491979671356334e-16,0.5,1.0,1.0,0.0,0.2,-18.719599364122267,0.5637563747629821,0.0,0.0,-18.719599364122267,0.5637563747629821,4.93566986393092,stage3-coarse-20260729,1.0,1.0,8,cpu,40,0.0,0.007957132263414815,2.8542723811312782e-05,0.75,1200,0.7300863106664534,0.07544009556894653,1.68530373844508,0.5259706246877043,0.1964771810443834,0.6280284676770789,0.08720277550231491,e3e64143f8942ffe3af42d8374ce79a90e8c51adee0f3d59e9a85a5585056665,3606160463,10,b4459ae0d1c64ba021ffce634d26402362575171,False,False,False,COMPLETE,0.0,0.0,7.958078640513122e-13,9.841016890277387e-14,5.696396956108277e-14,38
0.7491666666666666,899,2.0,m08_b02_g100_t000_mup15,497,-0.08954062875023676,0.1340926264612922,0.94153090377628,0.8943870716295684,0.8285591264529859,0.012099661383027743,3.3405015982287205,1.0,1.0,0.0,0.2,-3.335033764303192,0.6981100199702308,-85.86115887643857,1.1615674927706638,-89.19619264074174,0.4636987273155156,3.2023655721408564,stage3-coarse-20260729,1.0,1.0,8,cpu,40,1.5,0.003040118450955513,0.00032399803268935164,0.75,1200,0.13669244215608356,0.049724452517843104,2.9412618109849133,0.09468874937361148,0.01686989517466987,0.11569059576484753,0.025008918592057675,4e9619ab08535296fe645aa7859d0e29e878509321d33937439551a5a904537c,149072257,10,b4459ae0d1c64ba021ffce634d26402362575171,False,False,False,COMPLETE,0.0,0.0,1.7053025658242404e-13,5.684341886080802e-14,7.267549221364202e-15,39
0.4875,585,2.0,m08_b02_g100_t025_mun15,498,0.4365261244326438,0.10607030009703808,0.2592495532416905,0.22764030731219434,0.20295375462315177,0.004134830775698828,1.6849596393137063,1.0,1.0,0.0,0.2,-11.634922876788801,0.3432251153694473,13.977578795313471,0.2456854750081558,2.342655918524671,0.19575401474765697,2.18624331636418,stage3-coarse-20260729,1.0,1.0,8,cpu,40,-1.5,0.006119777299624424,9.355096981030134e-05,0.75,1200,0.6314230576164447,0.12035720844742502,3.113767150276767,1.604602407562614,0.15036685271259814,1.1180127325895293,0.052053348183837424,c56b1e78268eacd6aad78c4d7cd855ed42f486ec478302f527e331a3287f3223,2071150713,10,b4459ae0d1c64ba021ffce634d26402362575171,False,False,False,COMPLETE,0.25,0.0,2.1316282072803006e-14,8.08242361927114e-15,9.994210683291486e-16,40
0.33666666666666667,404,2.0,m08_b02_g100_t025_mu000,499,-0.016025718432721412,0.14228226252945164,0.5000000000000042,0.49999999999999967,0.4999999999999938,4.3231035356944365e-16,0.5,1.0,1.0,0.0,0.2,-20.42765070714271,0.06980211016753625,-10.415314252024903,0.32655794891909046,-30.842964959167613,0.34947697998363664,3.1321492982375427,stage3-coarse-20260729,1.0,1.0,8,cpu,40,0.0,0.007925301808947864,2.2012584572350133e-05,0.75,1200,1.8806108611027539,0.350497087119258,4.504426439503401,1.7233494604404285,0.19641170324214371,1.8019801607715913,0.10760647689913636,16a9c61eb022981e5be030ffe3c8adb5f28f97a34e8bbcfa75ccd9135047384c,665800698,10,b4459ae0d1c64ba021ffce634d26402362575171,False,False,False,COMPLETE,0.25,0.0,3.126388037344441e-13,9.414691248821327e-14,1.0547493296459619e-14,41
0.48583333333333334,583,2.0,m08_b02_g100_t025_mup15,500,0.13938592778711476,0.0862487473969613,0.8265993963785567,0.7813670647682252,0.7491312319178215,0.00661000949614515,2.512117292877913,1.0,1.0,0.0,0.2,-10.840401295069526,0.4649935803902724,-82.29968579836485,0.5244897806434053,-93.14008709343437,0.18581576071429795,2.5132257305631756,stage3-coarse-20260729,1.0,1.0,8,wsl,40,1.5,0.005734046113738116,0.0001317329118954194,0.75,1200,0.7819244200076332,0.09066265872365911,2.3674545068680675,1.0407764376329403,0.08435545365552793,0.9113504288202868,0.04668587092277891,e3c25fb055002fcdcb7a8dc40275cf24abbd1285f0dcf4aef028fc02d40a3339,2867198438,10,b4459ae0d1c64ba021ffce634d26402362575171,False,False,False,COMPLETE,0.25,0.0,4.888534022029489e-12,7.474909580196254e-13,2.606450552957492e-13,2
0.34,408,2.0,m08_b02_g100_t050_mun15,501,-0.117102642623964,0.07631079923616353,0.30530328982843286,0.2934532613233026,0.27577034884111196,0.003060799863227306,3.2847376234377843,1.0,1.0,0.0,0.2,-16.29937449434333,0.21098931934511458,7.490014940982029,0.32895207795829656,-8.809359553361299,0.19841062806037485,2.233902096640946,stage3-coarse-20260729,1.0,1.0,8,cpu,40,-1.5,0.007014464791003083,6.351314347326282e-05,0.75,1200,1.9648501257767734,0.16688257387540226,2.640729261476493,1.540819499521314,0.12372495126267917,1.7528348126490438,0.031612977408672825,9effbcab8bdb562c028a55ac573f1c1a308b93decf5b21d019026a8960ac1eb5,3219375998,10,b4459ae0d1c64ba021ffce634d26402362575171,False,False,False,COMPLETE,0.5,0.0,2.7000623958883807e-13,6.51922960059892e-14,1.3282034451739903e-14,42
0.2866666666666667,344,2.0,m08_b02_g100_t050_mu000,502,0.006595470303415436,0.045935822311310576,0.5000000000001912,0.500000000000003,0.4999999999999444,5.8473915876030874e-15,0.5,1.0,1.0,0.0,0.2,-21.33343238102301,0.06945508046535956,-24.205164883252895,0.09897184544086023,-45.53859726427591,0.14629420198947468,3.4867954546728166,stage3-coarse-20260729,1.0,1.0,8,cpu,40,0.0,0.007895577967947074,1.390511048632179e-05,0.75,1200,2.3283150128638908,0.11916830320386912,3.1200824824895563,2.3562234627706724,0.0874420931083071,2.342269237817282,0.01710157799767405,8290c8c38cb8d587943b03d171f5c9aec9ff5914b57ac63f3ecc6eadbd15939b,1344255725,10,b4459ae0d1c64ba021ffce634d26402362575171,False,False,False,COMPLETE,0.5,0.0,6.195932655828074e-12,1.2974510354979429e-12,3.0961723640260175e-13,43
0.395,474,2.0,m08_b02_g100_t050_mup15,503,-0.15685333215362496,0.0506463354752855,0.7353720440136701,0.7040846021324747,0.6848395119002506,0.008473281768272015,7.065447955502941,1.0,1.0,0.0,0.2,-16.514289387464498,0.609906475432596,-88.71339670093319,0.44960856025719304,-105.22768608839769,0.19612687182677488,2.6834932512827594,stage3-coarse-20260729,1.0,1.0,8,cpu,40,1.5,0.007096686182062531,0.00010622265771106682,0.75,1200,2.103008525655695,0.16281700258391893,5.270923412228789,1.5231299331898722,0.05333754258088677,1.8130692294227835,0.06652281368515632,fb2a318c9bf4b54cd0aaaadcfac0b079f10f1f655efb8f8530241ad3efb9852e,1011546929,10,b4459ae0d1c64ba021ffce634d26402362575171,False,False,False,COMPLETE,0.5,0.0,7.787548383930698e-11,1.823039497139689e-11,5.8286627045281945e-12,44
0.33166666666666667,398,2.0,m08_b02_g100_t100_mun15,504,-0.036531483214319434,0.032753804074011385,0.34562043357163424,0.34011292582713765,0.33222932736941024,0.0007608002945167912,1.4552293899610762,1.0,1.0,0.0,0.2,-19.299938848799652,0.04804867648824313,-14.24113877387814,0.08108658635365473,-33.54107762267779,0.09314824865082522,0.8975085959048086,stage3-coarse-20260729,1.0,1.0,8,cpu,40,-1.5,0.0074134965278564,7.000401967047579e-06,0.75,1200,2.2764935038891387,0.07979736598695217,2.9878366809516765,2.1142505161123935,0.06381171932832248,2.1953720100007663,0.00851619040711703,f34b846ee15afa98af13af9333fadee47c1494893459120508fafd565f6bb432,772592341,10,b4459ae0d1c64ba021ffce634d26402362575171,False,False,False,COMPLETE,1.0,0.0,8.29913915367797e-12,1.6974865957308794e-12,3.091818939242286e-13,45
0.2833333333333333,340,2.0,m08_b02_g100_t100_mu000,505,-0.04564446069489151,0.05021283313882994,0.5000000000031344,0.500000000000276,0.49999999999754063,1.7375133157094386e-13,0.5,1.0,1.0,0.0,0.2,-21.898276110050233,0.03234255319782502,-49.98274062420107,0.08922744713711296,-71.8810167342513,0.09292277506512639,1.2513969969212446,stage3-coarse-20260729,1.0,1.0,8,wsl,40,0.0,0.007865579556018448,7.172782947567383e-06,0.75,1200,2.600365631277607,0.12531859981919133,5.813309585864764,2.374215597597838,0.12668387039385406,2.4872906144377227,0.008116036125650367,efd9acb9ac7ed6c878d72b603d3993d0f9ea47fc8ddbab958b68ede686426aaf,3769240959,10,b4459ae0d1c64ba021ffce634d26402362575171,False,False,False,COMPLETE,1.0,0.0,1.3650947039423045e-10,4.971383305019117e-11,9.90628811650885e-12,3
0.30083333333333334,361,2.0,m08_b02_g100_t100_mup15,506,-0.05180833858728462,0.027323477038981414,0.6686583379994289,0.6563857181955265,0.6496936827048876,0.0032469681935040637,6.520414383820788,1.0,1.0,0.0,0.2,-19.54313112339732,0.16385775216490447,-110.18107265511178,0.13031939307425605,-129.7242037785091,0.17021480080624782,1.8100248941200592,stage3-coarse-20260729,1.0,1.0,8,cpu,40,1.5,0.007445426211889886,7.68584721476787e-06,0.75,1200,2.3363371369320567,0.07651005540543702,3.264017027892179,2.104985733722636,0.05520905043279961,2.2206614353273464,0.02691770715452884,79f01c593766de89d2b363da00a0b64ed01ef3d4a353f5f2bd9da9e90a482332,554263566,10,b4459ae0d1c64ba021ffce634d26402362575171,False,False,False,COMPLETE,1.0,0.0,5.25932364325854e-09,9.087941066354687e-10,4.621446093248245e-10,46
0.34833333333333333,418,2.0,m08_b02_g100_t200_mun15,507,0.0026563690253529814,0.02643630003454595,0.38418060726611514,0.3761192230061889,0.3709045729014046,0.0017875687873203539,4.580086215007299,1.0,1.0,0.0,0.2,-21.0885851612256,0.03835153195377721,-62.92255059253309,0.22512903412053442,-84.0111357537587,0.19477604991726824,2.5116421789075307,stage3-coarse-20260729,1.0,1.0,8,cpu,40,-1.5,0.007448368719108485,6.824517661557392e-06,0.75,1200,2.426967311260263,0.06243683224831246,3.3156100812301275,2.4407106790502366,0.06683940288577285,2.43383899515525,0.005120465052000891,c566b66e81ba3079534350eec29ef7a9ca5d1ed9fb525a0137e3741fe5c4b0b4,1026872189,10,b4459ae0d1c64ba021ffce634d26402362575171,False,False,False,COMPLETE,2.0,0.0,2.3035539697957574e-08,4.482255633320165e-09,1.340077801059549e-09,47
0.2916666666666667,350,2.0,m08_b02_g100_t200_mu000,508,0.028661622855020497,0.026779021201603876,0.5000000118945364,0.49999999983106064,0.4999999833044294,6.774888014276498e-10,0.5,1.0,1.0,0.0,0.2,-22.09061917902313,0.026730580685663644,-100.88914769609006,0.12044105003635398,-122.97976687511319,0.13299684597572967,1.7296483539375866,stage3-coarse-20260729,1.0,1.0,8,cpu,40,0.0,0.00784804864457963,3.656558175407655e-06,0.75,1200,2.454545690975437,0.07081029295806882,3.5275317405995263,2.599445045907215,0.06474619658143192,2.5269953684413258,0.005562894324770394,49198becf7c31086dab887113c22b6ec81c0b676f26f8e3920b4020f2a12f2a3,2625136787,10,b4459ae0d1c64ba021ffce634d26402362575171,False,False,False,COMPLETE,2.0,0.0,8.596671818850155e-07,1.385752753435554e-07,3.4733763458526105e-08,48
0.27,324,2.0,m08_b02_g100_t200_mup15,509,-0.006179657140354502,0.028507727273077096,0.628308321161738,0.6249328881965515,0.6199754643141075,0.0005719943813856176,1.8857200905908893,1.0,1.0,0.0,0.2,-21.10996816296069,0.021038347921955435,-159.13128070125646,0.2230959017963283,-180.24124886421717,0.23282029305850546,3.3602181452147084,stage3-coarse-20260729,1.0,1.0,8,cpu,40,1.5,0.007449736709541013,1.1306065097985489e-05,0.75,1200,2.4535889193213114,0.07344650825335212,4.70733188103235,2.42271519658224,0.06599859484367893,2.438152057951776,0.00850055226138221,05a0e5dc07d26c14e7988688944228d60dd1bd662ddb40d68fa39db576d89ebe,1192322813,10,b4459ae0d1c64ba021ffce634d26402362575171,True,True,True,COMPLETE,2.0,0.0,1.1368683772161603e-13,3.836930773104541e-14,5.894529642513722e-15,49
0.2425,291,2.0,m08_b02_g200_t000_mun15,510,-0.024075105633875615,0.1273128500936469,0.320234991332207,0.3023010578975246,0.2884840945876651,0.0031022160317600647,2.8837884284699435,1.0,1.0,0.0,0.2,-33.02363881186484,0.4032111186896754,29.020901558162365,0.2978127390489659,-4.002737253702483,0.2183230088960466,2.3585721030343794,stage3-coarse-20260729,1.0,2.0,8,wsl,40,-1.5,0.007426649134236382,0.00011665929284414074,0.75,1200,0.09089509885829951,0.004677122145845016,1.3753614094030733,0.11542797998014773,0.03296355097214171,0.10316153941922361,0.01664733528839737,d284934272dfc6dbab1dcd767e17721fc97c94bdd4b9d1b18d9c95a218c114b7,3583388728,10,b4459ae0d1c64ba021ffce634d26402362575171,False,False,False,COMPLETE,0.0,0.0,8.668621376273222e-13,1.7426060594516456e-13,3.611881440431678e-14,4
0.185,222,2.0,m08_b02_g200_t000_mu000,511,-0.14681412300725144,0.11157564969772565,0.5000000000042809,0.5000000000001064,0.49999999999831357,1.640953444745268e-13,0.5,1.0,1.0,0.0,0.2,-41.11577694260129,0.5157739003026655,0.0,0.0,-41.11577694260129,0.5157739003026655,5.123061017244154,stage3-coarse-20260729,1.0,2.0,8,cpu,40,0.0,0.007909957452261907,4.868397378159757e-05,0.75,1200,0.09685782650373687,0.003841378617096163,1.3386911805746813,0.08229601913552706,0.01964422563492453,0.08957692281963196,0.00995565696823294,c6611cdbab34a3e5ad63b143ff7115f736d90f662461ab004b772d45cd545628,3197196536,10,b4459ae0d1c64ba021ffce634d26402362575171,False,False,False,COMPLETE,0.0,0.0,2.5644908419053536e-10,3.858531272271648e-11,1.0381127978082277e-11,50
0.2991666666666667,359,2.0,m08_b02_g200_t000_mup15,512,0.7349523978780745,0.03564312730825461,0.7566736086395803,0.70581742397153,0.6857748497820567,0.011691987804440784,5.9348500170976495,1.0,1.0,0.0,0.2,-31.759783295249793,1.3979696875402918,-67.75847270126688,1.1224308292263154,-99.51825599651667,0.3972648561208294,2.3156069027049937,stage3-coarse-20260729,1.0,2.0,8,cpu,40,1.5,0.007206434720283534,8.414941804675148e-05,0.75,1200,0.08575288907110713,0.0038855126011339857,1.5519320435751722,0.6374274871074341,0.06260141312496026,0.3615901880892706,0.031175425492685108,e7508da99b7e62e598e54929d1761a835579cc99dccffe53a628abe7145d6ce1,3325825918,10,b4459ae0d1c64ba021ffce634d26402362575171,False,False,False,COMPLETE,0.0,0.0,4.3650061343214475e-10,6.416414066734432e-11,3.273112755523649e-11,51
0.3258333333333333,391,2.0,m08_b02_g200_t025_mun15,513,0.7740257576130328,0.06685046592388132,0.31744512479740794,0.2989588334964239,0.24271439300873632,0.007685430515737333,3.6960723519256002,1.0,1.0,0.0,0.2,-30.726562822081707,1.003842423997783,20.16393225966491,0.3899653387978448,-10.5626305624168,0.6731599083169838,3.8294870348715393,stage3-coarse-20260729,1.0,2.0,8,cpu,40,-1.5,0.007162798898983554,0.00014821299954070354,0.75,1200,0.3482520252151771,0.11610878982794967,6.852248052381311,2.7672694662623765,0.21967122489858024,1.5577607457387768,0.10763497496263001,1d94aa99053a2d53a3442c724edd8d6c9ae1f12f4ca0b871f7683a5229c54fb2,3569519970,10,b4459ae0d1c64ba021ffce634d26402362575171,False,False,False,COMPLETE,0.25,0.0,4.831690603168681e-13,1.7568169141668478e-13,4.8995159792631433e-14,52
0.21083333333333334,253,2.0,m08_b02_g200_t025_mu000,514,0.7699971495031386,0.05758099468523982,0.5000000000061519,0.5000000000000334,0.49999999999042155,5.995500028528415e-13,0.815155219804234,1.0,1.0,0.0,0.2,-41.10537057507973,0.4925386469352924,-8.555521086675927,0.17395538401445998,-49.66089166175567,0.44224748926587965,4.190646805486953,stage3-coarse-20260729,1.0,2.0,8,cpu,40,0.0,0.007902363089283538,3.03497304054117e-05,0.75,1200,0.3529124028727456,0.08304028307385963,4.655008516566473,2.731535632395034,0.14495070929744655,1.54222401763389,0.036306653786397636,25baf8efb0e75775219fed101369a86de73c8e137b66f79fee9c54cd1f82dd47,2756686930,10,b4459ae0d1c64ba021ffce634d26402362575171,False,False,False,COMPLETE,0.25,0.0,2.6770408112497535e-10,5.4867399512659174e-11,3.001346565933677e-11,53
0.26,312,2.0,m08_b02_g200_t025_mup15,515,0.750102295575154,0.04063310269868296,0.7263504914939897,0.7095906698016006,0.6993312081446701,0.003768879874414617,4.182107637041869,1.0,1.0,0.0,0.2,-31.53861976952491,1.0279928040388993,-74.57844431050697,0.5132089976704163,-106.11706408003188,0.5472241081034098,5.552694124472392,stage3-coarse-20260729,1.0,2.0,8,wsl,40,1.5,0.0075015617627940375,0.00022960205397022667,0.75,1200,0.24915040333340413,0.08062654897754962,4.4113613616224585,1.5954610932318272,0.23504718032856545,0.9223057482826157,0.16019904328466558,2b7075b2585bcf4a4bb9c3800ae2fce0676bbac653b02c6f22ff63b813017566,4065910452,10,b4459ae0d1c64ba021ffce634d26402362575171,False,False,False,COMPLETE,0.25,0.0,4.200728653813712e-11,1.8047074945570785e-11,2.8522687883152176e-12,5
0.23583333333333334,283,2.0,m08_b02_g200_t050_mun15,516,0.6503521920944598,0.12073726324273104,0.3427127565751852,0.33146320592266976,0.31217166751827097,0.0016182614788206285,1.3172105983783642,1.0,1.0,0.0,0.2,-33.785698095374066,1.1662809863512438,11.157206624031994,0.7677832586753487,-22.628491471342073,0.41655027213378387,4.7179545728874075,stage3-coarse-20260729,1.0,2.0,8,cpu,40,-1.5,0.007661795500160483,0.00010822266861044692,0.75,1200,0.7097074184285477,0.2430042708430798,7.653758111452485,3.364879810792594,0.2561825979902099,2.037293614610571,0.00961000960763973,3810917b129693a6e582c0a3367e79ae5f6ff93ccc17d9052d30767666d749f7,3155169890,10,b4459ae0d1c64ba021ffce634d26402362575171,False,False,False,COMPLETE,0.5,0.0,7.37543359718984e-12,1.7507773009128869e-12,5.606964205243701e-13,54
0.22666666666666666,272,2.0,m08_b02_g200_t050_mu000,517,0.5202591336129612,0.0914004102377304,0.5000000000010596,0.5000000000000202,0.49999999999935213,6.880104989739292e-14,0.6584706651713382,1.0,1.0,0.0,0.2,-37.62567042722522,0.4137722082475024,-23.163156362122468,0.6064868839552667,-60.788826789347674,0.2872031206360965,2.704420472636955,stage3-coarse-20260729,1.0,2.0,8,cpu,40,0.0,0.007907773612874053,2.6612896513785127e-05,0.75,1200,1.1356802638571615,0.23971647337454663,6.783524157549143,3.548543825447704,0.14521496968794115,2.3421120446524326,0.04803617055386399,f0ddfce5e3d4d74164cd5e0fedd431e90c50a5994726a45d637d43eb1ef18511,4212511790,10,b4459ae0d1c64ba021ffce634d26402362575171,False,False,False,COMPLETE,0.5,0.0,7.23332505003782e-11,1.4389200941877788e-11,3.833784529783769e-12,55
0.25416666666666665,305,2.0,m08_b02_g200_t050_mup15,518,0.6944173202172204,0.03793813702506717,0.7018724991676069,0.6733526679003328,0.6601111536436772,0.004480225994532469,3.187553625757588,1.0,1.0,0.0,0.2,-33.83620242026452,0.15743028839329545,-85.00629677608504,0.5044489190452778,-118.84249919634958,0.3855910693435303,3.441962158943371,stage3-coarse-20260729,1.0,2.0,8,cpu,40,1.5,0.007635340977251809,9.418829615095067e-05,0.75,1200,0.6073755850253143,0.07821268965759216,2.687563827677998,3.3696353475380407,0.10026671585032197,1.9885054662816775,0.04339190187583255,7910f592962ff56773071313db8eb8598b7a9271f23a90d0e44e4cc94ef5188e,667994776,10,b4459ae0d1c64ba021ffce634d26402362575171,False,False,False,COMPLETE,0.5,0.0,1.988212261494482e-09,3.598657372094749e-10,1.394983979717665e-10,56
0.245,294,2.0,m08_b02_g200_t100_mun15,519,0.3472823106025706,0.03501734495918166,0.37481402608050834,0.36334769232683545,0.34620819925470653,0.0035405176911221443,5.0629760980669065,1.0,1.0,0.0,0.2,-33.741587894148466,0.22877876082026458,-11.581019419991598,0.2337977234361301,-45.32260731414006,0.16761840832060165,1.4914769611059029,stage3-coarse-20260729,1.0,2.0,8,cpu,40,-1.5,0.007578591145062213,2.5220464780291188e-05,0.75,1200,1.459835933994168,0.09195009468753744,3.191401814120313,3.003514902194904,0.04883015971371824,2.231675418094536,0.02455979484459204,ba82b48c695ec2c65e2dc588528208a6c1352a81a6afeae96b1b963438d29b8f,1142877902,10,b4459ae0d1c64ba021ffce634d26402362575171,False,False,False,COMPLETE,1.0,0.0,5.931610758125316e-10,8.137490681292547e-11,3.06911807124352e-11,57
0.1925,231,2.0,m08_b02_g200_t100_mu000,520,0.41150173467813317,0.014073279631865863,0.5000000000374425,0.4999999999975415,0.4999999999352528,3.453252074951563e-12,0.5434730108942057,1.0,1.0,0.0,0.2,-37.38394149013809,0.3336454993944385,-48.40785694520716,0.13623782219541353,-85.79179843534526,0.2752269533277346,2.894763638670644,stage3-coarse-20260729,1.0,2.0,8,wsl,40,0.0,0.007855060940438169,8.722714259582705e-06,0.75,1200,1.4362805201213569,0.03491189094725091,1.83442189161246,3.4438332707804236,0.03772729122364799,2.4400568954508897,0.009283955398806658,fa430211462fa8ca11142cd995887890ae1c77109033871762103cbc59619da5,4103259288,10,b4459ae0d1c64ba021ffce634d26402362575171,False,False,False,COMPLETE,1.0,0.0,3.2335663036064943e-09,8.563773690184461e-10,1.808472967192353e-10,6
0.24916666666666668,299,2.0,m08_b02_g200_t100_mup15,521,0.41542951929831207,0.04548374868315186,0.6544971852565938,0.6456805128544245,0.6362299437226113,0.0017559537553869776,2.8892665817856225,1.0,1.0,0.0,0.2,-34.04289620300182,0.3232584771079463,-108.68391409094966,0.44209858841829025,-142.72681029395147,0.3412728779890173,2.027959907060879,stage3-coarse-20260729,1.0,2.0,8,cpu,40,1.5,0.007765045969414269,4.2084347779911436e-05,0.75,1200,1.3447045485848466,0.11966952482639787,3.080996979585866,3.240764902220545,0.08656367940438224,2.2927347254026955,0.03128021949923818,0e808ca76fcff8e7fe36fa8da1096d8761bba1ec0e98244b42945f62c37f3955,3115033286,10,b4459ae0d1c64ba021ffce634d26402362575171,False,False,False,COMPLETE,1.0,0.0,5.183073881198652e-08,8.268695239621592e-09,1.826457656212181e-09,58
0.24333333333333335,292,2.0,m08_b02_g200_t200_mun15,522,0.15199492992390873,0.04859420337663269,0.39095368421777427,0.38527956530319163,0.3791910045615559,0.0014909012906783362,5.590877827555948,1.0,1.0,0.0,0.2,-33.518104104752034,0.3956223134738755,-62.146940721714294,0.4418791055966559,-95.66504482646633,0.22040883404964698,1.957235754122677,stage3-coarse-20260729,1.0,2.0,8,cpu,40,-1.5,0.007620653872946586,6.5764107197668e-05,0.75,1200,2.0854689204531964,0.12311791568817278,5.157956117152476,2.8304707501776227,0.11488915117992234,2.45796983531541,0.010702694586135991,b5b72d1d92aa3e20f4bf426d6ed2cb933adb8e957ddfde44954f802dd2a07b96,1273225029,10,b4459ae0d1c64ba021ffce634d26402362575171,False,False,False,COMPLETE,2.0,0.0,1.9305315390738542e-07,4.844333929554523e-08,7.885171080068184e-09,59
0.23166666666666666,278,2.0,m08_b02_g200_t200_mu000,523,0.18147202399272833,0.00850624133985062,0.5000000000000006,0.5000000000000002,0.4999999999999998,3.340129516951582e-17,0.6837710312286583,1.0,1.0,0.0,0.2,-35.234113458299426,0.17059837114218232,-100.80339465312025,0.1574880238966981,-136.03750811141967,0.2312205439585783,1.377938909082782,stage3-coarse-20260729,1.0,2.0,8,cpu,40,0.0,0.007849982024409364,4.6248095628308495e-06,0.75,1200,2.077686972419444,0.020076396864877007,0.926084237399512,2.9988435981751764,0.026071715918567984,2.53826528529731,0.007656660542391178,78eab20e39a9fb14cd4bca0feac86f4dad2b9972a2405b730fd39d56e25e09d1,3065198941,10,b4459ae0d1c64ba021ffce634d26402362575171,True,True,True,COMPLETE,2.0,0.0,1.1368683772161603e-13,3.410605131648481e-14,7.084878575763121e-15,60
0.23166666666666666,278,2.0,m08_b02_g200_t200_mup15,524,0.19945518663937672,0.02487813879319677,0.619389219395616,0.6125472470039057,0.6053503171294872,0.002484557644677908,5.874227483793233,1.0,1.0,0.0,0.2,-34.11342850433905,0.2789185341700701,-157.39577832798452,0.8293999398081019,-191.50920683232357,0.5332422872505174,5.855562034899209,stage3-coarse-20260729,1.0,2.0,8,cpu,40,1.5,0.007637266274309244,3.800620272706371e-05,0.75,1200,1.9554806800879305,0.07582461466274754,3.096949999494259,2.925817723385599,0.04612104048989855,2.440649201736765,0.022784665604043332,77a961897c80d6354283d98aa0c43ce55908ff80e4de8c38014631535f203d75,3226775900,10,b4459ae0d1c64ba021ffce634d26402362575171,True,True,True,COMPLETE,2.0,0.0,1.1368683772161603e-13,4.405364961712621e-14,7.049760728311615e-15,61
0.9954166666666666,2389,4.0,m08_b04_g000_t000_mun15,525,-0.05101140198398187,0.01299716176977206,0.011482196429815694,0.003992484831882357,0.002628472792103773,0.0003072956765954035,0.7575995195594232,1.0,1.0,0.0,0.2,-0.037560351774345774,0.004027746794934672,0.3832785438607063,0.029500384953158737,0.3457181920863605,0.025480631528019188,0.7620071183857408,stage3-coarse-20260729,1.0,0.0,8,wsl,40,-1.5,0.00012429266831265264,9.538063898842922e-06,0.5,2400,0.002247090374010544,0.0002095085500377623,0.7653986925292093,0.0019813401702334444,0.00014959032216316497,0.0021142152721219942,0.00017543173876657077,da424c75740012d8116826488749381dfd641b7397e007728069767aa5d2c07c,1868915953,20,b4459ae0d1c64ba021ffce634d26402362575171,False,True,True,COMPLETE,0.0,0.0,2.220446049250313e-15,7.153999614928352e-16,9.019323390627697e-17,7
0.5316666666666666,1276,4.0,m08_b04_g000_t000_mu000,526,-0.5514093850629924,0.09597703133735272,0.500000000000205,0.4999999999998968,0.49999999999802297,7.953481252166308e-14,0.9570104457478937,1.0,1.0,0.0,0.2,-19.88757484729522,0.17952284384927322,0.0,0.0,-19.88757484729522,0.17952284384927322,3.2286706271405867,stage3-coarse-20260729,1.0,0.0,8,cpu,40,0.0,0.0078125,1.9518727755404101e-19,0.5,2400,0.38725665621884414,0.10354907526339333,5.459883296964577,0.08829119336143816,0.0008516497480133518,0.23777392479014114,0.052120297588206806,f585e0c91a90f2eb1c9bca8919c862479ee9ea007f1de4b76c2433174f227618,1199845977,20,b4459ae0d1c64ba021ffce634d26402362575171,False,True,True,COMPLETE,0.0,0.0,5.684341886080802e-14,1.4210854715202004e-14,2.492748817835005e-15,62
0.9895833333333334,2375,4.0,m08_b04_g000_t000_mup15,527,-0.06011119235229469,0.008886098004482977,0.9974281126238658,0.9954331099446598,0.9860134436727614,0.0004975178051202404,1.0656983289804698,1.0,1.0,0.0,0.2,-0.045179168893383324,0.006931161066466395,-95.56157855468734,0.04776170929154368,-95.60675772358073,0.04086043108069188,1.0737541759281255,stage3-coarse-20260729,1.0,0.0,8,cpu,40,1.5,0.00014211442192125508,1.5430638507738774e-05,0.5,2400,0.0025905395591531307,0.0002940991337650567,0.920397494841702,0.0022606767983869127,0.00024065129925973633,0.0024256081787700215,0.0002644366123416028,5dfecb9d2cf0eaba200feed0bdc0435aba94abae0aa23feb89967311ddc02ef4,4130987331,20,b4459ae0d1c64ba021ffce634d26402362575171,False,True,True,COMPLETE,0.0,0.0,1.1368683772161603e-13,5.5422333389287813e-14,6.591266573490856e-15,63
0.8891666666666667,2134,4.0,m08_b04_g000_t025_mun15,528,-0.28923512087414455,0.15064371229320667,0.11697554368931208,0.05331823906763696,0.012001591658494536,0.021597721190743872,7.519346666146218,1.0,1.0,0.0,0.2,-1.3564007552336796,0.7238420681419525,2.8175623876676346,1.1612297381470227,1.4611616324339551,0.43823642721489686,7.671319990075682,stage3-coarse-20260729,1.0,0.0,8,cpu,40,-1.5,0.0016476277021966353,0.0006649349532158459,0.5,2400,0.22775395632928236,0.12993478683777906,6.858214802357994,0.07690728807601047,0.034702663458824334,0.15233062220264643,0.08229809836574753,25a8b810f7bbe3ed0d3b38010a32a8c0071b945c47927eacfa229b9c864ce84e,2919727031,20,b4459ae0d1c64ba021ffce634d26402362575171,False,True,True,COMPLETE,0.25,0.0,8.881784197001252e-15,3.1336044870045045e-15,3.4976402407366155e-16,64
0.54125,1299,4.0,m08_b04_g000_t025_mu000,529,-0.8324095869227082,0.012963449436627262,0.5000000000000011,0.5000000000000002,0.4999999999999997,5.966630601552668e-17,1.0125172481766214,1.0,1.0,0.0,0.2,-18.724542825579746,0.2999287916863131,-9.954920504493886,0.09879548630424367,-28.679463330073627,0.2033298872751276,5.69004930838172,stage3-coarse-20260729,1.0,0.0,8,cpu,40,0.0,0.007814789772889612,5.251467651224974e-07,0.5,2400,3.8788387692860495,0.01149551130519911,2.3646848456811487,0.35533179976629703,0.028719363849932542,2.1170852845261736,0.010733500480187893,92e4bfe3fa1cd2200ea7837dd008c7fb7fbc67d4e49d4f10f42b9da7b533f7dd,1501581859,20,b4459ae0d1c64ba021ffce634d26402362575171,False,True,True,COMPLETE,0.25,0.0,5.684341886080802e-14,1.6342482922482303e-14,3.045960533403836e-15,65
0.93125,2235,4.0,m08_b04_g000_t025_mup15,530,-0.15867503991846377,0.15141650770249648,0.9904830339794184,0.9612490973160213,0.9074605510930958,0.01786660783979459,7.414423759072779,1.0,1.0,0.0,0.2,-0.891455638915615,0.5573705851176797,-93.90816295415914,0.9861752643642289,-94.79961859307475,0.42909756168951996,7.484087919284268,stage3-coarse-20260729,1.0,0.0,8,wsl,40,1.5,0.0011822187378043628,0.0005371548017046207,0.5,2400,0.12066309899914777,0.07953017136692739,6.927748710644852,0.05173883683531948,0.02576113556624641,0.08620096791723364,0.052654238374494254,c2134b987699d5df2f296660f125c53aa16e2f1c7cd320d13027dd1329f9c769,3130985433,20,b4459ae0d1c64ba021ffce634d26402362575171,False,True,True,COMPLETE,0.25,0.0,1.7053025658242404e-13,3.552713678800501e-14,6.653818547670723e-15,8
0.60875,1461,4.0,m08_b04_g000_t050_mun15,531,-0.8557438648051658,0.022020591769101507,0.2578814004150414,0.24925038308741515,0.2264014603892778,0.004327702863871544,6.053143875551036,1.0,1.0,0.0,0.2,-14.099646663715925,0.5752779101506701,5.456036736729876,0.3347917356143757,-8.643609926986045,0.238195850107884,4.999332044678997,stage3-coarse-20260729,1.0,0.0,8,cpu,40,-1.5,0.00752703045482028,0.00014868274097798662,0.5,2400,3.484883298757056,0.15531568703515056,6.103429159662049,0.26619456184665635,0.03009485229697852,1.8755389303018561,0.06240196660489418,6896f21e79a44a098cbafd374b0d668203aac169fdc6ecc37d82d8549b42d002,2808531387,20,b4459ae0d1c64ba021ffce634d26402362575171,False,True,True,COMPLETE,0.5,0.0,2.842170943040401e-14,9.592326932761353e-15,1.3829982961379538e-15,66
0.5641666666666667,1354,4.0,m08_b04_g000_t050_mu000,532,-0.5862863602044863,0.00447155898971364,0.5000000000000009,0.5000000000000006,0.5000000000000001,3.425251061474434e-17,0.8341976375684241,1.0,1.0,0.0,0.2,-16.5467087085235,0.1245323320781619,-23.13501805289219,0.05095462843563807,-39.68172676141568,0.10326009303121421,3.927299067434375,stage3-coarse-20260729,1.0,0.0,8,cpu,40,0.0,0.007820179876665572,3.4250471101019195e-06,0.5,2400,3.7566848840831795,0.020433216745606202,5.516377001587162,0.9800986308323996,0.011909271366606449,2.368391757457789,0.007518444665396502,209fd23b5fe6b206cbb7dfd9a67d92ace5ffc861ad91a836aaec495353be4550,782323259,20,b4459ae0d1c64ba021ffce634d26402362575171,False,True,True,COMPLETE,0.5,0.0,5.684341886080802e-14,2.4158453015843406e-14,2.9756781165081327e-15,67
0.6233333333333333,1496,4.0,m08_b04_g000_t050_mup15,533,-0.8638337286219772,0.014462557183037725,0.7644885955507905,0.7495652093060833,0.7414970469473487,0.0032568067115608425,6.187003634362759,1.0,1.0,0.0,0.2,-14.203343951114931,0.3643870604998513,-90.37482200248203,0.2964339082309585,-104.57816595359695,0.09953990330172577,2.3133569543345165,stage3-coarse-20260729,1.0,0.0,8,cpu,40,1.5,0.007527414333698604,8.135911508741275e-05,0.5,2400,3.507752131601697,0.09474172967432605,4.695598106286118,0.25390734003444115,0.021439377276371685,1.8808297358180688,0.0367420368365407,1d07e570204b1f9a429f331b10cb2d6f1bdcc20a2c91a227654c0861cb891efe,3123400879,20,b4459ae0d1c64ba021ffce634d26402362575171,False,True,True,COMPLETE,0.5,0.0,1.1368683772161603e-13,3.2684965844964606e-14,6.067680385678333e-15,68
0.5829166666666666,1399,4.0,m08_b04_g000_t100_mun15,534,-0.5737485731405721,0.028474560482896927,0.30112220413563406,0.2968750495441922,0.28783393067192586,0.0014008596964875126,3.6929361754691743,1.0,1.0,0.0,0.2,-13.55810089020163,0.29937633280014453,-14.891505392546724,0.21678333769989105,-28.449606282748356,0.08537466633331149,3.403724052108143,stage3-coarse-20260729,1.0,0.0,8,cpu,40,-1.5,0.007620952281256141,6.0164158448480744e-05,0.5,2400,3.2835856625368818,0.08334737027147862,4.937373132365283,0.8872169490630231,0.052057302714190255,2.085401305799952,0.015623704259694405,0750d143e0b41010353115acc413b38a3a7aa4428bf7ff0944bd7cb93a76cb5f,1647289413,20,b4459ae0d1c64ba021ffce634d26402362575171,False,True,True,COMPLETE,1.0,0.0,5.684341886080802e-14,1.5631940186722205e-14,2.817538564902714e-15,69
0.5666666666666667,1360,4.0,m08_b04_g000_t100_mu000,535,-0.39653066640533646,0.00920680714963412,0.5000000000000002,0.5,0.49999999999999967,4.1414177158911247e-17,1.437557634316087,1.0,1.0,0.0,0.2,-15.287046803823666,0.06718320013830487,-49.31729667751351,0.20065221848630338,-64.60434348133717,0.17586584885829004,2.7157926125795138,stage3-coarse-20260729,1.0,0.0,8,wsl,40,0.0,0.007829165198891156,6.186085322503617e-06,0.5,2400,3.5149095178489467,0.03763791366883783,5.623711409058632,1.5197974992570997,0.027662171533585585,2.517353508553023,0.018149056109878513,5f139b4017e0f0f507d555a69fbf8bbab63226885f5a359e8cd92b9a06ec2f3e,1351454969,20,b4459ae0d1c64ba021ffce634d26402362575171,False,True,True,COMPLETE,1.0,0.0,1.1368683772161603e-13,2.7000623958883806e-14,5.380142762874388e-15,9
0.5845833333333333,1403,4.0,m08_b04_g000_t100_mup15,536,-0.6085367136448212,0.014903543706384,0.7075265538103037,0.7030970982213016,0.6990026770050035,0.0005463974256988487,1.632751769116939,1.0,1.0,0.0,0.2,-13.85491577969384,0.14637630656850492,-110.68228374995215,0.1599329701081954,-124.537199529646,0.0469815656820041,2.4337086682423816,stage3-coarse-20260729,1.0,0.0,8,cpu,40,1.5,0.007664419889183304,2.0764442241503956e-05,0.5,2400,3.3714161773853624,0.03809202321535289,2.8482202183246716,0.8199583322418448,0.02979741890384864,2.095687254813604,0.005241612213657722,0df820138860e2bd6a7ef670d6f680e03b452699c2af5a56a75f51b7aabcd955,2251134908,20,b4459ae0d1c64ba021ffce634d26402362575171,False,True,True,COMPLETE,1.0,0.0,2.2737367544323206e-13,5.1159076974727215e-14,9.929362541400935e-15,70
0.5720833333333334,1373,4.0,m08_b04_g000_t200_mun15,537,-0.27966810895457195,0.02369627495042145,0.37102074324621065,0.366723037626805,0.35706864574823993,0.0006132668249699642,1.4221963321077982,1.0,1.0,0.0,0.2,-13.069767370773576,0.2061626424438298,-62.5114307141803,0.25919428834210434,-75.58119808495387,0.11444020335035647,3.013843636789244,stage3-coarse-20260729,1.0,0.0,8,cpu,40,-1.5,0.007674540679741373,2.257719244020876e-05,0.5,2400,3.1003181633057677,0.05425703990690162,4.92923462038301,1.7452041022352875,0.0592912351167634,2.4227611327705274,0.007363797145829652,32591cd5d319d47b249ebf33d5f9be64e1893481c231e7f821faffabff31a8a9,4226683942,20,b4459ae0d1c64ba021ffce634d26402362575171,False,True,True,COMPLETE,2.0,0.0,1.1368683772161603e-13,3.979039320256561e-14,5.067908138253919e-15,71
0.6266666666666667,1504,4.0,m08_b04_g000_t200_mu000,538,-0.27338870573638846,0.010885438790149346,0.5000000000000042,0.5000000000000003,0.49999999999999745,1.7840409176612172e-16,0.6680307414792882,1.0,1.0,0.0,0.2,-13.897642841212251,0.10642301496982164,-100.74260563604747,0.055086033932833886,-114.64024847725973,0.11514493803446141,2.9625456093450935,stage3-coarse-20260729,1.0,0.0,8,cpu,40,0.0,0.007821480266512013,1.6079039187755486e-06,0.5,2400,3.2603942377903765,0.03145004504460038,5.02064236265548,1.8603261789949888,0.025928711363748275,2.560360208392683,0.0036672129506329096,f449660d1d0361777c4ebcc2b59cb8324e6d9bcd636303e4fa7151a48fb13648,2874569428,20,b4459ae0d1c64ba021ffce634d26402362575171,False,True,True,COMPLETE,2.0,0.0,1.7053025658242404e-13,5.400124791776761e-14,8.853480895196458e-15,72
0.60625,1455,4.0,m08_b04_g000_t200_mup15,539,-0.1922324504720642,0.007520517075549325,0.6446713835967228,0.63792351829971,0.632328657081961,0.002152317187907718,6.253026804613996,1.0,1.0,0.0,0.2,-12.196950824446901,0.07577920995672709,-159.40852293310246,0.09286085489293039,-171.6054737575493,0.10806379955800965,2.579632423234993,stage3-coarse-20260729,1.0,0.0,8,cpu,40,1.5,0.007577591509602773,3.915192474161048e-05,0.5,2400,2.8812008818432817,0.019107268530782377,1.4440484300550405,1.952135345537905,0.020118359239742853,2.4166681136905934,0.011370116735929917,12a694c48e917c4fac589c21f7e13d169a5ee330c6867d63dc1baab1569d2a1a,487055005,20,b4459ae0d1c64ba021ffce634d26402362575171,False,True,True,COMPLETE,2.0,0.0,2.2737367544323206e-13,8.526512829121202e-14,1.2041120750955136e-14,73
0.9925,2382,4.0,m08_b04_g025_t000_mun15,540,-0.09767348065761997,0.03065178743922852,0.01724491319520096,0.0058154174107691485,0.0032550637728218576,0.0008982049779672343,1.438142442653463,1.0,1.0,0.0,0.2,-0.07529194396962022,0.016137580891520745,0.5582800714338382,0.08622767788485448,0.48298812746421804,0.07020714681564208,1.4383739042431856,stage3-coarse-20260729,1.0,0.25,8,wsl,40,-1.5,0.00018101312139156411,2.788345911137616e-05,0.5,2400,0.004072573869972498,0.0010164704702840715,1.393348386854648,0.0029181057585405444,0.00044223019298668447,0.0034953398142565212,0.0007213244412878885,67f11b97f3aaa59f608765d7a3903fd76d2fb25a077536ae19d3c1e4aeb82ee4,3347066309,20,b4459ae0d1c64ba021ffce634d26402362575171,False,True,True,COMPLETE,0.0,0.0,6.411537967210279e-15,2.292610545850948e-15,3.1813022665994056e-16,10
0.5145833333333333,1235,4.0,m08_b04_g025_t000_mu000,541,0.24173243383120893,0.18908932559687508,0.5000000000000003,0.4999999999999999,0.49999999999999956,5.8098210493548e-17,1.6151169458924197,1.0,1.0,0.0,0.2,-19.84024540467861,0.09841689741892184,0.0,0.0,-19.84024540467861,0.09841689741892184,2.625645160454325,stage3-coarse-20260729,1.0,0.25,8,cpu,40,0.0,0.007845731570605731,8.829775401257344e-06,0.5,2400,0.09725157328990813,0.03917937093538936,4.123045067675012,0.12854431914812237,0.01119649171175364,0.11289794621901525,0.015410565752596302,014ea331fb9702bea81c8d6cb176dc5b11f9b343986ba6524479e7359f3b914f,2008787692,20,b4459ae0d1c64ba021ffce634d26402362575171,False,True,True,COMPLETE,0.0,0.0,5.684341886080802e-14,1.1368683772161604e-14,3.4439956369832645e-15,74
0.9929166666666667,2383,4.0,m08_b04_g025_t000_mup15,542,-0.12471689442854103,0.04141111332922434,0.997314260069414,0.9939601510309469,0.9853945524367176,0.0006563576181809965,1.382836783296739,1.0,1.0,0.0,0.2,-0.07500125150137145,0.01055620127121948,-95.42017449897091,0.06301033134537544,-95.49517575047228,0.05246863213109173,1.383425761902749,stage3-coarse-20260729,1.0,0.25,8,cpu,40,1.5,0.00018798712695185569,2.039434783210344e-05,0.5,2400,0.004629721732834685,0.0010727910455658996,1.5222482438085272,0.0031324902368042905,0.0003417519295064734,0.003881105984819488,0.0006981505990972287,7a1a6ca4e5a3c6e8a2e5e25184a8a4ad19604fa6b4ac009c35c146c6b2486bfb,3032394041,20,b4459ae0d1c64ba021ffce634d26402362575171,False,True,True,COMPLETE,0.0,0.0,1.1368683772161603e-13,3.979039320256561e-14,6.173433909536566e-15,75
0.89125,2139,4.0,m08_b04_g025_t025_mun15,543,-0.1399262758645104,0.13258532161875036,0.13384260278549986,0.059398460844022984,0.018611077900298593,0.01881119087624533,6.168892854151196,1.0,1.0,0.0,0.2,-1.59251820660114,0.7567066221352731,3.065361076758838,1.0086946219618578,1.472842870157698,0.25451025994407284,5.9896175588845395,stage3-coarse-20260729,1.0,0.25,8,cpu,40,-1.5,0.0018453849511053083,0.000580474175096339,0.5,2400,0.24080065476851464,0.14105367353524023,4.92475543434065,0.1133502217957015,0.03873918139080411,0.1770754382821081,0.09000797848944847,dbe8c2a8b44b634ee4dac0517689bfcaad393445260be93ae4d246a908f4da37,2980301719,20,b4459ae0d1c64ba021ffce634d26402362575171,False,True,True,COMPLETE,0.25,0.0,7.105427357601002e-15,2.7255975254547594e-15,6.964462647530087e-16,14
0.5095833333333334,1223,4.0,m08_b04_g025_t025_mu000,544,-0.7550839671086959,0.026556438074208093,0.5000000000000004,0.5000000000000001,0.49999999999999917,3.580472012870207e-17,0.5,1.0,1.0,0.0,0.2,-19.19525442518107,0.23469296254048555,-10.487970022832888,0.13946456489626965,-29.68322444801396,0.12990280472861565,2.5228173683268458,stage3-coarse-20260729,1.0,0.25,8,cpu,40,0.0,0.00787206350303334,7.434768757694616e-06,0.5,2400,3.8284230223321587,0.05536464960600671,4.953516687995366,0.5363250894082064,0.05995471804036828,2.182374055870183,0.01284314553185943,0404e1536a5e7c996ce359419a3f9732877ec5925199bcd10078d1c66298a985,201812816,20,b4459ae0d1c64ba021ffce634d26402362575171,False,True,True,COMPLETE,0.25,0.0,5.684341886080802e-14,1.8474111129762605e-14,2.7962523982875877e-15,15
0.8891666666666667,2134,4.0,m08_b04_g025_t025_mup15,545,-0.3247705283373955,0.10822129417920272,0.9843777350879662,0.9383394328639298,0.88799150951322,0.014225032915649818,4.724630150230208,1.0,1.0,0.0,0.2,-1.6952048936432795,0.5683337688668282,-92.78926942675679,0.7923728351883107,-94.48447432040007,0.23299365239665634,5.291989891160846,stage3-coarse-20260729,1.0,0.25,8,wsl,40,1.5,0.0019168402263243644,0.00043930148029100094,0.5,2400,0.24858885431206304,0.09295998713555641,4.396439914250578,0.10056622022221218,0.02688123808677914,0.17457753726713762,0.05901788878209112,37119ed3592584bb36738651fb3befe421ff1892c1f1ae89f5eade892ff6cc52,2804454500,20,b4459ae0d1c64ba021ffce634d26402362575171,False,True,True,COMPLETE,0.25,0.0,1.7053025658242404e-13,3.836930773104541e-14,7.447021906050701e-15,11
0.625,1500,4.0,m08_b04_g025_t050_mun15,546,-0.7536828100974805,0.04397372791249483,0.2605952980751819,0.24778497164668978,0.2350802330893575,0.0031488531529243373,5.024527033780414,1.0,1.0,0.0,0.2,-13.573759068848858,0.555005207851322,4.756774068215117,0.39489425057625643,-8.816985000633741,0.15780811775336256,4.3191586589588065,stage3-coarse-20260729,1.0,0.25,8,cpu,40,-1.5,0.00741716453260956,0.00011760907756169568,0.5,2400,3.167251945655677,0.16270678806232633,6.56266458856842,0.4384159239278704,0.06922775691321723,1.8028339347917737,0.04714449401684197,052bfc99a0c7c5321ec2395c4d4c24f4e738b9c9f15d8cf919eb9d0836940556,1204133401,20,b4459ae0d1c64ba021ffce634d26402362575171,False,True,True,COMPLETE,0.5,0.0,1.4210854715202004e-14,7.460698725481052e-15,1.1622765154384791e-15,16
0.54,1296,4.0,m08_b04_g025_t050_mu000,547,-0.5679724939561254,0.011558369911374025,0.5000000000000009,0.5000000000000006,0.5000000000000002,2.6814433536895163e-17,0.5,1.0,1.0,0.0,0.2,-17.810581563673566,0.09124481682821822,-23.32887345173436,0.11086951998784546,-41.13945501540792,0.03711398539437558,1.0361563826247864,stage3-coarse-20260729,1.0,0.25,8,cpu,40,0.0,0.007833374665868975,2.2286070209316077e-06,0.5,2400,3.7458904564280564,0.020236001961453233,2.9277665708390828,1.0337540796420055,0.0317912680298822,2.3898222680350307,0.01188910328490459,20cc6129b77a31b3827d04356644a5188c7303c2e7210ebe97517c00bd738e53,122989191,20,b4459ae0d1c64ba021ffce634d26402362575171,False,True,True,COMPLETE,0.5,0.0,5.684341886080802e-14,2.2026824808563106e-14,4.1080293524553784e-15,17
0.6054166666666667,1453,4.0,m08_b04_g025_t050_mup15,548,-0.824500884574783,0.038814087397604044,0.768373482673411,0.7472718510616547,0.7397809729489686,0.0031697245074136455,3.895800552630364,1.0,1.0,0.0,0.2,-14.496744432801245,0.4708621410552505,-90.53718897976997,0.4474495611758961,-105.0339334125712,0.07935060707262377,2.065727527820902,stage3-coarse-20260729,1.0,0.25,8,cpu,40,1.5,0.00754111415458966,9.794147178899275e-05,0.5,2400,3.4408905085373354,0.14677417079857324,5.816349116529609,0.3257357945681409,0.0642854862852088,1.8833131515527382,0.042090062168316345,190eb78602bb9c0a3906caa613f78592357cb6e3c797b8c9cd865ed0d9cae5a3,1060740217,20,b4459ae0d1c64ba021ffce634d26402362575171,False,True,True,COMPLETE,0.5,0.0,1.1368683772161603e-13,3.836930773104541e-14,6.780912004658436e-15,18
0.5695833333333333,1367,4.0,m08_b04_g025_t100_mun15,549,-0.4521786120472718,0.01044341698623997,0.3159516823411054,0.30908727100145994,0.3004292475460648,0.001319635616676394,2.5187232744663137,1.0,1.0,0.0,0.2,-14.311803754501137,0.08025690465364088,-15.185027484839003,0.09704489648750608,-29.49683123934014,0.04283710224479602,0.991172833823322,stage3-coarse-20260729,1.0,0.25,8,cpu,40,-1.5,0.007568608352527142,1.6163898570864334e-05,0.5,2400,3.0963990890220163,0.023797712395698944,1.1288660890094218,1.1682182254797915,0.02246573272366708,2.1323086572509036,0.006752865996714846,3e92e7ef5945d57b0c4ac9e7949edc15665eb072eb4cb35a6d95f4abbde9856c,1009009285,20,b4459ae0d1c64ba021ffce634d26402362575171,False,True,True,COMPLETE,1.0,0.0,5.684341886080802e-14,1.5631940186722205e-14,2.716776609461583e-15,19
0.5408333333333334,1298,4.0,m08_b04_g025_t100_mu000,550,-0.3614072048910073,0.023870434171129048,0.5000000000000004,0.5,0.49999999999999967,3.158935720889134e-17,0.5515059903706192,1.0,1.0,0.0,0.2,-16.616101326409346,0.1922773159048366,-49.70165714919729,0.19811699865149535,-66.31775847560662,0.06118393744499021,1.6548930339840386,stage3-coarse-20260729,1.0,0.25,8,wsl,40,0.0,0.007834291538919354,3.917606607928395e-06,0.5,2400,3.4525343888219466,0.053298603838310574,4.641511225071503,1.6199337967650966,0.06460493292824825,2.5362340927935216,0.008922332469691352,340f9407c4f917e6e1d28e97383ba7810929db2242791670ba3d0d7f5aab3b4c,4254069623,20,b4459ae0d1c64ba021ffce634d26402362575171,False,True,True,COMPLETE,1.0,0.0,1.7053025658242404e-13,3.979039320256561e-14,7.109070232671186e-15,12
0.59375,1425,4.0,m08_b04_g025_t100_mup15,551,-0.4614236456484478,0.06126028661033117,0.7014341175955557,0.6944964310054702,0.6881747342359071,0.001280666843241741,2.539329110314301,1.0,1.0,0.0,0.2,-14.249608722041852,0.3512041364282345,-111.3196116371571,0.36885076084293417,-125.56922035919897,0.05091305385931288,1.621933226142627,stage3-coarse-20260729,1.0,0.25,8,cpu,40,1.5,0.00757403185293655,8.67628505404677e-05,0.5,2400,3.1075997049781137,0.1278276426476639,6.4227894094876925,1.1460740741293738,0.13162031760188472,2.126836889553744,0.003933921643250827,a2b05c97a74ee89dc7688194535a1fdef09994fad4e244fbf9681acebc7573ce,966345258,20,b4459ae0d1c64ba021ffce634d26402362575171,False,True,True,COMPLETE,1.0,0.0,1.1368683772161603e-13,4.5474735088646414e-14,8.9183292920181e-15,20
0.5679166666666666,1363,4.0,m08_b04_g025_t200_mun15,552,-0.1706507580227245,0.020903625755179654,0.3683074649911407,0.36310200540070653,0.3554336419111753,0.0011995255646391038,3.0379374868451756,1.0,1.0,0.0,0.2,-14.224905023482625,0.1666346433524319,-63.34581985645129,0.1880860159983778,-77.57072487993392,0.06834173558671097,1.1828423675600899,stage3-coarse-20260729,1.0,0.25,8,cpu,40,-1.5,0.007460594226359249,2.191828695218219e-05,0.5,2400,2.8257789859815325,0.051027021408080186,2.9906219010900865,2.0016514701734076,0.05006324385561563,2.41371522807747,0.003363973581425053,8e8140bdcf6baffa1c05b6f592b642dae9bd96464be52af4e52aecac0a6bdec1,3973537475,20,b4459ae0d1c64ba021ffce634d26402362575171,False,True,True,COMPLETE,2.0,0.0,1.1368683772161603e-13,4.263256414560601e-14,7.620518644115976e-15,21
0.5541666666666667,1330,4.0,m08_b04_g025_t200_mu000,553,-0.25210540330646547,0.021594958339751443,0.5000000000000007,0.5000000000000002,0.4999999999999992,7.817359963600262e-17,1.6741038056827529,1.0,1.0,0.0,0.2,-15.829008760023186,0.17935227018063352,-100.69712111269953,0.10253661653650761,-116.52612987272273,0.22301790206146965,5.093146535029426,stage3-coarse-20260729,1.0,0.25,8,cpu,40,0.0,0.007824119961795176,2.881765937516701e-06,0.5,2400,3.195067879897801,0.06699563400937851,6.125828417838338,1.9076897307400966,0.04782920835576345,2.5513788053189486,0.009488211126711742,26892755203126719c5ee3252d8d5bb68098ad1eb1207ff1532cc61b4b6f29f1,499847200,20,b4459ae0d1c64ba021ffce634d26402362575171,False,True,True,COMPLETE,2.0,0.0,1.1368683772161603e-13,4.831690603168681e-14,8.999249038128617e-15,22
0.58875,1413,4.0,m08_b04_g025_t200_mup15,554,-0.11798603284976175,0.02448644413408052,0.643738745869467,0.6388189012905383,0.6332475625418772,0.0011020204423668066,3.9745816690325375,1.0,1.0,0.0,0.2,-13.812283239905877,0.1879685666292729,-159.80067665738636,0.11823098506402857,-173.61295989729223,0.08776006872759817,1.5881226789481482,stage3-coarse-20260729,1.0,0.25,8,cpu,40,1.5,0.007443380110971032,1.843803408370554e-05,0.5,2400,2.701452171744715,0.06027283107271643,4.907443156356467,2.131308855520529,0.058114688930229357,2.416380513632622,0.003546316037135602,6a2610cb0c8054eda95bae6142d75db3543d6b2b6b28cb48d7e52293ebe1b983,4042978731,20,b4459ae0d1c64ba021ffce634d26402362575171,False,True,True,COMPLETE,2.0,0.0,2.2737367544323206e-13,5.684341886080802e-14,9.97099527134002e-15,23
0.995,2388,4.0,m08_b04_g050_t000_mun15,555,0.001025496681564702,0.01917661614197357,0.01086819046658462,0.004349970473796062,0.002812160874795267,0.0004995154807913234,1.7851423173022374,1.0,1.0,0.0,0.2,-0.05814847993087374,0.00806896505898801,0.41759716548442205,0.04795348615596704,0.35944868555354825,0.039886965334305746,1.7864062360357227,stage3-coarse-20260729,1.0,0.5,8,wsl,40,-1.5,0.00013551702044828227,1.5506669001191718e-05,0.5,2400,0.0023445035451297447,0.00024593351283262396,1.61957226396873,0.002436599017947987,0.00037930951809314487,0.002390551281538866,0.0003101572234895852,418385083ddd1d477555508d2cd10a635baf796505c9242250cc36eb4a434d3c,1891421248,20,b4459ae0d1c64ba021ffce634d26402362575171,False,True,True,COMPLETE,0.0,0.0,6.078471059822732e-15,2.2454260673043793e-15,2.824973589953502e-16,13
0.5279166666666667,1267,4.0,m08_b04_g050_t000_mu000,556,-0.07985855612414101,0.21823532696640852,0.5000000000000003,0.5,0.4999999999999996,2.6427252685459634e-17,0.5340847470756837,1.0,1.0,0.0,0.2,-20.19933894999891,0.49030221394275764,0.0,0.0,-20.19933894999891,0.49030221394275764,6.858564448048597,stage3-coarse-20260729,1.0,0.5,8,cpu,40,0.0,0.007882917781184448,1.610173278359249e-05,0.5,2400,0.28937244468815776,0.07973026887143182,2.701798978285677,0.25974632772330164,0.10651342194275229,0.2745593862057297,0.07651947672867646,9159b9d77afa5a8605a6f61de6183e91199b90c539e08e8b363724f1c90421fb,156800073,20,b4459ae0d1c64ba021ffce634d26402362575171,False,True,True,COMPLETE,0.0,0.0,5.684341886080802e-14,1.7053025658242404e-14,3.167390188248473e-15,24
0.9904166666666666,2377,4.0,m08_b04_g050_t000_mup15,557,0.012301525403312186,0.04131851265122786,0.9972733178844863,0.99574068801301,0.9933905692986,0.00017722591265414912,0.7201265386410443,1.0,1.0,0.0,0.2,-0.056070403463605326,0.0027409743662681007,-95.59110604924895,0.017013687614798566,-95.64717645271256,0.014282623757725713,0.7208419078433805,stage3-coarse-20260729,1.0,0.5,8,cpu,40,1.5,0.00013269189244848964,5.520488071089864e-06,0.5,2400,0.0023832130469071274,0.00014163215186236675,0.7408872455274474,0.002421583794010372,0.0001730086703797776,0.00240239842045875,0.00013253987774297844,2f52ddae4e706b89f0356cd4816fe2cf888b13cb997ae7f9c4c7702490d3fac5,3787074493,20,b4459ae0d1c64ba021ffce634d26402362575171,False,True,True,COMPLETE,0.0,0.0,1.7053025658242404e-13,3.836930773104541e-14,7.050593061283735e-15,25
0.7504166666666666,1801,4.0,m08_b04_g050_t025_mun15,558,-0.6020814728264289,0.09248803768983127,0.21176629362160385,0.14692665513336783,0.08694675335612842,0.015171473886067882,4.954018082388644,1.0,1.0,0.0,0.2,-6.511796283344563,1.0735476159020405,7.944421885532139,0.9878526297840643,1.4326256021875765,0.1736258745124373,2.540433776907983,stage3-coarse-20260729,1.0,0.5,8,cpu,40,-1.5,0.004577788447722307,0.00046193975452428964,0.5,2400,1.2527397786756307,0.27656399912735313,5.048591325147467,0.26814538055436515,0.018936287066108386,0.7604425796149978,0.13487056006766418,7c5fb737ffeb9129b99d4fe7c356606c0e1f5eef02d77f6a405689b0a9f1f443,1946001640,20,b4459ae0d1c64ba021ffce634d26402362575171,False,True,True,COMPLETE,0.25,0.0,1.0658141036401503e-14,2.4868995751603505e-15,5.45602589956668e-16,26
0.5091666666666667,1222,4.0,m08_b04_g050_t025_mu000,559,-0.5975977438061006,0.04565653980640319,0.5000000000000004,0.5,0.4999999999999998,4.7022797141281015e-17,2.035252793543079,1.0,1.0,0.0,0.2,-19.506847467377803,0.2264096776272379,-11.01584334492578,0.15173579959860703,-30.52269081230358,0.12090162016714706,2.5480041590982414,stage3-coarse-20260729,1.0,0.5,8,cpu,40,0.0,0.007854090897932018,4.5611843221311064e-06,0.5,2400,3.487320780162586,0.09263903427804622,4.256524865231832,0.8808830163447909,0.10521399996824757,2.1841018982536884,0.022431115276660432,8ea126cba0cd4382d58188dd728668aa000acfaba519afd9180d401bd9dd1326,2186084168,20,b4459ae0d1c64ba021ffce634d26402362575171,False,True,True,COMPLETE,0.25,0.0,5.684341886080802e-14,1.9184653865522706e-14,2.3620905131280066e-15,27
0.9033333333333333,2168,4.0,m08_b04_g050_t025_mup15,560,-0.013811490057535462,0.05293970845574324,0.9803465895492088,0.9426378098810642,0.9105397508411865,0.008395365611000748,5.233666598193013,1.0,1.0,0.0,0.2,-1.4893440174064052,0.3139060153674109,-93.14249112842754,0.47727283710657925,-94.63183514583395,0.16374985928293792,5.089426821842286,stage3-coarse-20260729,1.0,0.5,8,wsl,40,1.5,0.0017816905091519197,0.000255522721740748,0.5,2400,0.1494724497652264,0.03274068560887409,4.454709578726311,0.14154349388209297,0.02714858956957708,0.14550797182365968,0.02849772251413036,02b09513aa456271d269e0b8473ba19982695cf97dd8ecd1b1cd13e6c3572460,156788796,20,b4459ae0d1c64ba021ffce634d26402362575171,False,True,True,COMPLETE,0.25,0.0,1.7053025658242404e-13,5.968558980384842e-14,7.869614992650587e-15,0
0.5920833333333333,1421,4.0,m08_b04_g050_t050_mun15,561,-0.6920830958173209,0.09033022165222561,0.2644670313964778,0.2562139705501134,0.24837125361913187,0.0017719575390226189,3.5953658366429453,1.0,1.0,0.0,0.2,-14.512944951405027,0.5563523657389893,5.000471810510501,0.3372813394351987,-9.512473140894526,0.23295611735565888,4.916776830624281,stage3-coarse-20260729,1.0,0.5,8,cpu,40,-1.5,0.007469276059041857,0.00013984435230642058,0.5,2400,3.162441482591062,0.2448744416111035,6.629431436415417,0.5613117112829238,0.15104738059409328,1.8618765969369928,0.047429987087894664,47796e3b7953b06308300d3182033c8ed078d6147e66476a7efb4671aaf37d30,3883615603,20,b4459ae0d1c64ba021ffce634d26402362575171,False,True,True,COMPLETE,0.5,0.0,2.842170943040401e-14,7.460698725481052e-15,1.3670051526632828e-15,28
0.51125,1227,4.0,m08_b04_g050_t050_mu000,562,-0.44130106343808595,0.059496108295244765,0.5000000000000011,0.5000000000000003,0.5,8.517552164656811e-17,2.7993673894163322,1.0,1.0,0.0,0.2,-19.114986492479282,0.1463395871987814,-24.01874078654037,0.2790958412775637,-43.13372727901965,0.2155679092581341,2.953075007625559,stage3-coarse-20260729,1.0,0.5,8,cpu,40,0.0,0.007895554204471196,1.927124089683083e-05,0.5,2400,3.5067157099506354,0.12456762028243375,4.749262043978605,1.3611490286890269,0.15152287395755193,2.433932369319831,0.0209339934689721,961b239cd4f72865b70b5358bc9621c0c826ded2bcb6cb56687bc2a904d1f6b1,2996096978,20,b4459ae0d1c64ba021ffce634d26402362575171,False,True,True,COMPLETE,0.5,0.0,5.684341886080802e-14,1.9184653865522706e-14,3.535689847438195e-15,29
0.6383333333333333,1532,4.0,m08_b04_g050_t050_mup15,563,-0.5181366627090311,0.03678499289713369,0.7596320052711792,0.7500562702983768,0.7415188619517135,0.0013423707986633907,1.4897735008251884,1.0,1.0,0.0,0.2,-12.948477038601805,0.23759818178389203,-91.69380049635829,0.08294057247739127,-104.64227753496009,0.19321775914882186,3.44699451542445,stage3-coarse-20260729,1.0,0.5,8,cpu,40,1.5,0.00699300258520189,8.25350094473109e-05,0.5,2400,2.576483645748825,0.10001185470921536,3.8515825094093366,0.8127694421006112,0.04897051190216759,1.6946265439247181,0.024957974536015858,a86c49c2456b0dd52f10cda8f896b0b2fabf6b75c50e0c1821f6800b32aba839,3603292167,20,b4459ae0d1c64ba021ffce634d26402362575171,False,True,True,COMPLETE,0.5,0.0,1.1368683772161603e-13,3.126388037344441e-14,6.5534546030172226e-15,30
0.5691666666666667,1366,4.0,m08_b04_g050_t100_mun15,564,-0.2087036814391908,0.01715833818917631,0.3228160440459053,0.3163011124130843,0.3090083834581571,0.00117824097032861,2.3196459356440733,1.0,1.0,0.0,0.2,-15.072571077048355,0.0572979457773725,-16.15105368563559,0.12504406323546718,-31.223624762683947,0.12264628315698395,1.6841524538950365,stage3-coarse-20260729,1.0,0.5,8,cpu,40,-1.5,0.0073698840386959424,9.465542759406168e-06,0.5,2400,2.6359002843587893,0.027030789812020804,1.5777139389873256,1.7278839262172643,0.04585547984100665,2.181892105288027,0.013769434623528629,bfb5d88062e453f7a9b29d35ba4c1602653a8d0921ee209d0a6ede8cac6fab54,2889959837,20,b4459ae0d1c64ba021ffce634d26402362575171,False,True,True,COMPLETE,1.0,0.0,5.684341886080802e-14,1.7053025658242404e-14,2.4508508957483634e-15,31
0.5520833333333334,1325,4.0,m08_b04_g050_t100_mu000,565,-0.2657071105531704,0.009306835014223394,0.5000000000000002,0.4999999999999999,0.49999999999999944,2.7968265129173434e-17,0.5,1.0,1.0,0.0,0.2,-18.165636302290864,0.07356821995552194,-50.27398359649711,0.11129598148104419,-68.43961989878798,0.1612695888896027,2.5725538883975294,stage3-coarse-20260729,1.0,0.5,8,wsl,40,0.0,0.007871787287590595,9.608625466309849e-06,0.5,2400,3.2279788921356882,0.03638337687994711,3.146807692189806,1.8721549973445621,0.01953857437458314,2.5500669447401254,0.012804039636957984,9155fd60db550fef925c97113b27a3ce2160b0c40264525db853b28d975e2d68,2073366755,20,b4459ae0d1c64ba021ffce634d26402362575171,False,True,True,COMPLETE,1.0,0.0,1.1368683772161603e-13,3.2684965844964606e-14,4.938537427732012e-15,1
0.5375,1290,4.0,m08_b04_g050_t100_mup15,566,-0.38661792194240746,0.030372670505327545,0.6829757560869736,0.6760861670961908,0.671675832695354,0.0009593325320760145,2.55018119863938,1.0,1.0,0.0,0.2,-16.07479235057106,0.09962508719246026,-111.02226312013886,0.17159468274710088,-127.09705547070993,0.10017738285143736,2.2820051211146217,stage3-coarse-20260729,1.0,0.5,8,cpu,40,1.5,0.0074766262446591975,2.255934100440772e-05,0.5,2400,3.0722236688541886,0.0616911752452894,3.124726860366196,1.3601997954762415,0.07041024675212569,2.216211732165215,0.0070488557510315865,ba58287f47657aee74bc1838ef18ae9da7b91ed1d76202c4bedd5631f96c9c5d,344669294,20,b4459ae0d1c64ba021ffce634d26402362575171,False,True,True,COMPLETE,1.0,0.0,1.1368683772161603e-13,4.263256414560601e-14,8.81319796442941e-15,32
0.53875,1293,4.0,m08_b04_g050_t200_mun15,567,-0.10161906039460114,0.020128593205933184,0.37049233061479236,0.36621729857818675,0.36158791383129424,0.0009815017861119003,4.371486808217801,1.0,1.0,0.0,0.2,-16.239799499077446,0.09025602610514707,-63.855544983588494,0.25650219283337855,-80.09534448266594,0.1852923915138619,3.124304527655503,stage3-coarse-20260729,1.0,0.5,8,cpu,40,-1.5,0.007385469022300013,1.4215132471603183e-05,0.5,2400,2.6853179503773275,0.04673555899193885,3.58710583720735,2.1903985935379926,0.05186551741598586,2.4378582719576602,0.007486100479811009,5a50e08e108ffa6ca0e6d338efe8d0c268cb954580f93ad93a80a53a3e0a0d0a,2860444735,20,b4459ae0d1c64ba021ffce634d26402362575171,False,True,True,COMPLETE,2.0,0.0,1.1368683772161603e-13,3.410605131648481e-14,6.688746969013574e-15,33
0.5358333333333334,1286,4.0,m08_b04_g050_t200_mu000,568,-0.21085195113173444,0.010600695071972161,0.5000000000000009,0.5000000000000002,0.4999999999999997,4.058830921259704e-17,0.5,1.0,1.0,0.0,0.2,-17.79443082347691,0.09663108542507746,-101.0672518056077,0.12008419192358483,-118.86168262908458,0.11262802301259944,2.159089561718127,stage3-coarse-20260729,1.0,0.5,8,cpu,40,0.0,0.00783719877497394,2.732630515637139e-06,0.5,2400,3.095430968774606,0.0280409560229689,2.365984315474386,2.017258501015332,0.027104951410364238,2.5563447348949686,0.003941450006640782,f5ceed833a4c3393d9b4f34673fffd58e1d7869a6863d7c1719aa0dd0fb0cf9e,3874426867,20,b4459ae0d1c64ba021ffce634d26402362575171,False,True,True,COMPLETE,2.0,0.0,1.1368683772161603e-13,3.410605131648481e-14,9.584256463181073e-15,34
0.53875,1293,4.0,m08_b04_g050_t200_mup15,569,-0.07227672761943825,0.015444637323033979,0.6375602567291003,0.6337389721572381,0.6294203997226052,0.0007314278194777894,2.4642510379198996,1.0,1.0,0.0,0.2,-16.075075732351234,0.06573163048873806,-159.97231527373043,0.10809842139574384,-176.04739100608165,0.07015026662690149,1.4879158813943154,stage3-coarse-20260729,1.0,0.5,8,cpu,40,1.5,0.007382024566536191,1.4500493055918058e-05,0.5,2400,2.616350864536615,0.03515242815221999,2.213079561976541,2.263985517668595,0.040175825922560277,2.4401681911026047,0.004731946224501638,ac98bf6509c0c8cf74b4079e1c0a0f18f679b9d5671d317bad03c1dfca9ba412,629770716,20,b4459ae0d1c64ba021ffce634d26402362575171,False,True,True,COMPLETE,2.0,0.0,3.410605131648481e-13,7.958078640513122e-14,1.4885579068284785e-14,35
0.9791666666666666,2350,4.0,m08_b04_g100_t000_mun15,570,-0.06359925663619684,0.06094415784461676,0.026389949741937032,0.008806354285770512,0.0030822459558155022,0.001210111145041353,1.1551234578415857,1.0,1.0,0.0,0.2,-0.18133494228695313,0.030507190878852352,0.845410011433969,0.11617066992396989,0.6640750691470159,0.08573742500443035,1.1806414686018418,stage3-coarse-20260729,1.0,1.0,8,wsl,40,-1.5,0.0002743324239816089,3.75879947240456e-05,0.5,2400,0.007058492239915917,0.0021375027469501843,1.4576076941819711,0.005481858617955981,0.0008749637700362333,0.0062701754289359495,0.001426646609668838,7f6771cd8e08fb8e58073caaa8c59da2317804b2c52dbf143d6ad9a41d8c8136,3880414215,20,b4459ae0d1c64ba021ffce634d26402362575171,False,True,True,COMPLETE,0.0,0.0,1.0880185641326534e-14,2.606248550307555e-15,4.508184011469048e-16,2
0.49375,1185,4.0,m08_b04_g100_t000_mu000,571,-0.15234656332912389,0.18842332801691078,0.5000000000000004,0.5,0.49999999999999956,3.0301604208567995e-17,0.5810391363022942,1.0,1.0,0.0,0.2,-22.347675725306765,0.10015928323619075,0.0,0.0,-22.347675725306765,0.10015928323619075,1.301372929881898,stage3-coarse-20260729,1.0,1.0,8,cpu,40,0.0,0.00798215250060147,1.9218944369979306e-05,0.5,2400,0.24494641645420384,0.05880176800334281,4.0206958482788755,0.15419753025153465,0.022497957545692067,0.19957197335286928,0.024690150215385065,b3fc678cb5c81a4f42e46cd608c9ae6e68fd124fc4bf587bdf715a63d731612b,1870385856,20,b4459ae0d1c64ba021ffce634d26402362575171,False,True,True,COMPLETE,0.0,0.0,5.684341886080802e-14,1.7763568394002505e-14,4.556383249716276e-15,36
0.9791666666666666,2350,4.0,m08_b04_g100_t000_mup15,572,0.00492902815228565,0.02817250110439599,0.9968256588772724,0.994026946058072,0.9866995499259599,0.0004382144837974914,0.8549867640979494,1.0,1.0,0.0,0.2,-0.11140932769153396,0.009576424516358864,-95.4265868215749,0.04206859044455927,-95.53799614926645,0.0325041728024957,0.8565142642555987,stage3-coarse-20260729,1.0,1.0,8,cpu,40,1.5,0.0001863305949606613,1.3700627578779738e-05,0.5,2400,0.003457938406858359,0.0003210994371821534,0.8415026376483795,0.0033941434517549733,0.00023805693999065088,0.003426040929306666,0.0002566656889319067,f1048bab6d79db6e67d9ce68107e3d9dc68b993c38f37146a345dbf4971f025f,1462353543,20,b4459ae0d1c64ba021ffce634d26402362575171,False,True,True,COMPLETE,0.0,0.0,1.1368683772161603e-13,4.689582056016661e-14,6.067680385678333e-15,37
0.6954166666666667,1669,4.0,m08_b04_g100_t025_mun15,573,0.1278124041215175,0.15423438467152348,0.23416660157523977,0.1987929022716334,0.10702089702401557,0.017506394124393643,5.48689957746542,1.0,1.0,0.0,0.2,-11.248471097842732,1.2675156434441626,10.920120873273815,1.128783845105019,-0.3283502245689166,0.18103265606073438,2.577491222583743,stage3-coarse-20260729,1.0,1.0,8,cpu,40,-1.5,0.005768561156002316,0.0003964062082831337,0.5,2400,0.9272478967136684,0.07889612384178442,2.4134310718979064,1.3565903395682484,0.3104841468032369,1.1419191181409585,0.136025054013131,af5c56173c8f9bb5a8da020414c1220795e1de346a7e074d7305772a2d9452d5,3620373948,20,b4459ae0d1c64ba021ffce634d26402362575171,False,True,True,COMPLETE,0.25,0.0,1.4210854715202004e-14,3.508304757815495e-15,5.880770341788751e-16,38
0.5045833333333334,1211,4.0,m08_b04_g100_t025_mu000,574,-0.3544135365011408,0.028053304958208795,0.5000000000000003,0.5,0.49999999999999983,3.282595368118736e-17,1.1270767036317277,1.0,1.0,0.0,0.2,-22.874008484966726,0.2054496843932054,-12.064770711356648,0.08251707919356056,-34.93877919632337,0.19017020534100093,2.8459086066605987,stage3-coarse-20260729,1.0,1.0,8,cpu,40,0.0,0.008018024442622531,3.889616704586076e-05,0.5,2400,3.2493716850667966,0.05026638236993158,1.2244658993233064,1.5499723268332342,0.0766971182062025,2.3996720059500154,0.020258969300910645,6fbe5f6b6df37c772cb55b1c618fad5b9769905c1eb93363f0dfed76ef611b6a,985991314,20,b4459ae0d1c64ba021ffce634d26402362575171,False,True,True,COMPLETE,0.25,0.0,5.684341886080802e-14,2.2737367544323207e-14,3.086716954768283e-15,39
0.7125,1710,4.0,m08_b04_g100_t025_mup15,575,0.055257702247214734,0.08574524625536128,0.841070719401174,0.8114490490971061,0.7713292293157927,0.004711350874239183,2.3680229134055186,1.0,1.0,0.0,0.2,-10.445375129610426,0.38206021136715845,-85.7990844593269,0.30276335317110165,-96.24445958893733,0.2752370030220538,4.243534408081313,stage3-coarse-20260729,1.0,1.0,8,wsl,40,1.5,0.005455500605608267,0.00021212664701695874,0.5,2400,0.980285583780336,0.10554495002807242,2.7283529306282173,1.0906409444402534,0.13891380198042783,1.035463264110295,0.08006448595981056,bd7517118565aec1b9a094578313bd05d14e66ec159ee5f4ea8e7e88eb156137,3666530578,20,b4459ae0d1c64ba021ffce634d26402362575171,False,True,True,COMPLETE,0.25,0.0,1.1368683772161603e-13,4.5474735088646414e-14,5.06790813825392e-15,3
0.58,1392,4.0,m08_b04_g100_t050_mun15,576,-0.08925650391823339,0.050146492880562374,0.2968989334134715,0.2843507360033367,0.2744872871079926,0.0023052033799082143,2.5012261664275073,1.0,1.0,0.0,0.2,-17.070716048629087,0.30424586135120874,5.536469115543072,0.1601734813830572,-11.534246933086015,0.4700717028863949,6.144295414025264,stage3-coarse-20260729,1.0,1.0,8,cpu,40,-1.5,0.007225354920693314,6.651309241394807e-05,0.5,2400,2.083529820004176,0.14789853130646413,4.030173609605613,1.7326933543305358,0.09374562068740308,1.908111587167356,0.07332100158927887,964caa8ebe952c27161076103870b91e453d3154fa527588cf041665ca3e6136,745365232,20,b4459ae0d1c64ba021ffce634d26402362575171,False,True,True,COMPLETE,0.5,0.0,2.842170943040401e-14,9.947598300641402e-15,1.4570680132304807e-15,40
0.5008333333333334,1202,4.0,m08_b04_g100_t050_mu000,577,-0.21343845521516905,0.07342237677124995,0.5000000000000009,0.5000000000000003,0.49999999999999956,6.009401178726946e-17,0.9095581471857983,1.0,1.0,0.0,0.2,-22.7514312927128,0.1463143105485376,-24.925660149465863,0.18372617917750078,-47.677091442178664,0.23481461501122602,3.127556727286126,stage3-coarse-20260729,1.0,1.0,8,cpu,40,0.0,0.007915530191425057,1.565914272960238e-05,0.5,2400,3.0457210555845524,0.16970519064207626,4.24526680066412,1.9766344080879747,0.1911780816512623,2.5111777318362636,0.020052733110399765,e6930d9c902bcc91ff62f603586a4d8acbf1951407fe0a4f4693a575e88f53b2,4237910448,20,b4459ae0d1c64ba021ffce634d26402362575171,False,True,True,COMPLETE,0.5,0.0,1.1368683772161603e-13,2.1316282072803006e-14,5.513481432539913e-15,41
0.5633333333333334,1352,4.0,m08_b04_g100_t050_mup15,578,0.14701532373906842,0.0902510347712617,0.7424612597991318,0.719007432276752,0.7035612258722714,0.003919014733389204,3.50669791662788,1.0,1.0,0.0,0.2,-16.65165581369712,0.343679590462265,-90.10204394921917,0.2684985255457443,-106.75369976291627,0.14947295804319635,2.262666202883301,stage3-coarse-20260729,1.0,1.0,8,cpu,40,1.5,0.006976191031047777,9.061915847632204e-05,0.5,2400,1.5338428556569734,0.13872688889445078,4.172674125355271,2.08274667591776,0.19942833830673262,1.8082947657873674,0.030140992859154198,c52311e00bfc437bfc6564f2a537ab8c191487d488ca0571942cb1058c28f973,2453294386,20,b4459ae0d1c64ba021ffce634d26402362575171,False,True,True,COMPLETE,0.5,0.0,1.1368683772161603e-13,3.979039320256561e-14,6.173433909536566e-15,42
0.5229166666666667,1255,4.0,m08_b04_g100_t100_mun15,579,0.10771550355625377,0.044883095256422395,0.3417401760663228,0.33660021039473154,0.331373652293693,0.0014071562129695347,5.197907331815919,1.0,1.0,0.0,0.2,-20.018148553413727,0.04309651317324332,-15.800302871114706,0.08926210377156767,-35.81845142452844,0.09618654108757856,1.1811289645568221,stage3-coarse-20260729,1.0,1.0,8,cpu,40,-1.5,0.007367181267519271,9.381369935952741e-06,0.5,2400,2.0645934875003715,0.10332092671528198,3.5877666939183954,2.5624752028182853,0.10527705402295458,2.3135343451593284,0.007628067671769824,a2526248c362ab95083e98252644708a799f5657aa43462811b3b4706dc7d8bb,2349751857,20,b4459ae0d1c64ba021ffce634d26402362575171,False,True,True,COMPLETE,1.0,0.0,8.526512829121202e-14,2.5579538487363607e-14,3.5990799008481944e-15,43
0.4775,1146,4.0,m08_b04_g100_t100_mu000,580,-0.12974329423430148,0.013006436045011135,0.5000000000000032,0.49999999999999983,0.4999999999999981,1.1341621011012165e-16,0.5,1.0,1.0,0.0,0.2,-22.63575329769726,0.10080897262321134,-50.45507430188419,0.0940511049995513,-73.09082759958144,0.13503772921284124,1.68621266376986,stage3-coarse-20260729,1.0,1.0,8,wsl,40,0.0,0.007896590099875285,1.0637969755143405e-05,0.5,2400,2.866111068620635,0.03386580049114315,0.8908411947272745,2.207821574777906,0.034520103431525055,2.5369663216992704,0.008819903256859052,2859b830c9023cb11897b8d93769acab6f51333ff7753117a66b9cccb6c5e845,3904896672,20,b4459ae0d1c64ba021ffce634d26402362575171,False,True,True,COMPLETE,1.0,0.0,1.1368683772161603e-13,3.836930773104541e-14,6.3398031346077165e-15,4
0.5416666666666666,1300,4.0,m08_b04_g100_t100_mup15,581,-0.041058884334291196,0.05203539788990766,0.6737229639972973,0.666186850050372,0.6573606951721118,0.001996406660574204,3.841333460557721,1.0,1.0,0.0,0.2,-19.958414367270386,0.0637954177852556,-112.09653969626848,0.17154759302201378,-132.05495406353884,0.16325133497730152,1.7864631384094407,stage3-coarse-20260729,1.0,1.0,8,cpu,40,1.5,0.007402497086404605,1.6352625752293422e-05,0.5,2400,2.406004867168184,0.120913346133602,4.342010715807274,2.216487256367251,0.11936817962420505,2.3112460617677177,0.005745261236083017,9a86ed5376533144336cd8c6d893479d6d726fcb36bbae6553ce66f23d7d75d0,288011194,20,b4459ae0d1c64ba021ffce634d26402362575171,False,True,True,COMPLETE,1.0,0.0,2.2737367544323206e-13,6.252776074688882e-14,1.2177956061224664e-14,44
0.5375,1290,4.0,m08_b04_g100_t200_mun15,582,-0.019512655810255023,0.014798979058160848,0.3746330177668822,0.3702844492919034,0.36696743350510697,0.0007449463640868556,2.835315245736604,1.0,1.0,0.0,0.2,-21.217438177065212,0.03451290978296487,-63.724355052870195,0.3105222449212773,-84.94179322993541,0.31850351036487645,2.9970742597522007,stage3-coarse-20260729,1.0,1.0,8,cpu,40,-1.5,0.007336826102989434,2.164911630969394e-06,0.5,2400,2.490340710655169,0.05026247353233033,3.576046786125222,2.3937557517452994,0.02958338546444243,2.4420482312002343,0.015359014628200265,1c57205b035d5540db2743025c2c2e8de3ffc544e97c019ad2ff0adec7eecc12,569710923,20,b4459ae0d1c64ba021ffce634d26402362575171,False,True,True,COMPLETE,2.0,0.0,1.1368683772161603e-13,3.836930773104541e-14,5.894529642513722e-15,45
0.51,1224,4.0,m08_b04_g100_t200_mu000,583,0.04725268191331679,0.01937162226796242,0.5000000000000039,0.5000000000000002,0.4999999999999936,2.3373323490552825e-16,0.5,1.0,1.0,0.0,0.2,-22.403259712090456,0.052716489290771586,-101.2752305706806,0.09932597532172173,-123.67849028277105,0.14584638945198158,1.4647556550036844,stage3-coarse-20260729,1.0,1.0,8,cpu,40,0.0,0.00786625171832327,9.004282908569725e-06,0.5,2400,2.4256413550567677,0.04960025311435213,1.7420097745754926,2.6665138697386745,0.0496800297144326,2.5460776123977213,0.0044843490314227736,1eceb2382465579757c07828d1ae8a5622e7a583a4981399d6bd53312e397453,2504057199,20,b4459ae0d1c64ba021ffce634d26402362575171,False,True,True,COMPLETE,2.0,0.0,1.1368683772161603e-13,3.694822225952521e-14,8.526512829121202e-15,46
0.4945833333333333,1187,4.0,m08_b04_g100_t200_mup15,584,-0.03169089838586092,0.013257501219075242,0.6314020188177073,0.6279974955989142,0.6223350030577977,0.0006610508273336939,1.7483645092808842,1.0,1.0,0.0,0.2,-21.258229725905682,0.05918646252662304,-160.006539312944,0.14849884607826466,-181.26476903884972,0.20396047854787847,3.7542561344055123,stage3-coarse-20260729,1.0,1.0,8,cpu,40,1.5,0.007339924366387885,1.802304799036922e-06,0.5,2400,2.541084280651906,0.01843146309778257,1.1475645968203634,2.385393212175212,0.04014508421961263,2.463238746413559,0.009145980999862843,5524786b3e6fcb26338566d3ea420ea3d970aa6f14bf1b50213ab59aafe88a19,4117498659,20,b4459ae0d1c64ba021ffce634d26402362575171,False,True,True,COMPLETE,2.0,0.0,2.2737367544323206e-13,5.684341886080802e-14,1.0965382848322564e-14,47
0.49916666666666665,1198,4.0,m08_b04_g200_t000_mun15,585,0.8856202132930525,0.008634237745520138,0.3055762841093649,0.2645215321168355,0.21118540870173558,0.01165378565038684,5.405173386330515,1.0,1.0,0.0,0.2,-32.652677168135256,1.0975295075243305,25.394067083216207,1.1187634224371363,-7.258610084919044,0.44506643526810985,2.271486002892147,stage3-coarse-20260729,1.0,2.0,8,wsl,40,-1.5,0.007737037952421914,0.00019516691552268594,0.5,2400,0.07482823761214887,0.005031466394729187,3.1743564326248843,1.2840413660286205,0.12143700219430802,0.6794348018203846,0.061037132704016506,650b1a9e4dd7ce78fec63ee939aa86e5f067446b7d23296ee2c5f642d9ed09ba,1106991302,20,b4459ae0d1c64ba021ffce634d26402362575171,False,True,True,COMPLETE,0.0,0.0,2.842170943040401e-14,1.1901590823981678e-14,2.0434132617213095e-15,5
0.37916666666666665,910,4.0,m08_b04_g200_t000_mu000,586,0.7853883083821179,0.012450929314637817,0.5000000000000004,0.5,0.49999999999999967,3.2509900438928934e-17,0.7172269196397882,1.0,1.0,0.0,0.2,-43.32345814216625,0.23697711704824534,0.0,0.0,-43.32345814216625,0.23697711704824534,3.146220561054855,stage3-coarse-20260729,1.0,2.0,8,cpu,40,0.0,0.007933289998300303,2.7165435476490997e-05,0.5,2400,0.10889010736366407,0.0064799204722848286,1.8403540617554432,0.910736580568876,0.04548286223259455,0.50981334396627,0.023441011277124696,f4d213e6c0fdec8c6dc3d574bd8758d9fbea042c972868bcfe51ede103194042,949759037,20,b4459ae0d1c64ba021ffce634d26402362575171,False,True,True,COMPLETE,0.0,0.0,1.1368683772161603e-13,3.2684965844964606e-14,4.832547893914101e-15,48
0.955,2292,4.0,m08_b04_g200_t000_mup15,587,-0.14767207676979408,0.03246384431721489,0.997014157550729,0.9823103202128021,0.9238641951016144,0.003801530529578234,1.5253633537293974,1.0,1.0,0.0,0.2,-0.7494320262793199,0.2751309447671036,-94.30179074042901,0.36494693083950924,-95.05122276670832,0.11448467744428094,1.2268398387435064,stage3-coarse-20260729,1.0,2.0,8,cpu,40,1.5,0.0005700102073591265,0.00013247388679210075,0.5,2400,0.014635387409195812,0.0032993155378362874,0.800591346244472,0.009425752582584018,0.002176310798525678,0.012030569995889915,0.002618630333855066,65a5bd1290363391edcc4013ccc05fd7bccaa733845d2d2d6cec7cec35b45ba4,1510542569,20,b4459ae0d1c64ba021ffce634d26402362575171,False,True,True,COMPLETE,0.0,0.0,1.1368683772161603e-13,4.121147867408581e-14,6.703977769740428e-15,49
0.5708333333333333,1370,4.0,m08_b04_g200_t025_mun15,588,0.3722329338976696,0.09330801944550288,0.3217993792886517,0.2775043958022712,0.17659095036696912,0.022353190039933243,7.327403621476016,1.0,1.0,0.0,0.2,-29.310276815463418,2.9704065024887125,19.429619323695952,1.4747538562234068,-9.88065749176747,1.4987040361795634,7.512065752456308,stage3-coarse-20260729,1.0,2.0,8,cpu,40,-1.5,0.005855831140313446,0.00033631178661438805,0.5,2400,0.5550773248955141,0.08028748311763828,2.946362505086188,1.3219402517057088,0.3489485656155191,0.9385087883006115,0.18731892058435481,7bc7713d811654c7fb6284613c9a704d9e2084b29b90f13296f4661a29aeeec7,2727349446,20,b4459ae0d1c64ba021ffce634d26402362575171,False,True,True,COMPLETE,0.25,0.0,5.684341886080802e-14,1.0302869668521452e-14,2.4585417544200413e-15,50
0.3754166666666667,901,4.0,m08_b04_g200_t025_mu000,589,0.7902561923798299,0.03297983851206318,0.5000000000000007,0.5000000000000001,0.4999999999999997,3.661253379268699e-17,0.6868576767362192,1.0,1.0,0.0,0.2,-41.9585085956747,0.6575908991258506,-10.222019740483532,0.15955096543335406,-52.180528336158225,0.5040135267423727,5.6346295929490795,stage3-coarse-20260729,1.0,2.0,8,cpu,40,0.0,0.007890609180383893,1.9021961765603786e-05,0.5,2400,0.4511423355035671,0.06983997204708801,3.7493047900946146,3.846582705178709,0.09581905977888946,2.1488625203411376,0.013590721208469452,ee8ac99d509b0bfffd60f042d24ca35d5ac4a4d1012905a7c00f2379fbc65c50,796044774,20,b4459ae0d1c64ba021ffce634d26402362575171,False,True,True,COMPLETE,0.25,0.0,1.1368683772161603e-13,3.2684965844964606e-14,5.878966947415394e-15,51
0.55375,1329,4.0,m08_b04_g200_t025_mup15,590,0.9215986260767701,0.012970366543077474,0.7483302587481803,0.7293416572388316,0.7052848215261772,0.006494867081551236,4.732867769383326,1.0,1.0,0.0,0.2,-32.86872924662198,0.3800889376346823,-78.96286302904363,0.7050740925431336,-111.83159227566561,0.3444599197282407,4.056074711634275,stage3-coarse-20260729,1.0,2.0,8,wsl,40,1.5,0.007827963625930032,4.0775495944378604e-05,0.5,2400,0.1554890713630758,0.025356710375103193,6.283903215873432,3.81694851662185,0.036689522875279025,1.9862187939924625,0.006279585230629595,10a51b3821eaea83a1315e2de5f3bd6161f43d164cf878d721c7098387798221,2951015311,20,b4459ae0d1c64ba021ffce634d26402362575171,False,True,True,COMPLETE,0.25,0.0,2.2737367544323206e-13,5.400124791776761e-14,9.535646696494548e-15,6
0.42333333333333334,1016,4.0,m08_b04_g200_t050_mun15,591,0.7197645779884354,0.028947291300770825,0.3220395200354441,0.3046128735841417,0.29208428055575636,0.0031121731662028694,3.2775602802157713,1.0,1.0,0.0,0.2,-33.839447214125265,0.2714632919327794,8.13950626368207,0.13848382667083547,-25.699940950443192,0.26348023665961473,3.900905192737218,stage3-coarse-20260729,1.0,2.0,8,cpu,40,-1.5,0.007849003850443837,1.7566511834457597e-05,0.5,2400,0.6002673766420259,0.0675377681205909,3.4822833257720025,3.6712122040998496,0.049534499481073586,2.1357397903709376,0.02773220989244951,d905bc9eaa865f248d56ab39368e4b493fc4fcfa31da04ac8e84822e81cfb478,3052260086,20,b4459ae0d1c64ba021ffce634d26402362575171,False,True,True,COMPLETE,0.5,0.0,8.526512829121202e-14,1.7763568394002505e-14,3.4228052533947826e-15,52
0.39166666666666666,940,4.0,m08_b04_g200_t050_mu000,592,0.5901168141163614,0.021942406552770237,0.5000000000000007,0.5000000000000003,0.49999999999999994,6.175308181902992e-17,2.271237115793663,1.0,1.0,0.0,0.2,-40.620147705017374,0.1376490716959958,-23.068834372151876,0.17081415139183387,-63.68898207716925,0.18285923848041127,2.0838932683373557,stage3-coarse-20260729,1.0,2.0,8,cpu,40,0.0,0.007937584767373149,1.4290160116051411e-05,0.5,2400,0.9709005787847789,0.05645361868341989,2.907736094472287,3.758580927742405,0.03491465606454277,2.364740753263592,0.01152414475097273,06ec2d1be4399f7c0db71eaebc13c2a5f02b3b1c0a2f768d0f24ec569535e15b,75272354,20,b4459ae0d1c64ba021ffce634d26402362575171,False,True,True,COMPLETE,0.5,0.0,1.1368683772161603e-13,3.2684965844964606e-14,5.3415056901266274e-15,53
0.46041666666666664,1105,4.0,m08_b04_g200_t050_mup15,593,0.7732946706496492,0.009686651007198729,0.731471192030382,0.707692727583351,0.6831933592135107,0.00833970085925026,6.951669068589076,1.0,1.0,0.0,0.2,-33.58930469411758,0.5053706067388715,-88.50567196460271,0.6210432007703575,-122.0949766587203,0.16401499976660042,2.1429524348024582,stage3-coarse-20260729,1.0,2.0,8,cpu,40,1.5,0.007947161310724066,1.8415787901312128e-05,0.5,2400,0.47826865437424815,0.024189311602349328,1.9824407089716116,3.734565345974123,0.016569203204783584,2.1064170001741855,0.02085381774030518,f96f38e38f026a435603a75a535109b924688bb7d1e1713f905af8d86ae3ee38,8389684,20,b4459ae0d1c64ba021ffce634d26402362575171,False,True,True,COMPLETE,0.5,0.0,2.2737367544323206e-13,5.684341886080802e-14,1.0769905809767599e-14,54
0.40125,963,4.0,m08_b04_g200_t100_mun15,594,0.33322732078920236,0.01736963309251856,0.38542583167807387,0.368452665633327,0.3528663937027633,0.003627947688290169,4.043678741561924,1.0,1.0,0.0,0.2,-34.97305259699329,0.21003314822500063,-13.010809548007682,0.19885136555955277,-47.98386214500097,0.15209442724749214,1.6076457004000597,stage3-coarse-20260729,1.0,2.0,8,cpu,40,-1.5,0.007775544589357117,6.575347174484844e-05,0.5,2400,1.6005226875514562,0.0443220527733448,2.0518270194809705,3.198743217816898,0.051916145760470565,2.399632952684177,0.023560378636901233,804101a1a5b32e908d7414b2df60b6a0f52e36c4218a8f7b0ed3104a42a00192,1451418429,20,b4459ae0d1c64ba021ffce634d26402362575171,False,True,True,COMPLETE,1.0,0.0,5.684341886080802e-14,2.1316282072803006e-14,5.624967423031559e-15,55
0.41333333333333333,992,4.0,m08_b04_g200_t100_mu000,595,0.35956777631945497,0.017461208895629104,0.5000000000000002,0.5,0.4999999999999997,2.3979545666084436e-17,0.5071473242204949,1.0,1.0,0.0,0.2,-37.91371500003271,0.23286244649926724,-48.69150389544829,0.31658976853275933,-86.60521889548102,0.2542262192087835,2.480482477062915,stage3-coarse-20260729,1.0,2.0,8,wsl,40,0.0,0.007871562949960165,2.325153606769823e-05,0.5,2400,1.5639231216508374,0.053822866332893134,2.415842833305243,3.313376389635522,0.035554963986121735,2.43864975564318,0.023545649590998936,2662c28c94f11984b8a18c20e7882c0bb58312b37c338e5c0d261b166e3fc56d,1977678224,20,b4459ae0d1c64ba021ffce634d26402362575171,False,True,True,COMPLETE,1.0,0.0,1.1368683772161603e-13,4.121147867408581e-14,7.478157679872055e-15,7
0.4266666666666667,1024,4.0,m08_b04_g200_t100_mup15,596,0.4408011575070837,0.014283812390766945,0.6571277829704588,0.6420049651695576,0.6291285200152305,0.003695567475672281,6.141385058525514,1.0,1.0,0.0,0.2,-35.130737726788354,0.3196062739244909,-109.18104832078811,0.23767790136618566,-144.31178604757648,0.21999931183770188,3.0145601079004174,stage3-coarse-20260729,1.0,2.0,8,cpu,40,1.5,0.007827674768886395,3.0136997846309318e-05,0.5,2400,1.330173467391607,0.0356918808089154,1.491887057785531,3.425666893163137,0.03890861525497312,2.377920180277372,0.015961441589274362,713bdae8c69c0967167c724121dea3030ff69d8e2dbefca376d32d95178a0821,2013420520,20,b4459ae0d1c64ba021ffce634d26402362575171,False,True,True,COMPLETE,1.0,0.0,2.2737367544323206e-13,7.105427357601002e-14,1.2669770345634797e-14,56
0.4041666666666667,970,4.0,m08_b04_g200_t200_mun15,597,0.24447835243199653,0.03086746212818051,0.4042991847960965,0.39680661717400606,0.38813898838507144,0.0028494209479009787,7.355035820123954,1.0,1.0,0.0,0.2,-35.32146650618493,0.38809514873133655,-61.759239569080194,0.4433359229356538,-97.08070607526511,0.2763540433829809,3.4465946859467778,stage3-coarse-20260729,1.0,2.0,8,cpu,40,-1.5,0.0076759567460875835,4.3851113179356055e-05,0.5,2400,1.8977816537212013,0.07614759723422682,6.120475202266555,3.126303504784187,0.07944474882316116,2.5120425792526944,0.00478367408426784,e5278af78c99d70d9c26bcdde6a5375cc4a7d7059c3dc155113de8b3430fefcc,1411146976,20,b4459ae0d1c64ba021ffce634d26402362575171,False,True,True,COMPLETE,2.0,0.0,1.1368683772161603e-13,4.831690603168681e-14,7.832409401131656e-15,57
0.4370833333333333,1049,4.0,m08_b04_g200_t200_mu000,598,0.26747537618144096,0.0201252428315975,0.5000000000000011,0.5,0.49999999999999367,2.250295705450691e-16,0.505992218213914,1.0,1.0,0.0,0.2,-36.54599082218325,0.22998076971109996,-100.92993414815555,0.2236626558475522,-137.4759249703388,0.2696063365421905,2.435472286497314,stage3-coarse-20260729,1.0,2.0,8,cpu,40,0.0,0.00784669961289923,1.3021674363654788e-05,0.5,2400,1.8816620616813289,0.05255724083786461,3.24399750821408,3.255330466127378,0.051998159224227944,2.568496263904353,0.008286624006290823,3871b5e3b05cc6248346d58cd5f8a7a031fa30a78363c81428d258b6b31f3da1,3263980557,20,b4459ae0d1c64ba021ffce634d26402362575171,False,True,True,COMPLETE,2.0,0.0,2.2737367544323206e-13,6.536993168992921e-14,1.0683011380253255e-14,58
0.4395833333333333,1055,4.0,m08_b04_g200_t200_mup15,599,0.1587990223723888,0.0347373007956233,0.6233962738765888,0.6102742842036873,0.599264274805247,0.0035732155569701608,6.152581615461184,1.0,1.0,0.0,0.2,-34.462540491188015,0.5557973118850699,-159.26752933149004,0.17065861958267478,-193.7300698226781,0.5167318662790226,4.641068384739688,stage3-coarse-20260729,1.0,2.0,8,cpu,40,1.5,0.00768022831856064,9.520822193462449e-05,0.5,2400,2.126934671067547,0.07733458703625332,4.052746212346498,2.93193605764552,0.10637774129314774,2.5294353643565333,0.021998994782178396,c667c02166265f2c1a98b2f2f1219e7f941833332dd259444655db1fb88f3277,1262831999,20,b4459ae0d1c64ba021ffce634d26402362575171,False,True,True,COMPLETE,2.0,0.0,2.2737367544323206e-13,5.400124791776761e-14,1.5738895668576806e-14,59
1.0,4800,8.0,m08_b08_g000_t000_mun15,600,-0.045002585369539126,0.02244469302031548,3.0009625906785714e-05,1.5051848568381358e-05,8.13509462986757e-06,1.801957095784369e-06,1.8489008207663735,1.0,1.0,0.0,0.2,-0.0001447511767288048,2.027518948114718e-05,0.0014449774625646104,0.00017298788119529936,0.0013002262858358056,0.00015291739142968662,1.8621066679234823,stage3-coarse-20260729,1.0,0.0,8,wsl,40,-1.5,4.7036442310941055e-07,5.631007367646136e-08,0.25,4800,8.37349039083824e-06,1.1470495240988312e-06,1.788584273713075,7.525664575777681e-06,9.009006495716657e-07,7.94957748330796e-06,1.0032018685109665e-06,6907fb06a756b9efb4e8adabe94da750547e754e0f574111d6ad34da959d7ef4,309480817,40,b4459ae0d1c64ba021ffce634d26402362575171,False,True,True,COMPLETE,0.0,0.0,1.8407584484458894e-15,7.90209911394335e-16,8.537950166236844e-17,8
0.7695833333333333,3694,8.0,m08_b08_g000_t000_mu000,601,0.10331436089417882,0.09234433144688177,0.5000000000008025,0.5000000000000274,0.4999999999998048,3.7637229509926194e-14,0.976520363863649,1.0,1.0,0.0,0.2,-20.560560803146338,0.13691787314226894,0.0,0.0,-20.560560803146338,0.13691787314226894,5.4816789102921515,stage3-coarse-20260729,1.0,0.0,8,cpu,40,0.0,0.0078125,2.0960578329072588e-19,0.25,4800,0.08037439244367063,0.01592510019718976,5.390046993985243,0.0932331442815908,0.00021224557407474546,0.08680376836263073,0.007854350833510096,bd46e65d182d177ebcc7412a9c5f300422733c35eb7ade5bb61989e9015b0cc1,4120958296,40,b4459ae0d1c64ba021ffce634d26402362575171,False,True,True,COMPLETE,0.0,0.0,1.1368683772161603e-13,2.2026824808563106e-14,5.122079504055972e-15,60
0.9997916666666666,4799,8.0,m08_b08_g000_t000_mup15,602,-0.016292104800784486,0.0043760561970721265,0.9999933471300655,0.9999907565457482,0.9999858359266767,4.440962977806586e-07,1.2882576828106054,1.0,1.0,0.0,0.2,-8.085480953757828e-05,4.560910207039179e-06,-95.99911262839183,4.263324458713116e-05,-95.99919348320137,3.807301516394468e-05,1.2895824631064081,stage3-coarse-20260729,1.0,0.0,8,cpu,40,1.5,2.8885544078958297e-07,1.3877816102474929e-08,0.25,4800,4.7726793072036535e-06,2.2527649561786835e-07,1.2852152670543875,4.621664375115131e-06,2.2204066759376473e-07,4.6971718411593925e-06,2.229183658273124e-07,6f174e259fb9faa7e1d13a3e644bd2b0a6a06311e64a05c334144bc29eea6bde,2528333586,40,b4459ae0d1c64ba021ffce634d26402362575171,False,True,True,COMPLETE,0.0,0.0,2.2737367544323206e-13,9.379164112033322e-14,1.1432272591256795e-14,61
0.99375,4770,8.0,m08_b08_g000_t025_mun15,603,-0.05038622921982794,0.019395456482134393,0.01136205231899606,0.005491460798427881,0.0021508462293337444,0.0005457117228656976,1.1217504044752002,1.0,1.0,0.0,0.2,-0.062089100692990604,0.006875411172440719,0.21330601709840663,0.022020521754482245,0.15121691640541607,0.015261856135405172,1.1519406596379742,stage3-coarse-20260729,1.0,0.0,8,cpu,40,-1.5,0.0001716551346012156,1.705986294738159e-05,0.25,4800,0.006562878028068778,0.0008030353574425489,1.0820429725440244,0.005807547106879457,0.0006405936269417059,0.006185212567474117,0.0007165732900251481,b830acfbb75198bebe7a7a8a2e367a225fc94423f62ca79f07bc9fde0a5709ab,3905477633,40,b4459ae0d1c64ba021ffce634d26402362575171,False,True,True,COMPLETE,0.25,0.0,5.329070518200751e-15,2.0171364578658312e-15,2.6704279091494197e-16,62
0.7772916666666667,3731,8.0,m08_b08_g000_t025_mu000,604,-0.7103018837122062,0.023750685635090727,0.5000000000000008,0.5000000000000002,0.49999999999999867,5.867682802210201e-17,0.5,1.0,1.0,0.0,0.2,-18.04774658694863,0.3117736733992265,-10.898778445327082,0.16090823858419,-28.946525032275712,0.15029038020832416,4.945105384039992,stage3-coarse-20260729,1.0,0.0,8,cpu,40,0.0,0.00781394972194228,4.1765735268147726e-07,0.25,4800,3.866002619111512,0.009850746269932958,3.1936131088545903,0.657908740647958,0.06307720847497743,2.2619556798797356,0.02942609031392835,65dd30c8f93a35e23872ad74574f1df739cf1afd51b167483892b3be70406fc6,4293922023,40,b4459ae0d1c64ba021ffce634d26402362575171,False,True,True,COMPLETE,0.25,0.0,1.1368683772161603e-13,2.2737367544323207e-14,4.901701791496727e-15,63
0.9979166666666667,4790,8.0,m08_b08_g000_t025_mup15,605,0.03244781303201734,0.010448316009451229,0.9995327625783839,0.9986212887480231,0.9972185816523977,0.00014009563573495076,1.4413924904964994,1.0,1.0,0.0,0.2,-0.013920380402772992,0.001482975570580306,-95.94415352797412,0.005531621573241498,-95.9580739083769,0.004050223745394191,1.4244730995471235,stage3-coarse-20260729,1.0,0.0,8,wsl,40,1.5,4.3091544528333934e-05,4.378839650926392e-06,0.25,4800,0.0012533547960346405,0.0001436145542522804,1.4529848704252424,0.001312361855233353,0.00013485472928633153,0.0012828583256339968,0.0001389488468773113,0c0769946563fcd51d6ac60979b9291c4e418cc5bb5833285334fe8faef5c331,3523011477,40,b4459ae0d1c64ba021ffce634d26402362575171,False,True,True,COMPLETE,0.25,0.0,3.410605131648481e-13,9.379164112033322e-14,1.3431575855101438e-14,9
0.8335416666666666,4001,8.0,m08_b08_g000_t050_mun15,606,-0.7099599294443892,0.08235971064061816,0.24526284899971484,0.21751118171267264,0.17205392237013478,0.01398760670034628,6.899938320311276,1.0,1.0,0.0,0.2,-11.084869821604542,1.4833739390726477,3.0752160369056067,0.875445642732459,-8.009653784698935,0.6093454074320954,6.989673466805785,stage3-coarse-20260729,1.0,0.0,8,cpu,40,-1.5,0.006762057915427494,0.00043282465566101886,0.25,4800,2.7073556166057293,0.3886332317895114,7.399220638982092,0.4186885789173774,0.07466246617661,1.5630220977615537,0.157126522885939,8937a2cdb9625bbc13db6e3841f7eb5a33fb0a30141853426d847659455da387,1975396699,40,b4459ae0d1c64ba021ffce634d26402362575171,False,True,True,COMPLETE,0.5,0.0,2.842170943040401e-14,8.171241461241152e-15,1.5796289832812498e-15,64
0.781875,3753,8.0,m08_b08_g000_t050_mu000,607,-0.5099259563861417,0.008403059319883555,0.5000000000000013,0.5000000000000009,0.5,4.092756068257705e-17,0.5,1.0,1.0,0.0,0.2,-16.43307375581382,0.09739728519127828,-23.7795623358331,0.059124041676687125,-40.21263609164693,0.044297727045782755,4.945833762225064,stage3-coarse-20260729,1.0,0.0,8,cpu,40,0.0,0.007816354404242411,1.173150692911112e-06,0.25,4800,3.6601695552387703,0.023896788140747742,4.805731180903223,1.1880534007600325,0.019627584994506564,2.4241114779994013,0.009371599323835524,0995c51c8fcafb67aa889c01c54244f94dbf9b004db84d32555b2e2207419d70,799953854,40,b4459ae0d1c64ba021ffce634d26402362575171,False,True,True,COMPLETE,0.5,0.0,1.1368683772161603e-13,3.2684965844964606e-14,5.732604331819386e-15,65
0.8245833333333333,3958,8.0,m08_b08_g000_t050_mup15,608,-0.7009979095874028,0.0770800109954399,0.8365510917096037,0.7887886664465894,0.7602508895147011,0.01630996759480821,7.964010420147413,1.0,1.0,0.0,0.2,-10.554845264329945,1.5332453637366157,-93.08522160235968,0.9024928388041772,-103.64006686668964,0.6304820252268198,7.958980922093424,stage3-coarse-20260729,1.0,0.0,8,cpu,40,1.5,0.006522852213515109,0.0004920627616674298,0.25,4800,2.546968580207303,0.3992275915772855,8.075421496638,0.4089183053334797,0.053928051110554986,1.4779434427703912,0.17269702127668973,4bd82a641ddbec0b666a61653ef0371af4108b63fe5b23b445878955bc2e2024,2321540266,40,b4459ae0d1c64ba021ffce634d26402362575171,False,True,True,COMPLETE,0.5,0.0,2.2737367544323206e-13,7.958078640513122e-14,1.2346867819073132e-14,66
0.813125,3903,8.0,m08_b08_g000_t100_mun15,609,-0.5536410115301258,0.021834283634085593,0.28679243177439306,0.2822021901390328,0.27990469604066026,0.0008334301051008579,4.681604992752112,1.0,1.0,0.0,0.2,-12.94700329622712,0.21868172811621045,-15.78221857594898,0.18915247228749912,-28.729221872176094,0.05041053397056086,3.436507001014546,stage3-coarse-20260729,1.0,0.0,8,cpu,40,-1.5,0.007454269604405791,5.955367434666745e-05,0.25,4800,3.1292833140233673,0.057228012268406715,5.97383712529224,0.8982829710216151,0.04065946425809899,2.0137831425224912,0.00907602343333234,6c49d89b68e68d659fa58bbf3b1642911fa507d38a6453ceb4570b6a84656827,4022554787,40,b4459ae0d1c64ba021ffce634d26402362575171,False,True,True,COMPLETE,1.0,0.0,1.1368683772161603e-13,2.7000623958883806e-14,1.0650680298824894e-14,67
0.7860416666666666,3773,8.0,m08_b08_g000_t100_mu000,610,-0.3267111515299904,0.010593603561749272,0.5000000000000023,0.5,0.4999999999999991,9.066022506488542e-17,0.5,1.0,1.0,0.0,0.2,-14.598860876954637,0.09509102869799806,-50.3148278874056,0.08923184209141473,-64.91368876436024,0.058966251537989484,2.32287807698414,stage3-coarse-20260729,1.0,0.0,8,wsl,40,0.0,0.007820673959691505,2.264408714375914e-06,0.25,4800,3.4187182614070095,0.023179731756733355,4.398387862577614,1.7352583916262616,0.0296445779941687,2.5769883265166356,0.005181549709998952,2a75d7cab263cfa825e74793b2572f3776873842f8bc5bbb8d8c6a8cd3e03e90,4272101643,40,b4459ae0d1c64ba021ffce634d26402362575171,False,True,True,COMPLETE,1.0,0.0,2.2737367544323206e-13,5.400124791776761e-14,1.1504515159093816e-14,10
0.8114583333333333,3895,8.0,m08_b08_g000_t100_mup15,611,-0.4416176796922781,0.05182103370391823,0.7204830240158308,0.7171991265799607,0.7130634845996369,0.0012900225496212023,7.3148173780387555,1.0,1.0,0.0,0.2,-12.08862446994199,0.35447299899174567,-112.40713189628018,0.2284804855863651,-124.49575636622217,0.14047476220481334,3.3768973449167556,stage3-coarse-20260729,1.0,0.0,8,cpu,40,1.5,0.007344616661629583,4.889215577558791e-06,0.25,4800,2.889666645170782,0.0981246590548221,7.097299935013337,1.1195139939618937,0.10578659404561416,2.0045903195663377,0.005680192319919685,2bb2a8e9a99791bf4f13007c28ad080d12bc5c5581ea5e71869e3c0b27eae1ea,2765829332,40,b4459ae0d1c64ba021ffce634d26402362575171,False,True,True,COMPLETE,1.0,0.0,2.2737367544323206e-13,7.389644451905042e-14,1.7448328606148223e-14,68
0.8183333333333334,3928,8.0,m08_b08_g000_t200_mun15,612,-0.11450244014148359,0.010048821707649485,0.3491339537557925,0.3437221752778562,0.3397180572316332,0.0015723810066189897,7.5031437597183075,1.0,1.0,0.0,0.2,-11.195537664001325,0.14419754538868754,-64.60886093287604,0.09533093052971182,-75.80439859687736,0.1707987092293961,4.4952072273820525,stage3-coarse-20260729,1.0,0.0,8,cpu,40,-1.5,0.007376502617208504,2.582676107430723e-05,0.25,4800,2.644791863596384,0.03426571305504564,6.59199337929027,2.1009716014640385,0.015680710782534735,2.372881732530211,0.00982955313678293,eafb633dd1513eaacb51841cf1055200b3ae585049e80173ee3729315600fb0f,4121028703,40,b4459ae0d1c64ba021ffce634d26402362575171,False,True,True,COMPLETE,2.0,0.0,2.2737367544323206e-13,5.400124791776761e-14,1.0760285525748777e-14,69
0.7920833333333334,3802,8.0,m08_b08_g000_t200_mu000,613,-0.27098050093558584,0.011283518112208934,0.5000000000000195,0.5000000000000011,0.49999999999999256,5.653873797674017e-16,0.5,1.0,1.0,0.0,0.2,-13.915500270018986,0.11834387989956889,-100.70400553579275,0.11676937737726702,-114.61950580581174,0.03314136559541148,1.5429702060876218,stage3-coarse-20260729,1.0,0.0,8,cpu,40,0.0,0.007828982327833797,5.251240266919565e-06,0.25,4800,3.2503466003152512,0.02725066897003864,6.543306447377144,1.8644312719051892,0.029872857895769257,2.5573889361102204,0.0017472791848699726,66d6919ec22ddc3a205fed5d4efeaa791b5acf05fcb7c85ff06a16ca46850acb,828890636,40,b4459ae0d1c64ba021ffce634d26402362575171,False,True,True,COMPLETE,2.0,0.0,2.2737367544323206e-13,8.810729923425243e-14,1.036815713473461e-14,70
0.8191666666666667,3932,8.0,m08_b08_g000_t200_mup15,614,-0.14465743596456682,0.03606171783060846,0.6595023352536556,0.6527410933155575,0.6414223481203805,0.0034508838355349508,7.8685046826949625,1.0,1.0,0.0,0.2,-11.50574450957416,0.3962306370730426,-160.11752188199122,0.24044753541021782,-171.6232663915654,0.15369913200354116,6.980970149605841,stage3-coarse-20260729,1.0,0.0,8,cpu,40,1.5,0.007395257931328998,4.279075808616028e-05,0.25,4800,2.7169585621246,0.09862410419706275,8.06246000319866,2.0287377480267796,0.07606435988569435,2.37284815507569,0.011342563733521155,c60c41e72732dd29bf91da2289e5866bcc437dea20662374b00b71a885b4214e,683876212,40,b4459ae0d1c64ba021ffce634d26402362575171,False,True,True,COMPLETE,2.0,0.0,4.547473508864641e-13,1.9326762412674725e-13,2.0835960755260073e-14,71
0.9997916666666666,4799,8.0,m08_b08_g025_t000_mun15,615,-0.07427515337933613,0.04880127609718698,6.351155407964201e-05,1.9976726405764512e-05,9.484365002880926e-06,3.896970253817868e-06,2.6909252964163697,1.0,1.0,0.0,0.2,-0.0002318111294078014,5.2403532792851084e-05,0.001917765734953393,0.00037410914436651524,0.0016859546055455915,0.0003217505460622528,2.684903528866507,stage3-coarse-20260729,1.0,0.25,8,wsl,40,-1.5,6.25066976358245e-07,1.221047633815213e-07,0.25,4800,1.299966501607399e-05,4.16291205672041e-06,2.9756198362296273,1.008028854600248e-05,1.939845928257348e-06,1.1539976781038233e-05,3.0267230547727996e-06,46b21b91650499b195632e61aabbbc814378a67b21adadae8eb474b4d04e3eb1,3118362154,40,b4459ae0d1c64ba021ffce634d26402362575171,False,True,True,COMPLETE,0.0,0.0,6.994405055138486e-15,2.4993679001439338e-15,2.880133774927792e-16,11
0.7579166666666667,3638,8.0,m08_b08_g025_t000_mu000,616,0.29791091366466316,0.03548342574937892,0.5000000000000006,0.4999999999999999,0.4999999999999992,3.624338543390046e-17,0.5,1.0,1.0,0.0,0.2,-20.791263806214772,0.22453405792574607,0.0,0.0,-20.791263806214772,0.22453405792574607,4.12546562905381,stage3-coarse-20260729,1.0,0.25,8,cpu,40,0.0,0.007848190013414608,6.78186366488298e-06,0.25,4800,0.06430817864259517,0.004832739120657935,0.9551251257570967,0.11472078201162306,0.004478017324936832,0.08951448032710912,0.0034492775793646393,34cea4e59c6077f56bf75ea3350773cbef308a6472139003ab29b0fa147ca0d7,1687765873,40,b4459ae0d1c64ba021ffce634d26402362575171,False,True,True,COMPLETE,0.0,0.0,5.684341886080802e-14,2.4158453015843406e-14,4.02323367809254e-15,72
1.0,4800,8.0,m08_b08_g025_t000_mup15,617,-0.047698168795806434,0.019490891151816188,0.9999918856633078,0.9999807046675615,0.9999514438136148,3.069066629482198e-06,1.613131221617728,1.0,1.0,0.0,0.2,-0.00023341517634781206,4.1549089823220976e-05,-95.9981476480859,0.00029463039643073296,-95.99838106326226,0.00025314557493211887,1.622269285548009,stage3-coarse-20260729,1.0,0.25,8,cpu,40,1.5,6.033344313692915e-07,9.595528737515763e-08,0.25,4800,1.1388076438344219e-05,2.016995758446033e-06,1.5084586302423877,9.862813266325877e-06,1.5051489484009173e-06,1.0625444852335047e-05,1.7447193580397872e-06,3fe747b4c66d3a65acf3caba45edef98b871828c6900ca6b262f42eb885516fd,2785666906,40,b4459ae0d1c64ba021ffce634d26402362575171,False,True,True,COMPLETE,0.0,0.0,3.410605131648481e-13,1.2505552149377764e-13,1.3377493938027146e-14,73
0.9977083333333333,4789,8.0,m08_b08_g025_t025_mun15,618,-0.009016462235744122,0.015177987168286635,0.0046878956060120245,0.001805371900094688,0.0002703344924500136,0.0006542196833643386,5.119211390017135,1.0,1.0,0.0,0.2,-0.023822872745482844,0.00850795636325831,0.07328165247803123,0.025350412196997914,0.049458779732548364,0.016844951058629105,4.957727611857569,stage3-coarse-20260729,1.0,0.25,8,cpu,40,-1.5,5.647152358569711e-05,2.045718263059158e-05,0.25,4800,0.0017502847167985987,0.0006690678938149862,4.94739845953719,0.0017157274469326543,0.0006915853215372922,0.0017330060818656265,0.0006800156589391874,544fa78d290b26c4e235d5a21f8efaca303ec24b5dedd99f6a3a534ee836d08b,2779539084,40,b4459ae0d1c64ba021ffce634d26402362575171,False,True,True,COMPLETE,0.25,0.0,6.078471059822732e-15,2.0617188511984352e-15,2.5316458242965093e-16,74
0.7727083333333333,3709,8.0,m08_b08_g025_t025_mu000,619,-0.5679157296451735,0.012155771152540911,0.5000000000000008,0.5000000000000002,0.4999999999999998,3.640513104221269e-17,0.5657240454879577,1.0,1.0,0.0,0.2,-19.08589973256945,0.13154775008783165,-11.588133219853095,0.045617098282324145,-30.674032952422543,0.15384563933133227,4.753515353378574,stage3-coarse-20260729,1.0,0.25,8,cpu,40,0.0,0.007903339822946841,1.7083031880325737e-05,0.25,4800,3.7011586711312985,0.02528425647722907,3.272335451656159,1.0205216261420749,0.03092300603251395,2.360840148636687,0.009608735546182596,705fc7877f2284cbb86a87f4d1a6a2abe92f0584264ad9599d14e559cb670dcb,177661916,40,b4459ae0d1c64ba021ffce634d26402362575171,False,True,True,COMPLETE,0.25,0.0,1.1368683772161603e-13,2.7000623958883806e-14,5.468020610653131e-15,75
0.9964583333333333,4783,8.0,m08_b08_g025_t025_mup15,620,0.0280567328833847,0.038988135444377264,0.9998567116827676,0.999337843996759,0.9985591672918424,0.00015471619508291998,3.7391071791332458,1.0,1.0,0.0,0.2,-0.008450496338381608,0.001976677308106494,-95.97189227460339,0.006180868236600472,-95.98034277094177,0.0042188697047981245,3.7224965625373523,stage3-coarse-20260729,1.0,0.25,8,wsl,40,1.5,2.0697226006385558e-05,4.8355531134900894e-06,0.25,4800,0.0005771257530551493,0.00014549446614672924,3.6523412682903738,0.0005859468481685351,0.00014299485664791536,0.0005815363006118422,0.00014255256400961833,6e4fd45bd6bf1de9ffa1d6f83078ceea121749d837cf7ba78a40d1bff4af01cf,2276506966,40,b4459ae0d1c64ba021ffce634d26402362575171,False,True,True,COMPLETE,0.25,0.0,2.2737367544323206e-13,7.389644451905042e-14,1.261494851236506e-14,12
0.8435416666666666,4049,8.0,m08_b08_g025_t050_mun15,621,-0.487433739247696,0.10778805748686987,0.23637579752688334,0.1999364345216878,0.16598394719091353,0.014556843301344666,7.634860610243944,1.0,1.0,0.0,0.2,-9.439811033339307,1.3731261671450914,1.679254102690102,0.835956509493437,-7.760556930649203,0.5398830250773866,7.575662571123369,stage3-coarse-20260729,1.0,0.25,8,cpu,40,-1.5,0.006206731762162616,0.000500834232288443,0.25,4800,2.0574843639678675,0.3601510691771343,7.5972379675476605,0.657063567124511,0.08053763869439054,1.3572739655461894,0.14002073891040268,f23fdcb6eed5036b66bf0f4ed6ac239d910d02366d7d9cd2a10bd8cbb30dacfc,2188905006,40,b4459ae0d1c64ba021ffce634d26402362575171,False,True,True,COMPLETE,0.5,0.0,1.4210854715202004e-14,5.329070518200751e-15,1.2090295757232887e-15,14
0.7922916666666666,3803,8.0,m08_b08_g025_t050_mu000,622,-0.4098826201009819,0.03392037514854682,0.500000000000002,0.5000000000000009,0.5000000000000002,6.551645048439675e-17,0.7282257510139548,1.0,1.0,0.0,0.2,-17.744616990860493,0.20984180689640858,-24.434357177940097,0.3615218904805068,-42.17897416880059,0.25649718023447676,3.882011208945598,stage3-coarse-20260729,1.0,0.25,8,cpu,40,0.0,0.007857019327708317,7.088393827526238e-06,0.25,4800,3.499547058706136,0.03645719948965228,3.5938093558217843,1.4715248503277756,0.11476879380356281,2.4855359545169557,0.05262117792796869,0dd034100cdbc119ac6089205c27da1c7ae6d0d4cf6ac0cb1b3ce6e0ffacca9a,952478148,40,b4459ae0d1c64ba021ffce634d26402362575171,False,True,True,COMPLETE,0.5,0.0,1.1368683772161603e-13,2.1316282072803006e-14,6.437796761347494e-15,15
0.84,4032,8.0,m08_b08_g025_t050_mup15,623,-0.6001285573354609,0.08107116718237861,0.8286717992687775,0.7898208112716972,0.7613748495741643,0.014550775280162773,8.382600335652427,1.0,1.0,0.0,0.2,-10.601525064978256,1.3503000532071023,-93.76746602353033,0.784595993170502,-104.36899108850858,0.5658382494547944,8.310306662705726,stage3-coarse-20260729,1.0,0.25,8,cpu,40,1.5,0.006541587690227918,0.00047237454941708384,0.25,4800,2.393257017865763,0.36517295022690044,8.235277938958312,0.5610406191521247,0.058308865807882373,1.4771488185089434,0.15346850073473,d153ed68b06709602a20771efd80b359c0e7a02eb7d3491fc4b99bf066d5a8e5,1155379573,40,b4459ae0d1c64ba021ffce634d26402362575171,False,True,True,COMPLETE,0.5,0.0,2.2737367544323206e-13,7.105427357601002e-14,9.70786190725865e-15,16
0.8152083333333333,3913,8.0,m08_b08_g025_t100_mun15,624,-0.2780310118479924,0.04544439837058117,0.3073657017027729,0.2970273607747118,0.28275159205982614,0.004939562607998574,7.232310106409992,1.0,1.0,0.0,0.2,-12.945236561261368,0.09621941601178427,-16.938284420571016,0.15859688154522672,-29.883520981832383,0.17722932182326914,4.012483490695806,stage3-coarse-20260729,1.0,0.25,8,cpu,40,-1.5,0.007367437239328872,1.2685646251811493e-05,0.25,4800,2.6866379482955587,0.05109190093248689,4.287734999682678,1.524113387462408,0.12275056122719348,2.1053756678789832,0.03898449348429687,203c999774bb8e3bbf85211fa7371f6195279f95315a4f30587c5116680de220,2516294137,40,b4459ae0d1c64ba021ffce634d26402362575171,False,True,True,COMPLETE,1.0,0.0,1.1368683772161603e-13,2.2026824808563106e-14,5.461785256940735e-15,17
0.7814583333333334,3751,8.0,m08_b08_g025_t100_mu000,625,-0.21632640262940878,0.014929517256657166,0.5000000000000011,0.49999999999999983,0.4999999999999989,1.0535399558005567e-16,1.112251013551176,1.0,1.0,0.0,0.2,-15.811685457219838,0.0687720901584746,-50.68424132749202,0.23119040235341556,-66.49592678471186,0.2985230919078313,6.347600254165146,stage3-coarse-20260729,1.0,0.25,8,wsl,40,0.0,0.007837714087279832,6.7584305722019e-06,0.25,4800,3.1275727457059634,0.03266364216784081,4.30481303422474,2.0157001820525826,0.0495224549809299,2.5716364638792726,0.01914072003202431,596137a7642989bdfb29547045e82facdb5b10640c6bf2cbfe24b4a3914b7a6a,872437416,40,b4459ae0d1c64ba021ffce634d26402362575171,False,True,True,COMPLETE,1.0,0.0,2.2737367544323206e-13,6.252776074688882e-14,1.0054799992809318e-14,13
0.8029166666666666,3854,8.0,m08_b08_g025_t100_mup15,626,-0.3350008860050802,0.023240741548413074,0.7069490590849901,0.700665634252372,0.690752934688643,0.002272405871402274,5.576420467598291,1.0,1.0,0.0,0.2,-13.479709167980948,0.1499210129805676,-112.56905193834942,0.0516509774439269,-126.04876110633033,0.17793537241265345,4.0559990629652125,stage3-coarse-20260729,1.0,0.25,8,cpu,40,1.5,0.007371043508056915,1.546375766133893e-05,0.25,4800,2.81723781734706,0.0495270425968093,3.595354039209811,1.4038964246303658,0.05293614620495412,2.110567120988713,0.017514212103671923,213fd680a360c8076322ae111d8f8cd4064296715658b1fd71058e81e1f31263,662980084,40,b4459ae0d1c64ba021ffce634d26402362575171,False,True,True,COMPLETE,1.0,0.0,4.547473508864641e-13,1.0800249583553522e-13,1.9500880906555227e-14,18
0.8002083333333333,3841,8.0,m08_b08_g025_t200_mun15,627,-0.15784344425831004,0.01419767639543379,0.35905247629625625,0.353686409008148,0.347049934305566,0.002275048505309899,7.440940359833216,1.0,1.0,0.0,0.2,-13.964816867783929,0.12023005999143901,-64.05533293227045,0.14156487876426274,-78.02014980005437,0.12815899501811925,3.5634508969751564,stage3-coarse-20260729,1.0,0.25,8,cpu,40,-1.5,0.0073465427626105365,4.245728426941491e-06,0.25,4800,2.7770041246385087,0.04049690800506596,5.802620221650895,2.0194743535315993,0.028707529734194954,2.398239239085054,0.0074872433889571184,187b111f7ed783e63ccade3d529380a53b6b88fd33a7b45e6702b2f6d47e55a1,3644918169,40,b4459ae0d1c64ba021ffce634d26402362575171,False,True,True,COMPLETE,2.0,0.0,1.1368683772161603e-13,5.684341886080802e-14,9.102231718150457e-15,19
0.7922916666666666,3803,8.0,m08_b08_g025_t200_mu000,628,-0.20691181645417567,0.007846015695760409,0.5000000000000013,0.5000000000000003,0.49999999999999956,8.619157088809993e-17,0.7659708283033398,1.0,1.0,0.0,0.2,-15.521427548503572,0.05286092222118459,-101.39749502870998,0.27902346875379,-116.91892257721356,0.32921819953557285,5.0665094402172235,stage3-coarse-20260729,1.0,0.25,8,cpu,40,0.0,0.007825534143727839,4.384530912683492e-06,0.25,4800,3.1011227607637784,0.026295803298196228,5.455065192632449,2.037900499205628,0.02241837593287151,2.5695116299847034,0.013181274888395114,789a8bb6f3b88c89e9ca69449c653774a83cb0efe12c58f53d364f5d5567af77,903209551,40,b4459ae0d1c64ba021ffce634d26402362575171,False,True,True,COMPLETE,2.0,0.0,4.547473508864641e-13,1.1084466677857563e-13,1.842499456371914e-14,20
0.7920833333333334,3802,8.0,m08_b08_g025_t200_mup15,629,-0.06504510640602486,0.013347329443989503,0.6537979757133043,0.6460811274224253,0.6375320696657167,0.0031614134164522486,8.043182572065664,1.0,1.0,0.0,0.2,-13.41832490302458,0.06276689374144843,-160.56628525968304,0.23088820963339732,-173.9846101627076,0.22313213293811415,5.851456894377263,stage3-coarse-20260729,1.0,0.25,8,cpu,40,1.5,0.007337369834691331,4.579858020702778e-06,0.25,4800,2.5666930188500605,0.02910250299667295,2.6204716023389176,2.253772215190078,0.035386552700661406,2.410232617020069,0.003984447724291688,2c642d2956af14cf001966662e64d788c21c83ad37e003ec24237ce4a659c521,1448997936,40,b4459ae0d1c64ba021ffce634d26402362575171,False,True,True,COMPLETE,2.0,0.0,2.2737367544323206e-13,1.0231815394945443e-13,1.8113212418386218e-14,21
1.0,4800,8.0,m08_b08_g050_t000_mun15,630,0.017554136940897032,0.012693480141027464,9.052969567646674e-05,2.8925657712174178e-05,1.1786181878036678e-05,5.150927946840223e-06,1.8409244476783608,1.0,1.0,0.0,0.2,-0.00041236832919143223,7.984636978672409e-05,0.002776863140368721,0.0004944890828966615,0.002364494811177289,0.00041489269919263373,1.8487803213848766,stage3-coarse-20260729,1.0,0.5,8,wsl,40,-1.5,9.047174008917875e-07,1.609961477954358e-07,0.25,4800,1.5861327080613766e-05,3.194588625516682e-06,1.7490724541048062,1.6450806866086755e-05,3.341403448807262e-06,1.615606697335026e-05,3.2633317495511872e-06,81a613dde1e1e2b57b5256a5ea48f88bb8bc84cbf0a807edf502ddcc7b24b876,2991504927,40,b4459ae0d1c64ba021ffce634d26402362575171,False,True,True,COMPLETE,0.0,0.0,5.828670879282072e-15,2.079239558305801e-15,2.636582500558919e-16,0
0.758125,3639,8.0,m08_b08_g050_t000_mu000,631,-0.48920266036073157,0.06015098152475226,0.5000000000000004,0.49999999999999983,0.49999999999999933,4.373859950778083e-17,0.7238319727108965,1.0,1.0,0.0,0.2,-21.4852476204231,0.09184683961957703,0.0,0.0,-21.4852476204231,0.09184683961957703,2.7616289532059306,stage3-coarse-20260729,1.0,0.5,8,cpu,40,0.0,0.007960621381978557,2.086068023695792e-05,0.25,4800,0.3503185674654644,0.050393414928976255,4.120285692991608,0.11201714347453606,0.003405577527309467,0.23116785547000024,0.026327321128969117,b3b345698d180d450e3999aa195c2a7389fef35129d20d2fe28523885915390f,1118636399,40,b4459ae0d1c64ba021ffce634d26402362575171,False,True,True,COMPLETE,0.0,0.0,5.684341886080802e-14,2.1316282072803006e-14,6.4601904999616705e-15,22
1.0,4800,8.0,m08_b08_g050_t000_mup15,632,-0.03878320106821133,0.0161074308327551,0.9999927625313565,0.9999853461283236,0.9999647320871348,2.7950943171149256e-06,3.834313508102769,1.0,1.0,0.0,0.2,-0.00020292673634269843,3.829577204763012e-05,-95.99859322831905,0.0002683290544426363,-95.9987961550554,0.0002300905259035685,3.9022538902505626,stage3-coarse-20260729,1.0,0.5,8,cpu,40,1.5,4.7101876960095603e-07,8.082165402161665e-08,0.25,4800,8.727337824022963e-06,1.3241422162200365e-06,2.4002097250611234,8.020595401486697e-06,1.3206899669321667e-06,8.37396661275483e-06,1.2959124774848215e-06,4ab7b926acadd406487c0a321d35fb84b2eb5a63e827a3b6acf747d50caed3e4,2032434406,40,b4459ae0d1c64ba021ffce634d26402362575171,False,True,True,COMPLETE,0.0,0.0,2.2737367544323206e-13,7.673861546209083e-14,1.106398636910363e-14,23
0.9808333333333333,4708,8.0,m08_b08_g050_t025_mun15,633,-0.022770868383729326,0.017453885177938843,0.03240757722389421,0.015872817168398827,0.007029129151890282,0.0026508215610276213,3.590893505547796,1.0,1.0,0.0,0.2,-0.30842102999991206,0.0626645976718936,0.62582915214405,0.11541915481449513,0.31740812214413777,0.05258166421698359,4.243619124663632,stage3-coarse-20260729,1.0,0.5,8,cpu,40,-1.5,0.0004992165970765287,8.317732855466953e-05,0.25,4800,0.024649834362677862,0.005283060651328608,2.827630530193258,0.02377770803941211,0.006022728474752788,0.024213771201044988,0.005644672027402097,8e8902761fa2d87b0bbd9848eb89f87bdf67170f0b14b196a48d2bb7791a0f0d,2588748283,40,b4459ae0d1c64ba021ffce634d26402362575171,False,True,True,COMPLETE,0.25,0.0,6.217248937900877e-15,1.8859913630819848e-15,2.530331267238867e-16,24
0.76875,3690,8.0,m08_b08_g050_t025_mu000,634,-0.3968657404400682,0.04184232027232003,0.5000000000000004,0.5000000000000001,0.4999999999999994,3.8592561765960314e-17,0.5,1.0,1.0,0.0,0.2,-19.465490489654666,0.1245935416755403,-12.121045165793651,0.1698275715702475,-31.58653565544832,0.06352947694681348,2.904807653540821,stage3-coarse-20260729,1.0,0.5,8,cpu,40,0.0,0.007935035992485658,2.6015925027051808e-05,0.25,4800,3.40972870248154,0.04945898690577634,3.121108549691167,1.4799916377845672,0.1216016090994873,2.4448601701330537,0.037817688776734824,63787a90b1762b1c11c43562d0f5bbc586799e540c10d397ba63276670c9784f,754812671,40,b4459ae0d1c64ba021ffce634d26402362575171,False,True,True,COMPLETE,0.25,0.0,1.1368683772161603e-13,3.126388037344441e-14,5.3656864642083975e-15,25
0.99625,4782,8.0,m08_b08_g050_t025_mup15,635,-0.10051196266389244,0.01960361481456933,0.9991699871502903,0.9959036412544284,0.9875990645665293,0.0015871579958372816,5.416396471675077,1.0,1.0,0.0,0.2,-0.06846709818815955,0.028394455268220636,-95.83008735856181,0.06631263765985905,-95.89855445674998,0.03789605389846559,5.673945749787447,stage3-coarse-20260729,1.0,0.5,8,wsl,40,1.5,0.00012814416028915148,4.9672752476999264e-05,0.25,4800,0.004841952821783973,0.0021012476289915013,4.969637450719116,0.0037614652756702604,0.0015205948001078852,0.004301709048727117,0.0018109191952526034,4f8a12915399e77fc14bfc38ada5754b171237eb5407e762515538dbcf7f81b6,134234647,40,b4459ae0d1c64ba021ffce634d26402362575171,False,True,True,COMPLETE,0.25,0.0,3.410605131648481e-13,9.379164112033322e-14,1.516962765864365e-14,1
0.8102083333333333,3889,8.0,m08_b08_g050_t050_mun15,636,-0.6200453690389971,0.023277398511014985,0.2553213656882879,0.2384853180328414,0.21062594738292428,0.005810511577249657,5.91192902271798,1.0,1.0,0.0,0.2,-13.246521228763743,0.31703909922890716,3.2719707412542745,0.27507126756386496,-9.974550487509468,0.14652302827560093,3.3410322349303514,stage3-coarse-20260729,1.0,0.5,8,cpu,40,-1.5,0.007347068759513626,0.00012139462455072691,0.25,4800,2.8235384375955914,0.08292407627001872,3.675426170026157,0.6607027236278384,0.0432829734275912,1.742120580611715,0.0437205336684271,a90fed82b6c0d6ae49a200284f7547a48a1c1656b94482abb57a7d0b2da1a047,2927538404,40,b4459ae0d1c64ba021ffce634d26402362575171,False,True,True,COMPLETE,0.5,0.0,5.684341886080802e-14,1.2789769243681804e-14,2.9034092489973437e-15,26
0.7670833333333333,3682,8.0,m08_b08_g050_t050_mu000,637,-0.3351997115529185,0.009319522699109678,0.5000000000000044,0.5000000000000008,0.5000000000000001,1.0516137660245193e-16,0.5246030830738477,1.0,1.0,0.0,0.2,-19.01865140141639,0.09071251501129773,-24.81065042141912,0.17359010802329458,-43.82930182283551,0.25814135385650827,6.239304115835285,stage3-coarse-20260729,1.0,0.5,8,cpu,40,0.0,0.007885110875757287,1.3946696312526474e-05,0.25,4800,3.357665554128387,0.030183898671265197,2.8168084815165857,1.6725539672842866,0.035157069201747514,2.5151097607063364,0.03059488313058094,457701427b4b20edeabb0ad29f072aa9410c55108640f86fbad72f11fea904c2,3521606436,40,b4459ae0d1c64ba021ffce634d26402362575171,False,True,True,COMPLETE,0.5,0.0,1.1368683772161603e-13,4.5474735088646414e-14,6.572224340152011e-15,27
0.83625,4014,8.0,m08_b08_g050_t050_mup15,638,-0.08466293740618953,0.029741454832882035,0.8225975265108498,0.789616577691689,0.7573340011418024,0.009689456656243881,6.6496921632079475,1.0,1.0,0.0,0.2,-9.44580084395182,0.619598589989494,-94.21914394678345,0.4103085384834244,-103.66494479073526,0.21109613594663826,5.259322062932358,stage3-coarse-20260729,1.0,0.5,8,cpu,40,1.5,0.00604934003277203,0.00021387730505582556,0.25,4800,1.4882079030601503,0.12491969493072219,6.178840459520652,1.2461030957088854,0.04276469520916729,1.3671554993845179,0.07727969391573643,9b5ed7700e4b1ea284ea995a2ad3f91d7cb6215993ad5de163c4bfccb27d6c91,233543070,40,b4459ae0d1c64ba021ffce634d26402362575171,False,True,True,COMPLETE,0.5,0.0,2.2737367544323206e-13,5.968558980384842e-14,9.960603402678864e-15,28
0.7985416666666667,3833,8.0,m08_b08_g050_t100_mun15,639,-0.041241193761719905,0.04365039830370482,0.3255406449612623,0.3204139002746021,0.30983651002049706,0.0027142288910501433,6.55570892850985,1.0,1.0,0.0,0.2,-14.667160438858309,0.24000623530012902,-16.692732642205648,0.18955261842635013,-31.359893081063955,0.31040400201651874,4.469364851396789,stage3-coarse-20260729,1.0,0.5,8,cpu,40,-1.5,0.007348941888732455,7.607071024800054e-06,0.25,4800,2.3391843519348887,0.11176521489232952,5.547303759194297,2.1506714735228885,0.08683704207483571,2.2449279127288886,0.015286422010661008,57625e750ff886c1d1f0cbdfa54e09b5b6a52c1bad20ee4b42c689558f91cab9,2713936093,40,b4459ae0d1c64ba021ffce634d26402362575171,False,True,True,COMPLETE,1.0,0.0,1.1368683772161603e-13,2.984279490192421e-14,7.842605071781228e-15,29
0.7764583333333334,3727,8.0,m08_b08_g050_t100_mu000,640,-0.3034800743855194,0.027400587275283987,0.5000000000000007,0.49999999999999983,0.49999999999999833,8.618368972034811e-17,0.6697949801375447,1.0,1.0,0.0,0.2,-18.298070786394923,0.13781535125753436,-50.29023300909786,0.11738878760061834,-68.58830379549278,0.050736852691791456,1.869540590296392,stage3-coarse-20260729,1.0,0.5,8,wsl,40,0.0,0.007826640907921142,1.5326574031377228e-06,0.25,4800,3.3447088527122077,0.07179798417482336,6.725381986302432,1.7874531145542953,0.07008949522604714,2.566080983633251,0.00476789541145652,322c26f36c477177c8fe999a9b792212da5d1bf964f80eafb060b7418164b1ed,2335466711,40,b4459ae0d1c64ba021ffce634d26402362575171,False,True,True,COMPLETE,1.0,0.0,2.2737367544323206e-13,5.1159076974727215e-14,9.929362541400935e-15,2
0.7845833333333333,3766,8.0,m08_b08_g050_t100_mup15,641,-0.2121234273356598,0.01960066025186727,0.6834110871257685,0.6779315166073845,0.6750471467491548,0.0012942170456886866,5.389184051252147,1.0,1.0,0.0,0.2,-15.494227526280975,0.027346838693522005,-112.52933549046497,0.17852029141032938,-128.02356301674592,0.16193502384908143,3.381968456601399,stage3-coarse-20260729,1.0,0.5,8,cpu,40,1.5,0.0073544336708613375,8.079473809764269e-06,0.25,4800,2.747560200912532,0.03108567435276968,2.5108883194162517,1.7881334607083261,0.05708008410453119,2.2678468308104285,0.011438565597418503,3ef64ca603537f7aa685837d654228f9d614a687bd457c0aac375eb120cf5dd0,1069001094,40,b4459ae0d1c64ba021ffce634d26402362575171,False,True,True,COMPLETE,1.0,0.0,2.2737367544323206e-13,1.0800249583553522e-13,1.818169361696285e-14,30
0.7804166666666666,3746,8.0,m08_b08_g050_t200_mun15,642,-0.04195468788206539,0.006840461185268128,0.3627162193499826,0.3565415641811039,0.3484329642750468,0.0030659292911748913,8.271835473545432,1.0,1.0,0.0,0.2,-15.757115660123972,0.08455184336054705,-64.23909029413099,0.14419618623081193,-79.99620595425495,0.11624636131264471,2.9456472143993153,stage3-coarse-20260729,1.0,0.5,8,cpu,40,-1.5,0.007338654838957756,4.717689800067551e-06,0.25,4800,2.505669459741838,0.019603736292045183,2.639837851099379,2.303819594399729,0.016074397324506044,2.4047445270707835,0.007429694965967993,b9144c9bbeff893535ada87b78dacfdea5cce1c8e9bea11f85e879e210beecb9,2521797316,40,b4459ae0d1c64ba021ffce634d26402362575171,False,True,True,COMPLETE,2.0,0.0,2.2737367544323206e-13,6.252776074688882e-14,1.0731372928416793e-14,31
0.7791666666666667,3740,8.0,m08_b08_g050_t200_mu000,643,-0.2825845020014055,0.007233655265169093,0.5000000000000013,0.5000000000000003,0.49999999999999867,9.301542831174033e-17,0.5,1.0,1.0,0.0,0.2,-18.315982455578233,0.04656323766136929,-100.68934330242737,0.09413929937236301,-119.00532575800563,0.09604389218803065,3.3361637066224046,stage3-coarse-20260729,1.0,0.5,8,cpu,40,0.0,0.007834101557011662,3.841041298366896e-06,0.25,4800,3.2849273487075883,0.022242770116034084,4.128461507533493,1.8373745382377809,0.017591319272032148,2.561150943472685,0.004765508610363452,9634a2fde0b99d7bdcd5afaa3cac1adfd9f6d9a7c7e0b19dc7246da31a8ff1a2,137459932,40,b4459ae0d1c64ba021ffce634d26402362575171,False,True,True,COMPLETE,2.0,0.0,2.2737367544323206e-13,7.105427357601002e-14,1.449942943572848e-14,32
0.79,3792,8.0,m08_b08_g050_t200_mup15,644,-0.13071371620074856,0.01442417210449513,0.6462496497438988,0.6431196490707742,0.640239054044338,0.0005454383345968336,2.020572533514432,1.0,1.0,0.0,0.2,-16.205387281330808,0.0982169176651141,-160.26105517822688,0.12637499686579257,-176.46644245955767,0.1838861443886417,3.219648820756455,stage3-coarse-20260729,1.0,0.5,8,cpu,40,1.5,0.007336990815179833,3.687619880219457e-06,0.25,4800,2.7330624005499766,0.04292153812245975,6.523678031865536,2.101046060856605,0.028744039763336567,2.4170542307032905,0.007471089914158461,dfbe7d853d3f96bab6d38b9bb0365b1f149cbfdb9a5a20f58269247393e47a93,3695801004,40,b4459ae0d1c64ba021ffce634d26402362575171,False,True,True,COMPLETE,2.0,0.0,4.547473508864641e-13,1.5916157281026243e-13,2.331308821168769e-14,33
1.0,4800,8.0,m08_b08_g100_t000_mun15,645,0.007568531790593261,0.04925855014388681,0.00020481918627835924,4.46138798908772e-05,1.5559177892813386e-05,9.181202425685374e-06,1.4552722601448693,1.0,1.0,0.0,0.2,-0.000874756596092419,0.00018161238986996882,0.004282932469524212,0.0008813954328657959,0.003408175873431793,0.0007012332322448398,1.4835638003702136,stage3-coarse-20260729,1.0,1.0,8,wsl,40,-1.5,1.4084408676996317e-06,2.890124023934971e-07,0.25,4800,2.597569258657105e-05,4.670714789349105e-06,1.1666632379975808,2.6819861815811462e-05,6.436173193653968e-06,2.6397777201191254e-05,5.404058092022323e-06,f178d8e3c420b0c870362cf28a12c7266f517ebef668567794b7cb5184e1f1ac,1172106317,40,b4459ae0d1c64ba021ffce634d26402362575171,False,True,True,COMPLETE,0.0,0.0,5.814793091474257e-15,1.4832753081339688e-15,1.792906260975353e-16,3
0.7585416666666667,3641,8.0,m08_b08_g100_t000_mu000,646,-0.8774098267695415,0.012533316324865512,0.5000000000000007,0.5,0.49999999999999933,4.3508865690708494e-17,0.6944493340374347,1.0,1.0,0.0,0.2,-22.460662896271025,0.2966009947605498,0.0,0.0,-22.460662896271025,0.2966009947605498,3.9823347644351803,stage3-coarse-20260729,1.0,1.0,8,cpu,40,0.0,0.008059864511992003,5.8471598118195064e-05,0.25,4800,1.1658315977058349,0.19298911938535637,4.691259500062998,0.0745197306657123,0.010610539253987977,0.6201756641857736,0.10160684762580009,782022876a62f33b632c739256f708c575a1f444ab62c54379119acd4301ec4f,1911058015,40,b4459ae0d1c64ba021ffce634d26402362575171,False,True,True,COMPLETE,0.0,0.0,5.684341886080802e-14,1.8474111129762605e-14,3.605161766912907e-15,34
1.0,4800,8.0,m08_b08_g100_t000_mup15,647,0.031070702716379163,0.03932910803890279,0.9999920455413591,0.9999559667442759,0.9997721759334315,1.5058148365512215e-05,3.362845006035418,1.0,1.0,0.0,0.2,-0.0008944195275746803,0.000318007890194319,-95.99577280745048,0.001445582243089787,-95.99666722697806,0.0011277110418375024,3.3776216947211126,stage3-coarse-20260729,1.0,1.0,8,cpu,40,1.5,1.4275879339017626e-06,4.539417631825397e-07,0.25,4800,2.638752449449083e-05,1.0396611728350163e-05,3.34541592878061,2.618034369039901e-05,8.42849229072457e-06,2.6283934092444922e-05,9.426376391703342e-06,dcaaab6923e648405f5452fc1edebbcd3ea5107d003a4675e146e4921dc104a8,1531041269,40,b4459ae0d1c64ba021ffce634d26402362575171,False,True,True,COMPLETE,0.0,0.0,2.2737367544323206e-13,7.673861546209083e-14,1.3119533822748943e-14,35
0.9947916666666666,4775,8.0,m08_b08_g100_t025_mun15,648,0.01692831798537925,0.03662005342801695,0.0070463302354676904,0.0021393914226443605,0.0001446662166435294,0.00073719030467034,2.5968855965898068,1.0,1.0,0.0,0.2,-0.047409763031542006,0.016802487141172977,0.09314811871312242,0.03201821807368455,0.045738355681580425,0.015347607640065295,2.3130325061884887,stage3-coarse-20260729,1.0,1.0,8,cpu,40,-1.5,6.696116023431655e-05,2.3081996992626492e-05,0.25,4800,0.0019088002422250742,0.0006948196114852001,2.8895019333571903,0.002073425777845247,0.0007440806085738273,0.0019911130100351603,0.0007146246689214283,710ba54f293e51e25677705d32cb406cccdd0016969195e3f5839998b10435ed,2448169430,40,b4459ae0d1c64ba021ffce634d26402362575171,False,True,True,COMPLETE,0.25,0.0,6.5503158452884236e-15,1.8686441283222167e-15,3.058425965750495e-16,36
0.7472916666666667,3587,8.0,m08_b08_g100_t025_mu000,649,-0.37990132219773304,0.023666844120426692,0.5000000000000007,0.5000000000000002,0.4999999999999996,9.840276174143069e-17,3.8598904944621766,1.0,1.0,0.0,0.2,-22.730077793171173,0.2099186833549665,-11.838601540882621,0.0665779760409453,-34.56867933405379,0.19425770553932517,4.11548209114007,stage3-coarse-20260729,1.0,1.0,8,cpu,40,0.0,0.007904089403666732,2.1439958936049703e-05,0.25,4800,3.209216426806191,0.04398211434863544,1.6828686921405525,1.4449060216845795,0.06170147692847715,2.327061224245385,0.014702723941497025,1a087d542f24e1f291cb79500bfcfe8612f8a220fca102204bcd512d11210c22,3447560634,40,b4459ae0d1c64ba021ffce634d26402362575171,False,True,True,COMPLETE,0.25,0.0,1.1368683772161603e-13,4.263256414560601e-14,9.664368048710109e-15,37
0.9095833333333333,4366,8.0,m08_b08_g100_t025_mup15,650,-0.1891798266188842,0.09235216588528275,0.9655971821787669,0.908879010112676,0.8377527157188062,0.02404036931407793,8.05114721555408,1.0,1.0,0.0,0.2,-4.282672748260663,1.4825987474648101,-91.75383027925977,1.345277272095553,-96.03650302752042,0.12026747364186706,2.7518751270365978,stage3-coarse-20260729,1.0,1.0,8,wsl,40,1.5,0.002927306508517564,0.0007925383916303082,0.25,4800,0.4973952349395036,0.2248996000160034,7.1662840806970465,0.2810303169268091,0.07770998954937344,0.3892127759331564,0.14937773526493628,f44e0f12ca3ae9d4fad9d1cf1fdd8344b3b3ff565588a2e3a2ddc95d0314459e,3680394817,40,b4459ae0d1c64ba021ffce634d26402362575171,False,True,True,COMPLETE,0.25,0.0,2.2737367544323206e-13,6.821210263296962e-14,1.202623574509921e-14,4
0.8129166666666666,3902,8.0,m08_b08_g100_t050_mun15,651,-0.166619716191703,0.04438820282769788,0.2791361827417105,0.24259909606630198,0.19485224722252975,0.012313311659766561,6.700763809810333,1.0,1.0,0.0,0.2,-14.631026637458826,0.8253344507750159,3.3734062784565437,0.7175962357146631,-11.25762035900228,0.14380434332659053,2.2162191751558122,stage3-coarse-20260729,1.0,1.0,8,cpu,40,-1.5,0.006387362511293865,0.00019720394267901218,0.25,4800,1.8805747237030552,0.16006906498389614,5.981109082916793,1.3314002022687768,0.05459446438950381,1.6059874629859159,0.08022421357797532,a75312be5f5c210f051dcc8e6151cf9191fec5ef4e097e0897fc7033ad7fa7d2,3683407664,40,b4459ae0d1c64ba021ffce634d26402362575171,False,True,True,COMPLETE,0.5,0.0,5.684341886080802e-14,1.6342482922482303e-14,2.947264821256861e-15,38
0.74875,3594,8.0,m08_b08_g100_t050_mu000,652,-0.1032473424769054,0.07877036394917993,0.5000000000000042,0.500000000000001,0.5000000000000001,1.1054774636421688e-16,0.5863124744853327,1.0,1.0,0.0,0.2,-22.650841219842828,0.08060799428907409,-25.09857054241107,0.05151419911440053,-47.7494117622539,0.11939289329171893,2.3079072754129055,stage3-coarse-20260729,1.0,1.0,8,cpu,40,0.0,0.007936801258106108,1.1397200810110856e-05,0.25,4800,2.7781235841146263,0.20744573375512004,6.11771254325645,2.254887688925878,0.189961577357936,2.5165056365202525,0.012837645166862354,b22f354b510b21ae9d9c4d3a652e7b61eadeeee7516fe37280313351b63b8190,916373370,40,b4459ae0d1c64ba021ffce634d26402362575171,False,True,True,COMPLETE,0.5,0.0,5.684341886080802e-14,3.126388037344441e-14,5.264767980907275e-15,39
0.7864583333333334,3775,8.0,m08_b08_g100_t050_mup15,653,0.40464932621812383,0.02655926042964884,0.7746933355789755,0.7370978567467171,0.7139887392789044,0.010766889322542236,7.13951133078552,1.0,1.0,0.0,0.2,-16.37730734392336,0.7408041539436585,-91.38952483188991,0.6849125406925892,-107.76683217581326,0.10554514525504399,1.6221767672382084,stage3-coarse-20260729,1.0,1.0,8,cpu,40,1.5,0.007188535250573722,0.00024163606530580454,0.25,4800,1.0591336124545274,0.035117254855829734,2.453441839085671,2.512253458982272,0.13658085964869351,1.7856935357183996,0.06887254667854965,4f8b8f16b3951570d56db9702f5349b9a155980bfd14e47837ef85141f542a8f,1056302177,40,b4459ae0d1c64ba021ffce634d26402362575171,False,True,True,COMPLETE,0.5,0.0,2.2737367544323206e-13,9.094947017729283e-14,1.0922678061780549e-14,40
0.7597916666666666,3647,8.0,m08_b08_g100_t100_mun15,654,0.11114811570038252,0.016867998419318447,0.3325815791525546,0.3288944390576841,0.32416638585670676,0.0011179969306884157,6.7128422770683125,1.0,1.0,0.0,0.2,-20.007840831850405,0.1656789527646258,-16.779551130486116,0.0684699236034222,-36.78739196233652,0.17217427481090228,3.947005729177534,stage3-coarse-20260729,1.0,1.0,8,cpu,40,-1.5,0.007483278870780407,5.3332229305367036e-05,0.25,4800,2.0717296407727526,0.043278264833099225,4.192484077195718,2.5893673560869788,0.03507146725755129,2.3305484984298652,0.007961574455595661,008a88ea6cbb6083325cc4a91bde911906ecc23eb30f83b34ceaf326dca2bc00,395513267,40,b4459ae0d1c64ba021ffce634d26402362575171,False,True,True,COMPLETE,1.0,0.0,1.1368683772161603e-13,2.842170943040401e-14,5.756756803996646e-15,41
0.7527083333333333,3613,8.0,m08_b08_g100_t100_mu000,655,-0.08150346704712907,0.0582668959230649,0.5000000000000011,0.49999999999999983,0.4999999999999989,6.789989679214433e-17,0.5665068197004834,1.0,1.0,0.0,0.2,-22.830101370818134,0.1365296708084133,-50.61050712974352,0.09071840757779123,-73.44060850056164,0.17370645781040625,2.9755575060783324,stage3-coarse-20260729,1.0,1.0,8,wsl,40,0.0,0.00790103064190453,1.3037113975978814e-05,0.25,4800,2.7569836535374703,0.14643789768436524,5.991315316674686,2.3421323751391663,0.14988195946496322,2.5495580143383187,0.005355962857487239,cf0924d7eedb50736658cd5b627b4e04a30ca4dbfa50ca5f81e4b0c38af5312f,4073684506,40,b4459ae0d1c64ba021ffce634d26402362575171,False,True,True,COMPLETE,1.0,0.0,2.2737367544323206e-13,6.536993168992921e-14,1.1794013712346397e-14,5
0.74375,3570,8.0,m08_b08_g100_t100_mup15,656,0.07829848596937447,0.02766871658241069,0.6746559870411994,0.6703121940620754,0.6665322813350814,0.0008946714515607501,5.13002633508375,1.0,1.0,0.0,0.2,-19.767484777583604,0.027672002132706885,-112.4709959529811,0.18718853424365797,-132.2384807305647,0.21484982449611745,4.062000889537844,stage3-coarse-20260729,1.0,1.0,8,cpu,40,1.5,0.00736041918400541,7.268271703046904e-06,0.25,4800,2.127117317356533,0.07136591718779371,4.466140328152891,2.486329120082251,0.05468980876837121,2.306723218719392,0.009891722476424033,72a2993fbf1353d99db70e0802b6dfaaa6d18f25ecd8319ed59417938ae007bd,1624748190,40,b4459ae0d1c64ba021ffce634d26402362575171,False,True,True,COMPLETE,1.0,0.0,2.2737367544323206e-13,8.526512829121202e-14,1.762639592885882e-14,42
0.7714583333333334,3703,8.0,m08_b08_g100_t200_mun15,657,-0.06582682217317266,0.02135992052744117,0.37938540841855195,0.36884136570298753,0.3564588723046648,0.004031379909361735,7.852342363104058,1.0,1.0,0.0,0.2,-21.193208814548605,0.1330463428062881,-64.23505479343059,0.17457530939326268,-85.42826360797922,0.21807718269937615,4.601648129782612,stage3-coarse-20260729,1.0,1.0,8,cpu,40,-1.5,0.007335738710095502,4.8893612384140885e-06,0.25,4800,2.6241009261107053,0.051263826344441286,4.79249559432027,2.30019123162653,0.057925099690971885,2.4621460788686176,0.015084875355605891,090fbffb7c5470cda9ac7ccbd3aa94cd84d90ed459ed0c89595811d525ecc1fe,1934013158,40,b4459ae0d1c64ba021ffce634d26402362575171,False,True,True,COMPLETE,2.0,0.0,3.410605131648481e-13,7.389644451905042e-14,1.6676991565610054e-14,43
0.7458333333333333,3580,8.0,m08_b08_g100_t200_mu000,658,-0.007916141374789399,0.031111455290270786,0.5000000000000097,0.5000000000000008,0.49999999999999845,2.6596602296678905e-16,0.5,1.0,1.0,0.0,0.2,-22.57757643816965,0.021760487981703967,-101.37238986539099,0.1202158059308344,-123.94996630356063,0.13651507595245946,2.330135334148739,stage3-coarse-20260729,1.0,1.0,8,cpu,40,0.0,0.007881796072746926,1.118390350994707e-05,0.25,4800,2.5685536377071965,0.08017460192691345,3.695125285718985,2.5274293789602833,0.0797725503511906,2.54799150833374,0.006705759654159959,a1a360afc52458916c5921c4bba37aaa53e7118af9ad28e4a35ee7e98ee80fb0,2664470140,40,b4459ae0d1c64ba021ffce634d26402362575171,False,True,True,COMPLETE,2.0,0.0,2.2737367544323206e-13,7.389644451905042e-14,2.909653700473046e-14,44
0.7397916666666666,3551,8.0,m08_b08_g100_t200_mup15,659,-0.0054489924679528585,0.013100791315916363,0.6369163805336303,0.6253501538811396,0.618680619214755,0.0025750462798727323,5.27559184868764,1.0,1.0,0.0,0.2,-21.36051279054157,0.08693341077876136,-160.07353592476846,0.14179800380136773,-181.43404871531007,0.12846986479919772,3.3011294330326026,stage3-coarse-20260729,1.0,1.0,8,cpu,40,1.5,0.007347804378412058,5.64718016176783e-06,0.25,4800,2.490909175681609,0.03131945597164562,3.689931713270607,2.464256205231617,0.03489155473668546,2.4775826904566127,0.00746905382312087,d818139f1f96c4008ee6506407fe50757920908971fe744496e623bafebd4dc8,3551103993,40,b4459ae0d1c64ba021ffce634d26402362575171,False,True,True,COMPLETE,2.0,0.0,6.821210263296962e-13,1.5916157281026243e-13,2.7245946035476572e-14,45
1.0,4800,8.0,m08_b08_g200_t000_mun15,660,0.06760617220910961,0.05262190500213606,0.00031697849542232023,9.87980937232999e-05,9.371824801519824e-07,2.1524199935115294e-05,1.7411848584536567,1.0,1.0,0.0,0.2,-0.0031520985715503672,0.000602761954527672,0.00948461699743679,0.0020663231937710683,0.006332518425886423,0.0014565938017859041,1.914831433400712,stage3-coarse-20260729,1.0,2.0,8,wsl,40,-1.5,3.660322979640821e-06,6.856574365287639e-07,0.25,4800,5.5759227696826535e-05,1.2066554485968247e-05,1.6895670872102126,6.992928074118554e-05,1.784553537921862e-05,6.284425421900605e-05,1.4252657572019919e-05,e8fd5f3f8aaa5fef1f1b8584f0a93f3cff9c874ae613279e82d37e8def6989b7,401483419,40,b4459ae0d1c64ba021ffce634d26402362575171,False,True,True,COMPLETE,0.0,0.0,8.104628079763643e-15,1.7947449082456045e-15,2.6643227212769903e-16,6
0.680625,3267,8.0,m08_b08_g200_t000_mu000,661,0.9030262641866681,0.035705372392803254,0.5000000000000011,0.5,0.49999999999999856,1.1870066014652883e-16,1.112093860087558,1.0,1.0,0.0,0.2,-43.54581773899556,0.26237932335087993,0.0,0.0,-43.54581773899556,0.26237932335087993,3.0676027224998323,stage3-coarse-20260729,1.0,2.0,8,cpu,40,0.0,0.007977428629227647,2.2260066049992743e-05,0.25,4800,0.20010609444183275,0.07550862998246924,6.774007124926861,3.8839994884182163,0.04988438636912661,2.0420527914300246,0.022102445686279656,4de61a39cebee4789899cbb718556ef239118af49d297533e93d421c66a19867,3730154832,40,b4459ae0d1c64ba021ffce634d26402362575171,False,True,True,COMPLETE,0.0,0.0,1.1368683772161603e-13,4.5474735088646414e-14,1.1971242406315957e-14,46
1.0,4800,8.0,m08_b08_g200_t000_mup15,662,0.16586549022882985,0.13333004265129278,0.9999965505657117,0.9999252658602158,0.9994656599335267,4.322957109896729e-05,3.516784937957492,1.0,1.0,0.0,0.2,-0.0027047796082921793,0.0015544530227957218,-95.99282552258072,0.004150038825502666,-95.99553030218901,0.0022173402632982924,2.3531344978051347,stage3-coarse-20260729,1.0,2.0,8,cpu,40,1.5,2.5673281382024813e-06,1.304123216216142e-06,0.25,4800,4.0365118971641414e-05,2.1266941593285814e-05,3.4114137866764187,8.114110451345192e-05,5.454178486821837e-05,6.075311174254666e-05,3.7883205850701695e-05,8eb1b95f917724092a9128b4fbc133fea6ad12f82ebb96a44dc543bee15df211,3326596544,40,b4459ae0d1c64ba021ffce634d26402362575171,False,True,True,COMPLETE,0.0,0.0,2.2737367544323206e-13,7.958078640513122e-14,1.0922678061780546e-14,47
0.8639583333333334,4147,8.0,m08_b08_g200_t025_mun15,663,-0.052406201242993077,0.1920486894147611,0.2639736988652088,0.16436825393572377,0.07187680248424677,0.037810292424282584,8.240088976813086,1.0,1.0,0.0,0.2,-14.751823596405448,4.578842319193958,9.27240645696176,2.669239232292103,-5.4794171394436875,1.8935279734210255,7.213799633556579,stage3-coarse-20260729,1.0,2.0,8,cpu,40,-1.5,0.0051101600146969154,0.0006668701365503576,0.25,4800,0.7000091991918744,0.07714127729599565,3.8706874343763196,0.8113871980069012,0.3598271345624653,0.7556981985993877,0.20456097085673236,af5be784036bf0fb4bfac0d9bc287689145b998c673747e0bf87494ff90138ac,2015549662,40,b4459ae0d1c64ba021ffce634d26402362575171,False,True,True,COMPLETE,0.25,0.0,2.842170943040401e-14,5.3734794391857575e-15,1.2995848788263653e-15,48
0.6852083333333333,3289,8.0,m08_b08_g200_t025_mu000,664,0.35273099752146087,0.19622737823671077,0.500000000000003,0.5000000000000002,0.4999999999999966,1.519090630561013e-16,0.7579073968719745,1.0,1.0,0.0,0.2,-40.84229227847892,0.4484312923764577,-9.434667238242586,0.04762655928238361,-50.276959516721504,0.46229656071003433,3.326575914860204,stage3-coarse-20260729,1.0,2.0,8,cpu,40,0.0,0.007956998004176073,4.081565796083228e-05,0.25,4800,0.9664218364952747,0.24830844127596133,8.349398799564245,2.138228892049432,0.42071726822213973,1.5523253642723536,0.08585186490282799,cea09c6b481c59306b6607213c7daa14368c3ad57dac7bfe26ca162f3b37db59,2771622453,40,b4459ae0d1c64ba021ffce634d26402362575171,False,True,True,COMPLETE,0.25,0.0,1.1368683772161603e-13,5.400124791776761e-14,7.869614992650587e-15,49
0.8697916666666666,4175,8.0,m08_b08_g200_t025_mup15,665,0.30414139005077423,0.2473748096806269,0.9598720517102534,0.857921576974974,0.7481697483537806,0.04609263070098676,8.265263808425281,1.0,1.0,0.0,0.2,-14.466253069182354,6.585916079963698,-88.5613984741849,2.9122521243400947,-103.02765154336723,3.671508632152506,7.280637735492058,stage3-coarse-20260729,1.0,2.0,8,wsl,40,1.5,0.004630564783305519,0.001506292851743757,0.25,4800,0.3470812673654497,0.060480525968844914,3.7333271246904567,1.36035578040102,0.8007118350495877,0.8537185238832349,0.4126236973599986,cf1e04a07c6b465a970479e5bd7659961be59768d0268549a1efa3ccf5c55b75,171556102,40,b4459ae0d1c64ba021ffce634d26402362575171,False,True,True,COMPLETE,0.25,0.0,2.2737367544323206e-13,8.242295734817162e-14,1.3880759891636563e-14,7
0.708125,3399,8.0,m08_b08_g200_t050_mun15,666,0.7471799475878012,0.04991810407519239,0.2894362130860161,0.2819417091828651,0.26691088879860825,0.002954610038994568,5.503239037878911,1.0,1.0,0.0,0.2,-32.49838191930161,0.5349083207613304,6.654902079914462,0.6026600330248225,-25.84347983938715,0.11909785909449772,1.780728066384561,stage3-coarse-20260729,1.0,2.0,8,cpu,40,-1.5,0.00788858514788303,3.540601119808068e-05,0.25,4800,0.5149908655365861,0.09904956473630067,6.932616408471674,3.57217332983564,0.11379260791441953,2.043582097686113,0.012897272154192818,b7862a202bf2e170736af74ebbf3e52ed7824998518236a609613bdb98d51f89,1259538760,40,b4459ae0d1c64ba021ffce634d26402362575171,False,True,True,COMPLETE,0.5,0.0,1.1368683772161603e-13,2.7000623958883806e-14,4.875220226638807e-15,50
0.6860416666666667,3293,8.0,m08_b08_g200_t050_mu000,667,0.6240995489284039,0.06397967888803606,0.5000000000000022,0.5000000000000007,0.5,6.067934567145315e-17,0.5,1.0,1.0,0.0,0.2,-40.891995918909416,0.2734911420804829,-22.49509117151789,0.6430262561441811,-63.38708709042729,0.4897052455015988,4.912531932792402,stage3-coarse-20260729,1.0,2.0,8,cpu,40,0.0,0.007893528343652197,3.693210918350609e-05,0.25,4800,0.877715332675665,0.16884286331139026,6.390559494413699,3.7419775641004827,0.0626632326836362,2.309846448388074,0.05329628626750914,af1bc7965f28c20820214c5eb6c436ed218bb839ab03e057cf14071e7a69ebf0,3856601279,40,b4459ae0d1c64ba021ffce634d26402362575171,False,True,True,COMPLETE,0.5,0.0,3.410605131648481e-13,5.400124791776761e-14,1.7942858957360856e-14,51
0.7429166666666667,3566,8.0,m08_b08_g200_t050_mup15,668,0.22582766953544775,0.03969659480198742,0.7460357787278642,0.6901588537635451,0.6697473320953164,0.01425767060162634,6.97001329696298,1.0,1.0,0.0,0.2,-30.229086911963577,1.5553388061830882,-88.79363072233589,0.9165907834586933,-119.02271763429947,0.6626167440434003,4.39840863846075,stage3-coarse-20260729,1.0,2.0,8,cpu,40,1.5,0.007212278381843606,0.0001258238854966233,0.25,4800,1.5850956260262756,0.015367601394461508,0.7327859394517623,2.5393802068376745,0.1834385513217634,2.062237916431975,0.08768418628783191,af3406b550999400726e6ba1a57a6a4f3a8e1b7a623e6210c93b8fd2c8d75f9f,2032087187,40,b4459ae0d1c64ba021ffce634d26402362575171,False,True,True,COMPLETE,0.5,0.0,4.547473508864641e-13,1.0516032489249483e-13,2.0102335934631707e-14,52
0.708125,3399,8.0,m08_b08_g200_t100_mun15,669,0.2943374455122123,0.04963226415616736,0.3445945391789358,0.3339420643913482,0.326069365915339,0.00386369781056726,7.982693784538093,1.0,1.0,0.0,0.2,-32.60026268240053,0.6332558659982491,-15.507176176042924,0.5425126212431968,-48.10743885844346,0.12006150077753525,3.2207201562507612,stage3-coarse-20260729,1.0,2.0,8,cpu,40,-1.5,0.007511724859706251,5.7125183662429374e-05,0.25,4800,1.6306454461511173,0.11200994726609755,5.9156745295454325,2.990515950406968,0.12121765559346548,2.3105806982790424,0.009045238190912182,48e9ade451323eb9b00d77011a09270cc953b8a4926ec5e22ddc46497a025eae,4092501311,40,b4459ae0d1c64ba021ffce634d26402362575171,False,True,True,COMPLETE,1.0,0.0,1.1368683772161603e-13,3.979039320256561e-14,8.709846653805974e-15,53
0.6816666666666666,3272,8.0,m08_b08_g200_t100_mu000,670,0.25721175937893886,0.02558704229726011,0.500000000000001,0.49999999999999983,0.49999999999999883,8.383413870518861e-17,0.5,1.0,1.0,0.0,0.2,-37.2061366699081,0.16733156524416687,-49.894793010446605,0.15366074658153436,-87.1009296803547,0.20106163502434576,2.814886209749685,stage3-coarse-20260729,1.0,2.0,8,wsl,40,0.0,0.007856847802761338,1.7390236588363763e-05,0.25,4800,1.8646905551946227,0.062338768271963954,4.0616884637466955,3.1563923024811325,0.07169994078518702,2.5105414288378776,0.014215686370651933,d7669118a8990f154dec387b95af0e76295878a48be766527d5d3ae3e50d2c92,1641239670,40,b4459ae0d1c64ba021ffce634d26402362575171,False,True,True,COMPLETE,1.0,0.0,1.1368683772161603e-13,7.105427357601002e-14,8.81319796442941e-15,8
0.7277083333333333,3493,8.0,m08_b08_g200_t100_mup15,671,0.11379683742654785,0.02884158655633353,0.6759570042006535,0.6699829116627016,0.6648564972239769,0.001575982286204805,6.156655974631943,1.0,1.0,0.0,0.2,-31.36356159559734,0.21179966616591087,-111.40145469759516,0.4475871802795231,-142.7650162931925,0.23303086412384977,2.2075318956218664,stage3-coarse-20260729,1.0,2.0,8,cpu,40,1.5,0.007391684287050543,1.0057509412017806e-05,0.25,4800,1.9667906904259902,0.08323149276307672,4.422355383645486,2.467389168579894,0.04272635142967419,2.2170899295029423,0.01999775282655289,85eecda6d12c08bcf8075da02a46030e71ca19514e16e92dac3d0a1136296c3b,3652914447,40,b4459ae0d1c64ba021ffce634d26402362575171,False,True,True,COMPLETE,1.0,0.0,4.547473508864641e-13,1.2505552149377764e-13,2.4709939977415162e-14,54
0.715,3432,8.0,m08_b08_g200_t200_mun15,672,0.07169177547666264,0.03474266110830558,0.3929391266696446,0.385364742592965,0.37207883339744746,0.00318584935044517,6.983159496895718,1.0,1.0,0.0,0.2,-33.35593104990998,0.45893611899226083,-62.52358007092721,0.09783034885744675,-95.8795111208372,0.4085851014030696,5.376134239060247,stage3-coarse-20260729,1.0,2.0,8,cpu,40,-1.5,0.007381857837338424,2.721713952071871e-05,0.25,4800,2.2809298188578477,0.07259016106768981,6.24838874308688,2.6357425226296156,0.10133127094764399,2.458336170743732,0.014638150533871772,ce76f2c53206eeef974e9aa54bb5fa6cc0427e3bd62f7481fd69c42afbdbb9b1,3144423738,40,b4459ae0d1c64ba021ffce634d26402362575171,False,True,True,COMPLETE,2.0,0.0,2.2737367544323206e-13,7.105427357601002e-14,1.0526761480179191e-14,55
0.7027083333333334,3373,8.0,m08_b08_g200_t200_mu000,673,0.2782677491646575,0.017012992574823905,0.5000000000000016,0.5000000000000006,0.49999999999999906,1.0040715354937841e-16,0.8090991710288844,1.0,1.0,0.0,0.2,-36.85955601100998,0.10211931195190349,-100.60216163816169,0.2096769180433706,-137.46171764917167,0.22823907935288312,4.2355710667537,stage3-coarse-20260729,1.0,2.0,8,cpu,40,0.0,0.007841932813280368,3.8961630484162225e-06,0.25,4800,1.8447762367163762,0.045856949029774316,5.3359081218423645,3.2668535714844915,0.03931279075227362,2.5558149041004334,0.0034113991838312387,983ddec908698cd2ea9472e6e53a6ded89000ec5ef811be50e768db33a3e6aac,977609581,40,b4459ae0d1c64ba021ffce634d26402362575171,False,True,True,COMPLETE,2.0,0.0,2.2737367544323206e-13,1.1937117960769684e-13,1.818169361696285e-14,56
0.7172916666666667,3443,8.0,m08_b08_g200_t200_mup15,674,0.1629825568864221,0.014233490316138872,0.6355139718146041,0.6180884317118134,0.6060007940617034,0.00404456735270393,5.6285774736895595,1.0,1.0,0.0,0.2,-34.07372894726351,0.10455442864493437,-158.07688130832344,0.33499581667183637,-192.15061025558697,0.34719104112052085,5.866995006225113,stage3-coarse-20260729,1.0,2.0,8,cpu,40,1.5,0.007413077098863666,3.205924619250444e-05,0.25,4800,2.0390345343714187,0.06150015025711583,5.659079928009314,2.830549631938758,0.017988854939417584,2.434792083155089,0.03154662794879558,366574604092dd79783811a3e4ea433bc547f23239ba4cf39959b86bf7b88b58,3901493482,40,b4459ae0d1c64ba021ffce634d26402362575171,False,True,True,COMPLETE,2.0,0.0,6.821210263296962e-13,1.6484591469634324e-13,3.3605006602862244e-14,57
