provenance,time_us,amplitude_ratio,intensity_ratio,phase_wrapped_rad,phase_unwrapped_rad,phase_wrapped_turns,phase_unwrapped_turns,P01_to_0r_diagnostic,P01_to_rprime1_diagnostic,P00_total_rydberg,P01_total_rydberg,P11_total_rydberg
equivalent numerical reoptimization,0.0,0.0,0.0,-0.2737887759784053,-0.2737887759784053,-0.043574837060042775,-0.043574837060042775,0.0,0.0,0.0,0.0,0.0
equivalent numerical reoptimization,0.0006875000000000001,0.010924201080760344,0.00011933816925288547,-0.2737887759784053,-0.2737887759784053,-0.043574837060042775,-0.043574837060042775,5.0104377164422905e-09,5.00909152009828e-09,1.0018183040196095e-08,1.001952923654057e-08,1.0020875432881218e-08
equivalent numerical reoptimization,0.0013750000000000001,0.02184709844846632,0.0004772957106169794,-0.3158042968803535,-0.3158042968803535,-0.05026181489816868,-0.05026181489816868,8.016221588547875e-08,8.007609519409096e-08,1.6015219038768912e-07,1.6023831107956972e-07,1.603244317675053e-07
equivalent numerical reoptimization,0.0020625,0.032767388545650915,0.0010737017521016549,-0.3158042968803535,-0.3158042968803535,-0.05026181489816868,-0.05026181489816868,4.0560392500608734e-07,4.053254711472029e-07,8.106509422143838e-07,8.109293961532903e-07,8.112078498649038e-07
equivalent numerical reoptimization,0.0027500000000000003,0.043683768126003324,0.001908271597686424,-0.30256562694109956,-0.30256562694109956,-0.04815481513737434,-0.04815481513737434,1.2818639190267326e-06,1.2788528833881753e-06,2.5577057650229785e-06,2.5607168024149077e-06,2.563727835774507e-06
equivalent numerical reoptimization,0.0034375000000000005,0.054594934409900556,0.0029806068632213436,-0.30256562694109956,-0.30256562694109956,-0.04815481513737434,-0.04815481513737434,3.129354002874738e-06,3.111765446350627e-06,6.223530878805178e-06,6.241119449225365e-06,6.258707982149807e-06
equivalent numerical reoptimization,0.004125,0.06549958523988343,0.004290195666596755,-0.3299225901574366,-0.3299225901574366,-0.05250881106123753,-0.05250881106123753,6.488013412781855e-06,6.429618960324228e-06,1.2859237861656836e-05,1.2917632373106083e-05,1.2976026652795745e-05
equivalent numerical reoptimization,0.004812500000000001,0.07639641923605836,0.005836412872091588,-0.3299225901574366,-0.3299225901574366,-0.05250881106123753,-0.05250881106123753,1.201556847755652e-05,1.1885004089151673e-05,2.3770008018803453e-05,2.3900572566708193e-05,2.403113603409362e-05
equivalent numerical reoptimization,0.0055000000000000005,0.08728413595140613,0.007618520388783549,-0.32493699651281166,-0.32493699651281166,-0.051715329188447935,-0.051715329188447935,2.0491607490279076e-05,2.0204213455916972e-05,4.040842620281132e-05,4.069582094619605e-05,4.098321159166026e-05
equivalent numerical reoptimization,0.0061875,0.09816143602697971,0.009635667522878831,-0.32493699651281166,-0.32493699651281166,-0.051715329188447935,-0.051715329188447935,3.2813447566186924e-05,3.2207582166950964e-05,6.441516166383401e-05,6.50210297331379e-05,6.562688453069502e-05
equivalent numerical reoptimization,0.006875000000000001,0.1090270213469718,0.011886891383793044,-0.33609742891705463,-0.33609742891705463,-0.05349156717262617,-0.05349156717262617,4.999499406472411e-05,4.882021799457026e-05,9.764042829929456e-05,9.881521205929437e-05,9.998995787083569e-05
equivalent numerical reoptimization,0.007562500000000001,0.11987959519363432,0.014371117343789633,-0.33609742891705463,-0.33609742891705463,-0.05349156717262617,-0.05349156717262617,7.316513676835374e-05,7.109871267719451e-05,0.00014219740755162593,0.00014426384944554824,0.0001463301932324002
equivalent numerical reoptimization,0.00825,0.13071786240203087,0.017087159550956275,-0.37505293969403614,-0.37505293969403614,-0.05969152927345238,-0.05969152927345238,0.00010357442180051778,0.00010007609951394106,0.00020015215743566224,0.00020365052131445882,0.00020714865184383178
equivalent numerical reoptimization,0.008937500000000001,0.14154052951460416,0.02003372149527453,-0.37505293969403614,-0.37505293969403614,-0.05969152927345238,-0.05969152927345238,0.0001425423028329579,0.00013726678988177865,0.0002745335088295408,0.00027980909271473655,0.00028508415910128787
equivalent numerical reoptimization,0.009625000000000002,0.15234630493553916,0.023209396627512285,-0.42324275064255296,-0.42324275064255296,-0.06736117589257276,-0.06736117589257276,0.00019158750695022676,0.00018360062780211947,0.0003672010990385387,0.00037518813475234626,0.00038317408908803476
equivalent numerical reoptimization,0.0103125,0.16313389908490458,0.026612669030643833,-0.42324275064255296,-0.42324275064255296,-0.06736117589257276,-0.06736117589257276,0.0002521337923278239,0.00024109432933559964,0.00048218839848463227,0.0004932281216634235,0.0005042656990058905
equivalent numerical reoptimization,0.011000000000000001,0.1739020245525536,0.030241914143476954,-0.45497113865785876,-0.45497113865785876,-0.07241090568154633,-0.07241090568154633,0.0003260413494277903,0.00031046875148739835,0.0006209369298282705,0.0006365101009151886,0.0006520791988693564
equivalent numerical reoptimization,0.011687500000000002,0.18464939625176552,0.03409539953614152,-0.45497113865785876,-0.45497113865785876,-0.07241090568154633,-0.07241090568154633,0.00041490830108434687,0.00039384519047888465,0.0007876892915532805,0.0008087534915632315,0.0008298102594495886
equivalent numerical reoptimization,0.012375,0.19537473157261018,0.03817128573706948,-0.4874433664142625,-0.4874433664142625,-0.07757902124218384,-0.07757902124218384,0.000520862580002108,0.0004919239900925906,0.0009838457313660683,0.0010127865700946986,0.0010417143105417217
equivalent numerical reoptimization,0.013062500000000001,0.20607675053501706,0.04246762711107165,-0.4874433664142625,-0.4874433664142625,-0.07757902124218384,-0.07757902124218384,0.0006455776814566202,0.0006073167887998673,0.0012146295672640032,0.0012528944702564875,0.0012911369993444124
equivalent numerical reoptimization,0.013750000000000002,0.21675417594153015,0.04698237278809181,-0.5388321587100391,-0.5388321587100391,-0.0857578015555794,-0.0857578015555794,0.0007915314615620812,0.0007403092693948112,0.00148061111325351,0.0015318407309568925,0.0015830331823170549
equivalent numerical reoptimization,0.0144375,0.2274057335297309,0.051713367642194974,-0.5388321587100391,-0.5388321587100391,-0.0857578015555794,-0.0857578015555794,0.0009600175125500426,0.0008951556045766804,0.0017902994448012785,0.0018551731171267231,0.0019199866059602532
equivalent numerical reoptimization,0.015125000000000001,0.238030152124311,0.05665835332032264,-0.6047820802444236,-0.6047820802444236,-0.09625405756429932,-0.09625405756429932,0.001154284225724537,0.001070729476092494,0.0021414390218051083,0.0022250137018170312,0.0023084931167789233
equivalent numerical reoptimization,0.0158125,0.2486261637887765,0.06181496932032352,-0.6047820802444236,-0.6047820802444236,-0.09625405756429932,-0.09625405756429932,0.0013746840908706237,0.0012734106220300297,0.0025467918127267887,0.0026480947129006536,0.0027492500136391575
equivalent numerical reoptimization,0.0165,0.2591925039767658,0.06718075411774575,-0.6559707427007214,-0.6559707427007214,-0.10440098622448164,-0.10440098622448164,0.0016257613033531667,0.0015001745390991563,0.0030003017981467105,0.003125935842452323,0.0032513454364182692
equivalent numerical reoptimization,0.0171875,0.26972791168296256,0.07275314634085205,-0.6559707427007214,-0.6559707427007214,-0.10440098622448164,-0.10440098622448164,0.001907646426686708,0.0017574523162010795,0.003514834061906943,0.003665098742887787,0.003815028175692633
equivalent numerical reoptimization,0.017875000000000002,0.28023112959358604,0.07852948599329722,-0.7134046072503778,-0.7134046072503778,-0.11354186966842983,-0.11354186966842983,0.0022254778913737396,0.0020418256211313266,0.004083540267091924,0.004267303512505066,0.0044505739002023295
equivalent numerical reoptimization,0.018562500000000003,0.2907009042364419,0.08450701572388497,-0.7134046072503778,-0.7134046072503778,-0.11354186966842983,-0.11354186966842983,0.0025780484160236984,0.002362120576441099,0.004724079716513734,0.004940168992464798,0.0051555447994990605
equivalent numerical reoptimization,0.019250000000000003,0.30113598613051284,0.09068288214279642,-0.8478077691962163,-0.8478077691962163,-0.13493279725929053,-0.13493279725929053,0.00297214558192616,0.002712483523492436,0.005424722411017309,0.005684629105418596,0.005943516902427779
equivalent numerical reoptimization,0.0199375,0.3115351299350743,0.09705413718366364,-0.8478077691962163,-0.8478077691962163,-0.13493279725929053,-0.13493279725929053,0.0033954668135856374,0.003115726053889339,0.0062311370767548,0.006511192867474976,0.006789815680599174
equivalent numerical reoptimization,0.020625,0.32189709459831567,0.10361773951083698,-0.8399681760395864,-0.8399681760395864,-0.1336850872565835,-0.1336850872565835,0.003865858970374591,0.003554237962902991,0.0071080295824457185,0.007420096933277581,0.007730169942505345
equivalent numerical reoptimization,0.0213125,0.33222064350544905,0.11037055597117466,-0.8399681760395864,-0.8399681760395864,-0.1336850872565835,-0.1336850872565835,0.0043876402203643795,0.004026582357649388,0.00805249875068068,0.008414222578013768,0.008773199818492254
equivalent numerical reoptimization,0.022000000000000002,0.3425045446262897,0.11730936308966208,-0.9029118521241838,-0.9029118521241838,-0.1437028844418223,-0.1437028844418223,0.004962901495201048,0.004534144724832941,0.009067295350111903,0.00949704622003399,0.009923054040291257
equivalent numerical reoptimization,0.022687500000000003,0.35274757066228807,0.12443084860814592,-0.9029118521241838,-0.9029118521241838,-0.1437028844418223,-0.1437028844418223,0.0055839029450442555,0.005094659473135937,0.01018793031771245,0.010678562418180193,0.01116414616614358
equivalent numerical reoptimization,0.023375000000000003,0.3629484991929979,0.1317316130664496,-0.9657879244509766,-0.9657879244509766,-0.1537099221548349,-0.1537099221548349,0.0062647077365892605,0.005692550848878087,0.011383140576273633,0.011957258585467347,0.012524630303448523
equivalent numerical reoptimization,0.024062500000000004,0.3731061128219621,0.1392081714251147,-0.9657879244509766,-0.9657879244509766,-0.1537099221548349,-0.1537099221548349,0.006994403247046293,0.00634912541836659,0.012695607159123544,0.013343528665412883,0.013982518035256214
equivalent numerical reoptimization,0.02475,0.3832191993219989,0.1468569547289939,-1.0245214307587907,-1.0245214307587907,-0.1630576500088425,-0.1630576500088425,0.00779040061972557,0.007044740899789444,0.014085872784135076,0.014835141519515014,0.015572680431133103
equivalent numerical reoptimization,0.025437500000000002,0.39328655177987115,0.15467431181090127,-1.0245214307587907,-1.0245214307587907,-0.1630576500088425,-0.1630576500088425,0.008639303863716512,0.007803192193278468,0.015601621963886723,0.01644249605699498,0.017268093303989453
equivalent numerical reoptimization,0.026125000000000002,0.4033069687403213,0.16265651103450648,-1.0894221792663805,-1.0894221792663805,-0.1733869249441894,-0.1733869249441894,0.009561175347211672,0.008601510079291953,0.017196668546416216,0.018162685426503625,0.01910895162987395
equivalent numerical reoptimization,0.026812500000000003,0.4132792543494554,0.17079974207564186,-1.0894221792663805,-1.0894221792663805,-0.1733869249441894,-0.1733869249441894,0.01053631783352814,0.009471103669972811,0.018934001411110082,0.020007421503500954,0.02105549828834194
equivalent numerical reoptimization,0.027500000000000004,0.42320221849745815,0.1791001177411703,-1.126278874870542,-1.126278874870542,-0.179252850235625,-0.179252850235625,0.01159113889948922,0.010381112269214357,0.02075151066384015,0.021972251168703577,0.023160686007788905
equivalent numerical reoptimization,0.028187500000000004,0.4330746769606227,0.18755367582454768,-1.126278874870542,-1.126278874870542,-0.179252850235625,-0.179252850235625,0.012713532158261025,0.011351909219385795,0.02269002686410391,0.02406544137764682,0.02539994630700212
equivalent numerical reoptimization,0.028875,0.442895451542678,0.19615638099719265,-1.175231119115024,-1.175231119115024,-0.1870438418825761,-0.1870438418825761,0.013922655205951123,0.01236070719449399,0.024703595483798572,0.026283362400445112,0.027811643285526752
equivalent numerical reoptimization,0.029562500000000002,0.4526633702153969,0.20490412673476144,-1.175231119115024,-1.175231119115024,-0.1870438418825761,-0.1870438418825761,0.01519782240615442,0.013440927145917245,0.026859290794967246,0.028638749552071664,0.030353801589257896
equivalent numerical reoptimization,0.030250000000000003,0.46237726725846773,0.2137927372774085,-1.2075078707799285,-1.2075078707799285,-0.19218084645699524,-0.19218084645699524,0.01656669569355119,0.01455672573876341,0.029084802282605005,0.0311234214323146,0.03308192746478413
equivalent numerical reoptimization,0.030937500000000003,0.4720359833986137,0.2228179696230963,-1.2075078707799285,-1.2075078707799285,-0.19218084645699524,-0.19218084645699524,0.01801452549880691,0.01573299676539559,0.031430058461665314,0.033747522264202495,0.03596588148566972
equivalent numerical reoptimization,0.031625,0.48163836594794224,0.2319755155530039,-1.2241641489281219,-1.2241641489281219,-0.19483177545779373,-0.19483177545779373,0.019563240137144045,0.016939799611847273,0.03383453725773113,0.036503039748991314,0.039049595816128
equivalent numerical reoptimization,0.0323125,0.4911832689415094,0.24126100368806713,-1.2241641489281219,-1.2241641489281219,-0.19483177545779373,-0.19483177545779373,0.021206089031935653,0.018190316409191987,0.0363245731908745,0.039396405441127644,0.04231894596348587
equivalent numerical reoptimization,0.033,0.5006695532740801,0.250670001575667,-1.2226585467563675,-1.2226585467563675,-0.19459215142982914,-0.19459215142982914,0.02295718538460859,0.01946353585044816,0.038857565967699466,0.042420721235056746,0.04580202393215855
equivalent numerical reoptimization,0.0336875,0.5100960868360725,0.2601980178054741,-1.2226585467563675,-1.2226585467563675,-0.19459215142982914,-0.19459215142982914,0.024821306945818696,0.020752263662032363,0.04141875923462752,0.045573570607851055,0.04950794942143409
equivalent numerical reoptimization,0.034375,0.5194617446486646,0.2698405041534344,-1.2031914005419038,-1.2031914005419038,-0.19149385888190454,-0.19149385888190454,0.026801226761845463,0.022052719158857332,0.044000264609965097,0.048853945920702795,0.05344168805231771
equivalent numerical reoptimization,0.0350625,0.5287654089980514,0.2795928577528765,-1.2031914005419038,-1.2031914005419038,-0.19149385888190454,-0.19149385888190454,0.028913657537269752,0.023329551996413296,0.04653051626467973,0.05224320953368305,0.05763664182611052
equivalent numerical reoptimization,0.035750000000000004,0.5380059695688357,0.289450423291703,-1.1633966810689709,-1.1633966810689709,-0.18516033256883196,-0.18516033256883196,0.031149568246271072,0.024604190463658533,0.04905249907341362,0.0557537587099296,0.062073410432671755
equivalent numerical reoptimization,0.036437500000000005,0.5471823235765341,0.2994084952346148,-1.1633966810689709,-1.1633966810689709,-0.18516033256883196,-0.18516033256883196,0.0335372433591354,0.025799570917892613,0.051410479750199974,0.05933681427702801,0.06680941341457078
equivalent numerical reoptimization,0.037125000000000005,0.5562933758991851,0.3094623200693121,-1.1024891182155505,-1.1024891182155505,-0.17546659286902982,-0.17546659286902982,0.03605614661499178,0.02697621536207547,0.0537264126109678,0.06303236197706724,0.07180091201827678
equivalent numerical reoptimization,0.037812500000000006,0.565338039208044,0.31960709857559594,-1.1024891182155505,-1.1024891182155505,-0.17546659286902982,-0.17546659286902982,0.03874067763667066,0.028002613260421215,0.05573473273203056,0.06674329089709188,0.07711909640195494
equivalent numerical reoptimization,0.038500000000000006,0.5743152340973452,0.3298379881162884,-1.020971806549034,-1.020971806549034,-0.1624927097697411,-0.1624927097697411,0.041564116812264865,0.028992231590169025,0.057664389245579525,0.07055634840243388,0.08270573341460068
equivalent numerical reoptimization,0.03918750000000001,0.5832238892131214,0.3401501049488793,-1.020971806549034,-1.020971806549034,-0.1624927097697411,-0.1624927097697411,0.04455549538273208,0.029750083462971116,0.05912185024728178,0.0743055788457032,0.08862372360349263
equivalent numerical reoptimization,0.039875,0.5920629413810604,0.35053852655679296,-1.020971806549034,-1.020971806549034,-0.1624927097697411,-0.1624927097697411,0.047693194043662575,0.030453600501792393,0.06046534022705154,0.07814679454545496,0.0948218468979163
equivalent numerical reoptimization,0.0405625,0.600831335733386,0.3609982939991648,-0.9204565169093741,-0.9204565169093741,-0.14649520456727563,-0.14649520456727563,0.0509834747247216,0.03084271345311165,0.06117025931761982,0.08182618817783326,0.10132106429152361
equivalent numerical reoptimization,0.04125,0.609528025834748,0.3715244142780052,-0.8030445403374992,-0.8030445403374992,-0.12780850811767194,-0.12780850811767194,0.054426974979764633,0.031163189140659405,0.0617329250514495,0.08559016412042404,0.10811016988865454
equivalent numerical reoptimization,0.0419375,0.6181519738071058,0.3821118627216209,-0.8030445403374992,-0.8030445403374992,-0.12780850811767194,-0.12780850811767194,0.05798526119964223,0.03109776443808272,0.06151375003747374,0.08908302563772495,0.11512574712356237
equivalent numerical reoptimization,0.042625,0.6267021504535898,0.3927555853831539,-0.6708611731539874,-0.6708611731539874,-0.10677087183588502,-0.10677087183588502,0.061702899230884296,0.030955822055618386,0.06113758690755046,0.09265872128650268,0.12243838655067109
equivalent numerical reoptimization,0.043312500000000004,0.6351775353813286,0.40345050145309896,-0.6708611731539874,-0.6708611731539874,-0.10677087183588502,-0.10677087183588502,0.06547213919913972,0.030380815007609394,0.059886124121388946,0.09585295420674911,0.12985275007519176
equivalent numerical reoptimization,0.044000000000000004,0.6435771171232237,0.41419150568463964,-0.5291531987228578,-0.5291531987228578,-0.08421734722963083,-0.08421734722963083,0.06940586140409857,0.02973089293916163,0.05848275553236843,0.0991367543432602,0.13756819521773175
equivalent numerical reoptimization,0.044687500000000005,0.6518998932586598,0.42497347083065207,-0.5291531987228578,-0.5291531987228578,-0.08421734722963083,-0.08421734722963083,0.0733072648176814,0.02864541266260869,0.05620140745764016,0.10195267748029009,0.1452192042413032
equivalent numerical reoptimization,0.045375000000000006,0.6601448705331355,0.4357912500912103,-0.381409050795915,-0.381409050795915,-0.06070313577415767,-0.06070313577415767,0.07737715596800505,0.027498303127334114,0.05379750110925802,0.10487545909533917,0.15317187447993252
equivalent numerical reoptimization,0.046062500000000006,0.6683110649768005,0.4466396795704252,-0.381409050795915,-0.381409050795915,-0.06070313577415767,-0.06070313577415767,0.08131627352475242,0.025958929941574532,0.050605746508656374,0.10727520346632695,0.16086496867766037
equivalent numerical reoptimization,0.04675000000000001,0.676397502021883,0.4575135807414432,-0.21913588559969438,-0.21913588559969438,-0.034876559402011446,-0.034876559402011446,0.08542673780901991,0.02438346149308704,0.04734612640569951,0.10981019930210695,0.16885688315156375
equivalent numerical reoptimization,0.04743750000000001,0.684403216618998,0.468407762918431,-0.21913588559969438,-0.21913588559969438,-0.034876559402011446,-0.034876559402011446,0.08926649354283703,0.02248210401818638,0.04343556336658285,0.1117485975610234,0.17631528343102215
equivalent numerical reoptimization,0.04812500000000001,0.6923272533523163,0.4793170257343623,-0.07381257017792774,-0.07381257017792774,-0.01174763540613462,-0.01174763540613462,0.09327899129860281,0.020582680187969372,0.039537593237172,0.11386167148657218,0.18406583745928867
equivalent numerical reoptimization,0.0488125,0.7001686665535869,0.4902361616234279,-0.07381257017792774,-0.07381257017792774,-0.01174763540613462,-0.01174763540613462,0.09696808116620638,0.018507981357858746,0.0352953605200575,0.11547606252406513,0.19117255569759978
equivalent numerical reoptimization,0.0495,0.7079265204149937,0.5011599583068805,0.07081676457712177,0.07081676457712177,0.011270838136223966,0.011270838136223966,0.10083098620060628,0.016479765552256123,0.031159542611062366,0.1173107517528624,0.19856338564250206
equivalent numerical reoptimization,0.0501875,0.715599889100837,0.5120832012811303,0.07081676457712177,0.07081676457712177,0.011270838136223966,0.011270838136223966,0.10428056857449526,0.014406539347635434,0.02694442717515722,0.11868710792213069,0.20513156036998068
equivalent numerical reoptimization,0.050875000000000004,0.7231878568580237,0.5230006763069013,0.1966697674049524,0.1966697674049524,0.031300965639231494,0.031300965639231494,0.1079043069078837,0.012428507797674102,0.022938030982942538,0.1203328147055578,0.21197406117297993
equivalent numerical reoptimization,0.051562500000000004,0.7306895181253555,0.5339071718982643,0.1966697674049524,0.1966697674049524,0.031300965639231494,0.031300965639231494,0.11111784447163302,0.01053822843100387,0.019122279769971186,0.12165607290263689,0.2179909392702819
equivalent numerical reoptimization,0.052250000000000005,0.7381039776416002,0.5447974818103518,0.29402951238819935,0.29402951238819935,0.0467962503114816,0.0467962503114816,0.1145060999871665,0.008789451042727716,0.01561258230550114,0.12329555102989422,0.22427283115862948
equivalent numerical reoptimization,0.052937500000000005,0.7454303505523328,0.5556664075245737,0.29402951238819935,0.29402951238819935,0.0467962503114816,0.0467962503114816,0.1175707054899197,0.007223913546212087,0.012488898099723212,0.12479461903613179,0.2298832079846859
equivalent numerical reoptimization,0.053625000000000006,0.7526677625155367,0.5665087607301443,0.38588678825954764,0.38588678825954764,0.061415789825362575,0.061415789825362575,0.1208114273896388,0.00583908864299363,0.009754165183724302,0.12665051603263244,0.23575126427482238
equivalent numerical reoptimization,0.05431250000000001,0.7598153498059483,0.5773193658007356,0.38588678825954764,0.38588678825954764,0.061415789825362575,0.061415789825362575,0.12372027442738726,0.004705456278677772,0.0075440777081383775,0.12842573070606503,0.24092543610347356
equivalent numerical reoptimization,0.05500000000000001,0.7668722594181361,0.588093062265077,0.4479726489963197,0.4479726489963197,0.07129706145773487,0.07129706145773487,0.12680629201798654,0.0037850884035346543,0.0057922302286633545,0.13059138042152119,0.2463500520768873
equivalent numerical reoptimization,0.05568750000000001,0.7738376491682994,0.5988247072703201,0.4479726489963197,0.4479726489963197,0.07129706145773487,0.07129706145773487,0.1297054443862852,0.003141364820234445,0.004620836799498558,0.13284680920651964,0.25134415774294694
equivalent numerical reoptimization,0.05637500000000001,0.7807106877947764,0.6095091780369928,0.48662980355641544,0.48662980355641544,0.07744953869184151,0.07744953869184151,0.13278366323407662,0.002733531673205628,0.0039569803301541355,0.13551719490728226,0.2565840291485613
equivalent numerical reoptimization,0.05706250000000001,0.7874905550572477,0.6201413743043721,0.48662980355641544,0.48662980355641544,0.07744953869184151,0.07744953869184151,0.13580484962399067,0.002605802682640058,0.0038859514060804925,0.13841065230663072,0.26162793581375715
equivalent numerical reoptimization,0.05775,0.7941764418346262,0.6307162207651075,0.5128021465035568,0.5128021465035568,0.08161499644417536,0.08161499644417536,0.13900729738466258,0.002727594109570836,0.004353820912945361,0.1417348914942334,0.26691457028115534
equivalent numerical reoptimization,0.0584375,0.8007675502216182,0.6412286694879318,0.5128021465035568,0.5128021465035568,0.08161499644417536,0.08161499644417536,0.14222598819806645,0.0031277098934760625,0.005415977378431964,0.1453536980915425,0.2721349835039185
equivalent numerical reoptimization,0.059125000000000004,0.8072630936239468,0.651673702327305,0.5163139992446731,0.5163139992446731,0.08217392516733485,0.08217392516733485,0.14562762639291635,0.0037828683741723914,0.007032251161966831,0.14941049476708873,0.2775953017530666
equivalent numerical reoptimization,0.059812500000000005,0.8136622968522262,0.6620463333188403,0.5163139992446731,0.5163139992446731,0.08217392516733485,0.08217392516733485,0.14919035213711526,0.0046963485318640644,0.009210811645789529,0.15388670066897933,0.2832524671841947
equivalent numerical reoptimization,0.060500000000000005,0.8199643962144735,0.6723416110593661,0.5060439783162246,0.5060439783162246,0.08053940057091505,0.08053940057091505,0.15293749147486413,0.005863379017573698,0.011945110370252473,0.15880087049243782,0.2891474662155898
equivalent numerical reoptimization,0.061187500000000006,0.8261686396072485,0.6825546210704917,0.5060439783162246,0.5060439783162246,0.08053940057091505,0.08053940057091505,0.1569369459811435,0.007273301627835605,0.015218664317001711,0.1642102476089791,0.29540445586624764
equivalent numerical reoptimization,0.061875000000000006,0.8322742866054128,0.6926804881445489,0.48819889891675805,0.48819889891675805,0.0776992679746226,0.0776992679746226,0.1611213228917089,0.008929124013721167,0.019037658733086278,0.17005044690543009,0.30189651457636735
equivalent numerical reoptimization,0.06256250000000001,0.8382806085504915,0.7027143786717823,0.48819889891675805,0.48819889891675805,0.0776992679746226,0.0776992679746226,0.16560797689434079,0.010815042882714882,0.02337774915723324,0.17642301977705566,0.3088410126791998
equivalent numerical reoptimization,0.06325,0.8441868886376332,0.7126515029476878,0.46515943482228456,0.46515943482228456,0.0740324233777989,0.0740324233777989,0.17027859941283127,0.012933347302896043,0.028241454862095432,0.18321194671572733,0.31601610795428875
equivalent numerical reoptimization,0.06393750000000001,0.849992422001156,0.7224871174593912,0.46515943482228456,0.46515943482228456,0.0740324233777989,0.0740324233777989,0.17528349619915265,0.015268286715982585,0.03360677361686179,0.19055178291513525,0.3237025971846792
equivalent numerical reoptimization,0.064625,0.8556965157986647,0.7322165271499744,0.43761467472960736,0.4376146747296074,0.06964853865276895,0.06964853865276896,0.18046971155702027,0.017816560659980447,0.039462767836676016,0.1982862722170007,0.3316129720712288
equivalent numerical reoptimization,0.06531250000000001,0.8612984892937385,0.7418350876596762,0.43761467472960736,0.4376146747296074,0.06964853865276895,0.06964853865276896,0.18601456467545996,0.020566626261490493,0.04579833326633071,0.20658119093695046,0.34008140725870467
equivalent numerical reoptimization,0.066,0.86679767393717,0.7513382075428885,0.4073333498307451,0.4073333498307451,0.06482911611174333,0.06482911611174333,0.19173629271313933,0.023505947499492908,0.052581267520867905,0.21524224021263225,0.3487644537630494
equivalent numerical reoptimization,0.06668750000000001,0.8721934134467509,0.760721350459895,0.4073333498307451,0.4073333498307451,0.06482911611174333,0.06482911611174333,0.19782599535290557,0.02663074349205101,0.059818325892320806,0.2244567388449566,0.35802572861124765
equivalent numerical reoptimization,0.067375,0.8774850638855941,0.7699800373423051,0.3762120322232703,0.3762120322232703,0.05987600457898089,0.05987600457898089,0.20408624855713525,0.029916002532161427,0.06744928584114228,0.23400225108929668,0.3674894293630999
equivalent numerical reoptimization,0.06806250000000001,0.8826719937389825,0.7791098485311504,0.3762120322232703,0.3762120322232703,0.05987600457898089,0.05987600457898089,0.21070840149135495,0.033367593316165366,0.07550220386253786,0.24407599480752032,0.37752351886808866
equivalent numerical reoptimization,0.06875,0.8877535839897348,0.7881064258866192,0.3466721535347536,0.3466721535347536,0.055174586867368515,0.055174586867368515,0.2174928818572371,0.03694638018613413,0.08388533021620996,0.25443926204337125,0.3877446821800747
equivalent numerical reoptimization,0.06943750000000001,0.8927292281920798,0.7969654748684265,0.3466721535347536,0.3466721535347536,0.055174586867368515,0.055174586867368515,0.2246156902549351,0.04066704923080369,0.09264545997917348,0.26528273948573877,0.39849519451074006
equivalent numerical reoptimization,0.070125,0.8975983325440312,0.8056827665858253,0.281380086724202,0.281380086724202,0.04478303168978295,0.04478303168978295,0.23189075044805538,0.04447726386890156,0.10166136391677283,0.27636801431695696,0.40941409699384207
equivalent numerical reoptimization,0.0708125,0.9023603159582531,0.8142541398162783,0.281380086724202,0.281380086724202,0.04478303168978295,0.04478303168978295,0.23969311027118706,0.04845938941491682,0.11114229586662776,0.2881524996861039,0.421242481780251
equivalent numerical reoptimization,0.07150000000000001,0.9070146101314068,0.8226755029918279,0.2870155640568998,0.2870155640568998,0.045679945763964135,0.045679945763964135,0.24763694143610682,0.05249993824653333,0.12081904636512415,0.30013687968264013,0.4332190930328526
equivalent numerical reoptimization,0.0721875,0.9115606596119746,0.8309428361522183,0.2870155640568998,0.2870155640568998,0.045679945763964135,0.045679945763964135,0.25568339007413027,0.05656117694529467,0.13060776798095597,0.31224456701942493,0.44526690288266557
equivalent numerical reoptimization,0.07287500000000001,0.9159979218665476,0.8390521928638338,0.2637161315212982,0.2637161315212982,0.041971725904687,0.041971725904687,0.2638569917165219,0.060627162944292955,0.14047650009117232,0.3244841546608148,0.45743544866711416
equivalent numerical reoptimization,0.0735625,0.9203258673445721,0.8469997021035389,0.2637161315212982,0.2637161315212982,0.041971725904687,0.041971725904687,0.272281559774639,0.06473369687412493,0.15051710647176086,0.337015256648764,0.469973661197048
equivalent numerical reoptimization,0.07425000000000001,0.9245439795415483,0.8547815701065229,0.2464800810269674,0.2464800810269674,0.039228523269132745,0.039228523269132745,0.2808188868290273,0.06879882570809949,0.1605370325779023,0.34961771253712676,0.482604445865235
equivalent numerical reoptimization,0.0749375,0.9286517550606697,0.862394082177262,0.2464800810269674,0.2464800810269674,0.039228523269132745,0.039228523269132745,0.2895561779087186,0.07285079060549697,0.17060861636096677,0.3624069685142156,0.4955043379166658
equivalent numerical reoptimization,0.07562500000000001,0.9326487036729001,0.869833604462741,0.23581509570454798,0.23581509570454798,0.03753113813706719,0.03753113813706719,0.2983909147294408,0.07681346800907562,0.18055091112392105,0.3752043827385164,0.5084658437236137
equivalent numerical reoptimization,0.0763125,0.9365343483754776,0.8770965856870804,0.23581509570454798,0.23581509570454798,0.03753113813706719,0.03753113813706719,0.30737316819673915,0.08070031181768739,0.19039902174861437,0.38807348001442654,0.5215902692873583
equivalent numerical reoptimization,0.07700000000000001,0.9403082254488421,0.8841795588467504,0.23225732085864725,0.23225732085864725,0.03696490068393408,0.03696490068393408,0.31643700631591715,0.08444961632240704,0.20000374136817312,0.4008866226383242,0.5347429648362583
equivalent numerical reoptimization,0.0776875,0.9439698845119752,0.8910791428655518,0.23225732085864725,0.23225732085864725,0.03696490068393408,0.03696490068393408,0.32559374495591625,0.08805181946332623,0.2093418989821291,0.4136455644192425,0.5479457358899296
equivalent numerical reoptimization,0.07837500000000001,0.9475188885761502,0.8977920442085829,0.23618457252265684,0.23618457252265684,0.03758994219902708,0.03758994219902708,0.33481604503503554,0.09146949141931654,0.21832029579325193,0.4262855364543521,0.56114150965459
equivalent numerical reoptimization,0.07906250000000001,0.9509548140970826,0.904315058454417,0.23618457252265684,0.23618457252265684,0.03758994219902708,0.03758994219902708,0.34407426868949414,0.0946621084268957,0.2268359338558744,0.43873637711638985,0.5742683638270599
equivalent numerical reoptimization,0.07975,0.9542772510254774,0.9106450718247421,0.23618457252265684,0.23618457252265684,0.03758994219902708,0.03758994219902708,0.35338226212539425,0.09762640878480552,0.23487740138321048,0.4510086709101998,0.5873515497508331
equivalent numerical reoptimization,0.08043750000000001,0.957485802855964,0.9167790626707298,0.24744313432793014,0.24744313432793014,0.039381797962441935,0.039381797962441935,0.36266841536212974,0.10028611099191279,0.24224684623062906,0.46295452635404255,0.6002450914603762
equivalent numerical reoptimization,0.081125,0.9605800866744165,0.9227141029154295,0.23473266932337775,0.23473266932337775,0.037358864627970875,0.037358864627970875,0.3719891703972367,0.10267919899787098,0.2490350543961956,0.4746683693951077,0.61305746760027
equivalent numerical reoptimization,0.08181250000000001,0.9635597332036514,0.9284473594514919,0.23473266932337775,0.23473266932337775,0.037358864627970875,0.037358864627970875,0.38141084129005676,0.10485923705570682,0.2553745894374588,0.4862700783457636,0.6259147448324903
equivalent numerical reoptimization,0.0825,0.9664243868474975,0.9339760954935615,0.29720681569209717,0.29720681569209717,0.047301933837999154,0.047301933837999154,0.390853270887507,0.10674655685587527,0.26105179612118123,0.49759982774338224,0.6386537803909198
equivalent numerical reoptimization,0.08318750000000001,0.9691737057332335,0.9392976718846883,0.29720681569209717,0.29720681569209717,0.047301933837999154,0.047301933837999154,0.3999274240379789,0.10797745489772786,0.2650943171533275,0.5079048789357068,0.6505210382713423
equivalent numerical reoptimization,0.083875,0.9718073617523877,0.9444095483561361,0.3334633481465194,0.3334633481465194,0.05307234019749218,0.05307234019749218,0.4090086410102277,0.1088897311621649,0.26838368294304077,0.5178983721723927,0.6622311000976955
equivalent numerical reoptimization,0.08456250000000001,0.9743250405998947,0.9493092847399864,0.3334633481465194,0.3334633481465194,0.05307234019749218,0.05307234019749218,0.41784851894323216,0.10927005824644806,0.270328280553794,0.5271185771896802,0.6733160503398409
equivalent numerical reoptimization,0.08525,0.9767264418116057,0.9539945421339601,0.37476540211413634,0.37476540211413634,0.05964576624628664,0.05964576624628664,0.4266842845203414,0.10932413475517454,0.27147229570332726,0.5360084192755159,0.6842077140901967
equivalent numerical reoptimization,0.08593750000000001,0.9790112788001462,0.9584630840178975,0.37476540211413634,0.37476540211413634,0.05964576624628664,0.05964576624628664,0.4352148516170828,0.10881844460670435,0.2711473307300253,0.5440332962237872,0.694356330297825
equivalent numerical reoptimization,0.08662500000000001,0.9811792788891172,0.962712777321368,0.418606662257173,0.4186066622571731,0.06662331950942862,0.06662331950942864,0.44373205625697903,0.10799338679349574,0.27000755322451936,0.5517254430504748,0.7042775237065259
equivalent numerical reoptimization,0.08731250000000002,0.9832301833456378,0.9667415934418966,0.418606662257173,0.4186066622571731,0.06662331950942862,0.06662331950942864,0.45189519034377323,0.10661780545710181,0.2673650177993822,0.558512995800875,0.7133687444125689
equivalent numerical reoptimization,0.08800000000000001,0.9851637474112226,0.9705476092133232,0.4622779830629324,0.4622779830629324,0.07357382608701717,0.07357382608701717,0.46003778467126916,0.10494476828548438,0.2639299604551908,0.5649825529567536,0.7222010307662966
equivalent numerical reoptimization,0.0886875,0.9869797403309909,0.9741290078238302,0.4622779830629324,0.4622779830629324,0.07357382608701717,0.07357382608701717,0.4677990327347758,0.10276796375375923,0.25905696791783034,0.570566996488535,0.730156119303557
equivalent numerical reoptimization,0.08937500000000001,0.9886779453812065,0.9774840796832038,0.5026335179829238,0.5026335179829238,0.07999660895065139,0.07999660895065139,0.4755346510692039,0.10032975700653145,0.2534501945690828,0.5758644080757354,0.7378239388952805
equivalent numerical reoptimization,0.0900625,0.9902581598951409,0.9806112232389104,0.5026335179829238,0.5026335179829238,0.07999660895065139,0.07999660895065139,0.48289229883011997,0.09746839720585779,0.2465679314381957,0.5803606960359777,0.7446185224856223
equivalent numerical reoptimization,0.09075000000000001,0.9917201952872604,0.9835089457406019,0.5335438905096149,0.5335438905096149,0.0849161475310862,0.0849161475310862,0.49022118446796437,0.09439351130619382,0.23904328247449308,0.5846146957741581,0.7511010746745889
equivalent numerical reoptimization,0.0914375,0.9930638770757324,0.9861758639526853,0.5335438905096149,0.5335438905096149,0.0849161475310862,0.0849161475310862,0.49723869246486957,0.09101048244526104,0.2305211450691038,0.5882491749101306,0.7568128955346568
equivalent numerical reoptimization,0.09212500000000001,0.9942890449032477,0.9886107048146124,0.6478444015497031,0.6478444015497031,0.103107638861046,0.103107638861046,0.5042259825284401,0.08746941872690543,0.22147169782850507,0.5916954012553455,0.7621916784839069
equivalent numerical reoptimization,0.0928125,0.9953955525561583,0.9908123060485797,0.6478444015497031,0.6478444015497031,0.103107638861046,0.103107638861046,0.5100663471558502,0.08346296039194513,0.21068979470636479,0.5935293075477953,0.7655268943233071
equivalent numerical reoptimization,0.09350000000000001,0.996383267981927,0.9927796167143446,0.5923449023156993,0.5923449023156993,0.09427461921882942,0.09427461921882942,0.5158761271569915,0.07938439455970253,0.19958160534593722,0.595260521716694,0.7685120290894363
equivalent numerical reoptimization,0.09418750000000001,0.9972520733048862,0.9945116977108941,0.5923449023156993,0.5923449023156993,0.09427461921882942,0.09427461921882942,0.5222178988270659,0.07538099611999818,0.18872864064764497,0.5975988949470641,0.7719777131126728
equivalent numerical reoptimization,0.09487500000000001,0.9980018648403056,0.9960077222247277,0.6067161485435913,0.6067161485435913,0.0965618740943892,0.0965618740943892,0.5285312431370867,0.07134946428104695,0.1776453053970122,0.5998807074181336,0.7750827200095511
equivalent numerical reoptimization,0.09556250000000001,0.9986325531067666,0.997266976124539,0.6067161485435913,0.6067161485435913,0.0965618740943892,0.0965618740943892,0.5346709201751596,0.0672974489407875,0.16628745330388084,0.6019683691159471,0.7776059464054318
equivalent numerical reoptimization,0.09625000000000002,0.9991440628368403,0.9982888583021079,0.6103203719489668,0.6103203719489668,0.09713550406536221,0.09713550406536221,0.5407829887375908,0.06327985028267878,0.15485171778610252,0.6040628390202696,0.7797586218860286
equivalent numerical reoptimization,0.09693750000000001,0.9995363329860707,0.9990728809592412,0.6103203719489668,0.6103203719489668,0.09713550406536221,0.09713550406536221,0.5468305588118573,0.05932255043175773,0.1433877707125877,0.606153109243615,0.7814827794913148
equivalent numerical reoptimization,0.097625,0.9998093167402596,0.9996186698406249,0.6057218318213107,0.6057218318213107,0.0964036236730393,0.0964036236730393,0.5528510067129241,0.05545740195404494,0.13199333122625118,0.608308408666969,0.7828296836476122
equivalent numerical reoptimization,0.09831250000000001,0.9999629815210536,0.9999259644124749,0.6057218318213107,0.6057218318213107,0.0964036236730393,0.0964036236730393,0.558892292827781,0.05171208800615532,0.1207617701192876,0.6106043808339363,0.7838663143813756
equivalent numerical reoptimization,0.099,1.0,1.0,0.5767814214625058,0.5767814214625058,0.0917976143093276,0.0917976143093276,0.5649060446202369,0.048110559919219045,0.10973886059481124,0.613016604539456,0.7845217361995673
equivalent numerical reoptimization,0.09968750000000001,1.0,1.0,0.5767814214625058,0.5767814214625058,0.0917976143093276,0.0917976143093276,0.571193913028372,0.04466559477810623,0.09908971229838713,0.6158595078064782,0.7852305358565069
equivalent numerical reoptimization,0.100375,1.0,1.0,0.5653921822390268,0.5653921822390268,0.08998496058885483,0.08998496058885483,0.5774531998821116,0.04140407346958821,0.08876236009722531,0.6188572733516998,0.7855561713630869
equivalent numerical reoptimization,0.10106250000000001,1.0,1.0,0.5653921822390268,0.5653921822390268,0.08998496058885483,0.08998496058885483,0.5838014137226525,0.038336929838180225,0.07884451629116407,0.6221383435608328,0.7856694875018061
equivalent numerical reoptimization,0.10175000000000001,1.0,1.0,0.5069843784982317,0.5069843784982317,0.080689069908366,0.080689069908366,0.5901187805690206,0.03549054444819427,0.06936550462657648,0.6256093250172148,0.7853990497264112
equivalent numerical reoptimization,0.10243750000000001,1.0,1.0,0.5069843784982317,0.5069843784982317,0.080689069908366,0.080689069908366,0.5970013268243181,0.032810304501395604,0.060448788149428154,0.6298116313257136,0.7856238212887537
equivalent numerical reoptimization,0.10312500000000001,1.0,1.0,0.458787431501588,0.458787431501588,0.07301828755191207,0.07301828755191207,0.6038485926021635,0.03037203987499029,0.052047181677261925,0.6342206324771538,0.7854649002573227
equivalent numerical reoptimization,0.10381250000000002,1.0,1.0,0.458787431501588,0.458787431501588,0.07301828755191207,0.07301828755191207,0.6111354693023227,0.028117740594238598,0.044232314751294355,0.6392532098965612,0.7856474560124631
equivalent numerical reoptimization,0.10450000000000001,1.0,1.0,0.39175055724478136,0.39175055724478136,0.06234903764451147,0.06234903764451147,0.6183801093571486,0.026122155281328222,0.03700555374517966,0.6445022646384768,0.7854462873011325
equivalent numerical reoptimization,0.10518750000000002,1.0,1.0,0.39175055724478136,0.39175055724478136,0.06234903764451147,0.06234903764451147,0.6262165742943394,0.024282833499698838,0.030400321258195077,0.6504994077940383,0.7858699147154877
equivalent numerical reoptimization,0.10587500000000001,1.0,1.0,0.3230003512539595,0.3230003512539595,0.05140710252248613,0.05140710252248613,0.6340012874213938,0.022709885660483965,0.024436401402338045,0.6567111730818778,0.7859095189717462
equivalent numerical reoptimization,0.1065625,1.0,1.0,0.3230003512539595,0.3230003512539595,0.05140710252248613,0.05140710252248613,0.6423473996357245,0.021286122144658616,0.01911137402734178,0.6636335217803832,0.7865979686258945
equivalent numerical reoptimization,0.10725000000000001,1.0,1.0,0.143433438221134,0.143433438221134,0.02282814069755947,0.02282814069755947,0.6506296364468312,0.020130275680183156,0.014470411689659925,0.6707599121270144,0.7869014170837929
equivalent numerical reoptimization,0.1079375,1.0,1.0,0.143433438221134,0.143433438221134,0.02282814069755947,0.02282814069755947,0.6602639934032918,0.018923158650285283,0.010428004764692874,0.679187152053577,0.7894977702585824
equivalent numerical reoptimization,0.10862500000000001,1.0,1.0,0.14382289606932896,0.14382289606932896,0.02289012483922563,0.02289012483922563,0.6698193016239407,0.017970959883759276,0.0070690761690417716,0.6877902615077,0.7917052267615882
equivalent numerical reoptimization,0.1093125,1.0,1.0,0.14382289606932896,0.14382289606932896,0.02289012483922563,0.02289012483922563,0.6792841849927801,0.01727280845296159,0.004414652167239145,0.6965569934457417,0.793515078433473
equivalent numerical reoptimization,0.11000000000000001,1.0,1.0,0.01709350891943477,0.01709350891943477,0.0027205164393134464,0.0027205164393134464,0.6886524633885865,0.016824549902354432,0.0024809330729836194,0.7054770132909409,0.794930636918143
equivalent numerical reoptimization,0.11068750000000001,1.0,1.0,0.01709350891943477,0.01709350891943477,0.0027205164393134464,0.0027205164393134464,0.6987288146563374,0.016394755987600648,0.0011679841133746332,0.7151235706439381,0.7978039353175364
equivalent numerical reoptimization,0.11137500000000002,1.0,1.0,-0.048884062598295024,-0.048884062598295024,-0.007780140200932294,-0.007780140200932294,0.7086892843669338,0.01619940650391861,0.0005814925915231502,0.7248886908708524,0.8002771788427503
equivalent numerical reoptimization,0.11206250000000001,1.0,1.0,-0.048884062598295024,-0.048884062598295024,-0.007780140200932294,-0.007780140200932294,0.7188806296069817,0.016116566553184962,0.0006686549882852314,0.7349971961601667,0.8032963323478846
equivalent numerical reoptimization,0.11275000000000002,1.0,1.0,-0.130631405685719,-0.130631405685719,-0.0207906339379249,-0.0207906339379249,0.728935120378039,0.016250587179598933,0.0014842139363937014,0.7451857075576379,0.805908052882662
equivalent numerical reoptimization,0.11343750000000001,1.0,1.0,-0.130631405685719,-0.130631405685719,-0.0207906339379249,-0.0207906339379249,0.7392178192597654,0.0164559713336496,0.0029591463808273715,0.755673790593415,0.809267843586531
equivalent numerical reoptimization,0.11412500000000002,1.0,1.0,-0.19689798039353004,-0.19689798039353007,-0.0313372868644414,-0.031337286864441406,0.7493416100862681,0.016857412200920074,0.0051548355484470195,0.7661990222871882,0.8122121794142679
equivalent numerical reoptimization,0.11481250000000001,1.0,1.0,-0.19689798039353004,-0.19689798039353007,-0.0313372868644414,-0.031337286864441406,0.7595451760994052,0.0173397762108021,0.008017303168592217,0.7768849523102073,0.8156613328439382
equivalent numerical reoptimization,0.1155,1.0,1.0,-0.23565925001664523,-0.23565925001664526,-0.037506334525477907,-0.03750633452547791,0.7695671039928541,0.01799455836912258,0.011580935208742342,0.7875616623619767,0.818686442665023
equivalent numerical reoptimization,0.11618750000000001,1.0,1.0,-0.23565925001664523,-0.23565925001664526,-0.037506334525477907,-0.03750633452547791,0.7795185768399505,0.018752893721279452,0.015813065405657075,0.7982714705612299,0.8218175025952194
equivalent numerical reoptimization,0.116875,1.0,1.0,-0.24896453309387345,-0.24896453309387348,-0.039623936096455724,-0.03962393609645573,0.7892655102154172,0.019656645248993698,0.020708712068932256,0.8089221554644109,0.8245162490744302
equivalent numerical reoptimization,0.11756250000000001,1.0,1.0,-0.24896453309387345,-0.24896453309387348,-0.039623936096455724,-0.03962393609645573,0.7988341581356098,0.020673985955095495,0.026241559531619846,0.8195081440907053,0.8269613367775748
equivalent numerical reoptimization,0.11825000000000001,1.0,1.0,-0.2445446137910963,-0.2445446137910963,-0.03892048409135145,-0.03892048409135145,0.8081756626638387,0.02180617308871603,0.03237833197282777,0.8299818357525547,0.8289672011431343
equivalent numerical reoptimization,0.11893750000000002,1.0,1.0,-0.2445446137910963,-0.2445446137910963,-0.03892048409135145,-0.03892048409135145,0.817267000894272,0.023041197561381423,0.03907613984750715,0.8403081984556534,0.8304706544767623
equivalent numerical reoptimization,0.11962500000000001,1.0,1.0,-0.23182051666368647,-0.23182051666368647,-0.036895381137142795,-0.036895381137142795,0.8261093022241426,0.024357544299347816,0.04629661839237061,0.8504668465234904,0.8315301705362279
equivalent numerical reoptimization,0.12031250000000002,1.0,1.0,-0.23182051666368647,-0.23182051666368647,-0.036895381137142795,-0.036895381137142795,0.8346575264311534,0.025747635223255856,0.0539672802225163,0.8604051616544093,0.8319700662242965
equivalent numerical reoptimization,0.12100000000000001,1.0,1.0,-0.21338600094508903,-0.21338600094508903,-0.03396143683702277,-0.03396143683702277,0.8429359002218568,0.027184040453967405,0.06206203490986205,0.8701199406758242,0.8319640102853204
equivalent numerical reoptimization,0.12168750000000002,1.0,1.0,-0.21338600094508903,-0.21338600094508903,-0.03396143683702277,-0.03396143683702277,0.8508833995392492,0.028658155338204046,0.07046749475127272,0.8795415548774532,0.8312595147557291
equivalent numerical reoptimization,0.12237500000000001,1.0,1.0,-0.178536609971763,-0.178536609971763,-0.028414983999875854,-0.028414983999875854,0.8585416555510572,0.030143426462578345,0.07918453753829431,0.8886850820136356,0.8301100218220278
equivalent numerical reoptimization,0.12306250000000002,1.0,1.0,-0.178536609971763,-0.178536609971763,-0.028414983999875854,-0.028414983999875854,0.865799802171525,0.03162866114815797,0.0879894227047602,0.897428463319683,0.8280408034235189
equivalent numerical reoptimization,0.12375000000000001,1.0,1.0,-0.10760040425585574,-0.10760040425585574,-0.017125136216005653,-0.017125136216005653,0.8727510816787206,0.033089874017072335,0.09697639637880572,0.9058409556957929,0.8255309115281223
equivalent numerical reoptimization,0.1244375,1.0,1.0,-0.10760040425585574,-0.10760040425585574,-0.017125136216005653,-0.017125136216005653,0.8791573950266081,0.03449909578947227,0.10562307086996302,0.9136564908160804,0.8216240224538883
equivalent numerical reoptimization,0.12512500000000001,1.0,1.0,0.015512519008241517,0.01551251900824152,0.0024688940799686234,0.002468894079968624,0.8852414081643664,0.03584863895906392,0.11429931758577964,0.9210900471234302,0.8172850798929123
equivalent numerical reoptimization,0.12581250000000002,1.0,1.0,0.015512519008241517,0.01551251900824152,0.0024688940799686234,0.002468894079968624,0.8905284293333706,0.03705968693964395,0.12189455689624604,0.9275881162730145,0.8109076537422101
equivalent numerical reoptimization,0.1265,1.0,1.0,0.19107629915705995,0.19107629915705995,0.030410737518551847,0.030410737518551847,0.8954804743066987,0.0381761123551427,0.12934892444506046,0.9336565866618415,0.8041125699661376
equivalent numerical reoptimization,0.1271875,1.0,1.0,0.19107629915705995,0.19107629915705995,0.030410737518551847,0.030410737518551847,0.8992980166893887,0.0390343859336827,0.13474522817403856,0.9383324026230714,0.7947897703445235
equivalent numerical reoptimization,0.12787500000000002,1.0,1.0,0.4046219859180571,0.4046219859180571,0.06439758914251806,0.06439758914251806,0.9027713858720979,0.03976860165813094,0.13984234301183507,0.9425399875302288,0.7850709651793936
equivalent numerical reoptimization,0.12856250000000002,1.0,1.0,0.4046219859180571,0.4046219859180571,0.06439758914251806,0.06439758914251806,0.9047852272614129,0.04013290671218622,0.1419895665018184,0.944918133973599,0.7727930891540544
equivalent numerical reoptimization,0.12925,1.0,1.0,0.6356970065703101,0.6356970065703101,0.10117432090438593,0.10117432090438593,0.9064499266470949,0.04035631436861922,0.1437386219828059,0.9468062410157141,0.7601487566319209
equivalent numerical reoptimization,0.1299375,1.0,1.0,0.6356970065703101,0.6356970065703101,0.10117432090438593,0.10117432090438593,0.9064670838800942,0.04016109171891959,0.14211648287499104,0.9466281755990138,0.7454406729309073
equivalent numerical reoptimization,0.13062500000000002,1.0,1.0,0.8638400789671333,0.8638400789671333,0.1374844186085125,0.1374844186085125,0.9061348953010244,0.03982618256468298,0.1400943628214572,0.9459610778657074,0.7304028766571861
equivalent numerical reoptimization,0.13131250000000003,1.0,1.0,0.8638400789671333,0.8638400789671333,0.1374844186085125,0.1374844186085125,0.9041760472969971,0.039114452545651456,0.13494055987319098,0.9432904998426486,0.7141377970132209
equivalent numerical reoptimization,0.132,1.0,1.0,1.064450085612581,1.064450085612581,0.16941249279983345,0.16941249279983345,0.9018725293350639,0.038282961862812735,0.12948853829803536,0.9401554911978767,0.6975850555738096
equivalent numerical reoptimization,0.1326875,1.0,1.0,1.064450085612581,1.064450085612581,0.16941249279983345,0.16941249279983345,0.8981841243326729,0.03719283127247038,0.121747961973722,0.9353769556051433,0.6806607012515531
equivalent numerical reoptimization,0.13337500000000002,1.0,1.0,1.2207112161936051,1.2207112161936051,0.19428222414493157,0.19428222414493157,0.8941602218540334,0.03601672198786839,0.11388337139176155,0.9301769438419019,0.6634936564761739
equivalent numerical reoptimization,0.1340625,1.0,1.0,1.2207112161936051,1.2207112161936051,0.19428222414493157,0.19428222414493157,0.88908935708421,0.03471701901902717,0.10475770932569185,0.9238063761032371,0.6464975529316472
equivalent numerical reoptimization,0.13475,1.0,1.0,1.3281772639918847,1.3281772639918847,0.21138597686657767,0.21138597686657767,0.8836959215297028,0.03337158579104542,0.0957057928934269,0.9170675073207482,0.6293046520000459
equivalent numerical reoptimization,0.13543750000000002,1.0,1.0,1.3281772639918847,1.3281772639918847,0.21138597686657767,0.21138597686657767,0.8775593974350595,0.032006345739812814,0.08623313452544308,0.9095657431748723,0.6124487206820912
equivalent numerical reoptimization,0.13612500000000002,1.0,1.0,1.3975480497355004,1.3975480497355004,0.22242668032384288,0.22242668032384288,0.8711161566812639,0.030636348530316656,0.07701810822688171,0.9017525052115805,0.5954417314461419
equivalent numerical reoptimization,0.1368125,1.0,1.0,1.3975480497355004,1.3975480497355004,0.22242668032384288,0.22242668032384288,0.8641313512028497,0.02931159239392221,0.06790911567356346,0.8934429435967719,0.5787401221745552
equivalent numerical reoptimization,0.1375,1.0,1.0,1.4428840970947105,1.4428840970947105,0.22964213636130945,0.22964213636130945,0.8568579009290331,0.028021529347417026,0.05921524095432454,0.8848794302764501,0.5619327374245037
equivalent numerical reoptimization,0.13818750000000002,1.0,1.0,1.4428840970947105,1.4428840970947105,0.22964213636130945,0.22964213636130945,0.8491608496180344,0.026820164491336465,0.05093212428658495,0.8759810141093709,0.5453691281531886
equivalent numerical reoptimization,0.13887500000000003,1.0,1.0,1.4766962819013176,1.4766962819013176,0.23502351271001765,0.23502351271001765,0.8411948944211772,0.02569093544811067,0.04319579775402929,0.8668858298692879,0.5287445721950416
equivalent numerical reoptimization,0.1395625,1.0,1.0,1.4766962819013176,1.4766962819013176,0.23502351271001765,0.23502351271001765,0.8328699550558425,0.02468796443225136,0.03605791175463308,0.8575579194880939,0.5123474759751199
equivalent numerical reoptimization,0.14025,1.0,1.0,1.5142622403667632,1.5142622403667632,0.24100232069177813,0.24100232069177813,0.8242970833398017,0.023792379819259447,0.029576205029272773,0.8480894631590611,0.4959337928025036
equivalent numerical reoptimization,0.14093750000000002,1.0,1.0,1.5142622403667632,1.5142622403667632,0.24100232069177813,0.24100232069177813,0.8153834607140948,0.023070892325225016,0.023837864001785718,0.8384543530393198,0.4798431497781874
equivalent numerical reoptimization,0.141625,1.0,1.0,1.54603744875464,1.54603744875464,0.2460595021744838,0.2460595021744838,0.8062437415866368,0.022489566411333324,0.018847170353714204,0.8287333079979702,0.46377958446741646
equivalent numerical reoptimization,0.1423125,1.0,1.0,1.54603744875464,1.54603744875464,0.2460595021744838,0.2460595021744838,0.7968084081301777,0.022111867506487665,0.014702768876536718,0.8189202756366654,0.44805101851119866
equivalent numerical reoptimization,0.14300000000000002,1.0,1.0,1.567561707769027,1.567561707769027,0.24948519439301375,0.24948519439301375,0.7871693318657595,0.021902735389032556,0.011372548508085306,0.8090720672547921,0.43239223807022953
equivalent numerical reoptimization,0.14368750000000002,1.0,1.0,1.567561707769027,1.567561707769027,0.24948519439301375,0.24948519439301375,0.7772866693250171,0.02191037428577152,0.008935164170125376,0.7991970436107886,0.41702726599902584
equivalent numerical reoptimization,0.144375,1.0,1.0,1.5706377135088698,1.5706377135088698,0.2499747559114888,0.2499747559114888,0.7672227829429784,0.022109756563781308,0.007351908937332877,0.7893325395067597,0.40177375518031966
equivalent numerical reoptimization,0.1450625,1.0,1.0,1.5706377135088698,1.5706377135088698,0.2499747559114888,0.2499747559114888,0.7569816969589993,0.02251586964375947,0.006641637338660653,0.7794975666027588,0.38668178954383586
equivalent numerical reoptimization,0.14575000000000002,1.0,1.0,1.5567681340213935,1.5567681340213935,0.24776734377745097,0.24776734377745097,0.7465817292250909,0.023131644331330883,0.0067999076612677645,0.7697133735564218,0.3717420497475736
equivalent numerical reoptimization,0.14643750000000003,1.0,1.0,1.5567681340213935,1.5567681340213935,0.24776734377745097,0.24776734377745097,0.7360681516261499,0.02394003888492568,0.007785042836185739,0.7600081905110756,0.3568422813929116
equivalent numerical reoptimization,0.147125,1.0,1.0,1.5290246642273457,1.5290246642273457,0.2433518334212076,0.2433518334212076,0.725417528820128,0.02497121656234856,0.009632208660528144,0.7503887453824766,0.3421348239154517
equivalent numerical reoptimization,0.1478125,1.0,1.0,1.5290246642273457,1.5290246642273457,0.2433518334212076,0.2433518334212076,0.7147170172933331,0.026182739639640677,0.012254673904450075,0.7408997569329738,0.3273832733460822
equivalent numerical reoptimization,0.14850000000000002,1.0,1.0,1.4828845281295264,1.4828845281295264,0.23600840268630685,0.23600840268630685,0.7039004793017442,0.0276256732430406,0.015715872847071096,0.7315261525447847,0.3128636073515049
equivalent numerical reoptimization,0.14918750000000003,1.0,1.0,1.4828845281295264,1.4828845281295264,0.23600840268630685,0.23600840268630685,0.6931261459238632,0.029227981684975025,0.01988569501522302,0.7223541276088382,0.2981942317043918
equivalent numerical reoptimization,0.149875,1.0,1.0,1.460311444955898,1.460311444955898,0.2324157849183994,0.2324157849183994,0.6822556712838758,0.031066754683313384,0.024859355550539135,0.7133224259671892,0.2837959517086827
equivalent numerical reoptimization,0.15056250000000002,1.0,1.0,1.460311444955898,1.460311444955898,0.2324157849183994,0.2324157849183994,0.67138024821229,0.03310744502540367,0.030565136960709897,0.7044876932376937,0.2695031636082168
equivalent numerical reoptimization,0.15125000000000002,1.0,1.0,1.4277384783288414,1.4277384783288414,0.227231636268536,0.227231636268536,0.6604272074829597,0.03538101905062144,0.03701717288472043,0.6958082265335811,0.2555200133224668
equivalent numerical reoptimization,0.1519375,1.0,1.0,1.4277384783288414,1.4277384783288414,0.227231636268536,0.227231636268536,0.6495337936551427,0.037842643014143244,0.04414004309328618,0.6873764366692859,0.2416110703616828
equivalent numerical reoptimization,0.152625,1.0,1.0,1.394290857959593,1.394290857959593,0.22190828215210895,0.22190828215210895,0.6385797599060764,0.0405287248183191,0.051940690761000226,0.6791084847243956,0.22804923408675087
equivalent numerical reoptimization,0.15331250000000002,1.0,1.0,1.394290857959593,1.394290857959593,0.22190828215210895,0.22190828215210895,0.6277172290230917,0.04339920356575636,0.060362400426290395,0.671116432588848,0.2146068330403996
equivalent numerical reoptimization,0.15400000000000003,1.0,1.0,1.364727676028881,1.364727676028881,0.2172031556143111,0.2172031556143111,0.6168093769816445,0.046479619022589284,0.06938054894369687,0.6632889960042337,0.20154781478361733
equivalent numerical reoptimization,0.1546875,1.0,1.0,1.364727676028881,1.364727676028881,0.2172031556143111,0.2172031556143111,0.6060004538234596,0.04974012301983215,0.07896086483243735,0.6557405768432917,0.18868473455678492
equivalent numerical reoptimization,0.155375,1.0,1.0,1.364727676028881,1.364727676028881,0.2172031556143111,0.2172031556143111,0.5951597181207583,0.05318897709091253,0.08904185583983328,0.6483486952116708,0.17623985964253364
equivalent numerical reoptimization,0.15606250000000002,1.0,1.0,1.3372138639419355,1.3372138639419355,0.21282419641737224,0.21282419641737224,0.5844286282178621,0.05680545234934466,0.09961207966225712,0.6412340805672068,0.16404906715143439
equivalent numerical reoptimization,0.15675000000000003,1.0,1.0,1.3054680479678091,1.3054680479678091,0.20777169288260436,0.20777169288260436,0.5736774195559422,0.06058209367839946,0.1105751739851724,0.6342595132343417,0.152309574122098
equivalent numerical reoptimization,0.1574375,1.0,1.0,1.3054680479678091,1.3054680479678091,0.20777169288260436,0.20777169288260436,0.5630759556516916,0.06450910208500657,0.12196036340792356,0.6275850577366981,0.14083971899051886
equivalent numerical reoptimization,0.15812500000000002,1.0,1.0,1.3054680479678091,1.3054680479678091,0.20777169288260436,0.20777169288260436,0.5524642485225343,0.06856348066176894,0.13362504736408118,0.6210277291843033,0.12985234164172363
equivalent numerical reoptimization,0.15881250000000002,1.0,1.0,1.2954185681579145,1.2954185681579145,0.2061722684953574,0.2061722684953574,0.5419002643464113,0.07273116318146404,0.14554179202119458,0.6146314275278753,0.11930210248379365
equivalent numerical reoptimization,0.1595,1.0,1.0,1.2954185681579145,1.2954185681579145,0.2061722684953574,0.2061722684953574,0.5313342383943952,0.07698223136286177,0.15760060979237,0.608316469757257,0.10926327370140129
equivalent numerical reoptimization,0.1601875,1.0,1.0,1.2919255153891005,1.2919255153891005,0.20561633188071984,0.20561633188071984,0.520788333714417,0.08129685573477911,0.16974809708940988,0.6020851894491961,0.09972870013154617
equivalent numerical reoptimization,0.16087500000000002,1.0,1.0,1.257803825916202,1.257803825916202,0.20018569633446137,0.20018569633446137,0.5102471861040416,0.08564471460195326,0.18189107428582915,0.5958919007059948,0.09073183077116996
equivalent numerical reoptimization,0.16156250000000003,1.0,1.0,1.257803825916202,1.257803825916202,0.20018569633446137,0.20018569633446137,0.49989864086559305,0.09007217771545659,0.19421041457348784,0.5899708185810496,0.08208882251479911
equivalent numerical reoptimization,0.16225,1.0,1.0,1.293853028300034,1.293853028300034,0.20592310508836836,0.20592310508836836,0.4895603001434598,0.09448867800857055,0.2064031643226619,0.5840489781520304,0.07400721499613755
equivalent numerical reoptimization,0.1629375,1.0,1.0,1.293853028300034,1.293853028300034,0.20592310508836836,0.20592310508836836,0.47904366681841093,0.09876223189108842,0.2180623983409704,0.5778058987094994,0.06670443773092305
equivalent numerical reoptimization,0.16362500000000002,1.0,1.0,1.3101983071918721,1.3101983071918721,0.20852453702022003,0.20852453702022003,0.46854177541712,0.10295792210351892,0.22941776846351059,0.5714996975206389,0.05998372776679151
equivalent numerical reoptimization,0.16431250000000003,1.0,1.0,1.3101983071918721,1.3101983071918721,0.20852453702022003,0.20852453702022003,0.4579768503145778,0.10698758998508683,0.24021813944908132,0.5649644402996646,0.05395088742018741
equivalent numerical reoptimization,0.165,1.0,1.0,1.3224729608880974,1.3224729608880974,0.21047810883071547,0.21047810883071547,0.44743087320602976,0.11087997971983263,0.2505651850972937,0.5583108529258624,0.04851724676890753
equivalent numerical reoptimization,0.16568750000000002,1.0,1.0,1.3224729608880974,1.3224729608880974,0.21047810883071547,0.21047810883071547,0.4368494100819756,0.11455411976950411,0.26023962998936306,0.5514035298514797,0.043763801256491604
equivalent numerical reoptimization,0.16637500000000002,1.0,1.0,1.353486140202975,1.353486140202975,0.21541400961967355,0.21541400961967355,0.4262909310269213,0.11803567822633387,0.26932852222977205,0.5443266092532552,0.039623240431535846
equivalent numerical reoptimization,0.16706250000000003,1.0,1.0,1.353486140202975,1.353486140202975,0.21541400961967355,0.21541400961967355,0.4156264665446305,0.12114082280649521,0.27733828059403975,0.5367672893511257,0.03629010660196177
equivalent numerical reoptimization,0.16775,1.0,1.0,1.392307033524319,1.392307033524319,0.22159254668700862,0.22159254668700862,0.4049892387716169,0.12399909516347724,0.2846384053652837,0.5289883339350941,0.033579897261297155
equivalent numerical reoptimization,0.16843750000000002,1.0,1.0,1.392307033524319,1.392307033524319,0.22159254668700862,0.22159254668700862,0.3942378036772267,0.12636504200292806,0.29058736868552454,0.5206028456801548,0.03173678657340106
equivalent numerical reoptimization,0.16912500000000003,1.0,1.0,1.4581336928255941,1.4581336928255941,0.23206918490203263,0.23206918490203263,0.38351853020684157,0.12843738333417867,0.2957269484556472,0.5119559135410202,0.03052271705235515
equivalent numerical reoptimization,0.1698125,1.0,1.0,1.4581336928255941,1.4581336928255941,0.23206918490203263,0.23206918490203263,0.3726373293379298,0.12978396448802768,0.2989511286816975,0.5024212938259575,0.030351688242731528
equivalent numerical reoptimization,0.1705,1.0,1.0,1.4546749806447605,1.4546749806447605,0.2315187137617208,0.2315187137617208,0.3617943537272965,0.1307998783041368,0.30129507801731154,0.4925942320314333,0.030811561241125406
equivalent numerical reoptimization,0.17118750000000002,1.0,1.0,1.4546749806447605,1.4546749806447605,0.2315187137617208,0.2315187137617208,0.35100176710787895,0.1314976216141032,0.3028022733457234,0.48249938872198217,0.03187997571176111
equivalent numerical reoptimization,0.17187500000000003,1.0,1.0,1.5340305915539592,1.5340305915539592,0.24414855149999692,0.24414855149999692,0.3402546053909715,0.13184587662300865,0.3034059122801448,0.47210048201398014,0.03357723895781768
equivalent numerical reoptimization,0.1725625,1.0,1.0,1.5340305915539592,1.5340305915539592,0.24414855149999692,0.24414855149999692,0.3294017962577386,0.13129665379046637,0.30176884838683166,0.460698450048205,0.03639318034302982
equivalent numerical reoptimization,0.17325000000000002,1.0,1.0,1.563232570332109,1.563232570332109,0.2487961907706041,0.2487961907706041,0.3186029537104568,0.13039112795101668,0.29923747052382516,0.4489940816614735,0.03983190760860547
equivalent numerical reoptimization,0.17393750000000002,1.0,1.0,1.563232570332109,1.563232570332109,0.2487961907706041,0.2487961907706041,0.3078270213580678,0.12893208619591873,0.29535011830159297,0.4367591075539865,0.04406555795866308
equivalent numerical reoptimization,0.17462500000000003,1.0,1.0,1.6127352723080308,1.6127352723080308,0.25667479048647696,0.25667479048647696,0.2971152317650738,0.1271251723328213,0.2906146262538943,0.4242404040978951,0.04891168753659182
equivalent numerical reoptimization,0.1753125,1.0,1.0,1.6127352723080308,1.6127352723080308,0.25667479048647696,0.25667479048647696,0.2864394205893695,0.12465096910252611,0.2842937985049365,0.4110903896918956,0.054654197674451205
equivalent numerical reoptimization,0.17600000000000002,1.0,1.0,1.652722867083971,1.652722867083971,0.2630390138574235,0.2630390138574235,0.27583942366872993,0.12185445581237751,0.27721218893267036,0.39769387948110746,0.06099496290918102
equivalent numerical reoptimization,0.17668750000000003,1.0,1.0,1.652722867083971,1.652722867083971,0.2630390138574235,0.2630390138574235,0.2653180195124717,0.11850119493904734,0.26884641379402857,0.383819214451519,0.06814940092272859
equivalent numerical reoptimization,0.177375,1.0,1.0,1.6917948229456796,1.6917948229456796,0.2692575087690828,0.2692575087690828,0.25488560136103483,0.11486440201633845,0.2598367856713326,0.3697500033773733,0.07588396521259423
equivalent numerical reoptimization,0.1780625,1.0,1.0,1.6917948229456796,1.6917948229456796,0.2692575087690828,0.2692575087690828,0.24456597111099904,0.11074220626596482,0.2497478105151391,0.35530817737696385,0.08439559768527163
equivalent numerical reoptimization,0.17875000000000002,1.0,1.0,1.6880854815207875,1.6880854815207875,0.2686671487456957,0.2686671487456957,0.23434984601703643,0.10638788821879296,0.23915893971727728,0.34073773423582937,0.0934655320005294
equivalent numerical reoptimization,0.17943750000000003,1.0,1.0,1.6880854815207875,1.6880854815207875,0.2686671487456957,0.2686671487456957,0.22424231094924582,0.10184393195344398,0.22817609753807172,0.3260862429026898,0.10306242782377525
equivalent numerical reoptimization,0.180125,1.0,1.0,1.700333164811471,1.700333164811471,0.270616428082832,0.270616428082832,0.21425389560666097,0.09711556944608378,0.21682382621812246,0.31136946505274476,0.1131925496272342
equivalent numerical reoptimization,0.18081250000000001,1.0,1.0,1.700333164811471,1.700333164811471,0.270616428082832,0.270616428082832,0.20440282879632501,0.09217472116335224,0.2050584294746533,0.2965775499596772,0.12390497143900198
equivalent numerical reoptimization,0.18150000000000002,1.0,1.0,1.7099696697648257,1.7099696697648257,0.2721501254802879,0.2721501254802879,0.19468735911042503,0.08710834480196232,0.19307625721156418,0.28179570391238734,0.13512262021569482
equivalent numerical reoptimization,0.18218750000000003,1.0,1.0,1.7099696697648257,1.7099696697648257,0.2721501254802879,0.2721501254802879,0.18512561008063383,0.08190935063926386,0.18087909127815247,0.2670349607198977,0.14687859682061005
equivalent numerical reoptimization,0.182875,1.0,1.0,1.6951781928764273,1.6951781928764273,0.26979598881786976,0.26979598881786976,0.1757166247740416,0.07664784832399436,0.16862261588144636,0.25236447309803595,0.1591089388833163
equivalent numerical reoptimization,0.18356250000000002,1.0,1.0,1.6951781928764273,1.6951781928764273,0.26979598881786976,0.26979598881786976,0.16645394499258045,0.07140082657297124,0.15646870154931936,0.23785477156555168,0.1717227375722113
equivalent numerical reoptimization,0.18425000000000002,1.0,1.0,1.65947209566085,1.65947209566085,0.26411318694749086,0.26411318694749086,0.15736162997889372,0.06614818226814312,0.14439370433645937,0.22350981224703684,0.18477752729835084
equivalent numerical reoptimization,0.1849375,1.0,1.0,1.65947209566085,1.65947209566085,0.26411318694749086,0.26411318694749086,0.14841849713208838,0.061012719996860136,0.13263128816342648,0.20943121712894852,0.19806428660003964
equivalent numerical reoptimization,0.185625,1.0,1.0,1.6038003889164154,1.6038003889164154,0.2552527596287517,0.2552527596287517,0.13966349415349266,0.05592154184516107,0.12106543807957285,0.19558503599865373,0.21175665106711947
equivalent numerical reoptimization,0.18631250000000002,1.0,1.0,1.6038003889164154,1.6038003889164154,0.2552527596287517,0.2552527596287517,0.13107920944561968,0.051023615596861735,0.10995594503159209,0.18210282504248143,0.22550325873504465
equivalent numerical reoptimization,0.18700000000000003,1.0,1.0,1.5325933289469191,1.5325933289469191,0.24391980405156535,0.24391980405156535,0.12270071499712891,0.046212189629878594,0.09913919729187161,0.1689129046270075,0.2396186115384408
equivalent numerical reoptimization,0.1876875,1.0,1.0,1.5325933289469191,1.5325933289469191,0.24391980405156535,0.24391980405156535,0.11453963311033095,0.0416440928107937,0.08886559829393524,0.15618372592112464,0.25359494192734366
equivalent numerical reoptimization,0.18837500000000001,1.0,1.0,1.4455575786959018,1.4455575786959018,0.23006763417340428,0.23006763417340428,0.10660161360577465,0.03719814643661391,0.07896281535548008,0.14379976004238856,0.26790228054174886
equivalent numerical reoptimization,0.18906250000000002,1.0,1.0,1.4455575786959018,1.4455575786959018,0.23006763417340428,0.23006763417340428,0.09895249252685145,0.03303641656880914,0.06966627355440286,0.13198890909566058,0.28182671617642163
equivalent numerical reoptimization,0.18975000000000003,1.0,1.0,1.3431107348788363,1.3431107348788363,0.2137627125757549,0.2137627125757549,0.09154300916117557,0.029025786243849615,0.06080105793037633,0.12056879540502519,0.2960442347747675
equivalent numerical reoptimization,0.1904375,1.0,1.0,1.3431107348788363,1.3431107348788363,0.2137627125757549,0.2137627125757549,0.08452052158902133,0.02533345850670403,0.05258910043026644,0.10985398009572536,0.3095818602366888
equivalent numerical reoptimization,0.19112500000000002,1.0,1.0,1.2228333287333228,1.2228333287333228,0.19461996884542496,0.19461996884542496,0.07775321018165637,0.02181485205921748,0.04485314404651118,0.09956806224087386,0.32337528393300724
equivalent numerical reoptimization,0.19181250000000002,1.0,1.0,1.2228333287333228,1.2228333287333228,0.19461996884542496,0.19461996884542496,0.07150334228302685,0.018649245043421664,0.037814777177442964,0.09015258732644851,0.33610387757962756
equivalent numerical reoptimization,0.19250000000000003,1.0,1.0,1.0974508941927241,1.0974508941927241,0.17466473461139267,0.17466473461139267,0.06552277348513577,0.01567354283754156,0.03128190375381724,0.08119631632267733,0.3490526411193752
equivalent numerical reoptimization,0.1931875,1.0,1.0,1.0974508941927241,1.0974508941927241,0.17466473461139267,0.17466473461139267,0.06017750481859035,0.013066512949152223,0.02546726852780321,0.07324401776774257,0.3606497052984674
equivalent numerical reoptimization,0.19387500000000002,1.0,1.0,0.9558974422601094,0.9558974422601094,0.15213580302459603,0.15213580302459603,0.05511386937478162,0.010662456237175245,0.020180582752493827,0.06577632561195687,0.3724339656067122
equivalent numerical reoptimization,0.19456250000000003,1.0,1.0,0.9558974422601094,0.9558974422601094,0.15213580302459603,0.15213580302459603,0.05084086408513822,0.008657382346773868,0.015650124902821236,0.059498246431912094,0.38241536461949827
equivalent numerical reoptimization,0.19525,1.0,1.0,0.8003717536813912,0.8003717536813912,0.1273831209095223,0.1273831209095223,0.046859660910753,0.006863516472046733,0.011659948361704899,0.05372317738279973,0.3925547208866095
equivalent numerical reoptimization,0.19593750000000001,1.0,1.0,0.8003717536813912,0.8003717536813912,0.1273831209095223,0.1273831209095223,0.04382242875856888,0.00549610001840917,0.008462189875692961,0.04931852877697805,0.4004388981904543
equivalent numerical reoptimization,0.19662500000000002,1.0,1.0,0.6476015643970005,0.6476015643970005,0.103068990127827,0.103068990127827,0.04108461163021424,0.00434452071980523,0.005810246460078829,0.04542913235001947,0.40845682091137736
equivalent numerical reoptimization,0.19731250000000003,1.0,1.0,0.6476015643970005,0.6476015643970005,0.103068990127827,0.103068990127827,0.0393537575200907,0.0036222374021906835,0.003957922679231666,0.04297599492228139,0.4140536513823347
equivalent numerical reoptimization,0.198,1.0,1.0,0.48591763357405426,0.4859176335740542,0.07733619331882706,0.07733619331882705,0.037927101456702035,0.003118892977256816,0.0026553137376817007,0.04104599443395885,0.41976593781758803
equivalent numerical reoptimization,0.19868750000000002,1.0,1.0,0.48591763357405426,0.4859176335740542,0.07733619331882706,0.07733619331882705,0.03759141419448513,0.003060609687642129,0.0021734666345010053,0.04065202388212726,0.4227513569845122
equivalent numerical reoptimization,0.19937500000000002,1.0,1.0,0.32042058190129696,0.320420581901297,0.05099651947797291,0.050996519477972915,0.03756169642551247,0.0032221989510732322,0.002242325537832719,0.0407838953765857,0.42584054813371647
equivalent numerical reoptimization,0.20006250000000003,1.0,1.0,0.32042058190129696,0.320420581901297,0.05099651947797291,0.050996519477972915,0.03864626707262046,0.0038340656202127854,0.0031391834077422152,0.04248033269283325,0.42604644700040134
equivalent numerical reoptimization,0.20075,1.0,1.0,0.15264372344812194,0.15264372344812197,0.024294003118720858,0.02429400311872086,0.040035448603774365,0.004665170043055561,0.004586339121009414,0.04470061864682993,0.426351691400167
equivalent numerical reoptimization,0.20143750000000002,1.0,1.0,0.15264372344812194,0.15264372344812197,0.024294003118720858,0.02429400311872086,0.04251217670255303,0.005945327176450778,0.006858896754079743,0.048457503879003806,0.4237251069317519
equivalent numerical reoptimization,0.20212500000000003,1.0,1.0,-0.016174926884161278,-0.016174926884161278,-0.0025743195677642564,-0.0025743195677642564,0.04528904207829976,0.007442786911409298,0.0096804754723967,0.05273182898970905,0.4212009862690903
equivalent numerical reoptimization,0.2028125,1.0,1.0,-0.016174926884161278,-0.016174926884161278,-0.0025743195677642564,-0.0025743195677642564,0.04907736854251221,0.00938180844832365,0.013314913471597644,0.05845917699083586,0.41580625273653277
equivalent numerical reoptimization,0.20350000000000001,1.0,1.0,-0.17927402262274403,-0.17927402262274403,-0.028532346868377984,-0.028532346868377984,0.053158380193816204,0.011535087349461078,0.017496390839112093,0.06469346754327729,0.41052462102228393
equivalent numerical reoptimization,0.20418750000000002,1.0,1.0,-0.17927402262274403,-0.17927402262274403,-0.028532346868377984,-0.028532346868377984,0.058111409845234316,0.014109975698808662,0.022461725672879282,0.07222138554404298,0.40263078941587965
equivalent numerical reoptimization,0.20487500000000003,1.0,1.0,-0.34146632989841175,-0.3414663298984117,-0.054346054302780084,-0.05434605430278008,0.06334696466661008,0.01689417663218623,0.027969470067585933,0.08024114129879631,0.3948677587999284
equivalent numerical reoptimization,0.2055625,1.0,1.0,-0.34146632989841175,-0.3414663298984117,-0.054346054302780084,-0.05434605430278008,0.0693055380307555,0.02008345741601502,0.03423432964490592,0.08938899544677051,0.3847345532809006
equivalent numerical reoptimization,0.20625000000000002,1.0,1.0,-0.4946238541993457,-0.4946238541993457,-0.0787218313669908,-0.0787218313669908,0.07553413134220047,0.023476018150480737,0.041035268129442526,0.09901014949268121,0.3747561895042315
equivalent numerical reoptimization,0.20693750000000002,1.0,1.0,-0.4946238541993457,-0.4946238541993457,-0.0787218313669908,-0.0787218313669908,0.08230085996572535,0.027246033718442392,0.048553891955610405,0.10954689368416774,0.3628157730870419
equivalent numerical reoptimization,0.20762500000000003,1.0,1.0,-0.6437187083450897,-0.6437187083450897,-0.10245101439385113,-0.10245101439385113,0.08932318425621838,0.031210479880237132,0.05659639000055884,0.12053366413645551,0.35105964289846536
equivalent numerical reoptimization,0.2083125,1.0,1.0,-0.6437187083450897,-0.6437187083450897,-0.10245101439385113,-0.10245101439385113,0.09670673627038304,0.03553059045668835,0.0653234473816265,0.1322373267270714,0.337695739757471
equivalent numerical reoptimization,0.20900000000000002,1.0,1.0,-0.7879889719193859,-0.7879889719193859,-0.125412339982871,-0.125412339982871,0.1043300097272833,0.040034607560060304,0.0745577147368367,0.14436461728734362,0.32454986790415835
equivalent numerical reoptimization,0.20968750000000003,1.0,1.0,-0.7879889719193859,-0.7879889719193859,-0.125412339982871,-0.125412339982871,0.11213726064595682,0.04487151441133631,0.08444207498594261,0.15700877505729313,0.3101698397021271
equivalent numerical reoptimization,0.21037500000000003,1.0,1.0,-0.9277745908325749,-0.9277745908325749,-0.14765991220606495,-0.14765991220606495,0.12016737932523666,0.049880026329931354,0.09481143659347728,0.17004740565516802,0.2960448198784038
equivalent numerical reoptimization,0.21106250000000001,1.0,1.0,-0.9277745908325749,-0.9277745908325749,-0.14765991220606495,-0.14765991220606495,0.12821103552802252,0.05519944889025751,0.10579701227971709,0.18341048441828003,0.28105173055565913
equivalent numerical reoptimization,0.21175000000000002,1.0,1.0,-1.0605071585632386,-1.0605071585632386,-0.16878495646967986,-0.16878495646967986,0.13646019574569163,0.06067664294900805,0.11723945070648228,0.19713683869469967,0.2663527652397728
equivalent numerical reoptimization,0.21243750000000003,1.0,1.0,-1.0605071585632386,-1.0605071585632386,-0.16878495646967986,-0.16878495646967986,0.14457163252140925,0.06644134342585303,0.12926291570857376,0.2110129759472623,0.25115098429090704
equivalent numerical reoptimization,0.213125,1.0,1.0,-1.1971256427641959,-1.1971256427641959,-0.19052846354798422,-0.19052846354798422,0.15287114576693842,0.07234760765795104,0.1417065656043162,0.22521875342488945,0.23628349463151657
equivalent numerical reoptimization,0.21381250000000002,1.0,1.0,-1.1971256427641959,-1.1971256427641959,-0.19052846354798422,-0.19052846354798422,0.1608597243710466,0.07852916714958368,0.15470612087900193,0.23938889152063025,0.22120572879504624
equivalent numerical reoptimization,0.21450000000000002,1.0,1.0,-1.3221141220144623,-1.3221141220144623,-0.21042099785020293,-0.21042099785020293,0.1690193248109555,0.08483833162416633,0.16808953199433094,0.2538576564351218,0.20650248107660468
equivalent numerical reoptimization,0.21518750000000003,1.0,1.0,-1.3221141220144623,-1.3221141220144623,-0.21042099785020293,-0.21042099785020293,0.17676668424249126,0.09139583002578192,0.18198671026191848,0.2681625142682732,0.19192002770952152
equivalent numerical reoptimization,0.215875,1.0,1.0,-1.4446161000485382,-1.4446161000485382,-0.2299177931928609,-0.2299177931928609,0.18466876546241826,0.09806289295961622,0.19621775635923974,0.28273165842203446,0.17775143340709362
equivalent numerical reoptimization,0.21656250000000002,1.0,1.0,-1.4446161000485382,-1.4446161000485382,-0.2299177931928609,-0.2299177931928609,0.1920427584241061,0.1049631003978106,0.21093324710743738,0.29700585882191666,0.16396523833642096
equivalent numerical reoptimization,0.21725000000000003,1.0,1.0,-1.6305420433587736,-1.6305420433587736,-0.2595088261197084,-0.2595088261197084,0.199556247530288,0.11195483815544106,0.22592706209373897,0.31151108568572905,0.15063045538752218
equivalent numerical reoptimization,0.21793750000000003,1.0,1.0,-1.6305420433587736,-1.6305420433587736,-0.2595088261197084,-0.2595088261197084,0.20598059563136337,0.11921298558245305,0.2414295343337883,0.3251935812138164,0.13807313173632363
equivalent numerical reoptimization,0.218625,1.0,1.0,-1.6754307787775173,-1.6754307787775173,-0.2666530902507457,-0.2666530902507457,0.21253094059667826,0.12657769218124054,0.2572191518084236,0.3391086327779188,0.12600200234131076
equivalent numerical reoptimization,0.21931250000000002,1.0,1.0,-1.6754307787775173,-1.6754307787775173,-0.2666530902507457,-0.2666530902507457,0.21887516707958599,0.13406644254879285,0.2732952091261624,0.35294160962837884,0.11457350580088514
equivalent numerical reoptimization,0.22000000000000003,1.0,1.0,-1.7946234119594413,-1.7946234119594413,-0.2856231870017879,-0.2856231870017879,0.22533344005408265,0.14160687262637645,0.28951130958616456,0.3669403126804591,0.10366277168380296
equivalent numerical reoptimization,0.2206875,1.0,1.0,-1.7946234119594413,-1.7946234119594413,-0.2856231870017879,-0.2856231870017879,0.23098503917751717,0.14934966413805742,0.30613499380670955,0.3803347033155746,0.09376273317595929
equivalent numerical reoptimization,0.22137500000000002,1.0,1.0,-1.8990488113534398,-1.8990488113534398,-0.3022430054996882,-0.3022430054996882,0.2367401528808738,0.15712930004101164,0.32283192811565636,0.39386945292188547,0.08440841325002296
equivalent numerical reoptimization,0.22206250000000002,1.0,1.0,-1.8990488113534398,-1.8990488113534398,-0.3022430054996882,-0.3022430054996882,0.2417372234436757,0.1650842590734648,0.33987048129883823,0.4068214825171405,0.0761442939785314
equivalent numerical reoptimization,0.22275000000000003,1.0,1.0,-1.990401288228672,-1.990401288228672,-0.3167822037580695,-0.3167822037580695,0.24682914618416962,0.17305505354838163,0.35689635042464296,0.41988419973255126,0.06844956088473818
equivalent numerical reoptimization,0.2234375,1.0,1.0,-1.990401288228672,-1.990401288228672,-0.3167822037580695,-0.3167822037580695,0.2512287047472364,0.1811772447957288,0.3741945550114689,0.4324059495429652,0.06187168131285794
equivalent numerical reoptimization,0.22412500000000002,1.0,1.0,-2.065137687383699,-2.065137687383699,-0.32867687111248095,-0.32867687111248095,0.2557162411396177,0.1892886721177268,0.39137704643356586,0.4450049132573445,0.055882361110598584
equivalent numerical reoptimization,0.22481250000000003,1.0,1.0,-2.065137687383699,-2.065137687383699,-0.32867687111248095,-0.32867687111248095,0.2596304424407585,0.19751757402740436,0.4087294705812172,0.45714801646816283,0.05096860534529905
equivalent numerical reoptimization,0.22550000000000003,1.0,1.0,-2.118915626815606,-2.118915626815606,-0.33723589600236553,-0.33723589600236553,0.2636273795909945,0.20570129110488938,0.42584257811689485,0.4693286706958839,0.04665805559902465
equivalent numerical reoptimization,0.2261875,1.0,1.0,-2.118915626815606,-2.118915626815606,-0.33723589600236553,-0.33723589600236553,0.2672253675022241,0.2139469965335438,0.4429616239429652,0.4811723640357679,0.04331756656466794
equivalent numerical reoptimization,0.22687500000000002,1.0,1.0,-2.1480296035415565,-2.1480296035415565,-0.34186952931136294,-0.34186952931136294,0.27090223606633435,0.22210277169492817,0.4596939019007271,0.49300500776126255,0.040590561600678476
equivalent numerical reoptimization,0.22756250000000003,1.0,1.0,-2.1480296035415565,-2.1480296035415565,-0.34186952931136294,-0.34186952931136294,0.2743970536801169,0.23022884862735618,0.47617356643344344,0.5046259023074731,0.03868011994647324
equivalent numerical reoptimization,0.22825000000000004,1.0,1.0,-2.1509663081765873,-2.1509663081765873,-0.34233692037042895,-0.34233692037042895,0.27796797812747853,0.23820837168361342,0.4920949358124965,0.516176349811092,0.03738939213350885
equivalent numerical reoptimization,0.22893750000000002,1.0,1.0,-2.1509663081765873,-2.1509663081765873,-0.34233692037042895,-0.34233692037042895,0.28158808971820687,0.2460183042496345,0.507389350747636,0.5276063939678414,0.036740328950753166
equivalent numerical reoptimization,0.22962500000000002,1.0,1.0,-2.1297429285628873,-2.1297429285628873,-0.33895911459579287,-0.33895911459579287,0.285282304208801,0.25361404937768744,0.5219358365007414,0.5388963535864885,0.0367135853426745
equivalent numerical reoptimization,0.23031250000000003,1.0,1.0,-2.1297429285628873,-2.1297429285628873,-0.33895911459579287,-0.33895911459579287,0.2892320984653261,0.2608548985175533,0.5353844875056557,0.5500869969828794,0.0371630081956754
equivalent numerical reoptimization,0.231,1.0,1.0,-2.089750245622088,-2.089750245622088,-0.33259408141825775,-0.33259408141825775,0.29325450600372116,0.2678073645683442,0.5478916009127102,0.5610618705720654,0.038234182969360736
equivalent numerical reoptimization,0.23168750000000002,1.0,1.0,-2.089750245622088,-2.089750245622088,-0.33259408141825775,-0.33259408141825775,0.29768019664388423,0.27419927778401804,0.558805573968641,0.5718794744279023,0.0396490861408605
equivalent numerical reoptimization,0.23237500000000003,1.0,1.0,-2.0371440550918094,-2.0371440550918094,-0.3242215461581298,-0.3242215461581298,0.30217737025660696,0.28022961781066197,0.568600719578535,0.5824069880672689,0.04168240146213343
equivalent numerical reoptimization,0.23306250000000003,1.0,1.0,-2.0371440550918094,-2.0371440550918094,-0.3242215461581298,-0.3242215461581298,0.3071606970681844,0.2855058612450406,0.5763661287834877,0.592666558313225,0.04396324989474284
equivalent numerical reoptimization,0.23375,1.0,1.0,-1.974754127051709,-1.974754127051709,-0.31429188071140024,-0.31429188071140024,0.3122146740471422,0.29035652685843527,0.5828720602407447,0.6025712009055775,0.04685671506612403
equivalent numerical reoptimization,0.23443750000000002,1.0,1.0,-1.974754127051709,-1.974754127051709,-0.31429188071140024,-0.31429188071140024,0.3178016962891501,0.29427939576684864,0.5869905377468947,0.6120810920559987,0.04991291773221648
equivalent numerical reoptimization,0.23512500000000003,1.0,1.0,-1.8996836104735453,-1.8996836104735453,-0.3023440369175234,-0.3023440369175234,0.32345881614914995,0.2977280755955834,0.589760815184267,0.6211868917447334,0.05357374466220482
equivalent numerical reoptimization,0.23581250000000004,1.0,1.0,-1.8996836104735453,-1.8996836104735453,-0.3023440369175234,-0.3023440369175234,0.32969968430544117,0.30006990162412744,0.5898145162658825,0.6297695859295687,0.05728019943680574
equivalent numerical reoptimization,0.23650000000000002,1.0,1.0,-1.8080454551622938,-1.8080454551622938,-0.2877593715239149,-0.2877593715239149,0.33601034694390575,0.3019087466047507,0.5884951844920552,0.6379190935486565,0.06158138165622011
equivalent numerical reoptimization,0.23718750000000002,1.0,1.0,-1.8080454551622938,-1.8080454551622938,-0.2877593715239149,-0.2877593715239149,0.3429533446517469,0.3024629258494943,0.5841896461495127,0.6454162705012412,0.06576447481497992
equivalent numerical reoptimization,0.23787500000000003,1.0,1.0,-1.6898350392530477,-1.6898350392530477,-0.2689455995070095,-0.2689455995070095,0.34996601318812115,0.3025106449554787,0.5785637948491044,0.6524766581435999,0.07053089803949586
equivalent numerical reoptimization,0.2385625,1.0,1.0,-1.6898350392530477,-1.6898350392530477,-0.2689455995070095,-0.2689455995070095,0.35766662053914977,0.3010742557976027,0.5697258863349192,0.6587408763367525,0.074906733990057
equivalent numerical reoptimization,0.23925000000000002,1.0,1.0,-1.5568515822358233,-1.5568515822358233,-0.2477806249732697,-0.2477806249732697,0.3654368421253882,0.29916080474346995,0.5597166864805022,0.6645976468688581,0.07985361876524656
equivalent numerical reoptimization,0.23993750000000003,1.0,1.0,-1.5568515822358233,-1.5568515822358233,-0.2477806249732697,-0.2477806249732697,0.3738213256486337,0.29576970590200363,0.5467832609884583,0.6695910315506373,0.08419891499888402
equivalent numerical reoptimization,0.24062500000000003,1.0,1.0,-1.4116238299802284,-1.4116238299802284,-0.22466691032766659,-0.22466691032766659,0.3822752710283721,0.29196962773934165,0.5329268150438313,0.6742448987677138,0.0891027774547468
equivalent numerical reoptimization,0.2413125,1.0,1.0,-1.4116238299802284,-1.4116238299802284,-0.22466691032766659,-0.22466691032766659,0.3912019106718087,0.28685151298344536,0.5168095477366154,0.678053423655254,0.09319230951610659
equivalent numerical reoptimization,0.24200000000000002,1.0,1.0,-1.2714560168334874,-1.2714560168334874,-0.2023585100029816,-0.2023585100029816,0.40019752232641165,0.2814307503573062,0.500106509851338,0.6816282726837178,0.09782832642440746
equivalent numerical reoptimization,0.24268750000000003,1.0,1.0,-1.2714560168334874,-1.2714560168334874,-0.2023585100029816,-0.2023585100029816,0.40945416574967786,0.27507034443490985,0.48220311403060684,0.6845245101845877,0.10159870511855369
equivalent numerical reoptimization,0.24337500000000004,1.0,1.0,-1.1433516994512352,-1.1433516994512352,-0.18197007466018317,-0.18197007466018317,0.418778586454666,0.26853902940503493,0.4640971689683787,0.687317615859701,0.10590427590914107
equivalent numerical reoptimization,0.24406250000000002,1.0,1.0,-1.1433516994512352,-1.1433516994512352,-0.18197007466018317,-0.18197007466018317,0.4281728671482797,0.2615039485450918,0.44587544563602044,0.6896768156933715,0.10938482315069835
equivalent numerical reoptimization,0.24475000000000002,1.0,1.0,-1.037699332754209,-1.037699332754209,-0.1651549782509939,-0.1651549782509939,0.43763254055508544,0.2544391902976475,0.4278380671795914,0.6920717308527329,0.11339010304670485
equivalent numerical reoptimization,0.24543750000000003,1.0,1.0,-1.037699332754209,-1.037699332754209,-0.1651549782509939,-0.1651549782509939,0.44703367184717424,0.2472775537770376,0.4105626733053404,0.6943112256242119,0.11675117341062526
equivalent numerical reoptimization,0.24612500000000004,1.0,1.0,-0.9617321101706918,-0.9617321101706918,-0.15306441926386488,-0.15306441926386488,0.45649607180771795,0.24021899352462392,0.39381991785294057,0.6967150653323418,0.1206270808807764
equivalent numerical reoptimization,0.24681250000000002,1.0,1.0,-0.9617321101706918,-0.9617321101706918,-0.15306441926386488,-0.15306441926386488,0.4658601719012604,0.23335170641700578,0.37834149129843464,0.6992118783182661,0.12415087122522342
equivalent numerical reoptimization,0.24750000000000003,1.0,1.0,-0.9138205676907066,-0.9138205676907066,-0.1454390604470179,-0.1454390604470179,0.4752791368678168,0.22669867989008025,0.3636800513458728,0.701977816757897,0.12817955831740985
equivalent numerical reoptimization,0.24818750000000003,1.0,1.0,-0.9138205676907066,-0.9138205676907066,-0.1454390604470179,-0.1454390604470179,0.4846211942682996,0.2203903207919477,0.35046439209978286,0.7050115150602473,0.132153062722622
equivalent numerical reoptimization,0.248875,1.0,1.0,-0.888864556746803,-0.888864556746803,-0.1414671879454402,-0.1414671879454402,0.494008988332645,0.21438213532880432,0.33828443536476466,0.7083911236614493,0.13662071427993575
equivalent numerical reoptimization,0.24956250000000002,1.0,1.0,-0.888864556746803,-0.888864556746803,-0.1414671879454402,-0.1414671879454402,0.5033622540019157,0.208778261426708,0.32754951579839503,0.7121405154286237,0.14128382347377952
equivalent numerical reoptimization,0.25025000000000003,1.0,1.0,-0.8776230286772009,-0.8776230286772009,-0.13967804318525673,-0.13967804318525673,0.5127491103450199,0.20353657945541306,0.3180117518150461,0.716285689800433,0.14642881411430017
equivalent numerical reoptimization,0.25093750000000004,1.0,1.0,-0.8776230286772009,-0.8776230286772009,-0.13967804318525673,-0.13967804318525673,0.5221273609372774,0.19872125916548858,0.30989751720192044,0.720848620102766,0.15191596141233638
equivalent numerical reoptimization,0.25162500000000004,1.0,1.0,-0.8720137504096449,-0.8720137504096449,-0.13878529882179727,-0.13878529882179727,0.5315239110205178,0.19431047951327426,0.30309638197168526,0.7258343905337921,0.15787070721084168
equivalent numerical reoptimization,0.25231250000000005,1.0,1.0,-0.8720137504096449,-0.8720137504096449,-0.13878529882179727,-0.13878529882179727,0.5409125208297142,0.19034296391657546,0.29773956474297775,0.7312554847462897,0.1642185176208201
equivalent numerical reoptimization,0.253,1.0,1.0,-0.8667357426888942,-0.8667357426888942,-0.1379452778033626,-0.1379452778033626,0.5503010171003295,0.18680598634230564,0.2937733208482126,0.7371070034426351,0.17101739982638817
equivalent numerical reoptimization,0.2536875,1.0,1.0,-0.8667357426888942,-0.8667357426888942,-0.1379452778033626,-0.1379452778033626,0.559663008936399,0.1837317928399208,0.2913091166064221,0.7433948017763198,0.17819542699221583
equivalent numerical reoptimization,0.254375,1.0,1.0,-0.8601546705940333,-0.8601546705940333,-0.13689786764862136,-0.13689786764862136,0.5690034979195853,0.1810994749077471,0.2902763881027233,0.7501029728273324,0.18580575013486866
equivalent numerical reoptimization,0.2550625,1.0,1.0,-0.8601546705940333,-0.8601546705940333,-0.13689786764862136,-0.13689786764862136,0.578291306488518,0.17894202997539924,0.2907909354231242,0.7572333364639172,0.19375955948836268
equivalent numerical reoptimization,0.25575000000000003,1.0,1.0,-0.8356830135460276,-0.8356830135460276,-0.13300308246378162,-0.13300308246378162,0.5875334927455245,0.17722357799213773,0.29274027804856617,0.7647570707376622,0.20212475671418473
equivalent numerical reoptimization,0.25643750000000004,1.0,1.0,-0.8356830135460276,-0.8356830135460276,-0.13300308246378162,-0.13300308246378162,0.5966454238552806,0.17606277989937041,0.2965115918062701,0.7727082037546511,0.21059472024194179
equivalent numerical reoptimization,0.25712500000000005,1.0,1.0,-0.9787071170605316,-0.9787071170605316,-0.15576607551940186,-0.15576607551940186,0.6056852152892036,0.17532541138257832,0.3016774908021569,0.7810106266717819,0.2194534561884836
equivalent numerical reoptimization,0.2578125,1.0,1.0,-0.9787071170605316,-0.9787071170605316,-0.15576607551940186,-0.15576607551940186,0.6149530462436361,0.17427920086410323,0.30592391032086996,0.7892322471077393,0.23033177118714396
equivalent numerical reoptimization,0.2585,1.0,1.0,-0.8897431762396922,-0.8897431762396922,-0.14160702458083044,-0.14160702458083044,0.6241203424812473,0.17362064874250188,0.3115535733514217,0.7977409912237492,0.24157234487470236
equivalent numerical reoptimization,0.2591875,1.0,1.0,-0.8897431762396922,-0.8897431762396922,-0.14160702458083044,-0.14160702458083044,0.6330182519311417,0.17376591684273335,0.3198838079766529,0.806784168773875,0.2521590354500743
equivalent numerical reoptimization,0.259875,1.0,1.0,-0.9169021769324053,-0.9169021769324053,-0.14592951379051192,-0.14592951379051192,0.6417858050601785,0.17426441657541525,0.3294677503315515,0.8160502216355937,0.26307866309772526
equivalent numerical reoptimization,0.26056250000000003,1.0,1.0,-0.9169021769324053,-0.9169021769324053,-0.14592951379051192,-0.14592951379051192,0.650456428912341,0.1749692054730132,0.3398750802092779,0.8254256343853542,0.2746310250139936
equivalent numerical reoptimization,0.26125000000000004,1.0,1.0,-0.940278581938064,-0.940278581938064,-0.14964998419888062,-0.14964998419888062,0.6589658942121358,0.1759816614167772,0.3514315119393444,0.834947555628913,0.2864861360338182
equivalent numerical reoptimization,0.26193750000000005,1.0,1.0,-0.940278581938064,-0.940278581938064,-0.14964998419888062,-0.14964998419888062,0.6673302505153165,0.1771770006503418,0.3637770607689017,0.8445072511656583,0.29889185303333676
equivalent numerical reoptimization,0.26262500000000005,1.0,1.0,-0.9492343546908885,-0.9492343546908885,-0.15107533970170034,-0.15107533970170034,0.6755023595218773,0.17862917556548938,0.3771434986016066,0.8541315350873667,0.31156772858210907
equivalent numerical reoptimization,0.2633125,1.0,1.0,-0.9492343546908885,-0.9492343546908885,-0.15107533970170034,-0.15107533970170034,0.6834756196899331,0.18027581685499322,0.39135246616052005,0.8637514365449264,0.32459600338460376
equivalent numerical reoptimization,0.264,1.0,1.0,-0.9325723208575408,-0.9325723208575408,-0.14842349465515867,-0.14842349465515867,0.6912258551825642,0.18212323771733635,0.40642057734681014,0.8733490928999006,0.33785990709824837
equivalent numerical reoptimization,0.2646875,1.0,1.0,-0.9325723208575408,-0.9325723208575408,-0.14842349465515867,-0.14842349465515867,0.6987247295818013,0.1841973837022822,0.4223969515524575,0.8829221132840835,0.35115604613939555
equivalent numerical reoptimization,0.265375,1.0,1.0,-0.8823675914215061,-0.8823675914215061,-0.14043316379882256,-0.14043316379882256,0.705970686952741,0.18640988429591124,0.43902270233047874,0.8923805712486522,0.36465213473768404
equivalent numerical reoptimization,0.26606250000000004,1.0,1.0,-0.8823675914215061,-0.8823675914215061,-0.14043316379882256,-0.14043316379882256,0.7129078556182707,0.18886772083695602,0.45647925504905545,0.9017755764552268,0.3777484575015936
equivalent numerical reoptimization,0.26675000000000004,1.0,1.0,-0.7969550398861495,-0.7969550398861495,-0.1268393340198793,-0.1268393340198793,0.719563662392309,0.19139373437703985,0.4743150584022522,0.9109573967693488,0.39100900715119924
equivalent numerical reoptimization,0.26743750000000005,1.0,1.0,-0.7969550398861495,-0.7969550398861495,-0.1268393340198793,-0.1268393340198793,0.7258319662369349,0.1941294249415436,0.4925882700201212,0.9199613911784785,0.403350851584863
equivalent numerical reoptimization,0.268125,1.0,1.0,-0.6850021407380965,-0.6850021407380965,-0.10902147672699823,-0.10902147672699823,0.7317925105130868,0.19685546053528044,0.5109101557307584,0.9286479710483673,0.41582252968168615
equivalent numerical reoptimization,0.2688125,1.0,1.0,-0.6850021407380965,-0.6850021407380965,-0.10902147672699823,-0.10902147672699823,0.7372642701172577,0.199675059280332,0.5289020695318836,0.9369393293975897,0.42687542306028914
equivalent numerical reoptimization,0.2695,1.0,1.0,-0.5426995378878311,-0.5426995378878311,-0.08637331406853566,-0.08637331406853566,0.7424045974645149,0.202403541741804,0.5465764766164005,0.9448081392063189,0.438026548705251
equivalent numerical reoptimization,0.2701875,1.0,1.0,-0.5426995378878311,-0.5426995378878311,-0.08637331406853566,-0.08637331406853566,0.746914744362225,0.20505722357685893,0.5628212028338677,0.951971967939084,0.4471157646418643
equivalent numerical reoptimization,0.27087500000000003,1.0,1.0,-0.39561816094941316,-0.39561816094941316,-0.06296458589202414,-0.06296458589202414,0.7510732705739466,0.2075388688599063,0.5783702677730994,0.9586121394338529,0.4562760230296493
equivalent numerical reoptimization,0.27156250000000004,1.0,1.0,-0.39561816094941316,-0.39561816094941316,-0.06296458589202414,-0.06296458589202414,0.7544995201629696,0.20974794908474517,0.5914446444099583,0.9642474692477148,0.46308460805838214
equivalent numerical reoptimization,0.27225000000000005,1.0,1.0,-0.23886358159150317,-0.23886358159150317,-0.038016319734921984,-0.038016319734921984,0.7575581945415757,0.21171599075749373,0.603499436869925,0.9692741852990694,0.4699427833486741
equivalent numerical reoptimization,0.2729375,1.0,1.0,-0.23886358159150317,-0.23886358159150317,-0.038016319734921984,-0.038016319734921984,0.7597836444983486,0.21323834296287436,0.6121196836971075,0.9730219874612229,0.4741113532009835
equivalent numerical reoptimization,0.273625,1.0,1.0,-0.08834412683244354,-0.08834412683244354,-0.014060404478520735,-0.014060404478520735,0.7616304461612123,0.21446829837653553,0.6194793380344098,0.9760987445377478,0.47831470097133943
equivalent numerical reoptimization,0.2743125,1.0,1.0,-0.08834412683244354,-0.08834412683244354,-0.014060404478520735,-0.014060404478520735,0.7626144427378461,0.21515164789517083,0.6229597813698625,0.9777660906330169,0.4798284014431257
equivalent numerical reoptimization,0.275,1.0,1.0,0.05834629102152008,0.05834629102152008,0.009286100627153192,0.009286100627153192,0.7632140506621337,0.21551545007640316,0.6250556473651847,0.9787295007385368,0.48136919963567854
equivalent numerical reoptimization,0.27568750000000003,1.0,1.0,0.05834629102152008,0.05834629102152008,0.009286100627153192,0.009286100627153192,0.7629450551124751,0.21529979744068825,0.6231556035375375,0.9782448525531634,0.48025170209787393
equivalent numerical reoptimization,0.27637500000000004,1.0,1.0,0.21334904830102308,0.21334904830102308,0.03395555564105936,0.03395555564105936,0.762291465181354,0.21476312393726604,0.6198687689440616,0.9770545891186201,0.4791607335740619
equivalent numerical reoptimization,0.27706250000000004,1.0,1.0,0.21334904830102308,0.21334904830102308,0.03395555564105936,0.03395555564105936,0.76075251278278,0.21366437270324223,0.6126169022805013,0.9744168854860222,0.475289300171332
equivalent numerical reoptimization,0.27775000000000005,1.0,1.0,0.351188955874357,0.35118895587435706,0.05589345828668543,0.05589345828668544,0.7588343217831041,0.21226923202085282,0.6041004444211959,0.9711035538039569,0.47145106184088137
equivalent numerical reoptimization,0.2784375,1.0,1.0,0.351188955874357,0.35118895587435706,0.05589345828668543,0.05589345828668544,0.7561207067924713,0.21043187386240753,0.5923899763863996,0.9665525806548789,0.46522927148564563
equivalent numerical reoptimization,0.279125,1.0,1.0,0.351188955874357,0.35118895587435706,0.05589345828668543,0.05589345828668544,0.7530385351004215,0.2083447008259187,0.5796372499359361,0.9613832359263402,0.45905419033259043
equivalent numerical reoptimization,0.2798125,1.0,1.0,0.496066746614781,0.49606674661478095,0.07895147482725713,0.07895147482725713,0.7491989650898645,0.20595647875302397,0.5643534783293177,0.9551554438428884,0.4505159985199901
equivalent numerical reoptimization,0.2805,1.0,1.0,0.6326307257876128,0.6326307257876128,0.10068630716091197,0.10068630716091197,0.7450064048308285,0.20338498870088087,0.548342556805972,0.9483913935317093,0.4420442810105128
equivalent numerical reoptimization,0.28118750000000003,1.0,1.0,0.6326307257876128,0.6326307257876128,0.10068630716091197,0.10068630716091197,0.7401568067314791,0.200701451764076,0.5308331533400215,0.9408582584955552,0.43153331028527186
equivalent numerical reoptimization,0.28187500000000004,1.0,1.0,0.7472797219862015,0.7472797219862015,0.11893326162644127,0.11893326162644127,0.7349740960612211,0.19791337511016166,0.5129635505039667,0.9328874711713828,0.4211143141759174
equivalent numerical reoptimization,0.28256250000000005,1.0,1.0,0.7472797219862015,0.7472797219862015,0.11893326162644127,0.11893326162644127,0.7292604075275684,0.1951889204886496,0.4946525532575878,0.924449328016218,0.40917287869415203
equivalent numerical reoptimization,0.28325,1.0,1.0,0.8424860911844936,0.8424860911844936,0.13408582589818144,0.13408582589818144,0.7232370588195468,0.19244181425734677,0.476349612553624,0.9156788730768936,0.3973534557330602
equivalent numerical reoptimization,0.2839375,1.0,1.0,0.8424860911844936,0.8424860911844936,0.13408582589818144,0.13408582589818144,0.7167843968631602,0.18989846501254692,0.4584326124404097,0.9066828618757071,0.3844373929124709
equivalent numerical reoptimization,0.284625,1.0,1.0,0.8424860911844936,0.8424860911844936,0.13408582589818144,0.13408582589818144,0.7100483352066648,0.18741258237252337,0.44086766690745416,0.8974609175791881,0.3716765710503276
equivalent numerical reoptimization,0.2853125,1.0,1.0,0.9029173850820704,0.9029173850820704,0.14370376503941987,0.14370376503941987,0.7029773695169813,0.1851839654702314,0.4241618163973267,0.8881613349872127,0.358364315503713
equivalent numerical reoptimization,0.28600000000000003,1.0,1.0,0.9307257508013104,0.9307257508013104,0.1481296039029441,0.1481296039029441,0.6956513556155929,0.18308521549957138,0.4080918665909881,0.8787365711151642,0.34524232614554856
equivalent numerical reoptimization,0.28668750000000004,1.0,1.0,0.9307257508013104,0.9307257508013104,0.1481296039029441,0.1481296039029441,0.688057670238945,0.1812410994998045,0.39302267714576267,0.8692987697387495,0.3320112885048183
equivalent numerical reoptimization,0.28737500000000005,1.0,1.0,0.9295580531958935,0.9295580531958935,0.14794375905700544,0.14794375905700544,0.6802387373995878,0.17959112402351893,0.37881188151687883,0.8598298614231068,0.3190059183864807
equivalent numerical reoptimization,0.28806250000000005,1.0,1.0,0.9295580531958935,0.9295580531958935,0.14794375905700544,0.14794375905700544,0.6722111133001729,0.17815980255770308,0.3655335648770325,0.850370915857876,0.3062567893087732
equivalent numerical reoptimization,0.28875,1.0,1.0,0.9203493165982792,0.9203493165982792,0.1464781431078639,0.1464781431078639,0.6639889076278013,0.176979566193364,0.3532823283465853,0.8409684738211652,0.2937679250954918
equivalent numerical reoptimization,0.2894375,1.0,1.0,0.9203493165982792,0.9203493165982792,0.1464781431078639,0.1464781431078639,0.655600320879618,0.1760380715903405,0.3420107114519359,0.8316383924699584,0.28166002446829846
equivalent numerical reoptimization,0.290125,1.0,1.0,0.9043686667048466,0.9043686667048466,0.14393474368350312,0.14393474368350312,0.6470481001212047,0.17539923706362714,0.3319039425314106,0.8224473371848319,0.26984543078582357
equivalent numerical reoptimization,0.29081250000000003,1.0,1.0,0.9043686667048466,0.9043686667048466,0.14393474368350312,0.14393474368350312,0.6383750754783755,0.17501391690151455,0.3227903107133148,0.81338899237989,0.2585227440836291
equivalent numerical reoptimization,0.29150000000000004,1.0,1.0,0.8870073581509573,0.8870073581509573,0.14117160560860803,0.14117160560860803,0.6295690510554852,0.17497646988083326,0.3149495699671138,0.8045455209363185,0.2475244455464326
equivalent numerical reoptimization,0.29218750000000004,1.0,1.0,0.8870073581509573,0.8870073581509573,0.14117160560860803,0.14117160560860803,0.6206812200364737,0.17522368251819392,0.3081591524078725,0.7959049025546676,0.2370670481319822
equivalent numerical reoptimization,0.29287500000000005,1.0,1.0,0.8750582043529065,0.8750582043529065,0.13926983871588294,0.13926983871588294,0.6116901275839212,0.1758565762756599,0.3027231687525548,0.787546703859581,0.2269628615573695
equivalent numerical reoptimization,0.2935625,1.0,1.0,0.8750582043529065,0.8750582043529065,0.13926983871588294,0.13926983871588294,0.6026390876288235,0.1768316305214041,0.2984806627759904,0.7794707181502276,0.2173661227710124
equivalent numerical reoptimization,0.29425,1.0,1.0,0.8716222091511081,0.8716222091511081,0.13872298309507672,0.13872298309507672,0.5935130725921118,0.17822087951527996,0.29564835309119436,0.7717339521073918,0.20814905991587285
equivalent numerical reoptimization,0.2949375,1.0,1.0,0.8716222091511081,0.8716222091511081,0.13872298309507672,0.13872298309507672,0.5843347440552715,0.18001707880960832,0.29418654179381437,0.7643518228648798,0.19936475766590006
equivalent numerical reoptimization,0.295625,1.0,1.0,0.8781346283654865,0.8781346283654865,0.13975946680453166,0.13975946680453166,0.5751077711705375,0.18224412024090564,0.2941609384595549,0.7573518914114431,0.19098431365861687
equivalent numerical reoptimization,0.29631250000000003,1.0,1.0,0.8781346283654865,0.8781346283654865,0.13975946680453166,0.13975946680453166,0.5658259598810609,0.1849364385702038,0.2956800804410217,0.7507623984512647,0.18294191268925444
equivalent numerical reoptimization,0.29700000000000004,1.0,1.0,0.8797346138265667,0.8797346138265667,0.14001411239953776,0.14001411239953776,0.5565194523887355,0.18806165686194698,0.29862586622711906,0.7445811092506824,0.17532543156484617
equivalent numerical reoptimization,0.29768750000000005,1.0,1.0,0.8797346138265667,0.8797346138265667,0.14001411239953776,0.14001411239953776,0.5471945095078188,0.1916233440465538,0.3030060590809499,0.7388178535543726,0.16812621860368995
equivalent numerical reoptimization,0.29837500000000006,1.0,1.0,0.8564607186039924,0.8564607186039924,0.1363099569298622,0.1363099569298622,0.5378660998714968,0.19560690162643316,0.30876723443491605,0.7334730014979299,0.16137282825627658
equivalent numerical reoptimization,0.2990625,1.0,1.0,0.8564607186039924,0.8564607186039924,0.1363099569298622,0.1363099569298622,0.5286172611689666,0.19990687323589065,0.31551304264539326,0.7285241344048572,0.15535061735435943
equivalent numerical reoptimization,0.29975,1.0,1.0,0.8601550304580958,0.8601550304580959,0.13689792492276576,0.13689792492276576,0.5193832006386171,0.204611405524432,0.32357270062129545,0.7239946061630491,0.1497913907640351
equivalent numerical reoptimization,0.3004375,1.0,1.0,0.8601550304580958,0.8601550304580959,0.13689792492276576,0.13689792492276576,0.5101595508159206,0.2097166719465209,0.3329497770846105,0.7198762227624415,0.1446585249651502
equivalent numerical reoptimization,0.30112500000000003,1.0,1.0,0.9073877248663597,0.9073877248663597,0.14441524171338985,0.14441524171338985,0.5009657639772143,0.21518792483792903,0.3435307526649108,0.7161536888151433,0.1400030073569297
equivalent numerical reoptimization,0.30181250000000004,1.0,1.0,0.9073877248663597,0.9073877248663597,0.14441524171338985,0.14441524171338985,0.4916596384190758,0.22112849227900155,0.35584898213175675,0.7127881306980773,0.1352729705607549
equivalent numerical reoptimization,0.30250000000000005,1.0,1.0,0.9588243686911805,0.9588243686911805,0.1526016378341673,0.1526016378341673,0.4823953126991656,0.22736514439216285,0.3691919922129315,0.7097604570913284,0.13103288978675529
equivalent numerical reoptimization,0.30318750000000005,1.0,1.0,0.9588243686911805,0.9588243686911805,0.1526016378341673,0.1526016378341673,0.4730386989919904,0.23394631069375646,0.3840003871328065,0.7069850096857468,0.12669202461450207
equivalent numerical reoptimization,0.303875,1.0,1.0,1.0330573050334018,1.0330573050334018,0.16441617659325783,0.16441617659325783,0.46373283728109344,0.2407367952075576,0.3996092340024111,0.704469632488651,0.12285264250219233
equivalent numerical reoptimization,0.3045625,1.0,1.0,1.0330573050334018,1.0330573050334018,0.16441617659325783,0.16441617659325783,0.4543257075974282,0.24771152786654024,0.41644290325631683,0.7020372354639685,0.11867817079456806
equivalent numerical reoptimization,0.30525,1.0,1.0,1.1432424241169115,1.1432424241169115,0.18195268295056752,0.18195268295056752,0.44497557128836795,0.2547862118637429,0.4337926884891887,0.6997617831521108,0.11501594749258967
equivalent numerical reoptimization,0.30593750000000003,1.0,1.0,1.1432424241169115,1.1432424241169115,0.18195268295056752,0.18195268295056752,0.43555499982039536,0.26175216338591645,0.45188259936790665,0.6973071632063118,0.11066159940190434
equivalent numerical reoptimization,0.30662500000000004,1.0,1.0,1.2678230499644518,1.2678230499644518,0.20178030536768551,0.20178030536768551,0.4261954005133241,0.2686844502962272,0.4701334543764556,0.6948798508095513,0.10683026905852196
equivalent numerical reoptimization,0.30731250000000004,1.0,1.0,1.2678230499644518,1.2678230499644518,0.20178030536768551,0.20178030536768551,0.41689885861005355,0.2751212360886702,0.48822631406926076,0.6920200946987237,0.10221984646708748
equivalent numerical reoptimization,0.30800000000000005,1.0,1.0,1.426537221708997,1.426537221708997,0.22704045033956594,0.22704045033956594,0.4076655452489981,0.28138639904754525,0.5060975460672333,0.6890519442965434,0.09814378160551024
equivalent numerical reoptimization,0.3086875,1.0,1.0,1.426537221708997,1.426537221708997,0.22704045033956594,0.22704045033956594,0.3987219170847099,0.28661242321612673,0.5225833611744347,0.6853343403008366,0.09304069643909518
equivalent numerical reoptimization,0.309375,1.0,1.0,1.5643855669196467,1.5643855669196467,0.2489796958768788,0.2489796958768788,0.38984261090267647,0.2915302483239536,0.5384446789072017,0.68137285922663,0.08848429978113052
equivalent numerical reoptimization,0.3100625,1.0,1.0,1.5643855669196467,1.5643855669196467,0.2489796958768788,0.2489796958768788,0.3814242771915953,0.2951750790596263,0.5520407717287756,0.6765993562512216,0.0832177574679066
equivalent numerical reoptimization,0.31075,1.0,1.0,1.5643855669196467,1.5643855669196467,0.2489796958768788,0.2489796958768788,0.37307067987489023,0.29841101014291904,0.5646885651154617,0.6714816900178093,0.07851109952052042
equivalent numerical reoptimization,0.31143750000000003,1.0,1.0,1.6871029736818712,1.6871029736818712,0.2685107777665056,0.2685107777665056,0.3652872892262235,0.30025857466425304,0.5745176593954663,0.6655458638904765,0.07332568850585543
equivalent numerical reoptimization,0.31212500000000004,1.0,1.0,1.7969813119855038,1.7969813119855038,0.28599845844625227,0.28599845844625227,0.35756869719123074,0.30163288775505387,0.5831633203124562,0.6592015849462847,0.06871345029539576
equivalent numerical reoptimization,0.31281250000000005,1.0,1.0,1.7969813119855038,1.7969813119855038,0.28599845844625227,0.28599845844625227,0.35048462773250405,0.30160709620448206,0.5887233231529144,0.6520917239369861,0.06380738947849937
equivalent numerical reoptimization,0.31350000000000006,1.0,1.0,1.8896032553289641,1.8896032553289641,0.3007396985681415,0.3007396985681415,0.34346531737219,0.3010791054389474,0.5929576783491577,0.6445444228111374,0.059487287965390184
equivalent numerical reoptimization,0.3141875,1.0,1.0,1.8896032553289641,1.8896032553289641,0.3007396985681415,0.3007396985681415,0.3370735964967606,0.29927010699462414,0.5941852532833376,0.6363437034913848,0.05506614039728348
equivalent numerical reoptimization,0.314875,1.0,1.0,1.9613314558617556,1.9613314558617556,0.31215559624202194,0.31215559624202194,0.330746666794646,0.2969616596767699,0.5940357996499761,0.6277083264714158,0.051242694586667074
equivalent numerical reoptimization,0.3155625,1.0,1.0,1.9613314558617556,1.9613314558617556,0.31215559624202194,0.31215559624202194,0.32497127318569513,0.29358172637689894,0.5912288252638295,0.618552999562594,0.047509978338035996
equivalent numerical reoptimization,0.31625000000000003,1.0,1.0,1.9613314558617556,1.9613314558617556,0.31215559624202194,0.31215559624202194,0.31926089802830554,0.2897293370072952,0.5870704748898186,0.6089902350356007,0.04438511448341639
equivalent numerical reoptimization,0.31693750000000004,1.0,1.0,2.030390387363847,2.030390387363847,0.3231466665552244,0.3231466665552244,0.3141250724795445,0.28490499956423604,0.5804122251977208,0.5990300720437806,0.041395925748088556
equivalent numerical reoptimization,0.31762500000000005,1.0,1.0,2.081022774716853,2.081022774716853,0.33120506128299887,0.33120506128299887,0.30905474944480976,0.2796577959498622,0.5724954447654675,0.588712545394672,0.039022802624861165
equivalent numerical reoptimization,0.31831250000000005,1.0,1.0,2.081022774716853,2.081022774716853,0.33120506128299887,0.33120506128299887,0.30444880923871026,0.27367526717310164,0.5625866624074181,0.5781240764118118,0.036927942977187704
equivalent numerical reoptimization,0.319,1.0,1.0,2.081022774716853,2.081022774716853,0.33120506128299887,0.33120506128299887,0.29990914636019683,0.26733225876175715,0.551560895246895,0.567241405121954,0.035455151077964986
equivalent numerical reoptimization,0.3196875,1.0,1.0,2.119607092641512,2.119607092641512,0.3373459462065376,0.3373459462065376,0.2957551001837602,0.26043897256322457,0.53896762721859,0.5561940727469847,0.034349720464224416
equivalent numerical reoptimization,0.320375,1.0,1.0,2.152490012472719,2.152490012472719,0.3425794254409687,0.3425794254409687,0.2916684426735414,0.2532567651788063,0.5254350029547186,0.5449252078523477,0.03386982098528595
equivalent numerical reoptimization,0.32106250000000003,1.0,1.0,2.152490012472719,2.152490012472719,0.3425794254409687,0.3425794254409687,0.2879324582929748,0.24566765896459772,0.5106821524434006,0.5336001172575725,0.03379831594194223
equivalent numerical reoptimization,0.32175000000000004,1.0,1.0,2.146814189832948,2.146814189832948,0.3416760902117362,0.3416760902117362,0.2842653140920024,0.23786918607857363,0.4951970491376326,0.522134500170576,0.034353082705816065
equivalent numerical reoptimization,0.32243750000000004,1.0,1.0,2.146814189832948,2.146814189832948,0.3416760902117362,0.3416760902117362,0.28061781173664535,0.22991504789768363,0.4791249378769041,0.510532859634329,0.03557092326595114
equivalent numerical reoptimization,0.32312500000000005,1.0,1.0,2.118755665649563,2.118755665649563,0.33721043739208706,0.33721043739208706,0.27704110212801336,0.2218172595520853,0.4625092750314646,0.49885836168009867,0.03741265441872284
equivalent numerical reoptimization,0.32381250000000006,1.0,1.0,2.118755665649563,2.118755665649563,0.33721043739208706,0.33721043739208706,0.27328576395979387,0.2136870609397304,0.4456410560054321,0.48697282489952426,0.040060475035644326
equivalent numerical reoptimization,0.3245,1.0,1.0,2.0638171418539315,2.0638171418539315,0.3284666997638406,0.3284666997638406,0.2696039838661052,0.20547002898011957,0.4284034457507192,0.47507401284622475,0.04332615518832197
equivalent numerical reoptimization,0.3251875,1.0,1.0,2.0638171418539315,2.0638171418539315,0.3284666997638406,0.3284666997638406,0.26550642384191364,0.19731578151783855,0.41117956142530565,0.46282220535975216,0.0475595724519694
equivalent numerical reoptimization,0.325875,1.0,1.0,1.989462893729836,1.989462893729836,0.3166328536350095,0.3166328536350095,0.26148630963362324,0.18911847159395748,0.39373333505143504,0.45060478122758074,0.052400775276654536
equivalent numerical reoptimization,0.32656250000000003,1.0,1.0,1.989462893729836,1.989462893729836,0.3166328536350095,0.3166328536350095,0.2568899067961798,0.1810342639811554,0.37645067247648484,0.4379241707773352,0.05830030266773
equivalent numerical reoptimization,0.32725000000000004,1.0,1.0,1.9005716574706886,1.9005716574706886,0.30248537398681663,0.30248537398681663,0.25237627391346207,0.1729414208139546,0.3590704266445897,0.42531769472741665,0.06479318693079943
equivalent numerical reoptimization,0.32793750000000005,1.0,1.0,1.9005716574706886,1.9005716574706886,0.30248537398681663,0.30248537398681663,0.24718509574534347,0.16499104511056828,0.34194421057297497,0.41217614085591175,0.0723716118667151
equivalent numerical reoptimization,0.32862500000000006,1.0,1.0,1.8051902008424525,1.8051902008424525,0.28730494368512766,0.28730494368512766,0.24208367155254965,0.15705990086615204,0.32482693956788844,0.3991435724187017,0.08052449124780782
equivalent numerical reoptimization,0.3293125,1.0,1.0,1.8051902008424525,1.8051902008424525,0.28730494368512766,0.28730494368512766,0.23629009618911734,0.14928459307192135,0.30801062549397246,0.38557468926103866,0.08970904424702658
equivalent numerical reoptimization,0.33,1.0,1.0,1.6883354029034507,1.6883354029034507,0.2687069249691309,0.2687069249691309,0.23059502378242286,0.14155443796908318,0.2913003619602112,0.37214946175150604,0.09944476139558987
equivalent numerical reoptimization,0.3306875,1.0,1.0,1.6883354029034507,1.6883354029034507,0.2687069249691309,0.2687069249691309,0.2240991005521662,0.13401210338377403,0.27496441760035617,0.3581112039359402,0.11017393082566326
equivalent numerical reoptimization,0.33137500000000003,1.0,1.0,1.5707566325020919,1.5707566325020919,0.24999368245708758,0.24999368245708758,0.2177122791147319,0.12653103088658132,0.25880442284954736,0.34424331000131325,0.12142677285183816
equivalent numerical reoptimization,0.33206250000000004,1.0,1.0,1.5707566325020919,1.5707566325020919,0.24999368245708758,0.24999368245708758,0.21060769257334347,0.11924767946916026,0.2430467017411205,0.3298553720425037,0.1334951204222552
equivalent numerical reoptimization,0.33275000000000005,1.0,1.0,1.4529892132150621,1.4529892132150621,0.231250415542381,0.231250415542381,0.20362464325348753,0.11204316254374655,0.22753163890926498,0.3156678057972341,0.1460558120523135
equivalent numerical reoptimization,0.33343750000000005,1.0,1.0,1.4529892132150621,1.4529892132150621,0.231250415542381,0.231250415542381,0.1960234037178459,0.1050465303222654,0.21244495684144973,0.3010699340401113,0.1592290651543033
equivalent numerical reoptimization,0.33412500000000006,1.0,1.0,1.3296776035027729,1.3296776035027729,0.2116247633160516,0.2116247633160516,0.18855776602818566,0.0981478568372249,0.19766469061824643,0.28670562286541057,0.17286009267765723
equivalent numerical reoptimization,0.3348125,1.0,1.0,1.3296776035027729,1.3296776035027729,0.2116247633160516,0.2116247633160516,0.1805569378025781,0.09147385524903626,0.18334509917491046,0.2720307930516144,0.18687512778571555
equivalent numerical reoptimization,0.3355,1.0,1.0,1.2018948256600857,1.2018948256600857,0.1912875025803744,0.1912875025803744,0.17270716547277054,0.084915699420731,0.1693869420806555,0.25762286489350156,0.20131079905249405
equivalent numerical reoptimization,0.33618750000000003,1.0,1.0,1.2018948256600857,1.2018948256600857,0.1912875025803744,0.1912875025803744,0.16443352064415892,0.07859965526515623,0.15592072327849046,0.24303317590931517,0.21586239823260253
equivalent numerical reoptimization,0.33687500000000004,1.0,1.0,1.063686654712434,1.063686654712434,0.16929098899836595,0.16929098899836595,0.15632749736588825,0.07241652539252871,0.1428635252736824,0.22874402275841696,0.23079569352899384
equivalent numerical reoptimization,0.33756250000000004,1.0,1.0,1.063686654712434,1.063686654712434,0.16929098899836595,0.16929098899836595,0.14791144520472757,0.06650106160316185,0.13033669831509212,0.21441250680788942,0.2455115588027725
equivalent numerical reoptimization,0.33825000000000005,1.0,1.0,0.9314611872742987,0.9314611872742987,0.14824665225295028,0.14824665225295028,0.13968036234481437,0.06073211196192816,0.11825400740850456,0.20041247430674253,0.2605692909619865
equivalent numerical reoptimization,0.33893750000000006,1.0,1.0,0.9314611872742987,0.9314611872742987,0.14824665225295028,0.14824665225295028,0.13132218059033904,0.05524185334898187,0.10672736307072785,0.18656403393932092,0.27512903389784626
equivalent numerical reoptimization,0.339625,1.0,1.0,0.9314611872742987,0.9314611872742987,0.14824665225295028,0.14824665225295028,0.12316669545727514,0.049914846305711684,0.09568217322194077,0.17308154176298682,0.2899908572562662
equivalent numerical reoptimization,0.3403125,1.0,1.0,0.7894149073018456,0.7894149073018456,0.12563928464751908,0.12563928464751908,0.11503541428464313,0.04489225427288865,0.0852283032604995,0.15992766855753177,0.30396862013294074
equivalent numerical reoptimization,0.341,1.0,1.0,0.64242312130633,0.64242312130633,0.10224481531242673,0.10224481531242673,0.10712448622550806,0.04004626389607666,0.07528252529061095,0.14717075012158473,0.318209721778608
equivalent numerical reoptimization,0.34168750000000003,1.0,1.0,0.64242312130633,0.64242312130633,0.10224481531242673,0.10224481531242673,0.09941668130705288,0.03552779479680321,0.065962887784338,0.13494447610385607,0.331189474924916
equivalent numerical reoptimization,0.34237500000000004,1.0,1.0,0.4984278312562194,0.4984278312562195,0.07932725311900042,0.07932725311900042,0.09194635630119606,0.031197658208249095,0.05717189678573439,0.12314401450944515,0.34439599972505025
equivalent numerical reoptimization,0.34306250000000005,1.0,1.0,0.4984278312562194,0.4984278312562195,0.07932725311900042,0.07932725311900042,0.08485409571292533,0.02720929668836073,0.04903354186722956,0.11206339240128607,0.3560628657441659
equivalent numerical reoptimization,0.34375000000000006,1.0,1.0,0.3426195737663285,0.3426195737663285,0.05452959876494945,0.05452959876494945,0.07801543758938506,0.02342156289876939,0.041443660922943826,0.10143700048815445,0.3679230897955147
equivalent numerical reoptimization,0.3444375,1.0,1.0,0.3426195737663285,0.3426195737663285,0.05452959876494945,0.05452959876494945,0.07174281705773801,0.020004624176793735,0.034543710838903584,0.09174744123453174,0.3777955625314373
equivalent numerical reoptimization,0.345125,1.0,1.0,0.3426195737663285,0.3426195737663285,0.05452959876494945,0.05452959876494945,0.06573843537401505,0.016796757450101982,0.028203247472428437,0.08253519282411703,0.3878321985196569
equivalent numerical reoptimization,0.3458125,1.0,1.0,0.18263208485611754,0.18263208485611754,0.029066799072029588,0.029066799072029588,0.060476748341564995,0.013981351876744394,0.022585181991468056,0.07445810021830938,0.39554594598966336
equivalent numerical reoptimization,0.34650000000000003,1.0,1.0,0.01923632403157075,0.01923632403157075,0.0030615560565419014,0.0030615560565419014,0.05549597514809107,0.011381719709639918,0.017533952007303604,0.06687769485773098,0.403400011812932
equivalent numerical reoptimization,0.34718750000000004,1.0,1.0,0.01923632403157075,0.01923632403157075,0.0030615560565419014,0.0030615560565419014,0.05141473566366617,0.009193631748178385,0.013233965505453313,0.060608367411844555,0.4086529620599386
equivalent numerical reoptimization,0.34787500000000005,1.0,1.0,-0.14617663236126283,-0.14617663236126283,-0.023264733604821692,-0.023264733604821692,0.04762469636721238,0.007226372236700461,0.009505451161793226,0.05485106860391284,0.4140286233896472
equivalent numerical reoptimization,0.34856250000000005,1.0,1.0,-0.14617663236126283,-0.14617663236126283,-0.023264733604821692,-0.023264733604821692,0.044858001710254516,0.00568535156031759,0.006550827963200116,0.050543353270572106,0.41661137251687186
equivalent numerical reoptimization,0.34925000000000006,1.0,1.0,-0.3161328625880278,-0.3161328625880278,-0.050314107754675534,-0.050314107754675534,0.04239004793297192,0.00436872144994173,0.0041705211500487616,0.04675876938291365,0.4193061416614704
equivalent numerical reoptimization,0.3499375,1.0,1.0,-0.3161328625880278,-0.3161328625880278,-0.050314107754675534,-0.050314107754675534,0.04104616911592835,0.00349281476844595,0.0025842086311454637,0.0445389838843743,0.4190467768444964
equivalent numerical reoptimization,0.350625,1.0,1.0,-0.3161328625880278,-0.3161328625880278,-0.050314107754675534,-0.050314107754675534,0.040005545470307,0.0028431172596185992,0.0015732728697323757,0.042848662729925595,0.4188961604882664
equivalent numerical reoptimization,0.3513125,1.0,1.0,-0.4823276899348096,-0.4823276899348096,-0.07676483604321997,-0.07676483604321997,0.0401075958083885,0.0026340106394582875,0.0013587725762660872,0.04274160644784679,0.4158648506659903
equivalent numerical reoptimization,0.35200000000000004,1.0,1.0,-0.6532832962886841,-0.6532832962886842,-0.10397326584371132,-0.10397326584371133,0.040514235175397345,0.0026517214794316143,0.001720137185356358,0.04316595665482896,0.41294656382038786
equivalent numerical reoptimization,0.35268750000000004,1.0,1.0,-0.6532832962886841,-0.6532832962886842,-0.10397326584371132,-0.10397326584371133,0.042079766857576494,0.003116197469107759,0.002883613270659252,0.045195964326684254,0.40715617198637405
equivalent numerical reoptimization,0.35337500000000005,1.0,1.0,-0.8126487936630635,-0.8126487936630635,-0.12933707250914228,-0.12933707250914228,0.0439479946833521,0.00380664103494555,0.004622599724469763,0.047754635718297654,0.40149050186991486
equivalent numerical reoptimization,0.35406250000000006,1.0,1.0,-0.8126487936630635,-0.8126487936630635,-0.12933707250914228,-0.12933707250914228,0.046869273947702635,0.0049251536507048345,0.0071415751670209126,0.051794427598407466,0.3933194675103527
equivalent numerical reoptimization,0.35475,1.0,1.0,-0.959361621138493,-0.959361621138493,-0.15268714421684532,-0.15268714421684532,0.05008823047050741,0.006266811284807735,0.010233352150368455,0.056355041755315145,0.38529174235734337
equivalent numerical reoptimization,0.3554375,1.0,1.0,-0.959361621138493,-0.959361621138493,-0.15268714421684532,-0.15268714421684532,0.054225682370175596,0.008014193584648418,0.014078743424750717,0.06223987595482401,0.37516983031490103
equivalent numerical reoptimization,0.356125,1.0,1.0,-1.1011382038024564,-1.1011382038024564,-0.1752515881624918,-0.1752515881624918,0.058652940280650774,0.009978971379488139,0.01848946752887045,0.0686319116601389,0.36521560892086613
equivalent numerical reoptimization,0.35681250000000003,1.0,1.0,-1.1011382038024564,-1.1011382038024564,-0.1752515881624918,-0.1752515881624918,0.0638810458057101,0.012335240815105217,0.0236351838488796,0.07621628662081531,0.3534741719297803
equivalent numerical reoptimization,0.35750000000000004,1.0,1.0,-1.2304109553674532,-1.2304109553674532,-0.19582598558115158,-0.19582598558115158,0.06938854428180764,0.01490056855919285,0.029334302828089822,0.08428911284100049,0.3419295703135085
equivalent numerical reoptimization,0.35818750000000005,1.0,1.0,-1.2304109553674532,-1.2304109553674532,-0.19582598558115158,-0.19582598558115158,0.07554624102537119,0.017832875542047773,0.03573996246139276,0.09337911656741896,0.32900535935842534
equivalent numerical reoptimization,0.35887500000000006,1.0,1.0,-1.3480865418541363,-1.3480865418541363,-0.21455463685174506,-0.21455463685174506,0.08197072574227997,0.02096180015522092,0.042678647956544934,0.10293252589750089,0.3163108541443723
equivalent numerical reoptimization,0.35956250000000006,1.0,1.0,-1.3480865418541363,-1.3480865418541363,-0.21455463685174506,-0.21455463685174506,0.08890716401705859,0.024434037077355863,0.05029669042392607,0.11334120109441445,0.3025992368035454
equivalent numerical reoptimization,0.36025,1.0,1.0,-1.4502093674485386,-1.4502093674485386,-0.23080798934760569,-0.23080798934760569,0.0960959868283247,0.028085994394044626,0.05841738390796942,0.12418198122236931,0.28915279766981006
equivalent numerical reoptimization,0.3609375,1.0,1.0,-1.4502093674485386,-1.4502093674485386,-0.23080798934760569,-0.23080798934760569,0.10366980898169835,0.03205139839887325,0.06718285431720314,0.13572120738057158,0.27504454444775583
equivalent numerical reoptimization,0.36162500000000003,1.0,1.0,-1.5372409672961866,-1.5372409672961866,-0.24465949866855474,-0.24465949866855474,0.11148020605086,0.03617375650335228,0.07640661026713293,0.14765396255421226,0.26123848514197945
equivalent numerical reoptimization,0.36231250000000004,1.0,1.0,-1.5372409672961866,-1.5372409672961866,-0.24465949866855474,-0.24465949866855474,0.11957618836840744,0.04057733697970506,0.08623405554152126,0.1601535253481125,0.24706233070293038
equivalent numerical reoptimization,0.36300000000000004,1.0,1.0,-1.6056180310187615,-1.6056180310187615,-0.25554204635411204,-0.25554204635411204,0.12789190615428467,0.0451089026168653,0.0964597403740544,0.17300080877114998,0.23322596006465465
equivalent numerical reoptimization,0.36368750000000005,1.0,1.0,-1.6056180310187615,-1.6056180310187615,-0.25554204635411204,-0.25554204635411204,0.13642130893821977,0.04987706475172314,0.10722422074225953,0.1862983736899429,0.21927950335443236
equivalent numerical reoptimization,0.36437500000000006,1.0,1.0,-1.6612644260989224,-1.6612644260989224,-0.2643984451963642,-0.2643984451963642,0.14515292285648929,0.05473667695948573,0.1183071765531893,0.199889599815975,0.2057101525400241
equivalent numerical reoptimization,0.3650625,1.0,1.0,-1.6612644260989224,-1.6612644260989224,-0.2643984451963642,-0.2643984451963642,0.15405155418846123,0.05978931311133494,0.12985452656752802,0.21384086729979618,0.19220236539324564
equivalent numerical reoptimization,0.36575,1.0,1.0,-1.691962843162526,-1.691962843162526,-0.26928425001713324,-0.26928425001713324,0.16313449765791832,0.06489124928299336,0.14162434392079165,0.22802574694091168,0.1791080580280094
equivalent numerical reoptimization,0.3664375,1.0,1.0,-1.691962843162526,-1.691962843162526,-0.26928425001713324,-0.26928425001713324,0.17236739348902744,0.07009829937357821,0.1536972837836911,0.24246569286260566,0.1662783987472701
equivalent numerical reoptimization,0.36712500000000003,1.0,1.0,-1.7123879152430233,-1.7123879152430233,-0.27253500120175267,-0.27253500120175267,0.18176661210706874,0.07530310014031234,0.1658708651123427,0.25706971224738107,0.15389704437973886
equivalent numerical reoptimization,0.36781250000000004,1.0,1.0,-1.7123879152430233,-1.7123879152430233,-0.27253500120175267,-0.27253500120175267,0.19130235748095192,0.08054362685602917,0.17820027580591496,0.2718459843369811,0.1418765133721277
equivalent numerical reoptimization,0.36850000000000005,1.0,1.0,-1.713916748009452,-1.713916748009452,-0.27277832249369066,-0.27277832249369066,0.20098661148942817,0.0857272109884196,0.19049637725643265,0.28671382247784777,0.13033706736506073
equivalent numerical reoptimization,0.36918750000000006,1.0,1.0,-1.713916748009452,-1.713916748009452,-0.27277832249369066,-0.27277832249369066,0.2108089739604204,0.09082962709094307,0.20269538454139602,0.3016386010513635,0.11928661871967874
equivalent numerical reoptimization,0.369875,1.0,1.0,-1.7029713966972178,-1.7029713966972178,-0.2710363157284712,-0.2710363157284712,0.2207624587312983,0.09581580398406032,0.21471107643564297,0.3165782627153586,0.10874760132055224
equivalent numerical reoptimization,0.3705625,1.0,1.0,-1.7029713966972178,-1.7029713966972178,-0.2710363157284712,-0.2710363157284712,0.23084909231205092,0.10060644864873998,0.22636324316397866,0.3314555409607909,0.09878902481421825
equivalent numerical reoptimization,0.37125,1.0,1.0,-1.6775836031012645,-1.6775836031012645,-0.2669957228834785,-0.2669957228834785,0.24105014166852148,0.1052216492935861,0.2376768815005317,0.3462717909621076,0.08936941471854397
equivalent numerical reoptimization,0.37193750000000003,1.0,1.0,-1.6775836031012645,-1.6775836031012645,-0.2669957228834785,-0.2669957228834785,0.25137519022819044,0.10950161918957939,0.24829133285719235,0.36087680941776984,0.08063300996395122
equivalent numerical reoptimization,0.37262500000000004,1.0,1.0,-1.6467683051505075,-1.6467683051505075,-0.262091315891766,-0.262091315891766,0.26179887668006124,0.113549345204166,0.2584124252725507,0.37534822188422723,0.07245996164652042
equivalent numerical reoptimization,0.37331250000000005,1.0,1.0,-1.6467683051505075,-1.6467683051505075,-0.262091315891766,-0.262091315891766,0.2723232811710969,0.11716244748866737,0.26757284536943166,0.3894857286597643,0.06502822553190611
equivalent numerical reoptimization,0.37400000000000005,1.0,1.0,-1.6052664864406212,-1.6052664864406212,-0.25548609629678387,-0.25548609629678387,0.28293170015244457,0.12049471394547517,0.2761001182631809,0.40342641409791974,0.05818080843271548
equivalent numerical reoptimization,0.37468750000000006,1.0,1.0,-1.6052664864406212,-1.6052664864406212,-0.25548609629678387,-0.25548609629678387,0.2936099748869153,0.12326623362353539,0.2833349306003005,0.4168762085104507,0.05216233806427094
equivalent numerical reoptimization,0.375375,1.0,1.0,-1.5640801290614044,-1.5640801290614044,-0.24893108393193214,-0.24893108393193214,0.3043589943683012,0.1257180943587979,0.28981645304703246,0.43007708872709915,0.046745470079021065
equivalent numerical reoptimization,0.3760625,1.0,1.0,-1.5640801290614044,-1.5640801290614044,-0.24893108393193214,-0.24893108393193214,0.31514236725715383,0.1275648146183087,0.294854777302225,0.44270718187546254,0.04218085396673756
equivalent numerical reoptimization,0.37675000000000003,1.0,1.0,-1.5151545888830151,-1.5151545888830151,-0.24114434236910035,-0.24114434236910035,0.32598470730520324,0.1290674061872673,0.29905213074313824,0.45505211349247054,0.038231248979819346
equivalent numerical reoptimization,0.37743750000000004,1.0,1.0,-1.5151545888830151,-1.5151545888830151,-0.24114434236910035,-0.24114434236910035,0.3368146580444153,0.12988780887148185,0.3015734098543904,0.4667024669158971,0.03520029059313883
equivalent numerical reoptimization,0.37812500000000004,1.0,1.0,-1.4688163349864451,-1.4688163349864451,-0.23376938020721397,-0.23376938020721397,0.3476933708066746,0.1303543488403558,0.30320076789904554,0.4780477196470304,0.03279372072386541
equivalent numerical reoptimization,0.37881250000000005,1.0,1.0,-1.4688163349864451,-1.4688163349864451,-0.23376938020721397,-0.23376938020721397,0.35852352151015054,0.1301554101340797,0.30314392246548677,0.48867893164423026,0.03130337040825019
equivalent numerical reoptimization,0.37950000000000006,1.0,1.0,-1.4287603195101584,-1.4287603195101584,-0.22739426734359747,-0.22739426734359747,0.36939380311920883,0.12960918409989666,0.30218092045520023,0.4990029872191055,0.030442643481777845
equivalent numerical reoptimization,0.3801875,1.0,1.0,-1.4287603195101584,-1.4287603195101584,-0.22739426734359747,-0.22739426734359747,0.3801957063495106,0.12846245821468946,0.2996503322901173,0.5086581645642001,0.030464302525758786
equivalent numerical reoptimization,0.380875,1.0,1.0,-1.2980892073192967,-1.2980892073192967,-0.20659731391910618,-0.20659731391910618,0.39103054551296923,0.12698979167983843,0.2962400407718366,0.5180203371928076,0.031116712037758898
equivalent numerical reoptimization,0.3815625,1.0,1.0,-1.2980892073192967,-1.2980892073192967,-0.20659731391910618,-0.20659731391910618,0.4014145705152068,0.12442035574875622,0.2899058505217725,0.525834926263963,0.03321019270187053
equivalent numerical reoptimization,0.38225000000000003,1.0,1.0,-1.3490473386066009,-1.3490473386066009,-0.21470755240420641,-0.21470755240420641,0.4118261368381,0.12157644559241683,0.2827966144523322,0.5334025824305169,0.035930735217079735
equivalent numerical reoptimization,0.38293750000000004,1.0,1.0,-1.3490473386066009,-1.3490473386066009,-0.21470755240420641,-0.21470755240420641,0.42247966682666077,0.11875345671433499,0.275702073809541,0.5412331235409957,0.038959566795839264
equivalent numerical reoptimization,0.38362500000000005,1.0,1.0,-1.3177060236762927,-1.3177060236762927,-0.20971942721004808,-0.20971942721004808,0.4331563048255505,0.11568828779803482,0.26789506013502357,0.5488445926235853,0.04260773694197695
equivalent numerical reoptimization,0.38431250000000006,1.0,1.0,-1.3177060236762927,-1.3177060236762927,-0.20971942721004808,-0.20971942721004808,0.4437191614858449,0.11225197762886642,0.2589974091600379,0.5559711391147113,0.0470644347612579
equivalent numerical reoptimization,0.38500000000000006,1.0,1.0,-1.2934889244173764,-1.2934889244173764,-0.20586515615564446,-0.20586515615564446,0.4543008045944747,0.10862724414215179,0.24950869854513735,0.5629280487366265,0.05212958321808955
equivalent numerical reoptimization,0.3856875,1.0,1.0,-1.2934889244173764,-1.2934889244173764,-0.20586515615564446,-0.20586515615564446,0.4647845229401074,0.10474058623043808,0.23919640227948663,0.5695251091705456,0.05794321122755383
equivalent numerical reoptimization,0.386375,1.0,1.0,-1.2781407759726162,-1.2781407759726162,-0.20342242246335268,-0.20342242246335268,0.4752830021788163,0.10072359980750202,0.22843205021783158,0.5760066019863184,0.06435067594433949
equivalent numerical reoptimization,0.38706250000000003,1.0,1.0,-1.2781407759726162,-1.2781407759726162,-0.20342242246335268,-0.20342242246335268,0.48571621737074844,0.09655261430247385,0.217123846343699,0.5822688316732223,0.07143462053160021
equivalent numerical reoptimization,0.38775000000000004,1.0,1.0,-1.2686986904916744,-1.2686986904916744,-0.20191966788596458,-0.20191966788596458,0.4961600621643665,0.09231022547833155,0.20551172074290647,0.588470287642698,0.07909427823769428
equivalent numerical reoptimization,0.38843750000000005,1.0,1.0,-1.2686986904916744,-1.2686986904916744,-0.20191966788596458,-0.20191966788596458,0.5065618843438872,0.08800014535570551,0.1935866264688501,0.5945620296995927,0.08737465143088216
equivalent numerical reoptimization,0.38912500000000005,1.0,1.0,-1.2657012529957343,-1.2657012529957343,-0.20144261089187673,-0.20144261089187673,0.516969713843764,0.08367664143452078,0.18151073575825658,0.6006463552782848,0.09620932467903878
equivalent numerical reoptimization,0.38981250000000006,1.0,1.0,-1.2657012529957343,-1.2657012529957343,-0.20144261089187673,-0.20144261089187673,0.5273643931655035,0.07936155791580758,0.16933825594777654,0.6067259510813111,0.10560382893696779
equivalent numerical reoptimization,0.3905,1.0,1.0,-1.275532675530857,-1.275532675530857,-0.20300733038596655,-0.20300733038596655,0.537759619193531,0.07508779563690593,0.1571672934383618,0.6128474148304369,0.11552814496872398
equivalent numerical reoptimization,0.3911875,1.0,1.0,-1.275532675530857,-1.275532675530857,-0.20300733038596655,-0.20300733038596655,0.5482071893804245,0.07089207205557324,0.14512368189308897,0.6190992614359977,0.12591151690691205
equivalent numerical reoptimization,0.39187500000000003,1.0,1.0,-1.2962467234692474,-1.2962467234692474,-0.20630407350680388,-0.20630407350680388,0.5586486605867552,0.06678550608468847,0.13322288222399964,0.6254341666714437,0.13679742040461565
equivalent numerical reoptimization,0.39256250000000004,1.0,1.0,-1.2962467234692474,-1.2962467234692474,-0.20630407350680388,-0.20630407350680388,0.5691944229017868,0.06280237638229415,0.12161468037289597,0.6319967992840809,0.14804683158775525
equivalent numerical reoptimization,0.39325000000000004,1.0,1.0,-1.3199405494538337,-1.3199405494538337,-0.21007506303300996,-0.21007506303300996,0.5797259453320565,0.058948716920618,0.11027757108718851,0.6386746622526744,0.15976903899415432
equivalent numerical reoptimization,0.39393750000000005,1.0,1.0,-1.3199405494538337,-1.3199405494538337,-0.21007506303300996,-0.21007506303300996,0.5903653088920323,0.055245333789467325,0.09933757595545163,0.6456106426814996,0.17179994807268267
equivalent numerical reoptimization,0.39462500000000006,1.0,1.0,-1.3478029060276497,-1.3478029060276497,-0.21450949480792175,-0.21450949480792175,0.6009806039189324,0.0517056898837585,0.088787924189522,0.6526862938026908,0.18427174455964573
equivalent numerical reoptimization,0.39531250000000007,1.0,1.0,-1.3478029060276497,-1.3478029060276497,-0.21450949480792175,-0.21450949480792175,0.6117090933662985,0.0483349045569414,0.07872650597636645,0.66004399792324,0.19698441543201417
equivalent numerical reoptimization,0.396,1.0,1.0,-1.3804878159923342,-1.3804878159923342,-0.21971145979331483,-0.21971145979331483,0.6224018992896027,0.04515527363645608,0.06916277642307801,0.6675571729260588,0.21010414235377453
equivalent numerical reoptimization,0.3966875,1.0,1.0,-1.3804878159923342,-1.3804878159923342,-0.21971145979331483,-0.21971145979331483,0.6332105086028826,0.04215403898847063,0.060160442540331927,0.6753645475913532,0.22338553042781012
equivalent numerical reoptimization,0.39737500000000003,1.0,1.0,-1.4163455318397689,-1.4163455318397689,-0.22541839251841866,-0.22541839251841866,0.6439699891139006,0.0393641656597064,0.051749379507213165,0.6833341547736069,0.2370385084043525
equivalent numerical reoptimization,0.39806250000000004,1.0,1.0,-1.4163455318397689,-1.4163455318397689,-0.22541839251841866,-0.22541839251841866,0.6548334288391233,0.03675585984333478,0.043955355694077616,0.6915892886824581,0.2507783062866565
equivalent numerical reoptimization,0.39875000000000005,1.0,1.0,-1.4542020586166693,-1.4542020586166693,-0.23144344588325305,-0.23144344588325305,0.665632486995013,0.034372293762873256,0.036832497158218104,0.7000047807578862,0.26485289596837774
equivalent numerical reoptimization,0.39943750000000006,1.0,1.0,-1.4542020586166693,-1.4542020586166693,-0.23144344588325305,-0.23144344588325305,0.6765129672841124,0.03216892813135764,0.030370004420908845,0.70868189541547,0.2789426948583765
equivalent numerical reoptimization,0.40012500000000006,1.0,1.0,-1.4926652883841462,-1.4926652883841462,-0.23756505902802635,-0.23756505902802635,0.6873120997505178,0.030197228884821552,0.024644711698995944,0.7175093286353393,0.29332945094234786
equivalent numerical reoptimization,0.4008125,1.0,1.0,-1.4926652883841462,-1.4926652883841462,-0.23756505902802635,-0.23756505902802635,0.6981605240852874,0.02840166831460923,0.019614547482369713,0.7265621923998966,0.30766746079348667
equivalent numerical reoptimization,0.4015,1.0,1.0,-1.5273944022626027,-1.5273944022626027,-0.24309236917098404,-0.24309236917098404,0.7089090767829234,0.026838723854476897,0.015373635857459357,0.7357478006374003,0.322263840450857
equivalent numerical reoptimization,0.40218750000000003,1.0,1.0,-1.5273944022626027,-1.5273944022626027,-0.24309236917098404,-0.24309236917098404,0.7196590157585441,0.025451173095704688,0.01186362404532683,0.7451101888542487,0.3367859206617931
equivalent numerical reoptimization,0.40287500000000004,1.0,1.0,-1.555945482016397,-1.555945482016397,-0.24763641464441133,-0.24763641464441133,0.7302892160204479,0.02429199096214142,0.009181382536613967,0.7545812069825893,0.3515272543672524
equivalent numerical reoptimization,0.40356250000000005,1.0,1.0,-1.555945482016397,-1.555945482016397,-0.24763641464441133,-0.24763641464441133,0.7408693938826562,0.02330908870899417,0.007266111871565979,0.7641784825916503,0.3661974631453142
equivalent numerical reoptimization,0.40425000000000005,1.0,1.0,-1.5732157210400755,-1.5732157210400755,-0.2503850585534083,-0.2503850585534083,0.7513088819606464,0.022545465030386902,0.006202445933702969,0.7738543469910333,0.3810474154982018
equivalent numerical reoptimization,0.40493750000000006,1.0,1.0,-1.5732157210400755,-1.5732157210400755,-0.2503850585534083,-0.2503850585534083,0.7616400077054803,0.021965217902139223,0.005948233163877249,0.7836052256076196,0.39588766148003485
equivalent numerical reoptimization,0.405625,1.0,1.0,-1.5763524948223426,-1.5763524948223426,-0.25088429160621717,-0.25088429160621717,0.7718086983309917,0.021590647822473052,0.006552974176733873,0.7933993461534647,0.41086776679329823
equivalent numerical reoptimization,0.4063125,1.0,1.0,-1.5763524948223426,-1.5763524948223426,-0.25088429160621717,-0.25088429160621717,0.7818111411298337,0.021407927748107906,0.008004357570837738,0.8032190688779417,0.42593634626883287
equivalent numerical reoptimization,0.40700000000000003,1.0,1.0,-1.5543248937557461,-1.5543248937557461,-0.24737849001201204,-0.24737849001201204,0.791628919516104,0.021412684883741758,0.010302218217109017,0.8130416043998457,0.4411044191406778
equivalent numerical reoptimization,0.40768750000000004,1.0,1.0,-1.5543248937557461,-1.5543248937557461,-0.24737849001201204,-0.24737849001201204,0.8011996826254173,0.021629963934762384,0.013484906410199948,0.8228296465601797,0.45656795166069447
equivalent numerical reoptimization,0.40837500000000004,1.0,1.0,-1.5008236360227774,-1.5008236360227774,-0.23886350038217657,-0.23886350038217657,0.8105634032611001,0.02201155358225595,0.01747601601512798,0.832574956843356,0.47208982860412196
equivalent numerical reoptimization,0.40906250000000005,1.0,1.0,-1.5008236360227774,-1.5008236360227774,-0.23886350038217657,-0.23886350038217657,0.819570520751065,0.02262321125865307,0.022340758963770378,0.842193732009718,0.48814312806124327
equivalent numerical reoptimization,0.40975000000000006,1.0,1.0,-1.4665936664312287,-1.4665936664312287,-0.23341563151979633,-0.23341563151979633,0.8283484485059457,0.02336999435547992,0.0279427163360925,0.8517184428614256,0.5042123553515155
equivalent numerical reoptimization,0.41043750000000007,1.0,1.0,-1.4665936664312287,-1.4665936664312287,-0.23341563151979633,-0.23341563151979633,0.8367873836768136,0.0242797230780258,0.03427049133292438,0.8610671067548394,0.5205679331506607
equivalent numerical reoptimization,0.411125,1.0,1.0,-1.4295809595318358,-1.4295809595318358,-0.22752487625954648,-0.22752487625954648,0.8449755570958006,0.02529197019865942,0.041247572494993785,0.87026752729446,0.5368958811119963
equivalent numerical reoptimization,0.4118125,1.0,1.0,-1.4295809595318358,-1.4295809595318358,-0.22752487625954648,-0.22752487625954648,0.8527879131536923,0.026427056017242778,0.048811289995453484,0.8792149691709351,0.5534684755671879
equivalent numerical reoptimization,0.41250000000000003,1.0,1.0,-1.396661107110587,-1.396661107110587,-0.22228551902084903,-0.22228551902084903,0.8603288325653605,0.027629333338205973,0.056915754880907624,0.8879581659035665,0.5699692432166457
equivalent numerical reoptimization,0.41318750000000004,1.0,1.0,-1.396661107110587,-1.396661107110587,-0.22228551902084903,-0.22228551902084903,0.8674805081704793,0.0289048861370271,0.065447515875355,0.8963853943075064,0.5866186813805429
equivalent numerical reoptimization,0.41387500000000005,1.0,1.0,-1.3330077006043182,-1.3330077006043182,-0.21215476473073852,-0.21215476473073852,0.8743413081624425,0.030211623342160637,0.07439819397865104,0.9045529315046031,0.6031517603951744
equivalent numerical reoptimization,0.41456250000000006,1.0,1.0,-1.3330077006043182,-1.3330077006043182,-0.21215476473073852,-0.21215476473073852,0.8806774697629882,0.03155620423567441,0.08348397263373301,0.9122336739986626,0.6199644245174271
equivalent numerical reoptimization,0.41525000000000006,1.0,1.0,-1.233065811471051,-1.233065811471051,-0.1962485190532369,-0.1962485190532369,0.8867049634010391,0.03289364403207036,0.09283725419507764,0.9195986074331095,0.6366159343524721
equivalent numerical reoptimization,0.4159375,1.0,1.0,-1.233065811471051,-1.233065811471051,-0.1962485190532369,-0.1962485190532369,0.8920207213820422,0.034207776614628975,0.10183782529122339,0.9262284979966712,0.6536035518808876
equivalent numerical reoptimization,0.416625,1.0,1.0,-1.0762398698364894,-1.0762398698364894,-0.17128889523705532,-0.17128889523705532,0.8970122087907013,0.0354752753867546,0.11092854249058261,0.932487484177456,0.6703848261741964
equivalent numerical reoptimization,0.41731250000000003,1.0,1.0,-1.0762398698364894,-1.0762398698364894,-0.17128889523705532,-0.17128889523705532,0.9009622345148912,0.03661847374039338,0.11879861172988963,0.9375807082552846,0.6874126736148378
equivalent numerical reoptimization,0.41800000000000004,1.0,1.0,-0.8922762494273275,-0.8922762494273275,-0.14201017569985613,-0.14201017569985613,0.9045752902173445,0.03767567609603051,0.12656107278970732,0.942250966313375,0.704188760337771
equivalent numerical reoptimization,0.41868750000000005,1.0,1.0,-0.8922762494273275,-0.8922762494273275,-0.14201017569985613,-0.14201017569985613,0.9069063670054531,0.03849142257277656,0.1322677043052538,0.9453977895782297,0.7207202720454083
equivalent numerical reoptimization,0.41937500000000005,1.0,1.0,-0.6477845189168745,-0.6477845189168745,-0.10309810824402596,-0.10309810824402596,0.908891430950854,0.03918926671121171,0.13769679854015032,0.9480806976620657,0.7369552792764963
equivalent numerical reoptimization,0.42006250000000006,1.0,1.0,-0.6477845189168745,-0.6477845189168745,-0.10309810824402596,-0.10309810824402596,0.9091831711592785,0.03950152955128257,0.13985084042474005,0.9486847007105611,0.7520610299803944
equivalent numerical reoptimization,0.42075000000000007,1.0,1.0,-0.40383529961470555,-0.40383529961470555,-0.06427238412867696,-0.06427238412867696,0.9091243166864827,0.03967601027791245,0.141615397879969,0.9488003269643952,0.7668281746452044
equivalent numerical reoptimization,0.4214375,1.0,1.0,-0.40383529961470555,-0.40383529961470555,-0.06427238412867696,-0.06427238412867696,0.9073718443646949,0.03942691489493756,0.13987284755719215,0.9467987592596324,0.7795427888301422
equivalent numerical reoptimization,0.42212500000000003,1.0,1.0,-0.18052993409788348,-0.18052993409788348,-0.028732231387732263,-0.028732231387732263,0.905269173479503,0.039039686408208124,0.13774048817660386,0.9443088598877111,0.7918818793268201
equivalent numerical reoptimization,0.42281250000000004,1.0,1.0,-0.18052993409788348,-0.18052993409788348,-0.028732231387732263,-0.028732231387732263,0.9016888018883233,0.03828539150968523,0.13257086478355323,0.9399741933980086,0.8016241137738032
equivalent numerical reoptimization,0.42350000000000004,1.0,1.0,-0.0017603434001210213,-0.0017603434001210213,-0.0002801673536684547,-0.0002801673536684547,0.8977634424743534,0.03741097506449511,0.12711372739495932,0.9351744175388484,0.8109611616112975
equivalent numerical reoptimization,0.42418750000000005,1.0,1.0,-0.0017603434001210213,-0.0017603434001210213,-0.0002801673536684547,-0.0002801673536684547,0.8927226027880372,0.03629024976449849,0.11960416164230551,0.9290128525525356,0.8177665353921694
equivalent numerical reoptimization,0.42487500000000006,1.0,1.0,0.12373532751091865,0.12373532751091865,0.01969308900845729,0.01969308900845729,0.8873461988526237,0.03507950706751789,0.11196829530329291,0.9224257059201415,0.8241450376441951
equivalent numerical reoptimization,0.42556250000000007,1.0,1.0,0.12373532751091865,0.12373532751091865,0.01969308900845729,0.01969308900845729,0.8811906741983396,0.03374163684141457,0.10326982093628244,0.9149323110397543,0.8284729616773631
equivalent numerical reoptimization,0.42625,1.0,1.0,0.19317429388269172,0.19317429388269172,0.030744643749716867,0.030744643749716867,0.8747124362789491,0.03234895974263309,0.09461751380537928,0.9070613960215822,0.8323596319362211
equivalent numerical reoptimization,0.4269375,1.0,1.0,0.19317429388269172,0.19317429388269172,0.030744643749716867,0.030744643749716867,0.8677095018818641,0.03091337898535599,0.08566339173163988,0.8986228808672201,0.8348758679584537
equivalent numerical reoptimization,0.42762500000000003,1.0,1.0,0.2259816808082111,0.2259816808082111,0.035966101548841695,0.035966101548841695,0.8603994098291243,0.029458298964307413,0.07690679707650422,0.8898577087934317,0.83694224857728
equivalent numerical reoptimization,0.42831250000000004,1.0,1.0,0.2259816808082111,0.2259816808082111,0.035966101548841695,0.035966101548841695,0.8527020320638561,0.02800878507900052,0.0682671934273846,0.8807108171428566,0.838115076995469
equivalent numerical reoptimization,0.42900000000000005,1.0,1.0,0.23006632690990286,0.23006632690990286,0.03661619316670698,0.03661619316670698,0.8447151970430662,0.026574401652879664,0.05995244476107548,0.8712895986959459,0.838833698670302
equivalent numerical reoptimization,0.42968750000000006,1.0,1.0,0.23006632690990286,0.23006632690990286,0.03661619316670698,0.03661619316670698,0.8364377105034708,0.025173845486634382,0.05200253343821809,0.8616115559901052,0.8390421443843413
equivalent numerical reoptimization,0.43037500000000006,1.0,1.0,0.24182157691735878,0.24182157691735878,0.038487099312674626,0.038487099312674626,0.8278901788056665,0.02382175256499036,0.04448025714037317,0.8517119313706569,0.838795137966022
equivalent numerical reoptimization,0.43106250000000007,1.0,1.0,0.24182157691735878,0.24182157691735878,0.038487099312674626,0.038487099312674626,0.8190520268737133,0.022544759659769306,0.03741232813919873,0.8415967865334826,0.8379347404125023
equivalent numerical reoptimization,0.43175,1.0,1.0,0.2544499157550419,0.2544499157550419,0.040496961861731254,0.040496961861731254,0.8099646135383165,0.021350700169230123,0.03086812780172393,0.8313153137075466,0.8366203783876434
equivalent numerical reoptimization,0.43243750000000003,1.0,1.0,0.2544499157550419,0.2544499157550419,0.040496961861731254,0.040496961861731254,0.8006061127756806,0.020269928530761722,0.02487939181247995,0.8208760413064423,0.8346839619718778
equivalent numerical reoptimization,0.43312500000000004,1.0,1.0,0.2481971218850474,0.2481971218850474,0.03950179880918693,0.03950179880918693,0.7910202099758976,0.01930573618485087,0.019497309462672172,0.8103259461607485,0.832297948008465
equivalent numerical reoptimization,0.43381250000000005,1.0,1.0,0.2481971218850474,0.2481971218850474,0.03950179880918693,0.03950179880918693,0.7812345985738621,0.018465605987722084,0.014754602599349761,0.7997002045615842,0.829549629495318
equivalent numerical reoptimization,0.43450000000000005,1.0,1.0,0.21534782080855625,0.21534782080855625,0.03427367016574945,0.03427367016574945,0.7712441697283673,0.017772473066126948,0.010678888897126858,0.7890166427944942,0.8263586103681599
equivalent numerical reoptimization,0.43518750000000006,1.0,1.0,0.21534782080855625,0.21534782080855625,0.03427367016574945,0.03427367016574945,0.7611558668519279,0.017192315270853194,0.007276515694531459,0.7783481821227811,0.8231729568797389
equivalent numerical reoptimization,0.43587500000000007,1.0,1.0,0.15414307989673115,0.15414307989673115,0.024532633108973724,0.024532633108973724,0.7508856532450823,0.016785841801428697,0.004578786178414061,0.767671495046511,0.8195531690976923
equivalent numerical reoptimization,0.4365625,1.0,1.0,0.15414307989673115,0.15414307989673115,0.024532633108973724,0.024532633108973724,0.7406569566111754,0.01646859399939625,0.002552442070182444,0.7571255506105716,0.8163407509309241
equivalent numerical reoptimization,0.43725,1.0,1.0,0.072762652180055,0.072762652180055,0.011580535766932028,0.011580535766932028,0.7302691279210906,0.016348314276000208,0.0012498708634869286,0.7466174421970908,0.8127033765127981
equivalent numerical reoptimization,0.43793750000000004,1.0,1.0,0.072762652180055,0.072762652180055,0.011580535766932028,0.011580535766932028,0.7200808520493092,0.016300156353015783,0.0006069258663200244,0.7363810084023249,0.809778025402695
equivalent numerical reoptimization,0.43862500000000004,1.0,1.0,-0.02071356829027911,-0.020713568290279115,-0.00329666678246946,-0.0032966667824694605,0.7097555976387426,0.016469379519443134,0.0006942677561397916,0.7262249771581858,0.8064365341507075
equivalent numerical reoptimization,0.43931250000000005,1.0,1.0,-0.02071356829027911,-0.020713568290279115,-0.00329666678246946,-0.0032966667824694605,0.6997929203212356,0.01670379830826713,0.001431208185943794,0.7164967186295028,0.8040090975302426
equivalent numerical reoptimization,0.44000000000000006,1.0,1.0,-0.11867903491318167,-0.11867903491318167,-0.01888835504780849,-0.01888835504780849,0.6897142726815401,0.017173177618036675,0.002896022129741791,0.7068874502995768,0.801173270416845
equivalent numerical reoptimization,0.44068750000000007,1.0,1.0,-0.11867903491318167,-0.11867903491318167,-0.01888835504780849,-0.01888835504780849,0.6801410861590022,0.017712142538669207,0.005004875552360013,0.6978532286976713,0.7993467674086989
equivalent numerical reoptimization,0.441375,1.0,1.0,-0.21459957060615464,-0.21459957060615464,-0.03415458244736772,-0.03415458244736772,0.6704712898392933,0.018500401345364823,0.007831696910560432,0.6889716911846581,0.7971181370015915
equivalent numerical reoptimization,0.4420625,1.0,1.0,-0.21459957060615464,-0.21459957060615464,-0.03415458244736772,-0.03415458244736772,0.6614059629573249,0.019372960897912583,0.01130038426064968,0.6807789238552375,0.7958936434959949
equivalent numerical reoptimization,0.44275000000000003,1.0,1.0,-0.30378687650882574,-0.3037868765088257,-0.0483491830428268,-0.04834918304282679,0.6522613061919991,0.020505125257707812,0.015469142047686221,0.6727664314497068,0.7942716614873442
equivalent numerical reoptimization,0.44343750000000004,1.0,1.0,-0.30378687650882574,-0.3037868765088257,-0.0483491830428268,-0.04834918304282679,0.6437662073093271,0.021743312520513557,0.02027790526790802,0.6655095198298406,0.7935710213360119
equivalent numerical reoptimization,0.44412500000000005,1.0,1.0,-0.383201310341655,-0.38320131034165494,-0.060988382740165825,-0.06098838274016582,0.6352066544337168,0.02324639825054363,0.025759115947713806,0.6584530526842605,0.7924760126934755
equivalent numerical reoptimization,0.44481250000000006,1.0,1.0,-0.383201310341655,-0.38320131034165494,-0.060988382740165825,-0.06098838274016582,0.627289181857665,0.024880313970410194,0.03187461801244545,0.6521694958280753,0.7921666566813287
equivalent numerical reoptimization,0.44550000000000006,1.0,1.0,-0.45097001861072566,-0.45097001861072566,-0.07177410764814103,-0.07177410764814103,0.619319532707144,0.026778328538768513,0.03862294707756456,0.6460978612459125,0.7914648186047286
equivalent numerical reoptimization,0.44618750000000007,1.0,1.0,-0.45097001861072566,-0.45097001861072566,-0.07177410764814103,-0.07177410764814103,0.6119393914848195,0.028831100508565178,0.045990514489001204,0.6407704919933846,0.7913798149325258
equivalent numerical reoptimization,0.446875,1.0,1.0,-0.5066572738600704,-0.5066572738600704,-0.08063700958829434,-0.08063700958829434,0.6045166888830623,0.03114002540619135,0.05393696909578274,0.6356567142892536,0.7909033859860298
equivalent numerical reoptimization,0.44756250000000003,1.0,1.0,-0.5066572738600704,-0.5066572738600704,-0.08063700958829434,-0.08063700958829434,0.5976023027808434,0.03362176828992221,0.06247178350247872,0.6312240710707656,0.7908658162101883
equivalent numerical reoptimization,0.44825000000000004,1.0,1.0,-0.5493312908468763,-0.5493312908468763,-0.08742879033333201,-0.08742879033333201,0.590652363571077,0.0363437443333636,0.07151558738992667,0.6269961079044406,0.7904375120362672
equivalent numerical reoptimization,0.44893750000000004,1.0,1.0,-0.5493312908468763,-0.5493312908468763,-0.08742879033333201,-0.08742879033333201,0.5841012744948768,0.039248126582541114,0.08109284115897311,0.6233494010774179,0.7902553337109082
equivalent numerical reoptimization,0.44962500000000005,1.0,1.0,-0.5760030613528655,-0.5760030613528655,-0.09167373445037282,-0.09167373445037282,0.577519197210172,0.04236809428727754,0.0910916903773987,0.6198872914974495,0.7896832410489261
equivalent numerical reoptimization,0.45031250000000006,1.0,1.0,-0.5760030613528655,-0.5760030613528655,-0.09167373445037282,-0.09167373445037282,0.5711818416237379,0.04566849475530373,0.10152876294976783,0.6168503363790416,0.7891200271439534
equivalent numerical reoptimization,0.45100000000000007,1.0,1.0,-0.5793225931382415,-0.5793225931382415,-0.09220205434276607,-0.09220205434276607,0.5648159094466321,0.049150112690384766,0.11228015198964389,0.6139660221370168,0.788168424047364
equivalent numerical reoptimization,0.4516875,0.9999629815210536,0.9999259644124749,-0.5793225931382415,-0.5793225931382415,-0.09220205434276607,-0.09220205434276607,0.5584561757849248,0.052790015572425235,0.12329354411050397,0.61124619135735,0.7868792907651642
equivalent numerical reoptimization,0.452375,0.9998093167402596,0.9996186698406249,-0.6104436096777999,-0.6104436096778,-0.09715511795908141,-0.09715511795908142,0.5520691950208962,0.05656485551769726,0.13448824140138851,0.6086340505385935,0.7852049613146804
equivalent numerical reoptimization,0.45306250000000003,0.9995363329860707,0.9990728809592412,-0.6104436096777999,-0.6104436096778,-0.09715511795908141,-0.09715511795908142,0.5459761349880183,0.060463744959834975,0.14596926160553503,0.6064398799478533,0.7836134868724643
equivalent numerical reoptimization,0.45375000000000004,0.9991440628368403,0.9982888583021079,-0.6113160759167069,-0.6113160759167069,-0.09729397527368426,-0.09729397527368426,0.5398564879045925,0.06445274661579704,0.15751303440724063,0.6043092345203895,0.7816419813680341
equivalent numerical reoptimization,0.45443750000000005,0.9986325531067666,0.997266976124539,-0.6113160759167069,-0.6113160759167069,-0.09729397527368426,-0.09729397527368426,0.5337190668091957,0.06850458802832417,0.1690528565400238,0.6022236548375198,0.779306831050919
equivalent numerical reoptimization,0.45512500000000006,0.9980018648403056,0.9960077222247277,-0.6038655338326442,-0.6038655338326442,-0.09610818467229149,-0.09610818467229149,0.5275545466755296,0.07258959374581414,0.1805104540225985,0.6001441404213437,0.7765989553327992
equivalent numerical reoptimization,0.45581250000000006,0.9972520733048861,0.9945116977108939,-0.6038655338326442,-0.6038655338326442,-0.09610818467229149,-0.09610818467229149,0.5212870296314543,0.07666494597521896,0.1917489267457337,0.5979519756066733,0.7734116973178107
equivalent numerical reoptimization,0.4565000000000001,0.996383267981927,0.9927796167143446,-0.49532265643887435,-0.4953226564388743,-0.07883304919765548,-0.07883304919765546,0.5149914211155776,0.080712247416951,0.20275639621817984,0.5957036685325287,0.7698619148957351
equivalent numerical reoptimization,0.4571875,0.9953955525561583,0.9908123060485797,-0.49532265643887435,-0.4953226564388743,-0.07883304919765548,-0.07883304919765546,0.5076268350264026,0.0844082379232189,0.2122930969605431,0.5920350729496215,0.764363223544467
equivalent numerical reoptimization,0.45787500000000003,0.9942890449032477,0.9886107048146124,-0.5481230364706793,-0.5481230364706793,-0.08723649067684784,-0.08723649067684784,0.5002350365816229,0.08799033362948284,0.22139339611178727,0.5882253702111058,0.7585186407626531
equivalent numerical reoptimization,0.45856250000000004,0.9930638770757324,0.9861758639526853,-0.5481230364706793,-0.5481230364706793,-0.08723649067684784,-0.08723649067684784,0.493304295732607,0.0916139476349721,0.23065139838606535,0.584918243367579,0.7531050559244845
equivalent numerical reoptimization,0.45925000000000005,0.9917201952872604,0.9835089457406019,-0.5102236435409632,-0.5102236435409632,-0.08120461495190148,-0.08120461495190148,0.48634638608159064,0.09508324455170722,0.2393919774770409,0.5814296306332979,0.7473633861732509
equivalent numerical reoptimization,0.45993750000000005,0.9902581598951408,0.9806112232389101,-0.5102236435409632,-0.5102236435409632,-0.08120461495190148,-0.08120461495190148,0.47901563759035853,0.098219753014945,0.24705271449408078,0.5772353906053035,0.7407528952540618
equivalent numerical reoptimization,0.46062500000000006,0.9886779453812065,0.9774840796832038,-0.46870140161549534,-0.4687014016154954,-0.07459614490120574,-0.07459614490120575,0.47165909795803435,0.10114378930602903,0.254074442781914,0.5728028872640634,0.7338356577818008
equivalent numerical reoptimization,0.46131250000000007,0.9869797403309909,0.9741290078238302,-0.46870140161549534,-0.4687014016154954,-0.07459614490120574,-0.07459614490120575,0.46391777626180813,0.10363933386636953,0.2598077245356072,0.5675571101281777,0.7260332100376562
equivalent numerical reoptimization,0.462,0.9851637474112226,0.9705476092133232,-0.4241348319101591,-0.4241348319101591,-0.06750315503595197,-0.06750315503595197,0.45615369895768054,0.10587339340912019,0.26480805609225266,0.5620270923668007,0.7179491232208725
equivalent numerical reoptimization,0.46268750000000003,0.9832301833456378,0.9667415934418966,-0.4241348319101591,-0.4241348319101591,-0.06750315503595197,-0.06750315503595197,0.4480045720795308,0.10759742460907289,0.2683571456739253,0.5556019966886037,0.7089809499285428
equivalent numerical reoptimization,0.46337500000000004,0.9811792788891172,0.962712777321368,-0.38077538421241724,-0.38077538421241724,-0.06060228460512185,-0.06060228460512185,0.43983767610422553,0.10902294027564247,0.27111242876226116,0.5488606163798679,0.6997598092024893
equivalent numerical reoptimization,0.46406250000000004,0.979011278800146,0.9584630840178973,-0.38077538421241724,-0.38077538421241724,-0.06060228460512185,-0.06060228460512185,0.43132400522407655,0.10989759850716127,0.27237017324053225,0.5412216037312378,0.689721255677613
equivalent numerical reoptimization,0.46475000000000005,0.9767264418116057,0.9539945421339601,-0.3401813339059999,-0.34018133390599986,-0.054141540838734466,-0.05414154083873445,0.42279960289520246,0.11045105289316555,0.2728101021796156,0.533250655788368,0.6794615069616975
equivalent numerical reoptimization,0.46543750000000006,0.9743250405998947,0.9493092847399864,-0.3401813339059999,-0.34018133390599986,-0.054141540838734466,-0.05414154083873445,0.4139782733035057,0.1104447495611613,0.27178731401752587,0.524423022864667,0.668474123289161
equivalent numerical reoptimization,0.46612500000000007,0.9718073617523876,0.9444095483561359,-0.30470667208356017,-0.30470667208356017,-0.04849557305517983,-0.04849557305517983,0.4051552929711643,0.11010957901371282,0.2699591319658026,0.5152648719848771,0.6572998607603492
equivalent numerical reoptimization,0.4668125,0.9691737057332336,0.9392976718846885,-0.30470667208356017,-0.30470667208356017,-0.04849557305517983,-0.04849557305517983,0.39609890785367863,0.1092420446950433,0.2667908571064489,0.5053409525487219,0.6455164509730285
equivalent numerical reoptimization,0.4675,0.9664243868474975,0.9339760954935615,-0.2758172834171702,-0.2758172834171702,-0.043897684046020895,-0.043897684046020895,0.38705185633931927,0.10805249287524088,0.262862743520318,0.49510434921456015,0.6335823546557036
equivalent numerical reoptimization,0.46818750000000003,0.9635597332036514,0.9284473594514919,-0.2758172834171702,-0.2758172834171702,-0.043897684046020895,-0.043897684046020895,0.37783933475305076,0.10638545811620076,0.25777708948718653,0.4842247928692515,0.6211706107397592
equivalent numerical reoptimization,0.46887500000000004,0.9605800866744165,0.9227141029154295,-0.25400629962530447,-0.25400629962530447,-0.04042635816184825,-0.04042635816184825,0.3686488030447566,0.10441617612064347,0.25200469847756996,0.4730649791654001,0.6086455423107243
equivalent numerical reoptimization,0.46956250000000005,0.9574858028559639,0.9167790626707297,-0.25400629962530447,-0.25400629962530447,-0.04042635816184825,-0.04042635816184825,0.3593580973382042,0.10204043725880593,0.24528594979314688,0.4613985345970101,0.5957735905484868
equivalent numerical reoptimization,0.47025000000000006,0.9542772510254773,0.9106450718247419,-0.2390598779239586,-0.23905987792395864,-0.03804756126654308,-0.03804756126654309,0.350103422386372,0.09939298485189244,0.23797465443541338,0.44949640723826445,0.5828261666026272
equivalent numerical reoptimization,0.47093750000000006,0.9509548140970825,0.9043150584544167,-0.2390598779239586,-0.23905987792395864,-0.03804756126654308,-0.03804756126654309,0.34080785277589465,0.09641672408813888,0.22993273285176885,0.43722457686403354,0.5696538218681656
equivalent numerical reoptimization,0.47162500000000007,0.9475188885761501,0.8977920442085827,-0.23625222706188762,-0.23625222706188762,-0.03760070975336826,-0.03760070975336826,0.33156341562361685,0.09320774556050561,0.22140725379612278,0.42477116118412245,0.5564437204889214
equivalent numerical reoptimization,0.4723125,0.9439698845119753,0.8910791428655519,-0.23625222706188762,-0.23625222706188762,-0.03760070975336826,-0.03760070975336826,0.32236250528202803,0.08977414347871365,0.2124218815214932,0.4121366487607417,0.543183251797627
equivalent numerical reoptimization,0.47300000000000003,0.9403082254488421,0.8841795588467504,-0.24314921096982645,-0.24314921096982645,-0.038698398834741986,-0.038698398834741986,0.31322838913731643,0.08615145181223169,0.20306690941449548,0.39937984094954815,0.5299217224819233
equivalent numerical reoptimization,0.47368750000000004,0.9365343483754776,0.8770965856870804,-0.24314921096982645,-0.24314921096982645,-0.038698398834741986,-0.038698398834741986,0.30420629921075854,0.08239076138130547,0.19346866538763155,0.386597060592064,0.5167527948975794
equivalent numerical reoptimization,0.47437500000000005,0.9326487036728999,0.8698336044627406,-0.24724890729879567,-0.24724890729879564,-0.03935088577067313,-0.039350885770673125,0.29526683045399976,0.07848718246918987,0.1836151176794517,0.37375401292318966,0.5036178911036399
equivalent numerical reoptimization,0.47506250000000005,0.9286517550606695,0.8623940821772618,-0.24724890729879567,-0.24724890729879564,-0.03935088577067313,-0.039350885770673125,0.2864400764935586,0.07448039168272864,0.17360160908121383,0.36092046817628726,0.490579093933899
equivalent numerical reoptimization,0.47575000000000006,0.9245439795415482,0.8547815701065227,-0.3184317126021332,-0.3184317126021332,-0.050679981097847285,-0.050679981097847285,0.27771186419609706,0.07038115364089473,0.16345230353817936,0.34809301783699176,0.4776079400441141
equivalent numerical reoptimization,0.47643750000000007,0.920325867344572,0.8469997021035387,-0.3184317126021332,-0.3184317126021332,-0.050679981097847285,-0.050679981097847285,0.2694919938051105,0.06643210281485948,0.15374641585139825,0.33592409661997,0.4655282536835516
equivalent numerical reoptimization,0.477125,0.9159979218665477,0.839052192863834,-0.2858329383591385,-0.2858329383591385,-0.04549172503833791,-0.04549172503833791,0.2613842244352107,0.06242224893266772,0.14397343398638962,0.32380647336787843,0.45354363366227973
equivalent numerical reoptimization,0.47781250000000003,0.9115606596119747,0.8309428361522185,-0.2858329383591385,-0.2858329383591385,-0.04549172503833791,-0.04549172503833791,0.2532082856121371,0.05829532012670514,0.13399474315541254,0.3115036057388422,0.44129425024174057
equivalent numerical reoptimization,0.47850000000000004,0.9070146101314068,0.8226755029918279,-0.3287783222959274,-0.3287783222959274,-0.05232669517485715,-0.05232669517485715,0.24516004015676296,0.054170113410476194,0.12408945037700941,0.29933015356723913,0.42917042355042173
equivalent numerical reoptimization,0.47918750000000004,0.9023603159582531,0.8142541398162783,-0.3287783222959274,-0.3287783222959274,-0.05232669517485715,-0.05232669517485715,0.23749323560571697,0.05015685941652992,0.11451530246136758,0.2876500950222469,0.417676547453077
equivalent numerical reoptimization,0.47987500000000005,0.8975983325440312,0.8056827665858253,-0.275539763660458,-0.27553976366045807,-0.043853515404934484,-0.0438535154049345,0.22996678300690368,0.04618500646706938,0.10509683043562583,0.27615178947397306,0.40633227650626824
equivalent numerical reoptimization,0.48056250000000006,0.8927292281920796,0.7969654748684261,-0.275539763660458,-0.27553976366045807,-0.043853515404934484,-0.0438535154049345,0.22228589826973733,0.04220810885631958,0.09571322066801384,0.2644940071260569,0.39455102241068335
equivalent numerical reoptimization,0.48125000000000007,0.8877535839897345,0.7881064258866185,-0.3915407806031455,-0.39154078060314557,-0.0623156506550499,-0.06231565065504991,0.21475994473973783,0.03833802534268372,0.08662627383279475,0.2530979700824216,0.38294710954125216
equivalent numerical reoptimization,0.4819375000000001,0.8826719937389822,0.7791098485311498,-0.3915407806031455,-0.39154078060314557,-0.0623156506550499,-0.06231565065504991,0.208071431166539,0.03470245283807513,0.07814524099991896,0.24277388400461414,0.3728612270545084
equivalent numerical reoptimization,0.482625,0.8774850638855942,0.7699800373423054,-0.4161455993493517,-0.4161455993493517,-0.06623162918238874,-0.06623162918238874,0.2015454099736608,0.031189253613961763,0.06998316230619207,0.23273466358762257,0.3629664991664064
equivalent numerical reoptimization,0.48331250000000003,0.8721934134467509,0.760721350459895,-0.4161455993493517,-0.4161455993493517,-0.06623162918238874,-0.06623162918238874,0.19534084457573275,0.027835433133768187,0.06222449518108725,0.22317627770950094,0.35356842888059165
equivalent numerical reoptimization,0.48400000000000004,0.86679767393717,0.7513382075428885,-0.4461557316066892,-0.4461557316066892,-0.07100789007398556,-0.07100789007398556,0.18930715728294084,0.024639479079660798,0.05485355750242232,0.21394663636260164,0.3443769245759789
equivalent numerical reoptimization,0.48468750000000005,0.8612984892937384,0.7418350876596761,-0.4461557316066892,-0.4461557316066892,-0.07100789007398556,-0.07100789007398556,0.18363957571426906,0.021627742683778067,0.047932791862780856,0.20526731839804713,0.3357642001088632
equivalent numerical reoptimization,0.48537500000000006,0.8556965157986646,0.7322165271499742,-0.47808879706008295,-0.47808879706008295,-0.07609019528897021,-0.07609019528897021,0.17814917475005065,0.018803431597713666,0.041454867282048974,0.19695260634776432,0.3273699239603465
equivalent numerical reoptimization,0.48606250000000006,0.8499924220011558,0.7224871174593909,-0.47808879706008295,-0.47808879706008295,-0.07609019528897021,-0.07609019528897021,0.1730460037230894,0.016180001614507944,0.03545491562956158,0.18922600533759734,0.31959142721763123
equivalent numerical reoptimization,0.48675000000000007,0.8441868886376331,0.7126515029476876,-0.5031109561639401,-0.5031109561639401,-0.08007259559718094,-0.08007259559718094,0.16812422159833643,0.013767988671508169,0.029940788704280064,0.1818922102698446,0.3120399032502612
equivalent numerical reoptimization,0.4874375,0.8382806085504916,0.7027143786717825,-0.5031109561639401,-0.5031109561639401,-0.08007259559718094,-0.08007259559718094,0.16354996757277548,0.011571083560836684,0.02492464136535402,0.17512105113361218,0.3050277491737452
equivalent numerical reoptimization,0.48812500000000003,0.8322742866054129,0.692680488144549,-0.5122323827470062,-0.5122323827470062,-0.08152431572592572,-0.08152431572592572,0.1591595903007554,0.009605122606023198,0.020428239440580493,0.1687647129067786,0.2982486258688736
equivalent numerical reoptimization,0.48881250000000004,0.8261686396072485,0.6825546210704917,-0.5122323827470062,-0.5122323827470062,-0.08152431572592572,-0.08152431572592572,0.15501403604902023,0.007873757674353046,0.016458848447998824,0.16288779372337328,0.29181739678016505
equivalent numerical reoptimization,0.48950000000000005,0.8199643962144734,0.6723416110593659,-0.5400997961260467,-0.5400997961260467,-0.08595955231638525,-0.08595955231638525,0.1510536970839244,0.0063887483815042645,0.013035255022730539,0.15744244546542868,0.285624062332916
equivalent numerical reoptimization,0.49018750000000005,0.8136622968522261,0.6620463333188401,-0.5400997961260467,-0.5400997961260467,-0.08595955231638525,-0.08595955231638525,0.14746129031143074,0.005133710609175886,0.010128152241372146,0.15259500092060663,0.280009965929138
equivalent numerical reoptimization,0.49087500000000006,0.8072630936239465,0.6516737023273047,-0.4630910383144924,-0.4630910383144924,-0.07370322784930976,-0.07370322784930976,0.14405263849225253,0.0041319636580190765,0.0077752888710502606,0.1481846021502716,0.27463439228053405
equivalent numerical reoptimization,0.49156250000000007,0.8007675502216178,0.6412286694879312,-0.4630910383144924,-0.4630910383144924,-0.07370322784930976,-0.07370322784930976,0.14033609003247122,0.0034578480885287767,0.006109790902523826,0.143793938121,0.26858537599842497
equivalent numerical reoptimization,0.4922500000000001,0.7941764418346258,0.6307162207651067,-0.5162852059368546,-0.5162852059368546,-0.08216934257006756,-0.08216934257006756,0.1368057343902449,0.0030429412947825104,0.0050074694768257105,0.1398486756850274,0.2627840994634516
equivalent numerical reoptimization,0.49293750000000003,0.7874905550572479,0.6201413743043723,-0.5162852059368546,-0.5162852059368546,-0.08216934257006756,-0.08216934257006756,0.1337917437115619,0.0028315961617201325,0.0043620855361963026,0.13662333987328204,0.2578472970565898
equivalent numerical reoptimization,0.49362500000000004,0.7807106877947764,0.6095091780369928,-0.47067545648553144,-0.47067545648553144,-0.07491032549170662,-0.07491032549170662,0.13095820522563195,0.00287353463013718,0.004262299513746118,0.13383173985576913,0.25315338090864986
equivalent numerical reoptimization,0.49431250000000004,0.7738376491682993,0.5988247072703199,-0.47067545648553144,-0.47067545648553144,-0.07491032549170662,-0.07491032549170662,0.1280226855081754,0.0032083950946987256,0.004779525741967328,0.1312310806028741,0.248181057208267
equivalent numerical reoptimization,0.49500000000000005,0.766872259418136,0.5880930622650768,-0.4093385064738094,-0.4093385064738094,-0.06514824670316058,-0.06514824670316058,0.12526564773228718,0.003783667331351797,0.0058127867974003,0.12904931506363898,0.24345465133624059
equivalent numerical reoptimization,0.49568750000000006,0.7598153498059481,0.5773193658007353,-0.4093385064738094,-0.4093385064738094,-0.06514824670316058,-0.06514824670316058,0.12232348728716626,0.00464346742818773,0.007442077187269767,0.126966954715354,0.23830134509803483
equivalent numerical reoptimization,0.49637500000000007,0.7526677625155364,0.5665087607301438,-0.3213047774587925,-0.3213047774587925,-0.05113724357160822,-0.05113724357160822,0.11955775096463611,0.005721860659127068,0.00953987932780569,0.12527961162376317,0.233397984894377
equivalent numerical reoptimization,0.4970625000000001,0.7454303505523324,0.5556664075245732,-0.3213047774587925,-0.3213047774587925,-0.05113724357160822,-0.05113724357160822,0.1164759999416943,0.007061380848271196,0.012182408759871413,0.1235373807899655,0.22783017522361412
equivalent numerical reoptimization,0.49775,0.7381039776416004,0.5447974818103521,-0.2196448054938833,-0.21964480549388332,-0.03495755651880942,-0.03495755651880942,0.1135693044400447,0.008587853625714235,0.015226137300495062,0.12215715806575894,0.22251865189558115
equivalent numerical reoptimization,0.49843750000000003,0.7306895181253557,0.5339071718982644,-0.2196448054938833,-0.21964480549388332,-0.03495755651880942,-0.03495755651880942,0.11030953139929009,0.010312736933838718,0.01868601933653202,0.12062226833312881,0.21648017671285014
equivalent numerical reoptimization,0.49912500000000004,0.7231878568580237,0.5230006763069013,-0.08596045933587465,-0.08596045933587465,-0.013681032013754313,-0.013681032013754313,0.10722354785194252,0.01218506514378278,0.022463759926928895,0.1194086129957253,0.21070532195404068
equivalent numerical reoptimization,0.49981250000000005,0.7155998891008368,0.5120832012811299,-0.08596045933587465,-0.08596045933587465,-0.013681032013754313,-0.013681032013754313,0.10368270964381397,0.014158277593488734,0.026458266959859186,0.11784098723730271,0.2040203470165483
equivalent numerical reoptimization,0.5005000000000001,0.7079265204149936,0.5011599583068803,0.06388851229314088,0.06388851229314088,0.010168172538240693,0.010168172538240693,0.10031544151928613,0.016231466501804345,0.030671059081776017,0.11654690802109048,0.19760878812263583
equivalent numerical reoptimization,0.5011875,0.7001686665535873,0.4902361616234286,0.06388851229314088,0.06388851229314088,0.010168172538240693,0.010168172538240693,0.09650655439147951,0.018268517535253416,0.03482236987146228,0.11477507192673292,0.19032051545113712
equivalent numerical reoptimization,0.5018750000000001,0.6923272533523159,0.47931702573436186,0.21817424532403001,0.21817424532403001,0.03472350959866321,0.03472350959866321,0.09287111931066033,0.02035573643079987,0.03908750322659241,0.1132268557414602,0.1833157764872436
equivalent numerical reoptimization,0.5025625,0.684403216618998,0.468407762918431,0.21817424532403001,0.21817424532403001,0.03472350959866321,0.03472350959866321,0.0888776440565276,0.022264534288557056,0.04300200335699285,0.11114217834508465,0.17560138364083125
equivalent numerical reoptimization,0.5032500000000001,0.6763975020218824,0.45751358074144244,0.3720334743476855,0.3720334743476855,0.059210966438085995,0.059210966438085995,0.08505689114347405,0.024177391608074434,0.046933362919661534,0.10923428275154848,0.1681791726805678
equivalent numerical reoptimization,0.5039375,0.6683110649768005,0.4466396795704252,0.3720334743476855,0.3720334743476855,0.059210966438085995,0.059210966438085995,0.08098398041494313,0.02578793547227073,0.05026152176214894,0.10677191588721387,0.16025732853880117
equivalent numerical reoptimization,0.5046250000000001,0.6601448705331349,0.4357912500912094,0.5202597114347625,0.5202597114347625,0.08280190476640552,0.08280190476640552,0.0770821291364912,0.02736466375639851,0.05352646545311592,0.10444679289288972,0.15263382038117176
equivalent numerical reoptimization,0.5053125,0.6518998932586597,0.4249734708306519,0.5202597114347625,0.5202597114347625,0.08280190476640552,0.08280190476640552,0.07304117589314418,0.028554334931327283,0.056014381730274884,0.10159551082447146,0.1447342114265344
equivalent numerical reoptimization,0.506,0.6435771171232242,0.4141915056846402,0.6621302705299212,0.6621302705299212,0.10538130552561088,0.10538130552561088,0.0691684672238843,0.029683608400301313,0.05838228909103201,0.0988520756241856,0.13713586883649523
equivalent numerical reoptimization,0.5066875000000001,0.6351775353813284,0.40345050145309863,0.6621302705299212,0.6621302705299212,0.10538130552561088,0.10538130552561088,0.06525596817479347,0.03038011179029465,0.059878204597911495,0.09563607996508812,0.12945829718674604
equivalent numerical reoptimization,0.507375,0.6267021504535901,0.3927555853831543,0.7994508260555359,0.7994508260555359,0.12723655072563753,0.12723655072563753,0.061507754403290905,0.031001892542314596,0.061222670410728916,0.0925096469456055,0.12208151978743656
equivalent numerical reoptimization,0.5080625000000001,0.6181519738071052,0.38211186272162007,0.7994508260555359,0.7994508260555359,0.12723655072563753,0.12723655072563753,0.05780105559832269,0.031177014898437605,0.06166476169543596,0.08897807049676029,0.11478736009770862
equivalent numerical reoptimization,0.50875,0.609528025834748,0.3715244142780052,0.9147452468141493,0.9147452468141493,0.14558622770028767,0.14558622770028767,0.054253611416469866,0.03127503540354168,0.0619487218163192,0.08552864682001154,0.10779018018841639
equivalent numerical reoptimization,0.5094375000000001,0.6008313357333852,0.36099829399916383,0.9147452468141493,0.9147452468141493,0.14558622770028767,0.14558622770028767,0.05081748789400867,0.030991117676242796,0.061459129698736424,0.08180860557025146,0.10101245176222776
equivalent numerical reoptimization,0.510125,0.5920629413810603,0.35053852655679285,1.0143660462198107,1.0143660462198107,0.16144137036046485,0.16144137036046485,0.0475345098843437,0.030637268496452374,0.06082471788201629,0.07817177838079607,0.09452459597581017
equivalent numerical reoptimization,0.5108125,0.5832238892131218,0.3401501049488798,1.0143660462198107,1.0143660462198107,0.16144137036046485,0.16144137036046485,0.044399989955674804,0.02996814037541863,0.05955025728836974,0.07436813033109343,0.08832974501689302
equivalent numerical reoptimization,0.5115000000000001,0.5743152340973449,0.329837988116288,1.1016628580074719,1.1016628580074719,0.17533508947263396,0.17533508947263396,0.04141175679927434,0.029242791621866368,0.05815806083844466,0.07065454842114072,0.08241511106871796
equivalent numerical reoptimization,0.5121875,0.5653380392080443,0.3196070985755962,1.1016628580074719,1.1016628580074719,0.17533508947263396,0.17533508947263396,0.03859037224964148,0.02826896542403842,0.056260166181068216,0.0668593376736799,0.07683034891040551
equivalent numerical reoptimization,0.5128750000000001,0.5562933758991846,0.3094623200693115,1.1903585037728868,1.1903585037728868,0.18945143992692748,0.18945143992692748,0.03590786672770109,0.02725674459128917,0.0542803561075114,0.06316461131899026,0.07151413274993756
equivalent numerical reoptimization,0.5135625,0.5471823235765342,0.29940849523461494,1.1903585037728868,1.1903585037728868,0.18945143992692748,0.18945143992692748,0.03340586317743742,0.026038031080670865,0.05187947093900396,0.05944389425810828,0.06655611917859047
equivalent numerical reoptimization,0.5142500000000001,0.5380059695688351,0.2894504232917023,1.2369362282629952,1.2369362282629952,0.19686451501750066,0.19686451501750066,0.03103480897890864,0.024802265968199615,0.04943985344692885,0.05583707494710825,0.06185314740094097
equivalent numerical reoptimization,0.5149375,0.5287654089980514,0.2795928577528765,1.2369362282629952,1.2369362282629952,0.19686451501750066,0.19686451501750066,0.02882184626127434,0.023478887016325608,0.04681931230320517,0.052300733277599945,0.05746241432322632
equivalent numerical reoptimization,0.515625,0.5194617446486651,0.26984050415343497,1.2369362282629952,1.2369362282629952,0.19686451501750066,0.19686451501750066,0.026731968144588884,0.02215625936874574,0.04419638994495013,0.048888227513334624,0.053312760729793414
equivalent numerical reoptimization,0.5163125000000001,0.5100960868360723,0.26019801780547386,1.2315145018291092,1.2315145018291092,0.19600162045545572,0.19600162045545572,0.024757730575105427,0.02084793869050999,0.04159873990487533,0.04560566926561542,0.04938985186876271
equivalent numerical reoptimization,0.517,0.5006695532740806,0.25067000157566743,1.2257835962498274,1.2257835962498274,0.1950895185041201,0.1950895185041201,0.022899191360996284,0.01955158999009618,0.0390219452342285,0.04245078135109247,0.045694599427547396
equivalent numerical reoptimization,0.5176875000000001,0.4911832689415089,0.24126100368806663,1.2257835962498274,1.2257835962498274,0.1950895185041201,0.1950895185041201,0.021148832212464375,0.018279480838439353,0.03649101397110582,0.03942831305090373,0.0422123797397185
equivalent numerical reoptimization,0.518375,0.4816383659479424,0.23197551555300408,1.213277680371234,1.213277680371234,0.19309914017415053,0.19309914017415053,0.019506709098598782,0.017029552809771007,0.03400206059579671,0.03653626190836979,0.038943905619919
equivalent numerical reoptimization,0.5190625000000001,0.47203598339861297,0.2228179696230956,1.213277680371234,1.213277680371234,0.19309914017415053,0.19309914017415053,0.017961302271454923,0.015818891101116225,0.03158975041101283,0.03378019337257115,0.035866334530455984
equivalent numerical reoptimization,0.51975,0.4623772672584677,0.21379273727740844,1.186720430864036,1.186720430864036,0.18887242264015516,0.18887242264015516,0.016516715313602763,0.014638716606870135,0.029236636788667753,0.031155431920472897,0.0329884292012461
equivalent numerical reoptimization,0.5204375,0.45266337021539754,0.20490412673476205,1.186720430864036,1.186720430864036,0.18887242264015516,0.18887242264015516,0.01515408387926683,0.013514392891313134,0.026993987323741666,0.028668476770579966,0.03027244428969212
equivalent numerical reoptimization,0.5211250000000001,0.44289545154267773,0.1961563809971924,1.1477794421329324,1.1477794421329324,0.18267477179471422,0.18267477179471422,0.01388502673984935,0.012426201228953103,0.024822325670734252,0.026311227968802454,0.027742190642172152
equivalent numerical reoptimization,0.5218125,0.43307467696062313,0.18755367582454807,1.1477794421329324,1.1477794421329324,0.18267477179471422,0.18267477179471422,0.012686161314093792,0.011402966077580711,0.02277979441506837,0.024089127391674504,0.025350796003665802
equivalent numerical reoptimization,0.5225000000000001,0.42320221849745765,0.17910011774116988,1.0854649070366553,1.0854649070366553,0.17275710550766835,0.17275710550766835,0.011573795432853242,0.010419191771329866,0.020815303769339547,0.021992987204183106,0.02313139390059475
equivalent numerical reoptimization,0.5231875,0.4132792543494556,0.17079974207564202,1.0854649070366553,1.0854649070366553,0.17275710550766835,0.17275710550766835,0.010517644047361295,0.009511149975105953,0.019001858921474064,0.020028794022467246,0.021023209791383297
equivalent numerical reoptimization,0.5238750000000001,0.40330696874032057,0.1626565110345059,1.0264443613386645,1.0264443613386645,0.163363693915852,0.163363693915852,0.009541202781338675,0.008642983446628172,0.017267580296929555,0.018184186227966845,0.019073745310294116
equivalent numerical reoptimization,0.5245625,0.39328655177987115,0.15467431181090127,1.0264443613386645,1.0264443613386645,0.163363693915852,0.163363693915852,0.008620312202274532,0.007843234502516923,0.015669846195466623,0.016463546704791457,0.017234560547259335
equivalent numerical reoptimization,0.5252500000000001,0.38321919932199794,0.14685695472899318,0.9755174038304689,0.975517403830469,0.15525841689179176,0.1552584168917918,0.00777236496474123,0.007083247329154227,0.01415126335911923,0.014855612293895457,0.015540785907871444
equivalent numerical reoptimization,0.5259375000000001,0.3731061128219618,0.1392081714251145,0.9755174038304689,0.975517403830469,0.15525841689179176,0.1552584168917918,0.006979345766201494,0.006383101723214241,0.012752160688149992,0.013362447489415735,0.013956336763971969
equivalent numerical reoptimization,0.526625,0.3629484991929983,0.1317316130664499,0.9755174038304689,0.975517403830469,0.15525841689179176,0.1552584168917918,0.006252548342012369,0.0057223817030896676,0.011431684913480596,0.011974930045102037,0.012504013998641027
equivalent numerical reoptimization,0.5273125000000001,0.35274757066228757,0.12443084860814556,0.9193425018796498,0.9193425018796498,0.14631790356861635,0.14631790356861635,0.005575588519811103,0.005118398214122026,0.010224561123090085,0.010693986733933129,0.01115100856004185
equivalent numerical reoptimization,0.528,0.34250454462629,0.11730936308966226,0.8525132281824495,0.8525132281824495,0.13568169431646573,0.13568169431646573,0.004958321836515883,0.004552522494210784,0.009093528834129297,0.009510844330726667,0.009917183675643449
equivalent numerical reoptimization,0.5286875000000001,0.3322206435054484,0.11037055597117422,0.8525132281824495,0.8525132281824495,0.13568169431646573,0.13568169431646573,0.00438542595453377,0.004040781445443895,0.008070695252314575,0.008426207399977664,0.008771860005138944
equivalent numerical reoptimization,0.529375,0.32189709459831567,0.10361773951083698,0.7947998841093952,0.7947998841093952,0.1264963303248758,0.1264963303248758,0.0038659374484956393,0.0035647959712739783,0.007119313034088238,0.007430733419769618,0.007733222515899654
equivalent numerical reoptimization,0.5300625000000001,0.3115351299350734,0.09705413718366306,0.7947998841093952,0.7947998841093952,0.1264963303248758,0.1264963303248758,0.003388800646305891,0.003135241613364373,0.006260748502001909,0.006524042259670264,0.006779147649056814
equivalent numerical reoptimization,0.53075,0.3011359861305126,0.0906828821427963,0.7399982793749014,0.7399982793749014,0.1177743840420129,0.1177743840420129,0.0029589555448510333,0.002739058459594907,0.005468904546193622,0.0056980140044459405,0.005919579315631741
equivalent numerical reoptimization,0.5314375,0.29070090423644246,0.08450701572388529,0.7399982793749014,0.7399982793749014,0.1177743840420129,0.1177743840420129,0.002567703324782037,0.002383656097248474,0.004758594864115156,0.004951359422030511,0.005137115909253368
equivalent numerical reoptimization,0.5321250000000001,0.28023112959358565,0.078529485993297,0.6803284073106919,0.6803284073106919,0.10827762894933296,0.10827762894933296,0.002217877148305631,0.0020589725733454207,0.004109721416754206,0.0042768497216510515,0.00443746119239087
equivalent numerical reoptimization,0.5328125,0.26972791168296284,0.0727531463408522,0.6803284073106919,0.6803284073106919,0.10827762894933296,0.10827762894933296,0.0019020647764492371,0.0017707125855749102,0.0035336743841034995,0.003672777362024147,0.00380578908155989
equivalent numerical reoptimization,0.5335000000000001,0.2591925039767652,0.06718075411774543,0.6117662113032086,0.6117662113032086,0.09736561654550659,0.09736561654550659,0.0016221214046793016,0.0015101124833863193,0.0030129547101903098,0.003132233888065621,0.0032458326600842023
equivalent numerical reoptimization,0.5341875,0.2486261637887766,0.06181496932032357,0.6117662113032086,0.6117662113032086,0.09736561654550659,0.09736561654550659,0.00137175987172396,0.0012817848513991994,0.0025567586681325724,0.0026535447231231593,0.0027450174413297225
equivalent numerical reoptimization,0.5348750000000001,0.2380301521243101,0.056658353320322215,0.542891891164574,0.542891891164574,0.08640392804334922,0.08640392804334922,0.0011520457793835893,0.00107772516699804,0.0021491081734798753,0.002229770946381629,0.0023054877424916495
equivalent numerical reoptimization,0.5355625,0.22740573352973076,0.05171336764219491,0.542891891164574,0.542891891164574,0.08640392804334922,0.08640392804334922,0.0009582008828863452,0.0009010363885176944,0.0017961785455346737,0.0018592372714040396,0.001917688713350834
equivalent numerical reoptimization,0.53625,0.21675417594153076,0.04698237278809207,0.48935628379097884,0.48935628379097884,0.07788347149841462,0.07788347149841462,0.0007901173085005537,0.0007452056165675919,0.0014849723355952085,0.0015353229250681456,0.0015814105879794198
equivalent numerical reoptimization,0.5369375000000001,0.20607675053501667,0.04246762711107149,0.48935628379097884,0.48935628379097884,0.07788347149841462,0.07788347149841462,0.0006444282098409785,0.0006114005626259744,0.0012178016449329785,0.0012558287724669529,0.0012899220924299719
equivalent numerical reoptimization,0.537625,0.19537473157261057,0.038171285737069634,0.48935628379097884,0.48935628379097884,0.07788347149841462,0.07788347149841462,0.0005199643693992747,0.0004952932999382574,0.000986028788912913,0.0010152576693375321,0.0010408865449663524
equivalent numerical reoptimization,0.5383125000000001,0.18464939625176488,0.03409539953614128,0.4548020758794004,0.4548020758794004,0.07238399850466185,0.07238399850466185,0.00041418808743721926,0.0003966349154318827,0.000789141273933539,0.0008108230028691019,0.0008292304479551384
equivalent numerical reoptimization,0.539,0.17390202455255374,0.030241914143477003,0.42100890323282203,0.42100890323282203,0.06700564803520107,0.06700564803520107,0.00032548905281181453,0.0003127527770454968,0.0006218017272925766,0.0006382418298573113,0.0006517333571429776
equivalent numerical reoptimization,0.5396875000000001,0.16313389908490372,0.026612669030643552,0.42100890323282203,0.42100890323282203,0.06700564803520107,0.06700564803520107,0.0002516991052231889,0.0002429662594158559,0.0004826368688066487,0.0004946653646390448,0.00050406043642908
equivalent numerical reoptimization,0.540375,0.15234630493553905,0.02320939662751225,0.3704316455573704,0.3704316455573704,0.05895602746812043,0.05895602746812043,0.00019126289449816278,0.0001851161675977906,0.0003673336748217959,0.0003763790620959534,0.0003831004218684364
equivalent numerical reoptimization,0.5410625,0.14154052951460483,0.02003372149527472,0.3704316455573704,0.3704316455573704,0.05895602746812043,0.05895602746812043,0.00014228383188825397,0.00013848889933307208,0.0002744525065069561,0.00028077273122132604,0.00028506187802217593
equivalent numerical reoptimization,0.5417500000000001,0.13071786240203054,0.017087159550956188,0.3280395548022002,0.3280395548022002,0.05220911667643486,0.05220911667643486,0.0001033772179034089,0.00010104583693135752,0.00019992313645813997,0.0002044230548347664,0.0002071739758402157
equivalent numerical reoptimization,0.5424375,0.11987959519363474,0.014371117343789734,0.3280395548022002,0.3280395548022002,0.05220911667643486,0.05220911667643486,7.300482780854644e-05,7.186923649097073e-05,0.00014190181142484005,0.00014487406429951718,0.00014636161133551226
equivalent numerical reoptimization,0.5431250000000001,0.10902702134697123,0.011886891383792921,0.3112357099307246,0.3112357099307246,0.04953470170219012,0.04953470170219012,4.9868383400930766e-05,4.941959521173442e-05,9.731280971561482e-05,9.928797861266519e-05,0.00010002694205150055
equivalent numerical reoptimization,0.5438125,0.09816143602697991,0.00963566752287887,0.3112357099307246,0.3112357099307246,0.04953470170219012,0.04953470170219012,3.2712529236478604e-05,3.2680388725876025e-05,6.411923484621196e-05,6.539291796235462e-05,6.565973453408902e-05
equivalent numerical reoptimization,0.5445000000000001,0.08728413595140534,0.00761852038878341,0.2786285028894334,0.27862850288943336,0.044345103521147775,0.04434510352114776,2.0413683984188592e-05,2.0567149509664616e-05,4.015133072568492e-05,4.0980833493853205e-05,4.1012360869857806e-05
equivalent numerical reoptimization,0.5451875,0.0763964192360583,0.0058364128720915795,0.2786285028894334,0.27862850288943336,0.044345103521147775,0.04434510352114776,1.1955349499810911e-05,1.2208223384845487e-05,2.366295951708143e-05,2.41635728846564e-05,2.4052550174170988e-05
equivalent numerical reoptimization,0.545875,0.06549958523988415,0.00429019566659685,0.2802738674519295,0.28027386745192945,0.044606971424457256,0.04460697142445725,6.443142059233681e-06,6.700230513508674e-06,1.2847220921289001e-05,1.3143372572742354e-05,1.299073498012731e-05
equivalent numerical reoptimization,0.5465625000000001,0.054594934409900264,0.002980606863221312,0.2802738674519295,0.28027386745192945,0.044606971424457256,0.04460697142445725,3.0987143125586893e-06,3.3118169556871656e-06,6.240160785380875e-06,6.410531268245855e-06,6.27019851427711e-06
equivalent numerical reoptimization,0.54725,0.043683768126003795,0.0019082715976864652,0.3422853857681549,0.34228538576815487,0.05447641109311814,0.054476411093118134,1.2628704355898435e-06,1.4154882927104744e-06,2.5859842961402734e-06,2.678358728300318e-06,2.572585061981179e-06
equivalent numerical reoptimization,0.5479375000000001,0.032767388545650394,0.0010737017521016206,0.3422853857681549,0.34228538576815487,0.05447641109311814,0.054476411093118134,3.952657914180754e-07,4.83590858260908e-07,8.278419617674909e-07,8.788566496789833e-07,8.165950991601091e-07
equivalent numerical reoptimization,0.548625,0.021847098448466554,0.0004772957106169897,0.2441088383761154,0.24410883837611544,0.03885112827997932,0.03885112827997933,7.600718454954179e-08,1.1672205406422958e-07,1.6828047923693996e-07,1.9272923861377137e-07,1.6323282360227694e-07
equivalent numerical reoptimization,0.5493125000000001,0.010924201080759581,0.0001193381692528688,0.2441088383761154,0.24410883837611544,0.03885112827997932,0.03885112827997933,4.016798814350785e-09,1.693965464332883e-08,1.3592850037797808e-08,2.0956453457679613e-08,1.0775861684948812e-08
equivalent numerical reoptimization,0.55,0.0,0.0,0.2441088383761154,0.24410883837611544,0.03885112827997932,0.03885112827997933,6.020018365575859e-11,3.584478481080611e-09,1.5773964320623223e-09,3.6446786647363693e-09,3.7155841012844015e-11
