provenance,cycle,mode,expansion,scan_coefficient,quadratic_hessian_infidelity_raw,full_schrodinger_infidelity_raw,synthetic_observed_total_error,synthetic_uncertainty,failures,shots,selected_optimum,fitted_optimum,fitted_optimum_sigma,fitted_minimum_raw,fitted_minimum_is_negative
synthetic demonstration,1,1,0,-0.0037644117274212028,0.0652383840015572,0.06283390985667692,0.06820863582728345,0.0011274189609797888,3410,50000,False,0.002179516103556154,0.0007498705913950989,0.061499774287082684,False
synthetic demonstration,1,1,0,-0.0028233087955659023,0.0639088144489473,0.06155184200178532,0.06578868422631548,0.0011086755605774702,3289,50000,False,0.002179516103556154,0.0007498705913950989,0.061499774287082684,False
synthetic demonstration,1,1,0,-0.0018822058637106014,0.06277233134687524,0.06045387557476922,0.06582868342633147,0.001108988802038697,3291,50000,False,0.002179516103556154,0.0007498705913950989,0.061499774287082684,False
synthetic demonstration,1,1,0,-0.0009411029318553005,0.06182893469534115,0.05954051700660923,0.06422871542569149,0.001096366576479938,3211,50000,False,0.002179516103556154,0.0007498705913950989,0.061499774287082684,False
synthetic demonstration,1,1,0,0.0,0.06107862449434488,0.058812182901566645,0.06118877622447551,0.0010718433858744373,3059,50000,False,0.002179516103556154,0.0007498705913950989,0.061499774287082684,False
synthetic demonstration,1,1,0,0.0009411029318553005,0.060521400743886566,0.05826919980080025,0.06122877542449151,0.0010721708201958616,3061,50000,False,0.002179516103556154,0.0007498705913950989,0.061499774287082684,False
synthetic demonstration,1,1,0,0.0018822058637106018,0.060157263443966144,0.0579118040001122,0.061568768624627505,0.0010749487831976145,3078,50000,True,0.002179516103556154,0.0007498705913950989,0.061499774287082684,False
synthetic demonstration,1,1,0,0.0028233087955659023,0.05998621259458364,0.057740141421946056,0.0625487490250195,0.001082904036912951,3127,50000,False,0.002179516103556154,0.0007498705913950989,0.061499774287082684,False
synthetic demonstration,1,1,0,0.0037644117274212028,0.060008248195739036,0.057754267541710425,0.06158876822463551,0.0010751119022874107,3079,50000,False,0.002179516103556154,0.0007498705913950989,0.061499774287082684,False
synthetic demonstration,1,2,0,-0.004296811983491402,0.057627261545044106,0.05591647771748143,0.05848883022339553,0.0010494349368600317,2924,50000,False,,,,
synthetic demonstration,1,2,0,-0.0032226089876185512,0.05798532579914853,0.05615400820235228,0.06050878982420352,0.0010662570268947266,3025,50000,False,,,,
synthetic demonstration,1,2,0,-0.0021484059917457007,0.058513863846645045,0.05655344117623218,0.06112877742445151,0.001071351990756233,3056,50000,False,,,,
synthetic demonstration,1,2,0,-0.0010742029958728501,0.05921287568753364,0.05711466642407448,0.0622687546249075,0.0010806388967783836,3113,50000,False,,,,
synthetic demonstration,1,2,0,8.673617379884035e-19,0.060082361321814326,0.0578374987533008,0.060648787024259514,0.001067410257843051,3032,50000,False,,,,
synthetic demonstration,1,2,0,0.0010742029958728519,0.06112232074948705,0.05872167808663531,0.062168756624867504,0.001079828414756482,3108,50000,False,,,,
synthetic demonstration,1,2,0,0.002148405991745702,0.06233275397055185,0.059766869602838946,0.0633687326253475,0.0010895022929788803,3168,50000,False,,,,
synthetic demonstration,1,2,0,0.003222608987618553,0.06371366098500875,0.06097266392521128,0.06682866342673147,0.0011167819730581025,3341,50000,False,,,,
synthetic demonstration,1,2,0,0.004296811983491404,0.06526504179285778,0.06233857735773862,0.06576868462630747,0.0011085188958294572,3288,50000,False,,,,
synthetic demonstration,1,2,1,-0.008593623966982806,0.05789974246254716,0.05658495958494947,0.05918881622367553,0.001055303491198607,2959,50000,False,,,,
synthetic demonstration,1,2,1,-0.006445217975237104,0.05742255441701148,0.05592718996591817,0.06132877342453151,0.0010729888383825751,3066,50000,False,,,,
synthetic demonstration,1,2,1,-0.004296811983491403,0.057627261545044106,0.05591647771748143,0.05970880582388352,0.001059635962717596,2985,50000,False,,,,
synthetic demonstration,1,2,1,-0.002148405991745702,0.058513863846645045,0.05655344117623229,0.06112877742445151,0.001071351990756233,3056,50000,False,,,,
synthetic demonstration,1,2,1,0.0,0.060082361321814326,0.0578374987533008,0.06084878302433951,0.0010690549365854076,3042,50000,False,,,,
synthetic demonstration,1,2,1,0.002148405991745702,0.06233275397055185,0.059766869602838946,0.06486870262594747,0.0011014384023854023,3243,50000,False,,,,
synthetic demonstration,1,2,1,0.004296811983491402,0.06526504179285778,0.06233857735773862,0.06524869502609948,0.0011044352698909954,3262,50000,False,,,,
synthetic demonstration,1,2,1,0.006445217975237104,0.06887922478873196,0.06554845692157873,0.06736865262694747,0.0011209603397623889,3368,50000,False,,,,
synthetic demonstration,1,2,1,0.008593623966982806,0.07317530295817451,0.0693911642966718,0.07378852422951541,0.0011691111519421449,3689,50000,False,,,,
synthetic demonstration,1,2,2,-0.017187247933965612,0.0666274463803731,0.06563246765387132,0.06916861662766745,0.0011347400039809026,3458,50000,False,-0.005384751540580924,0.00014598439011273952,0.05977554648970216,False
synthetic demonstration,1,2,2,-0.012890435950474208,0.06089980407432351,0.059833215425694974,0.0636087278254435,0.0010914236130748298,3180,50000,False,-0.005384751540580924,0.00014598439011273952,0.05977554648970216,False
synthetic demonstration,1,2,2,-0.008593623966982806,0.05789974246254716,0.05658495958494947,0.06090878182436351,0.0010695477011939704,3045,50000,False,-0.005384751540580924,0.00014598439011273952,0.05977554648970216,False
synthetic demonstration,1,2,2,-0.004296811983491404,0.057627261545044106,0.05591647771748143,0.059568808623827525,0.0010584717751359063,2978,50000,True,-0.005384751540580924,0.00014598439011273952,0.05977554648970216,False
synthetic demonstration,1,2,2,0.0,0.060082361321814326,0.0578374987533008,0.06122877542449151,0.0010721708201958616,3061,50000,False,-0.005384751540580924,0.00014598439011273952,0.05977554648970216,False
synthetic demonstration,1,2,2,0.004296811983491404,0.06526504179285778,0.06233857735773862,0.06634867302653948,0.0011130503030160205,3317,50000,False,-0.005384751540580924,0.00014598439011273952,0.05977554648970216,False
synthetic demonstration,1,2,2,0.008593623966982804,0.07317530295817451,0.0693911642966718,0.07370852582948341,0.001168527690177707,3685,50000,False,-0.005384751540580924,0.00014598439011273952,0.05977554648970216,False
synthetic demonstration,1,2,2,0.012890435950474208,0.08381314481776451,0.0789478719617559,0.08206835863282734,0.0012274374113488916,4103,50000,False,-0.005384751540580924,0.00014598439011273952,0.05977554648970216,False
synthetic demonstration,1,2,2,0.017187247933965612,0.09717856737162779,0.0909429319039523,0.09436811263774725,0.0013073588151750342,4718,50000,False,-0.005384751540580924,0.00014598439011273952,0.05977554648970216,False
synthetic demonstration,1,3,0,-0.004351326846444337,0.07071482204252366,0.06759083242176622,0.07128857422851544,0.0011506855804986047,3564,50000,False,,,,
synthetic demonstration,1,3,0,-0.003263495134833253,0.06713448772383993,0.06442741972622856,0.06910861782764345,0.001134284299175947,3455,50000,False,,,,
synthetic demonstration,1,3,0,-0.0021756634232221687,0.06372830197024582,0.061413730291416946,0.06728865422691546,0.001120342634233027,3364,50000,False,,,,
synthetic demonstration,1,3,0,-0.0010878317116110843,0.06049626478174126,0.05855114076473811,0.060768784624307515,0.001068397458751492,3038,50000,False,,,,
synthetic demonstration,1,3,0,0.0,0.05743837615832638,0.05584096680906081,0.05874882502349953,0.0010516195963779563,2937,50000,False,,,,
synthetic demonstration,1,3,0,0.0010878317116110843,0.05455463610000104,0.053284462367612084,0.05688886222275554,0.001035860739315989,2844,50000,False,,,,
synthetic demonstration,1,3,0,0.0021756634232221687,0.05184504460676536,0.050882818959265164,0.05486890262194756,0.0010183931647230835,2743,50000,False,,,,
synthetic demonstration,1,3,0,0.003263495134833253,0.04930960167861925,0.04863716500466153,0.05074898502029959,0.000981545706279254,2537,50000,False,,,,
synthetic demonstration,1,3,0,0.004351326846444337,0.04694830731556275,0.04654856518357864,0.05094898102037959,0.000983374275679738,2547,50000,False,,,,
synthetic demonstration,1,3,1,-0.008702653692888675,0.08677764496815463,0.08171209206966557,0.08472830543389132,0.0012453619380684393,4236,50000,False,,,,
synthetic demonstration,1,3,1,-0.006526990269666506,0.07839793637515995,0.07436102070256412,0.07954840903181937,0.0012101035571477979,3977,50000,False,,,,
synthetic demonstration,1,3,1,-0.004351326846444337,0.07071482204252366,0.06759083242176622,0.07188856222875542,0.0011551443903885998,3594,50000,False,,,,
synthetic demonstration,1,3,1,-0.0021756634232221687,0.06372830197024582,0.061413730291416946,0.06414871702565948,0.0010957304219497254,3207,50000,False,,,,
synthetic demonstration,1,3,1,0.0,0.05743837615832638,0.05584096680906081,0.060248795024099515,0.0010641110191866377,3012,50000,False,,,,
synthetic demonstration,1,3,1,0.0021756634232221687,0.05184504460676536,0.050882818959265164,0.054308913821723565,0.0010134831168319674,2715,50000,False,,,,
synthetic demonstration,1,3,1,0.004351326846444337,0.04694830731556275,0.04654856518357864,0.0494290114197716,0.0009693699489218752,2471,50000,False,,,,
synthetic demonstration,1,3,1,0.006526990269666506,0.04274816428471859,0.04284646432260364,0.044949101017979644,0.0009265739285903183,2247,50000,False,,,,
synthetic demonstration,1,3,1,0.008702653692888675,0.039244615514232827,0.03978373658134049,0.04406911861762765,0.0009178817613182821,2203,50000,False,,,,
synthetic demonstration,1,3,2,-0.01740530738577735,0.12726242194371754,0.1166494278584359,0.12290754184916301,0.0014683117252621404,6145,50000,False,0.01740530738577735,0.0010960652175906992,0.037113225234607986,False
synthetic demonstration,1,3,2,-0.013053980539333012,0.10562684493521922,0.09810348158098348,0.10366792664146716,0.0013632107022796508,5183,50000,False,0.01740530738577735,0.0010960652175906992,0.037113225234607986,False
synthetic demonstration,1,3,2,-0.008702653692888675,0.08677764496815463,0.08171209206966557,0.0873482530349393,0.0012626586800303476,4367,50000,False,0.01740530738577735,0.0010960652175906992,0.037113225234607986,False
synthetic demonstration,1,3,2,-0.004351326846444337,0.07071482204252366,0.06759083242176622,0.07026859462810744,0.0011430512333649263,3513,50000,False,0.01740530738577735,0.0010960652175906992,0.037113225234607986,False
synthetic demonstration,1,3,2,0.0,0.05743837615832638,0.05584096680906081,0.05928881422371553,0.0010561384367105127,2964,50000,False,0.01740530738577735,0.0010960652175906992,0.037113225234607986,False
synthetic demonstration,1,3,2,0.004351326846444337,0.04694830731556275,0.04654856518357864,0.05126897462050759,0.0009862912482732117,2563,50000,False,0.01740530738577735,0.0010960652175906992,0.037113225234607986,False
synthetic demonstration,1,3,2,0.008702653692888675,0.039244615514232827,0.03978373658134049,0.04496910061798764,0.000926770336179195,2248,50000,False,0.01740530738577735,0.0010960652175906992,0.037113225234607986,False
synthetic demonstration,1,3,2,0.013053980539333012,0.034327300754336564,0.03559998842266299,0.04014919701605968,0.0008779031560157718,2007,50000,False,0.01740530738577735,0.0010960652175906992,0.037113225234607986,False
synthetic demonstration,1,3,2,0.01740530738577735,0.032196363035873976,0.03403371805265576,0.03616927661446771,0.0008349810256170802,1808,50000,True,0.01740530738577735,0.0010960652175906992,0.037113225234607986,False
synthetic demonstration,1,4,0,-0.005085192471992366,0.03259007786161466,0.0346321370350301,0.038109237815243696,0.0008562179347582167,1905,50000,False,-0.003246860432719963,0.002335731726881206,0.03814432071732012,False
synthetic demonstration,1,4,0,-0.0038138943539942774,0.03223594402360461,0.03423052246233593,0.03826923461530769,0.0008579420512848115,1913,50000,True,-0.003246860432719963,0.002335731726881206,0.03814432071732012,False
synthetic demonstration,1,4,0,-0.0025425962359961886,0.032052280273311126,0.03399682480321764,0.03878922421551569,0.0008635175617798997,1939,50000,False,-0.003246860432719963,0.002335731726881206,0.03814432071732012,False
synthetic demonstration,1,4,0,-0.0012712981179980997,0.03203908661073425,0.033931197243223465,0.0377092458150837,0.000851889748299095,1885,50000,False,-0.003246860432719963,0.002335731726881206,0.03814432071732012,False
synthetic demonstration,1,4,0,-1.1275702593849246e-17,0.032196363035873976,0.03403371805265576,0.038409231815363695,0.00085944732738313,1920,50000,False,-0.003246860432719963,0.002335731726881206,0.03814432071732012,False
synthetic demonstration,1,4,0,0.0012712981179980772,0.03252410954873031,0.03430439052009482,0.03856922861542769,0.0008611638637685403,1928,50000,False,-0.003246860432719963,0.002335731726881206,0.03814432071732012,False
synthetic demonstration,1,4,0,0.0025425962359961665,0.033022326149303206,0.03474314292971048,0.04078918421631567,0.0008845774325949608,2039,50000,False,-0.003246860432719963,0.002335731726881206,0.03814432071732012,False
synthetic demonstration,1,4,0,0.003813894353994254,0.0336910128375927,0.03534982858233027,0.039289214215715684,0.0008688390196065472,1964,50000,False,-0.003246860432719963,0.002335731726881206,0.03814432071732012,False
synthetic demonstration,1,4,0,0.005085192471992343,0.03453016961359878,0.03612422586028963,0.04108917821643567,0.0008876855488140664,2054,50000,False,-0.003246860432719963,0.002335731726881206,0.03814432071732012,False
synthetic demonstration,1,5,0,-0.006675438071376687,0.045431490920400906,0.04739173510082906,0.05164896702065959,0.000989741300044374,2582,50000,False,,,,
synthetic demonstration,1,5,0,-0.005006578553532515,0.041863978066967567,0.043856079520272595,0.04792904141917162,0.0009553012426128491,2396,50000,False,,,,
synthetic demonstration,1,5,0,-0.0033377190356883427,0.038458386041017645,0.04046219755365499,0.044649107017859645,0.0009236217635595549,2232,50000,False,,,,
synthetic demonstration,1,5,0,-0.0016688595178441703,0.03521471484255113,0.0372115524838319,0.04120917581648367,0.0008889251854800723,2060,50000,False,,,,
synthetic demonstration,1,5,0,1.734723475976807e-18,0.03213296447156802,0.03410553098497393,0.039489210215795684,0.0008709568917060586,1974,50000,False,,,,
synthetic demonstration,1,5,0,0.0016688595178441746,0.029213134928068332,0.031145442423234804,0.03388932221355573,0.0008091912811245885,1694,50000,False,,,,
synthetic demonstration,1,5,0,0.0033377190356883467,0.026455226212052055,0.028332518214051916,0.03312933741325173,0.000800381199125552,1656,50000,False,,,,
synthetic demonstration,1,5,0,0.005006578553532519,0.023859238323519168,0.02566791123652512,0.028409431811363774,0.0007429836060942582,1420,50000,False,,,,
synthetic demonstration,1,5,0,0.006675438071376691,0.021425171262469733,0.023152695305235227,0.026909461810763785,0.0007236614581972245,1345,50000,False,,,,
synthetic demonstration,1,5,1,-0.013350876142753376,0.06132075060896837,0.06292019046029895,0.06670866582668347,0.0011158506126281236,3335,50000,False,,,,
synthetic demonstration,1,5,1,-0.010013157107065032,0.0530522791097178,0.0548821355173823,0.05848883022339553,0.0010494349368600317,2924,50000,False,,,,
synthetic demonstration,1,5,1,-0.006675438071376687,0.045431490920400906,0.04739173510082906,0.051688966220675585,0.000990103594392609,2584,50000,False,,,,
synthetic demonstration,1,5,1,-0.0033377190356883423,0.038458386041017645,0.04046219755365499,0.04418911621767565,0.000919072889771241,2209,50000,False,,,,
synthetic demonstration,1,5,1,1.734723475976807e-18,0.03213296447156802,0.03410553098497393,0.0374092518149637,0.0008486266476989037,1870,50000,False,,,,
synthetic demonstration,1,5,1,0.0033377190356883475,0.026455226212052055,0.028332518214051583,0.03260934781304374,0.0007942885679599486,1630,50000,False,,,,
synthetic demonstration,1,5,1,0.006675438071376692,0.021425171262469733,0.023152695305235227,0.027889442211155777,0.0007363496017902674,1394,50000,False,,,,
synthetic demonstration,1,5,1,0.010013157107065036,0.01704279962282108,0.018574333752962024,0.022849543009139817,0.0006682297259398152,1142,50000,False,,,,
synthetic demonstration,1,5,1,0.01335087614275338,0.013308111293106058,0.014604426363092449,0.019209615807683846,0.0006138379733136435,960,50000,False,,,,
synthetic demonstration,1,5,2,-0.026701752285506756,0.10087146970530708,0.10024447599285813,0.10310793784124317,0.0013599484701685316,5155,50000,False,0.026701752285506756,0.0005233660969823384,0.009111881625352702,False
synthetic demonstration,1,5,2,-0.020026314214130068,0.07980074353727046,0.08058060426547942,0.08464830703385932,0.0012448282769545573,4232,50000,False,0.026701752285506756,0.0005233660969823384,0.009111881625352702,False
synthetic demonstration,1,5,2,-0.013350876142753378,0.061320750608968376,0.06292019046029895,0.06550868982620348,0.0011064795776637376,3275,50000,False,0.026701752285506756,0.0005233660969823384,0.009111881625352702,False
synthetic demonstration,1,5,2,-0.006675438071376688,0.04543149092040091,0.04739173510082961,0.0501489970200596,0.0009760345263477968,2507,50000,False,0.026701752285506756,0.0005233660969823384,0.009111881625352702,False
synthetic demonstration,1,5,2,0.0,0.032132964471568035,0.03410553098497382,0.0372692546149077,0.0008470988386542857,1863,50000,False,0.026701752285506756,0.0005233660969823384,0.009111881625352702,False
synthetic demonstration,1,5,2,0.006675438071376692,0.021425171262469733,0.023152695305235227,0.026989460210795783,0.0007247065454261013,1349,50000,False,0.026701752285506756,0.0005233660969823384,0.009111881625352702,False
synthetic demonstration,1,5,2,0.01335087614275338,0.013308111293106058,0.014604426363092449,0.018669626607467852,0.0006053154357234273,933,50000,False,0.026701752285506756,0.0005233660969823384,0.009111881625352702,False
synthetic demonstration,1,5,2,0.020026314214130068,0.007781784563476964,0.008511493262986725,0.012709745805083899,0.0005009532165462902,635,50000,False,0.026701752285506756,0.0005233660969823384,0.009111881625352702,False
synthetic demonstration,1,5,2,0.026701752285506756,0.0048461910735824645,0.00490396363461687,0.009069818603627927,0.00042396220365086706,453,50000,True,0.026701752285506756,0.0005233660969823384,0.009111881625352702,False
synthetic demonstration,1,6,0,-0.010516469277763991,0.009216505620545589,0.008191060182452303,0.011449771004579909,0.0004757777006056884,572,50000,False,,,,
synthetic demonstration,1,6,0,-0.007887351958322995,0.007864301755161153,0.007132308190104908,0.011509769804603907,0.0004770081745641626,575,50000,False,,,,
synthetic demonstration,1,6,0,-0.005258234638881999,0.006685181375539154,0.006230395116794463,0.010449791004179917,0.0004547566220513623,522,50000,False,,,,
synthetic demonstration,1,6,0,-0.0026291173194410034,0.005679144481679591,0.005487023403547342,0.010529789404211915,0.0004564755458831696,526,50000,False,,,,
synthetic demonstration,1,6,0,-6.938893903907228e-18,0.0048461910735824645,0.00490396363461687,0.009269814603707925,0.00042856779627519376,463,50000,False,,,,
synthetic demonstration,1,6,0,0.0026291173194409895,0.004186321151247785,0.004483046499409893,0.009129817403651926,0.00042534931512224513,456,50000,False,,,,
synthetic demonstration,1,6,0,0.005258234638881984,0.003699534714675544,0.004226154095628765,0.007769844603107937,0.00039266183291278615,388,50000,False,,,,
synthetic demonstration,1,6,0,0.007887351958322983,0.0033858317638657395,0.004135210607656092,0.008169836603267935,0.00040256095842725086,408,50000,False,,,,
synthetic demonstration,1,6,0,0.010516469277763977,0.0032452122988183866,0.004212172396927394,0.008249835003299934,0.0004045107654389324,412,50000,False,,,,
synthetic demonstration,1,6,1,-0.021032938555527975,0.016356155939707746,0.013963184723255417,0.018049639007219856,0.0005953677957918847,902,50000,False,0.007727038668983739,0.0009526911362703603,0.007999900919984503,False
synthetic demonstration,1,6,1,-0.015774703916645982,0.012440163808601794,0.010772655246795493,0.014809703805923882,0.0005401813193250798,740,50000,False,0.007727038668983739,0.0009526911362703603,0.007999900919984503,False
synthetic demonstration,1,6,1,-0.010516469277763991,0.009216505620545589,0.008191060182452303,0.012929741405171896,0.0005052138697672278,646,50000,False,0.007727038668983739,0.0009526911362703603,0.007999900919984503,False
synthetic demonstration,1,6,1,-0.005258234638882,0.006685181375539156,0.006230395116794241,0.010929781404371912,0.00046497072783712026,546,50000,False,0.007727038668983739,0.0009526911362703603,0.007999900919984503,False
synthetic demonstration,1,6,1,-6.938893903907228e-18,0.0048461910735824645,0.00490396363461687,0.00876982460350793,0.00041695484353221145,438,50000,False,0.007727038668983739,0.0009526911362703603,0.007999900919984503,False
synthetic demonstration,1,6,1,0.005258234638881986,0.003699534714675539,0.004226154095629098,0.007249855002899942,0.0003793944312998773,362,50000,True,0.007727038668983739,0.0009526911362703603,0.007999900919984503,False
synthetic demonstration,1,6,1,0.010516469277763976,0.003245212298818385,0.004212172396927172,0.008029839403211936,0.00039912510521567885,401,50000,False,0.007727038668983739,0.0009526911362703603,0.007999900919984503,False
synthetic demonstration,1,6,1,0.015774703916645972,0.003483223826010965,0.0048777348816141375,0.009109817803643927,0.0004248874666193334,455,50000,False,0.007727038668983739,0.0009526911362703603,0.007999900919984503,False
synthetic demonstration,1,6,1,0.02103293855552796,0.00441356929625333,0.006238726250397564,0.010389792204155916,0.00045346296794300165,519,50000,False,0.007727038668983739,0.0009526911362703603,0.007999900919984503,False
synthetic demonstration,1,7,0,-0.01199193858355528,0.0016564969117123583,0.002600559114935619,0.006789864202715946,0.00036724629901841994,339,50000,False,,,,
synthetic demonstration,1,7,0,-0.008993953937666459,0.0018329024907142648,0.0027429445936109076,0.006529869402611948,0.00036019357932555115,326,50000,False,,,,
synthetic demonstration,1,7,0,-0.00599596929177764,0.002182289020947502,0.0030470020898100136,0.0069498610027799446,0.00037151808525148934,347,50000,False,,,,
synthetic demonstration,1,7,0,-0.0029979846458888203,0.0027046565024120605,0.003511729519743545,0.00748985020299594,0.00038557632211359323,374,50000,False,,,,
synthetic demonstration,1,7,0,0.0,0.003400004935107944,0.004135968961439529,0.008529829403411932,0.00041125984837897425,426,50000,False,,,,
synthetic demonstration,1,7,0,0.0029979846458888203,0.0042683343190351485,0.004918409502602139,0.009329813403731926,0.00042993949085079133,466,50000,False,,,,
synthetic demonstration,1,7,0,0.005995969291777639,0.005309644654193672,0.005857590375034527,0.009989800203995921,0.00044473831657593216,499,50000,False,,,,
synthetic demonstration,1,7,0,0.008993953937666459,0.006523935940583536,0.006951904368576178,0.010829783404331913,0.0004628621979146418,541,50000,False,,,,
synthetic demonstration,1,7,0,0.01199193858355528,0.007911208178204713,0.008199601516734156,0.012709745805083899,0.0005009532165462902,635,50000,False,,,,
synthetic demonstration,1,7,1,-0.02398387716711056,0.002680684108017958,0.0036621900446025535,0.007929841403171937,0.00039665209826038653,396,50000,False,-0.012414233787736382,0.0009005887424320436,0.006769013053947343,False
synthetic demonstration,1,7,1,-0.017987907875332918,0.00182262860740251,0.0028040183239539385,0.006969860602787944,0.00037204851312089445,348,50000,False,-0.012414233787736382,0.0009005887424320436,0.006769013053947343,False
synthetic demonstration,1,7,1,-0.01199193858355528,0.0016564969117123583,0.002600559114935619,0.006709865802683946,0.00036509113712926796,335,50000,True,-0.012414233787736382,0.0009005887424320436,0.006769013053947343,False
synthetic demonstration,1,7,1,-0.0059959692917776405,0.0021822890209475046,0.0030470020898103467,0.007769844603107937,0.00039266183291278615,388,50000,False,-0.012414233787736382,0.0009005887424320436,0.006769013053947343,False
synthetic demonstration,1,7,1,0.0,0.003400004935107944,0.004135968961439529,0.007789844203115938,0.00039316290202083076,389,50000,False,-0.012414233787736382,0.0009005887424320436,0.006769013053947343,False
synthetic demonstration,1,7,1,0.0059959692917776405,0.005309644654193674,0.005857590375034527,0.009509809803803924,0.0004340275696643461,475,50000,False,-0.012414233787736382,0.0009005887424320436,0.006769013053947343,False
synthetic demonstration,1,7,1,0.011991938583555278,0.007911208178204707,0.008199601516734156,0.012329753404931901,0.0004935026544237756,616,50000,False,-0.012414233787736382,0.0009005887424320436,0.006769013053947343,False
synthetic demonstration,1,7,1,0.017987907875332918,0.011204695507141042,0.011147455576780763,0.014749705005899881,0.0005391024011324936,737,50000,False,-0.012414233787736382,0.0009005887424320436,0.006769013053947343,False
synthetic demonstration,1,7,1,0.02398387716711056,0.015190106641002654,0.014684454030086114,0.01882962340753185,0.0006078540896740551,941,50000,False,-0.012414233787736382,0.0009005887424320436,0.006769013053947343,False
synthetic demonstration,1,8,0,-0.01209562150489024,0.001631903826907852,0.00219713446561709,0.0067298654026919464,0.0003656311513554586,336,50000,False,-0.008310098485906262,0.0037371920937236754,0.006385446148200683,False
synthetic demonstration,1,8,0,-0.00907171612866768,0.001387329001447518,0.002046804896487564,0.006049879002419952,0.0003467863159058682,302,50000,True,-0.008310098485906262,0.0037371920937236754,0.006385446148200683,False
synthetic demonstration,1,8,0,-0.006047810752445118,0.0013080780208776406,0.002062877199748847,0.00620987580248395,0.0003513137174192201,310,50000,False,-0.008310098485906262,0.0037371920937236754,0.006385446148200683,False
synthetic demonstration,1,8,0,-0.003023905376222557,0.0013941508851982593,0.0022452256513505464,0.0072698546029079415,0.000379913546701209,363,50000,False,-0.008310098485906262,0.0037371920937236754,0.006385446148200683,False
synthetic demonstration,1,8,0,3.469446951953614e-18,0.0016455475944093375,0.002593543525219011,0.006829863402731945,0.0003683190207097628,341,50000,False,-0.008310098485906262,0.0037371920937236754,0.006385446148200683,False
synthetic demonstration,1,8,0,0.003023905376222564,0.002062268148510902,0.0031073439589797136,0.006749865002699946,0.00036617034734393023,337,50000,False,-0.008310098485906262,0.0037371920937236754,0.006385446148200683,False
synthetic demonstration,1,8,0,0.006047810752445126,0.0026443125475029386,0.003785961217585565,0.008589828203435932,0.00041269122662771304,429,50000,False,-0.008310098485906262,0.0037371920937236754,0.006385446148200683,False
synthetic demonstration,1,8,0,0.009071716128667686,0.003391680791385462,0.004628552351191528,0.008469830603387933,0.000409823295157104,423,50000,False,-0.008310098485906262,0.0037371920937236754,0.006385446148200683,False
synthetic demonstration,1,8,0,0.012095621504890247,0.004304372880158455,0.005634099242493029,0.009389812203755924,0.00043130665609681783,469,50000,False,-0.008310098485906262,0.0037371920937236754,0.006385446148200683,False
synthetic demonstration,1,9,0,-0.017915167521695776,0.001346599211576899,0.0019544474714479065,0.006349873002539949,0.0003552266809630669,317,50000,False,-0.007966228596531998,0.0012910649393654318,0.005585439860015129,False
synthetic demonstration,1,9,0,-0.013436375641271833,0.0010799849565381104,0.0016856262026664348,0.005589888202235955,0.00033341922606118095,279,50000,False,-0.007966228596531998,0.0012910649393654318,0.005585439860015129,False
synthetic demonstration,1,9,0,-0.00895758376084789,0.0009919790828993597,0.001606556977965523,0.005449891002179956,0.0003292407292948022,272,50000,True,-0.007966228596531998,0.0012910649393654318,0.005585439860015129,False
synthetic demonstration,1,9,0,-0.004478791880423947,0.0010825815906606222,0.0017216262412441674,0.005969880602387952,0.0003444997465261904,298,50000,False,-0.007966228596531998,0.0012910649393654318,0.005585439860015129,False
synthetic demonstration,1,9,0,-3.469446951953614e-18,0.001351792479821928,0.002035177288864376,0.005949881002379953,0.00034392567071108614,297,50000,False,-0.007966228596531998,0.0012910649393654318,0.005585439860015129,False
synthetic demonstration,1,9,0,0.004478791880423941,0.0017996117503832447,0.002551490495813824,0.006689866202675946,0.00036455030102915234,334,50000,False,-0.007966228596531998,0.0012910649393654318,0.005585439860015129,False
synthetic demonstration,1,9,0,0.008957583760847883,0.0024260394023445887,0.003274762892920946,0.00752984940301194,0.0003865967371022581,376,50000,False,-0.007966228596531998,0.0012910649393654318,0.005585439860015129,False
synthetic demonstration,1,9,0,0.013436375641271824,0.0032310754357059617,0.004209087203899009,0.007949841003179936,0.0003971479718739847,397,50000,False,-0.007966228596531998,0.0012910649393654318,0.005585439860015129,False
synthetic demonstration,1,9,0,0.01791516752169577,0.0042147198504673715,0.0053584304570201136,0.010289794204115918,0.0004512982827149445,514,50000,False,-0.007966228596531998,0.0012910649393654318,0.005585439860015129,False
synthetic demonstration,1,10,0,-0.026042597843871123,0.0024132776354482063,0.0025028412709378056,0.006689866202675946,0.00036455030102915234,334,50000,False,-0.00021950425044051387,0.001691716300384253,0.00571300148367814,False
synthetic demonstration,1,10,0,-0.01953194838290334,0.0018070607308145713,0.0020786072407907863,0.006389872202555949,0.0003563365764071822,319,50000,False,-0.00021950425044051387,0.001691716300384253,0.00571300148367814,False
synthetic demonstration,1,10,0,-0.013021298921935561,0.0013688824510152133,0.001789787701278911,0.005969880602387952,0.0003444997465261904,298,50000,False,-0.00021950425044051387,0.001691716300384253,0.00571300148367814,False
synthetic demonstration,1,10,0,-0.006510649460967782,0.0010987427960501266,0.0016355648051711302,0.006069878602427951,0.00034735554880914633,303,50000,False,-0.00021950425044051387,0.001691716300384253,0.00571300148367814,False
synthetic demonstration,1,10,0,0.0,0.0009966417659193086,0.001615143738487701,0.005969880602387952,0.0003444997465261904,298,50000,True,-0.00021950425044051387,0.001691716300384253,0.00571300148367814,False
synthetic demonstration,1,10,0,0.006510649460967782,0.0010625793606227714,0.0017277578532961524,0.005349893002139957,0.00032622258673039255,267,50000,False,-0.00021950425044051387,0.001691716300384253,0.00571300148367814,False
synthetic demonstration,1,10,0,0.01302129892193556,0.0012965555801604958,0.0019726731893927596,0.005989880202395952,0.0003450728441074845,299,50000,False,-0.00021950425044051387,0.001691716300384253,0.00571300148367814,False
synthetic demonstration,1,10,0,0.019531948382903345,0.0016985704245324972,0.0023491923486218536,0.0062298754024919505,0.00035187544450570815,311,50000,False,-0.00021950425044051387,0.001691716300384253,0.00571300148367814,False
synthetic demonstration,1,10,0,0.026042597843871123,0.0022686238937387727,0.0028566576927999687,0.007109857802843943,0.0003757399463419541,355,50000,False,-0.00021950425044051387,0.001691716300384253,0.00571300148367814,False
synthetic demonstration,2,1,0,0.0003048396250684071,0.0018787663931965745,0.002475448226808341,0.006789864202715946,0.00036724629901841994,339,50000,False,0.0033018417804398536,0.0007851764537291612,0.005312569370785837,False
synthetic demonstration,2,1,0,0.0007735087446903439,0.001586582241705642,0.002185770674637988,0.00614987700245995,0.00034962298387986024,307,50000,False,0.0033018417804398536,0.0007851764537291612,0.005312569370785837,False
synthetic demonstration,2,1,0,0.0012421778643122807,0.00134228427359463,0.0019455645762945784,0.006509869802603948,0.0003596451781533782,325,50000,False,0.0033018417804398536,0.0007851764537291612,0.005312569370785837,False
synthetic demonstration,2,1,0,0.0017108469839342175,0.001145872488863552,0.001754854969195918,0.0053298934021319576,0.0003256155275016954,266,50000,False,0.0033018417804398536,0.0007851764537291612,0.005312569370785837,False
synthetic demonstration,2,1,0,0.0021795161035561544,0.0009973468875123918,0.0016136610019653608,0.005629887402251955,0.0003346032830495201,281,50000,False,0.0033018417804398536,0.0007851764537291612,0.005312569370785837,False
synthetic demonstration,2,1,0,0.0026481852231780914,0.0008967074695411588,0.0015219959321848275,0.005589888202235955,0.00033341922606118095,279,50000,False,0.0033018417804398536,0.0007851764537291612,0.005312569370785837,False
synthetic demonstration,2,1,0,0.003116854342800028,0.0008439542349498502,0.0014798671250420004,0.0054698906021879564,0.0003298409710407638,273,50000,True,0.0033018417804398536,0.0007851764537291612,0.005312569370785837,False
synthetic demonstration,2,1,0,0.0035855234624219646,0.0008390871837384622,0.001487276052823061,0.004789904201915962,0.00030876432270709244,239,50000,False,0.0033018417804398536,0.0007851764537291612,0.005312569370785837,False
synthetic demonstration,2,1,0,0.004054192582043902,0.0008821063159070008,0.001544218295293609,0.005729885402291954,0.00033754483976298187,286,50000,False,0.0033018417804398536,0.0007851764537291612,0.005312569370785837,False
synthetic demonstration,2,2,0,-0.011113834185236118,0.002668487819054466,0.0037146403136862904,0.007329853402931941,0.00038146652850803894,366,50000,False,-0.0060584827575665984,0.00016857245961208523,0.005326626718937726,False
synthetic demonstration,2,2,0,-0.009681563524072317,0.0017558472921807866,0.002718444224626637,0.006529869402611948,0.00036019357932555115,326,50000,False,-0.0060584827575665984,0.00016857245961208523,0.005326626718937726,False
synthetic demonstration,2,2,0,-0.008249292862908516,0.0011462712868930236,0.0020130743189106237,0.005429891402171956,0.00032863936690133823,271,50000,False,-0.0060584827575665984,0.00016857245961208523,0.005326626718937726,False
synthetic demonstration,2,2,0,-0.0068170222017447145,0.0008397598031911709,0.0015991043631864432,0.005089898202035959,0.00031823854533306927,254,50000,False,-0.0060584827575665984,0.00016857245961208523,0.005326626718937726,False
synthetic demonstration,2,2,0,-0.0053847515405809135,0.0008363128410752381,0.0014768739830419708,0.0054698906021879564,0.0003298409710407638,273,50000,True,-0.0060584827575665984,0.00016857245961208523,0.005326626718937726,False
synthetic demonstration,2,2,0,-0.0039524808794171125,0.0011359304005452361,0.0016464883059204016,0.005869882602347953,0.00034161948635391665,293,50000,False,-0.0060584827575665984,0.00016857245961208523,0.005326626718937726,False
synthetic demonstration,2,2,0,-0.0025202102182533114,0.0017386124816011314,0.002107817868215678,0.006509869802603948,0.0003596451781533782,325,50000,False,-0.0060584827575665984,0.00016857245961208523,0.005326626718937726,False
synthetic demonstration,2,2,0,-0.0010879395570895095,0.002644359084242956,0.002860498786687815,0.007049859002819943,0.000374162491324838,352,50000,False,-0.0060584827575665984,0.00016857245961208523,0.005326626718937726,False
synthetic demonstration,2,2,0,0.0003443311040742898,0.0038531702084706938,0.003903933193829978,0.008289834203315933,0.00040548203464115727,414,50000,False,-0.0060584827575665984,0.00016857245961208523,0.005326626718937726,False
synthetic demonstration,2,3,0,0.011603538257184912,0.003924971103639681,0.004521318890213344,0.008729825403491931,0.0004160112840089709,436,50000,False,0.018263212722284792,0.0002547741545044196,0.0055908970412174575,False
synthetic demonstration,2,3,0,0.013053980539333026,0.0026793781610823966,0.003327410693675148,0.007369852602947941,0.0003824982422377424,368,50000,False,0.018263212722284792,0.0002547741545044196,0.0055908970412174575,False
synthetic demonstration,2,3,0,0.014504422821481138,0.0017433826675733075,0.002425199809344747,0.0069098618027639445,0.00037045488629481156,345,50000,False,0.018263212722284792,0.0002547741545044196,0.0055908970412174575,False
synthetic demonstration,2,3,0,0.01595486510362925,0.001116984623112405,0.0018152777163811251,0.006029879402411952,0.0003462161239918007,301,50000,False,0.018263212722284792,0.0002547741545044196,0.0055908970412174575,False
synthetic demonstration,2,3,0,0.017405307385777363,0.0008001840276996824,0.0014980186524746752,0.005889882202355953,0.0003421975245879682,294,50000,False,0.018263212722284792,0.0002547741545044196,0.0055908970412174575,False
synthetic demonstration,2,3,0,0.018855749667925477,0.0007929808813351468,0.0014735790767261836,0.005549889002219956,0.0003322308528599898,277,50000,True,0.018263212722284792,0.0002547741545044196,0.0055908970412174575,False
synthetic demonstration,2,3,0,0.02030619195007359,0.0010953751840187987,0.0017418973288536588,0.005309893802123957,0.0003250073097772204,265,50000,False,0.018263212722284792,0.0002547741545044196,0.0055908970412174575,False
synthetic demonstration,2,3,0,0.0217566342322217,0.0017073669357506403,0.002302693485210283,0.006849863002739945,0.00036885417912157993,342,50000,False,0.018263212722284792,0.0002547741545044196,0.0055908970412174575,False
synthetic demonstration,2,3,0,0.023207076514369814,0.002628956136530655,0.0031554694118373083,0.0074498510029799405,0.00038455311624832546,372,50000,False,0.018263212722284792,0.0002547741545044196,0.0055908970412174575,False
synthetic demonstration,2,4,0,-0.00908618974992296,0.0039297028939423405,0.005709950421443066,0.009889802203955921,0.00044252914824288036,494,50000,False,0.0008709986301688292,0.0006331198335536209,0.004605934010261909,False
synthetic demonstration,2,4,0,-0.007626357420622207,0.002799735689413436,0.0043151443192981365,0.008109837803243935,0.0004010921735508097,405,50000,False,0.0008709986301688292,0.0006331198335536209,0.004605934010261909,False
synthetic demonstration,2,4,0,-0.006166525091321453,0.001894549346197599,0.0031394668880956322,0.007109857802843943,0.0003757399463419541,355,50000,False,0.0008709986301688292,0.0006331198335536209,0.004605934010261909,False
synthetic demonstration,2,4,0,-0.004706692762020699,0.0012141438642948048,0.002183621287658588,0.0058298834023319535,0.00034046039520877483,291,50000,False,0.0008709986301688292,0.0006331198335536209,0.004605934010261909,False
synthetic demonstration,2,4,0,-0.0032468604327199457,0.0007585192437050513,0.0014481849623482201,0.005989880202395952,0.0003450728441074845,299,50000,False,0.0008709986301688292,0.0006331198335536209,0.004605934010261909,False
synthetic demonstration,2,4,0,-0.001787028103419192,0.000527675484428349,0.0009336091681818592,0.004849903001939961,0.00031068274478238806,242,50000,False,0.0008709986301688292,0.0006331198335536209,0.004605934010261909,False
synthetic demonstration,2,4,0,-0.00032719577411843837,0.0005216125864646966,0.0006402185949699879,0.004749905001899962,0.00030747859496882575,237,50000,False,0.0008709986301688292,0.0006331198335536209,0.004605934010261909,False
synthetic demonstration,2,4,0,0.0011326365551823144,0.0007403305498140871,0.0005682110838909349,0.004549909001819964,0.0003009659837539242,227,50000,True,0.0008709986301688292,0.0006331198335536209,0.004605934010261909,False
synthetic demonstration,2,4,0,0.002592468884483069,0.0011838293744765326,0.0007176574407441461,0.004749905001899962,0.00030747859496882575,237,50000,False,0.0008709986301688292,0.0006331198335536209,0.004605934010261909,False
synthetic demonstration,2,5,0,0.017801168190337863,0.004779451854613766,0.00474590840255118,0.009229815403691926,0.0004276507954137362,461,50000,False,0.030226627142604084,0.00039428480214516193,0.00400758185521586,False
synthetic demonstration,2,5,0,0.020026314214130092,0.00332394949588526,0.0032808873422892626,0.007909841803163937,0.0003961555837627375,395,50000,False,0.030226627142604084,0.00039428480214516193,0.00400758185521586,False
synthetic demonstration,2,5,0,0.02225146023792232,0.002156306386016164,0.0020955592766233044,0.006029879402411952,0.0003462161239918007,301,50000,False,0.030226627142604084,0.00039428480214516193,0.00400758185521586,False
synthetic demonstration,2,5,0,0.02447660626171455,0.0012765225250064532,0.0011901988850577805,0.005689886202275955,0.0003363713752945357,284,50000,False,0.030226627142604084,0.00039428480214516193,0.00400758185521586,False
synthetic demonstration,2,5,0,0.02670175228550678,0.0006845979128561538,0.0005648286956645432,0.004129917401651967,0.00028679946569128953,206,50000,False,0.030226627142604084,0.00039428480214516193,0.00400758185521586,False
synthetic demonstration,2,5,0,0.02892689830929901,0.0003805325495652601,0.0002192203066622156,0.004049919001619968,0.00028401957057454144,202,50000,False,0.030226627142604084,0.00039428480214516193,0.00400758185521586,False
synthetic demonstration,2,5,0,0.03115204433309124,0.0003643264351337551,0.00015289591420963866,0.0040299194016119675,0.0002833202643823438,201,50000,True,0.030226627142604084,0.00039428480214516193,0.00400758185521586,False
synthetic demonstration,2,5,0,0.03337719035688347,0.0006359795695616464,0.0003651301431013554,0.004429911401771965,0.0002969885816764383,221,50000,False,0.030226627142604084,0.00039428480214516193,0.00400758185521586,False
synthetic demonstration,2,5,0,0.0356023363806757,0.0011954919528489431,0.0008549521765626178,0.00500989980200396,0.00031574044156316,250,50000,False,0.030226627142604084,0.00039428480214516193,0.00400758185521586,False
synthetic demonstration,2,6,0,0.0007160591504744096,0.0014816963553556236,0.0005331307901466076,0.0043899122017559645,0.00029565067407244923,219,50000,False,0.007710808104835804,0.0033273785962088893,0.0043890535017537275,False
synthetic demonstration,2,6,0,0.0024688040301017403,0.001079908829656558,0.00032923094801073916,0.004549909001819964,0.0003009659837539242,227,50000,False,0.007710808104835804,0.0033273785962088893,0.0043890535017537275,False
synthetic demonstration,2,6,0,0.004221548909729071,0.0007550472976296841,0.00019631802179786995,0.004469910601787965,0.000298320381834683,223,50000,False,0.007710808104835804,0.0033273785962088893,0.0043890535017537275,False
synthetic demonstration,2,6,0,0.005974293789356402,0.0005071117592750055,0.00013517636231807906,0.004529909401811963,0.00030030680825666165,226,50000,False,0.007710808104835804,0.0033273785962088893,0.0043890535017537275,False
synthetic demonstration,2,6,0,0.0077270386689837324,0.0003361022145925366,0.00014659791202975558,0.004729905401891962,0.00030683367165215084,236,50000,True,0.007710808104835804,0.0033273785962088893,0.0043890535017537275,False
synthetic demonstration,2,6,0,0.009479783548611061,0.0002420186635822622,0.0002313805751592568,0.004289914201715966,0.0002922786336446272,214,50000,False,0.007710808104835804,0.0033273785962088893,0.0043890535017537275,False
synthetic demonstration,2,6,0,0.011232528428238395,0.00022486110624416145,0.0003903265410409862,0.004109917801643967,0.00028610706607146857,205,50000,False,0.007710808104835804,0.0033273785962088893,0.0043890535017537275,False
synthetic demonstration,2,6,0,0.012985273307865725,0.0002846295425782713,0.0006242405635518145,0.004189916201675967,0.0002888665406772565,209,50000,False,0.007710808104835804,0.0033273785962088893,0.0043890535017537275,False
synthetic demonstration,2,6,0,0.014738018187493054,0.0004213239725845728,0.0009339281995707216,0.0049699006019879605,0.0003144837957631116,248,50000,False,0.007710808104835804,0.0033273785962088893,0.0043890535017537275,False
synthetic demonstration,2,7,0,-0.020408859510106573,0.000846465056860277,0.0008460895270898661,0.004909901801963961,0.0003125891630331845,245,50000,False,-0.012713616198733785,0.0008020392941227646,0.0040622143516758046,False
synthetic demonstration,2,7,0,-0.018410203079514027,0.0006038613847105514,0.0005637144833933183,0.004009919801603968,0.00028261919954471497,200,50000,False,-0.012713616198733785,0.0008020392941227646,0.0040622143516758046,False
synthetic demonstration,2,7,0,-0.016411546648921478,0.0004381381353302948,0.0003529931377805884,0.004309913801723965,0.00029295620143884144,215,50000,False,-0.012713616198733785,0.0008020392941227646,0.0040622143516758046,False
synthetic demonstration,2,7,0,-0.014412890218328932,0.0003492953087195225,0.00021384473742658283,0.004309913801723965,0.00029295620143884144,215,50000,False,-0.012713616198733785,0.0008020392941227646,0.0040622143516758046,False
synthetic demonstration,2,7,0,-0.012414233787736387,0.00033733290487821655,0.00014615686298036223,0.0040299194016119675,0.0002833202643823438,201,50000,True,-0.012713616198733785,0.0008020392941227646,0.0040622143516758046,False
synthetic demonstration,2,7,0,-0.010415577357143841,0.00040225092380639606,0.0001497856208150239,0.004009919801603968,0.00028261919954471497,200,50000,False,-0.012713616198733785,0.0008020392941227646,0.0040622143516758046,False
synthetic demonstration,2,7,0,-0.008416920926551294,0.0005440493655040548,0.00022455586163516728,0.004169916601667966,0.00028817919087647506,208,50000,False,-0.012713616198733785,0.0008020392941227646,0.0040622143516758046,False
synthetic demonstration,2,7,0,-0.006418264495958746,0.0007627282299711876,0.0003702614252508729,0.004749905001899962,0.00030747859496882575,237,50000,False,-0.012713616198733785,0.0008020392941227646,0.0040622143516758046,False
synthetic demonstration,2,7,0,-0.0044196080653662005,0.0010582875172077937,0.000586665411271392,0.004649907001859963,0.0003042400447910928,232,50000,False,-0.012713616198733785,0.0008020392941227646,0.0040622143516758046,False
synthetic demonstration,2,8,0,-0.017653078720215452,0.0014699786389136878,0.0009569925774254306,0.004729905401891962,0.00030683367165215084,236,50000,False,-0.00942412136588913,0.0009684679465050679,0.004167429155140453,False
synthetic demonstration,2,8,0,-0.015317333661638156,0.001038082342505373,0.0006075755651711034,0.004449911001779964,0.0002976552400537353,222,50000,False,-0.00942412136588913,0.0009684679465050679,0.004167429155140453,False
synthetic demonstration,2,8,0,-0.012981588603060859,0.0007048253457793093,0.00035683401682873317,0.004189916201675967,0.0002888665406772565,209,50000,False,-0.00942412136588913,0.0009684679465050679,0.004167429155140453,False
synthetic demonstration,2,8,0,-0.010645843544483561,0.0004702076487354896,0.00020487721990014585,0.004589908201835963,0.00030227994303978404,229,50000,False,-0.00942412136588913,0.0009684679465050679,0.004167429155140453,False
synthetic demonstration,2,8,0,-0.008310098485906265,0.0003342292513739319,0.00015175085033580782,0.003849923001539969,0.0002769457599066764,192,50000,True,-0.00942412136588913,0.0009684679465050679,0.004167429155140453,False
synthetic demonstration,2,8,0,-0.005974353427328969,0.0002968901536946103,0.00019743695701923691,0.004129917401651967,0.00028679946569128953,206,50000,False,-0.00942412136588913,0.0009684679465050679,0.004167429155140453,False
synthetic demonstration,2,8,0,-0.0036386083687516713,0.0003581903556975493,0.00034185403043751617,0.0046099078018439635,0.0003029347458771259,230,50000,False,-0.00942412136588913,0.0009684679465050679,0.004167429155140453,False
synthetic demonstration,2,8,0,-0.0013028633101743736,0.0005181298573827445,0.0005848571554410986,0.00494990100197996,0.0003138535478197307,247,50000,False,-0.00942412136588913,0.0009684679465050679,0.004167429155140453,False
synthetic demonstration,2,8,0,0.001032881748402924,0.0007767086587501825,0.0009262382477839282,0.004909901801963961,0.0003125891630331845,245,50000,False,-0.00942412136588913,0.0009684679465050679,0.004167429155140453,False
synthetic demonstration,2,9,0,-0.013937951103763922,0.0005262963125583862,0.0004834188263018735,0.003969920601587968,0.0002812117412882392,198,50000,False,-0.006473297969724015,0.0029858612536159622,0.004261520596431255,False
synthetic demonstration,2,9,0,-0.012445020476955941,0.0004616491271569556,0.00037260084988710584,0.004269914601707966,0.0002915994640086729,213,50000,False,-0.006473297969724015,0.0029858612536159622,0.004261520596431255,False
synthetic demonstration,2,9,0,-0.010952089850147959,0.00041684731746661965,0.00028243891051482617,0.004049919001619968,0.00028401957057454144,202,50000,False,-0.006473297969724015,0.0029858612536159622,0.004261520596431255,False
synthetic demonstration,2,9,0,-0.009459159223339977,0.00039189088348741657,0.00021310259203632942,0.004489910201795964,0.00029898401714107596,224,50000,False,-0.006473297969724015,0.0029858612536159622,0.004261520596431255,False
synthetic demonstration,2,9,0,-0.007966228596531996,0.00038677982521932784,0.0001647613392424807,0.004749905001899962,0.00030747859496882575,237,50000,False,-0.006473297969724015,0.0029858612536159622,0.004261520596431255,False
synthetic demonstration,2,9,0,-0.006473297969724015,0.0004015141426623387,0.00013758437917310573,0.003869922601547969,0.00027766138042304843,193,50000,True,-0.006473297969724015,0.0029858612536159622,0.004261520596431255,False
synthetic demonstration,2,9,0,-0.0049803673429160335,0.0004360938358164762,0.00013174064123988583,0.004109917801643967,0.00028610706607146857,205,50000,False,-0.006473297969724015,0.0029858612536159622,0.004261520596431255,False
synthetic demonstration,2,9,0,-0.0034874367161080513,0.0004905189046817182,0.00014739867618129843,0.004049919001619968,0.00028401957057454144,202,50000,False,-0.006473297969724015,0.0029858612536159622,0.004261520596431255,False
synthetic demonstration,2,9,0,-0.0019945060893000717,0.0005647893492580807,0.00018472657392609726,0.003989920201595968,0.00028191636294154607,199,50000,False,-0.006473297969724015,0.0029858612536159622,0.004261520596431255,False
synthetic demonstration,2,10,0,-0.008900370198397555,0.0005888744841423981,0.00026105490117633856,0.003929921401571969,0.000279797088852889,196,50000,False,-0.0036344682782034248,0.002828130416486291,0.004031109338165926,False
synthetic demonstration,2,10,0,-0.006730153711408294,0.000514027961300006,0.00020829017967149976,0.004329913401731966,0.00029363217848025406,216,50000,False,-0.0036344682782034248,0.002828130416486291,0.004031109338165926,False
synthetic demonstration,2,10,0,-0.004559937224419035,0.00045785239677253054,0.00017014317115893185,0.004269914601707966,0.0002915994640086729,213,50000,True,-0.0036344682782034248,0.002828130416486291,0.004031109338165926,False
synthetic demonstration,2,10,0,-0.002389720737429775,0.0004203477905599767,0.00014658425737668068,0.0038299234015319694,0.00027622825648984575,191,50000,False,-0.0036344682782034248,0.002828130416486291,0.004031109338165926,False
synthetic demonstration,2,10,0,-0.0002195042504405144,0.0004015141426623387,0.00013758437917310573,0.004149917001659967,0.0002874901698960758,207,50000,False,-0.0036344682782034248,0.002828130416486291,0.004031109338165926,False
synthetic demonstration,2,10,0,0.0019507122365487461,0.0004013514530796193,0.00014311505608088915,0.004229915401691966,0.00029023627420419963,211,50000,False,-0.0036344682782034248,0.002828130416486291,0.004031109338165926,False
synthetic demonstration,2,10,0,0.004120928723538005,0.00041985972181182447,0.00016314840486764126,0.004249915001699966,0.0002909186813121501,212,50000,False,-0.0036344682782034248,0.002828130416486291,0.004031109338165926,False
synthetic demonstration,2,10,0,0.0062911452105272655,0.0004570389488589459,0.00019765715708985887,0.004169916601667966,0.00028817919087647506,208,50000,False,-0.0036344682782034248,0.002828130416486291,0.004031109338165926,False
synthetic demonstration,2,10,0,0.008461361697516526,0.000512889134220992,0.00024661467559705663,0.00500989980200396,0.00031574044156316,250,50000,False,-0.0036344682782034248,0.002828130416486291,0.004031109338165926,False
synthetic demonstration,3,1,0,0.0013389006461169495,0.0008841957495488542,0.0004711512531064832,0.0037699246015079698,0.00027406430075896474,188,50000,False,,,,
synthetic demonstration,3,1,0,0.0018296359296976752,0.0006942883751543972,0.00031136935660092124,0.004749905001899962,0.00030747859496882575,237,50000,False,,,,
synthetic demonstration,3,1,0,0.002320371213278401,0.0005568825495874585,0.0002059635641893376,0.004729905401891962,0.00030683367165215084,236,50000,False,,,,
synthetic demonstration,3,1,0,0.0028111064968591266,0.0004719782728480384,0.00015494416154093749,0.004409911801763965,0.0002963203964667266,220,50000,False,,,,
synthetic demonstration,3,1,0,0.0033018417804398523,0.00043957554493613326,0.00015831434677004985,0.0038099238015239694,0.00027550885546173193,190,50000,False,,,,
synthetic demonstration,3,1,0,0.003792577064020578,0.00045967436585175403,0.0002160702305447071,0.003989920201595968,0.00028191636294154607,199,50000,False,,,,
synthetic demonstration,3,1,0,0.004283312347601304,0.0005322747355948934,0.0003282008373147738,0.0046099078018439635,0.0003029347458771259,230,50000,False,,,,
synthetic demonstration,3,1,0,0.004774047631182029,0.0006573766541655482,0.0004946881077081411,0.004449911001779964,0.0002976552400537353,222,50000,False,,,,
synthetic demonstration,3,1,0,0.005264782914762755,0.0008349801215637221,0.0007155069020603477,0.004549909001819964,0.0003009659837539242,227,50000,False,,,,
synthetic demonstration,3,1,1,-0.0006240404882059533,0.002168840735401872,0.0016535861935309537,0.005629887402251955,0.0003346032830495201,281,50000,False,0.0029187049369780137,0.00016236287275783916,0.00429478784517156,False
synthetic demonstration,3,1,1,0.0003574300789554981,0.0014215151448203215,0.0009537667854591092,0.005109897802043959,0.0003188599505475876,255,50000,False,0.0029187049369780137,0.00016236287275783916,0.00429478784517156,False
synthetic demonstration,3,1,1,0.0013389006461169495,0.0008841957495488542,0.0004711512531064832,0.004369912601747965,0.00029497940402351664,218,50000,False,0.0029187049369780137,0.00016236287275783916,0.00429478784517156,False
synthetic demonstration,3,1,1,0.002320371213278401,0.0005568825495874585,0.0002059635641893376,0.004469910601787965,0.000298320381834683,223,50000,False,0.0029187049369780137,0.00016236287275783916,0.00429478784517156,False
synthetic demonstration,3,1,1,0.0033018417804398523,0.00043957554493613326,0.00015831434677004985,0.004489910201795964,0.00029898401714107596,224,50000,True,0.0029187049369780137,0.00016236287275783916,0.00429478784517156,False
synthetic demonstration,3,1,1,0.004283312347601304,0.0005322747355948934,0.0003282008373147738,0.004329913401731966,0.00029363217848025406,216,50000,False,0.0029187049369780137,0.00016236287275783916,0.00429478784517156,False
synthetic demonstration,3,1,1,0.005264782914762755,0.0008349801215637221,0.0007155069020603477,0.005069898602027959,0.0003176158991761683,253,50000,False,0.0029187049369780137,0.00016236287275783916,0.00429478784517156,False
synthetic demonstration,3,1,1,0.0062462534819242065,0.0013476917028426333,0.0013200031316730199,0.005129897402051959,0.00031948012206081287,256,50000,False,0.0029187049369780137,0.00016236287275783916,0.00429478784517156,False
synthetic demonstration,3,1,1,0.007227724049085658,0.0020704094794316073,0.0021413470091132814,0.0065898682026359475,0.00036183366323514274,329,50000,False,0.0029187049369780137,0.00016236287275783916,0.00429478784517156,False
synthetic demonstration,3,2,0,-0.007968176972451665,0.0007276413467887922,0.0005979335116796936,0.004909901801963961,0.0003125891630331845,245,50000,False,-0.005888795939742118,0.0005131439652136502,0.004109695147520004,False
synthetic demonstration,3,2,0,-0.007490753418730398,0.0006103152384057419,0.0004377021234323042,0.003949921001579968,0.0002805053211328041,197,50000,False,-0.005888795939742118,0.0005131439652136502,0.004109695147520004,False
synthetic demonstration,3,2,0,-0.007013329865009131,0.0005266629657544632,0.0003097999145715846,0.004309913801723965,0.00029295620143884144,215,50000,False,-0.005888795939742118,0.0005131439652136502,0.004109695147520004,False
synthetic demonstration,3,2,0,-0.006535906311287865,0.00047668452883494123,0.00021423879609083762,0.0043899122017559645,0.00029565067407244923,219,50000,False,-0.005888795939742118,0.0005131439652136502,0.004109695147520004,False
synthetic demonstration,3,2,0,-0.006058482757566597,0.00046037992764719215,0.00015102779599085459,0.004229915401691966,0.00029023627420419963,211,50000,True,-0.005888795939742118,0.0005131439652136502,0.004109695147520004,False
synthetic demonstration,3,2,0,-0.0055810592038453306,0.00047774916219121323,0.00012017305823674995,0.0037699246015079698,0.00027406430075896474,188,50000,False,-0.005888795939742118,0.0005131439652136502,0.004109695147520004,False
synthetic demonstration,3,2,0,-0.0051036356501240636,0.0005287922324670124,0.00012167784206906784,0.004129917401651967,0.00028679946569128953,206,50000,False,-0.005888795939742118,0.0005131439652136502,0.004109695147520004,False
synthetic demonstration,3,2,0,-0.0046262120964027965,0.0006135091384745653,0.00015554252167027105,0.00494990100197996,0.0003138535478197307,247,50000,False,-0.005888795939742118,0.0005131439652136502,0.004109695147520004,False
synthetic demonstration,3,2,0,-0.0041487885426815295,0.0007318998802139043,0.00022176458619926898,0.004149917001659967,0.0002874901698960758,207,50000,False,-0.005888795939742118,0.0005131439652136502,0.004109695147520004,False
synthetic demonstration,3,3,0,0.01632928967942064,0.0007236845775399328,0.0004408713384409513,0.004169916601667966,0.00028817919087647506,208,50000,False,0.017824616962358274,0.0003845213681451195,0.0040100923052391255,False
synthetic demonstration,3,3,0,0.01681277044013668,0.0006068378694445024,0.0003160029768943806,0.004549909001819964,0.0003009659837539242,227,50000,False,0.017824616962358274,0.0003845213681451195,0.0040100923052391255,False
synthetic demonstration,3,3,0,0.017296251200852715,0.0005243908779099808,0.00022362435270883996,0.003989920201595968,0.00028191636294154607,199,50000,False,0.017824616962358274,0.0003845213681451195,0.0040100923052391255,False
synthetic demonstration,3,3,0,0.017779731961568755,0.0004763436029363682,0.00016374074714475828,0.0038299234015319694,0.00027622825648984575,191,50000,True,0.017824616962358274,0.0003845213681451195,0.0040100923052391255,False
synthetic demonstration,3,3,0,0.018263212722284792,0.0004626960445236685,0.00013635474996687158,0.00372992540149197,0.0002726119741836128,186,50000,False,0.017824616962358274,0.0003845213681451195,0.0040100923052391255,False
synthetic demonstration,3,3,0,0.01874669348300083,0.00048344820267187194,0.00014146625829236648,0.004649907001859963,0.0003042400447910928,232,50000,False,0.017824616962358274,0.0003845213681451195,0.0040100923052391255,False
synthetic demonstration,3,3,0,0.01923017424371687,0.0005386000773809893,0.0001790724757331219,0.004249915001699966,0.0002909186813121501,212,50000,False,0.017824616962358274,0.0003845213681451195,0.0040100923052391255,False
synthetic demonstration,3,3,0,0.019713655004432905,0.000628151668651014,0.00024916791178952735,0.004489910201795964,0.00029898401714107596,224,50000,False,0.017824616962358274,0.0003845213681451195,0.0040100923052391255,False
synthetic demonstration,3,3,0,0.020197135765148942,0.0007521029764819463,0.0003517443815186372,0.004729905401891962,0.00030683367165215084,236,50000,False,0.017824616962358274,0.0003845213681451195,0.0040100923052391255,False
synthetic demonstration,3,4,0,-0.0010754444755655102,0.0003028959519582621,0.0004185332832508104,0.00372992540149197,0.0002726119741836128,186,50000,False,,,,
synthetic demonstration,3,4,0,-0.0005888336991319257,0.00030811550116003185,0.00031699831840703574,0.004229915401691966,0.00029023627420419963,211,50000,False,,,,
synthetic demonstration,3,4,0,-0.00010222292269834114,0.0003383107016187916,0.0002400321946691708,0.004229915401691966,0.00029023627420419963,211,50000,False,,,,
synthetic demonstration,3,4,0,0.00038438785373524345,0.0003934815533345669,0.00018764114559888245,0.0046099078018439635,0.0003029347458771259,230,50000,False,,,,
synthetic demonstration,3,4,0,0.0008709986301688279,0.000473628056307355,0.00015982984049711657,0.004309913801723965,0.00029295620143884144,215,50000,False,,,,
synthetic demonstration,3,4,0,0.0013576094066024124,0.0005787502105371311,0.00015660138382256328,0.003909921801563969,0.0002790870306527434,195,50000,False,,,,
synthetic demonstration,3,4,0,0.001844220183035997,0.0007088480160239254,0.00017795731474523624,0.0040299194016119675,0.0002833202643823438,201,50000,False,,,,
synthetic demonstration,3,4,0,0.0023308309594695814,0.0008639214727677178,0.00022389760682328674,0.004409911801763965,0.0002963203964667266,220,50000,False,,,,
synthetic demonstration,3,4,0,0.002817441735903166,0.0010439705807685183,0.000294420667830253,0.003889922201555969,0.00027837513256011054,194,50000,False,,,,
synthetic demonstration,3,4,1,-0.0030218875812998485,0.0005317742677212579,0.0010701821766861963,0.004889902201955961,0.00031195501042792067,244,50000,False,0.0008923547082071609,0.0010506880281433238,0.004218041504082758,False
synthetic demonstration,3,4,1,-0.0020486660284326796,0.000367383807325751,0.0006952769850858687,0.004789904201915962,0.00030876432270709244,239,50000,False,0.0008923547082071609,0.0010506880281433238,0.004218041504082758,False
synthetic demonstration,3,4,1,-0.0010754444755655104,0.0003028959519582621,0.0004185332832508104,0.003849923001539969,0.0002769457599066764,192,50000,False,0.0008923547082071609,0.0010506880281433238,0.004218041504082758,False
synthetic demonstration,3,4,1,-0.00010222292269834125,0.0003383107016187916,0.0002400321946691708,0.004129917401651967,0.00028679946569128953,206,50000,False,0.0008923547082071609,0.0010506880281433238,0.004218041504082758,False
synthetic demonstration,3,4,1,0.0008709986301688277,0.000473628056307355,0.00015982984049711657,0.004829903401931962,0.00031004461549050577,241,50000,True,0.0008923547082071609,0.0010506880281433238,0.004218041504082758,False
synthetic demonstration,3,4,1,0.0018442201830359967,0.0007088480160239254,0.00017795731474523624,0.004809903801923961,0.0003094051442446822,240,50000,False,0.0008923547082071609,0.0010506880281433238,0.004218041504082758,False
synthetic demonstration,3,4,1,0.002817441735903166,0.0010439705807685183,0.000294420667830253,0.0035299294014119716,0.00026522927088467257,176,50000,False,0.0008923547082071609,0.0010506880281433238,0.004218041504082758,False
synthetic demonstration,3,4,1,0.0037906632887703346,0.00147899575054114,0.0005092008985329022,0.005129897402051959,0.00031948012206081287,256,50000,False,0.0008923547082071609,0.0010506880281433238,0.004218041504082758,False
synthetic demonstration,3,4,1,0.004763884841637504,0.0020139235253417783,0.0008222539543307761,0.004709905801883962,0.00030618736380908434,235,50000,False,0.0008923547082071609,0.0010506880281433238,0.004218041504082758,False
synthetic demonstration,3,5,0,0.02725976577754778,0.0007344510079534718,0.0005259717626209248,0.00500989980200396,0.00031574044156316,250,50000,False,0.031012315023326322,0.004089287942063564,0.004218773265800786,False
synthetic demonstration,3,5,0,0.028001481118811858,0.0006222911115553438,0.0003877050112237601,0.0036699266014679705,0.0002704186379570868,183,50000,False,0.031012315023326322,0.004089287942063564,0.004218773265800786,False
synthetic demonstration,3,5,0,0.028743196460075934,0.000542115576141587,0.0002804957349068493,0.004309913801723965,0.00029295620143884144,215,50000,False,0.031012315023326322,0.004089287942063564,0.004218773265800786,False
synthetic demonstration,3,5,0,0.02948491180134001,0.0004939244017122097,0.00020432538892356522,0.004489910201795964,0.00029898401714107596,224,50000,False,0.031012315023326322,0.004089287942063564,0.004218773265800786,False
synthetic demonstration,3,5,0,0.030226627142604087,0.00047771758826721094,0.0001591723711223958,0.003929921401571969,0.000279797088852889,196,50000,False,0.031012315023326322,0.004089287942063564,0.004218773265800786,False
synthetic demonstration,3,5,0,0.030968342483868164,0.0004934951358065906,0.00014501203006100916,0.004429911401771965,0.0002969885816764383,221,50000,True,0.031012315023326322,0.004089287942063564,0.004218773265800786,False
synthetic demonstration,3,5,0,0.03171005782513224,0.0005412570443303325,0.00016181667352788143,0.004629907401851963,0.0003035881100379633,231,50000,False,0.031012315023326322,0.004089287942063564,0.004218773265800786,False
synthetic demonstration,3,5,0,0.03245177316639632,0.0006210033138384732,0.0002095555774662694,0.004149917001659967,0.0002874901698960758,207,50000,False,0.031012315023326322,0.004089287942063564,0.004218773265800786,False
synthetic demonstration,3,5,0,0.03319348850766039,0.0007327339443309881,0.00028819499530141623,0.004129917401651967,0.00028679946569128953,206,50000,False,0.031012315023326322,0.004089287942063564,0.004218773265800786,False
synthetic demonstration,3,6,0,-0.0006076383856864209,0.0019673505213806293,0.0007299636038554658,0.004489910201795964,0.00029898401714107596,224,50000,False,0.005875934375622854,0.0006258078544421278,0.004136882201005458,False
synthetic demonstration,3,6,0,0.001471973236944135,0.0014369321728329876,0.0004319793148173101,0.0042099158016839664,0.00028955223119974446,210,50000,False,0.005875934375622854,0.0006258078544421278,0.004136882201005458,False
synthetic demonstration,3,6,0,0.003551584859574691,0.0010148067713458817,0.00023430927870971008,0.004409911801763965,0.0002963203964667266,220,50000,False,0.005875934375622854,0.0006258078544421278,0.004136882201005458,False
synthetic demonstration,3,6,0,0.005631196482205247,0.0007009743169193274,0.00013825802517108965,0.004189916201675967,0.0002888665406772565,209,50000,True,0.005875934375622854,0.0006258078544421278,0.004136882201005458,False
synthetic demonstration,3,6,0,0.007710808104835803,0.0004954348095533074,0.00014514511809871067,0.004189916201675967,0.0002888665406772565,209,50000,False,0.005875934375622854,0.0006258078544421278,0.004136882201005458,False
synthetic demonstration,3,6,0,0.00979041972746636,0.00039818824924782366,0.000256301339581988,0.004269914601707966,0.0002915994640086729,213,50000,False,0.005875934375622854,0.0006258078544421278,0.004136882201005458,False
synthetic demonstration,3,6,0,0.011870031350096915,0.00040923463600289257,0.00047306474378350227,0.004309913801723965,0.00029295620143884144,215,50000,False,0.005875934375622854,0.0006258078544421278,0.004136882201005458,False
synthetic demonstration,3,6,0,0.01394964297272747,0.0005285739698184938,0.0007967765901835122,0.004649907001859963,0.0003042400447910928,232,50000,False,0.005875934375622854,0.0006258078544421278,0.004136882201005458,False
synthetic demonstration,3,6,0,0.016029254595358026,0.0007562062506946369,0.001228777165966144,0.005309893802123957,0.0003250073097772204,265,50000,False,0.005875934375622854,0.0006258078544421278,0.004136882201005458,False
synthetic demonstration,3,7,0,-0.015378491439523845,0.0007132698228157337,0.00024270849534568928,0.004509909801803964,0.00029964615598221736,225,50000,False,-0.012040001708934099,0.0005901643623782791,0.003981552874049483,False
synthetic demonstration,3,7,0,-0.014712272629326329,0.0006899297709214414,0.00020345936679289078,0.004469910601787965,0.000298320381834683,223,50000,False,-0.012040001708934099,0.0005901643623782791,0.003981552874049483,False
synthetic demonstration,3,7,0,-0.014046053819128814,0.0006751319882237576,0.00017221159784419626,0.004509909801803964,0.00029964615598221736,225,50000,False,-0.012040001708934099,0.0005901643623782791,0.003981552874049483,False
synthetic demonstration,3,7,0,-0.0133798350089313,0.0006688764747226834,0.00014895989816032795,0.0040699186016279676,0.0002847171310797659,203,50000,False,-0.012040001708934099,0.0005901643623782791,0.003981552874049483,False
synthetic demonstration,3,7,0,-0.012713616198733783,0.0006711632304182176,0.00013369858402811907,0.003909921801563969,0.0002790870306527434,195,50000,False,-0.012040001708934099,0.0005901643623782791,0.003981552874049483,False
synthetic demonstration,3,7,0,-0.012047397388536267,0.0006819922553103557,0.0001264215792937673,0.003909921801563969,0.0002790870306527434,195,50000,True,-0.012040001708934099,0.0005901643623782791,0.003981552874049483,False
synthetic demonstration,3,7,0,-0.011381178578338752,0.0007013635493991017,0.0001271224163252871,0.004269914601707966,0.0002915994640086729,213,50000,False,-0.012040001708934099,0.0005901643623782791,0.003981552874049483,False
synthetic demonstration,3,7,0,-0.010714959768141238,0.0007292771126844635,0.0001357942370233678,0.0036699266014679705,0.0002704186379570868,183,50000,False,-0.012040001708934099,0.0005901643623782791,0.003981552874049483,False
synthetic demonstration,3,7,0,-0.010048740957943721,0.0007657329451664313,0.00015242979385077238,0.004509909801803964,0.00029964615598221736,225,50000,False,-0.012040001708934099,0.0005901643623782791,0.003981552874049483,False
synthetic demonstration,3,8,0,-0.012538448110658861,0.0009478794678820379,0.0002873828499072584,0.004469910601787965,0.000298320381834683,223,50000,False,,,,
synthetic demonstration,3,8,0,-0.011759866424466428,0.0008650098196738275,0.00023076993061332818,0.0040699186016279676,0.0002847171310797659,203,50000,False,,,,
synthetic demonstration,3,8,0,-0.010981284738273997,0.0007931000936525414,0.00018506511389415614,0.004129917401651967,0.00028679946569128953,206,50000,False,,,,
synthetic demonstration,3,8,0,-0.010202703052081565,0.000732150289818163,0.00015027004160617086,0.004889902201955961,0.00031195501042792067,244,50000,False,,,,
synthetic demonstration,3,8,0,-0.009424121365889132,0.0006821604081707148,0.00012638558223976304,0.0038299234015319694,0.00027622825648984575,191,50000,False,,,,
synthetic demonstration,3,8,0,-0.008645539679696699,0.0006431304487101695,0.00011341183093926954,0.004109917801643967,0.00028610706607146857,205,50000,False,,,,
synthetic demonstration,3,8,0,-0.007866957993504268,0.0006150604114365499,0.00011134810961599406,0.0040299194016119675,0.0002833202643823438,201,50000,False,,,,
synthetic demonstration,3,8,0,-0.007088376307311835,0.0005979502963498407,0.00012019296717480366,0.0040699186016279676,0.0002847171310797659,203,50000,False,,,,
synthetic demonstration,3,8,0,-0.006309794621119403,0.0005918001034500564,0.00013994417988349994,0.003989920201595968,0.00028191636294154607,199,50000,False,,,,
synthetic demonstration,3,8,1,-0.01565277485542859,0.001388957282584027,0.0006228556573647515,0.0042099158016839664,0.00028955223119974446,210,50000,False,,,,
synthetic demonstration,3,8,1,-0.014095611483043726,0.0011464985308591983,0.0004333225627739523,0.004709905801883962,0.00030618736380908434,235,50000,False,,,,
synthetic demonstration,3,8,1,-0.012538448110658861,0.0009478794678820379,0.0002873828499072584,0.004449911001779964,0.0002976552400537353,222,50000,False,,,,
synthetic demonstration,3,8,1,-0.010981284738273997,0.0007931000936525414,0.00018506511389415614,0.004349913001739965,0.0002943065757300106,217,50000,False,,,,
synthetic demonstration,3,8,1,-0.009424121365889132,0.0006821604081707148,0.00012638558223976304,0.004129917401651967,0.00028679946569128953,206,50000,False,,,,
synthetic demonstration,3,8,1,-0.007866957993504268,0.0006150604114365499,0.00011134810961599406,0.0042099158016839664,0.00028955223119974446,210,50000,False,,,,
synthetic demonstration,3,8,1,-0.006309794621119403,0.0005918001034500564,0.00013994417988349994,0.004369912601747965,0.00029497940402351664,218,50000,False,,,,
synthetic demonstration,3,8,1,-0.004752631248734538,0.000612379484211229,0.00021215291543297266,0.004409911801763965,0.0002963203964667266,220,50000,False,,,,
synthetic demonstration,3,8,1,-0.003195467876349673,0.0006767985537200641,0.00032794109374223446,0.003849923001539969,0.0002769457599066764,192,50000,False,,,,
synthetic demonstration,3,8,2,-0.02188142834496805,0.002797189176960027,0.00181591798692049,0.005969880602387952,0.0003444997465261904,298,50000,False,-0.006952527226050405,0.0016623178748773667,0.004140570248785349,False
synthetic demonstration,3,8,2,-0.01876710160019832,0.0020053938522766896,0.0011325258553792628,0.004649907001859963,0.0003042400447910928,232,50000,False,-0.006952527226050405,0.0016623178748773667,0.004140570248785349,False
synthetic demonstration,3,8,2,-0.01565277485542859,0.001388957282584027,0.0006228556573647515,0.0056498870022599545,0.0003351937072642883,282,50000,False,-0.006952527226050405,0.0016623178748773667,0.004140570248785349,False
synthetic demonstration,3,8,2,-0.012538448110658861,0.0009478794678820379,0.0002873828499072584,0.004169916601667966,0.00028817919087647506,208,50000,False,-0.006952527226050405,0.0016623178748773667,0.004140570248785349,False
synthetic demonstration,3,8,2,-0.009424121365889132,0.0006821604081707148,0.00012638558223976304,0.004089918201635967,0.00028541295869760044,204,50000,False,-0.006952527226050405,0.0016623178748773667,0.004140570248785349,False
synthetic demonstration,3,8,2,-0.006309794621119403,0.0005918001034500564,0.00013994417988349994,0.003849923001539969,0.0002769457599066764,192,50000,True,-0.006952527226050405,0.0016623178748773667,0.004140570248785349,False
synthetic demonstration,3,8,2,-0.003195467876349674,0.0006767985537200649,0.00032794109374223446,0.004429911401771965,0.0002969885816764383,221,50000,False,-0.006952527226050405,0.0016623178748773667,0.004140570248785349,False
synthetic demonstration,3,8,2,-8.114113157994471e-05,0.0009371557589807492,0.0006900613141951339,0.004889902201955961,0.00031195501042792067,244,50000,False,-0.006952527226050405,0.0016623178748773667,0.004140570248785349,False
synthetic demonstration,3,8,2,0.003033185613189786,0.0013728717192321009,0.0012257932488706214,0.004649907001859963,0.0003042400447910928,232,50000,False,-0.006952527226050405,0.0016623178748773667,0.004140570248785349,False
synthetic demonstration,3,9,0,-0.013937951103763922,0.0007422568908715546,0.0005101275427005225,0.004649907001859963,0.0003042400447910928,232,50000,False,,,,
synthetic demonstration,3,9,0,-0.012071787820253945,0.0006592020358807584,0.0003644894244860808,0.004709905801883962,0.00030618736380908434,235,50000,False,,,,
synthetic demonstration,3,9,0,-0.010205624536743969,0.0006071555804385806,0.00025117662100926363,0.004309913801723965,0.00029295620143884144,215,50000,False,,,,
synthetic demonstration,3,9,0,-0.008339461253233992,0.0005861175245450139,0.00017052097192582494,0.004049919001619968,0.00028401957057454144,202,50000,False,,,,
synthetic demonstration,3,9,0,-0.006473297969724016,0.000596087868200066,0.000122853820150981,0.004049919001619968,0.00028401957057454144,202,50000,False,,,,
synthetic demonstration,3,9,0,-0.004607134686214039,0.000637066611403732,0.00010850576944743118,0.004149917001659967,0.0002874901698960758,207,50000,False,,,,
synthetic demonstration,3,9,0,-0.002740971402704063,0.0007090537541560131,0.00012780643764787047,0.004349913001739965,0.0002943065757300106,217,50000,False,,,,
synthetic demonstration,3,9,0,-0.0008748081191940864,0.0008120492964569098,0.00018108420572282569,0.00500989980200396,0.00031574044156316,250,50000,False,,,,
synthetic demonstration,3,9,0,0.000991355164315891,0.0009460532383064248,0.0002686659629048682,0.003969920601587968,0.0002812117412882392,198,50000,False,,,,
synthetic demonstration,3,9,1,-0.021402604237803827,0.001384560306320893,0.001409292167695697,0.0049699006019879605,0.0003144837957631116,248,50000,False,-0.004192116107497942,0.0020055383640495607,0.0042929458054628555,False
synthetic demonstration,3,9,1,-0.017670277670783874,0.0010013917994989919,0.0008970513032624527,0.00500989980200396,0.00031574044156316,250,50000,False,-0.004192116107497942,0.0020055383640495607,0.0042929458054628555,False
synthetic demonstration,3,9,1,-0.013937951103763922,0.0007422568908715546,0.0005101275427005225,0.004789904201915962,0.00030876432270709244,239,50000,False,-0.004192116107497942,0.0020055383640495607,0.0042929458054628555,False
synthetic demonstration,3,9,1,-0.010205624536743969,0.0006071555804385806,0.00025117662100926363,0.004129917401651967,0.00028679946569128953,206,50000,False,-0.004192116107497942,0.0020055383640495607,0.0042929458054628555,False
synthetic demonstration,3,9,1,-0.006473297969724016,0.000596087868200066,0.000122853820150981,0.004169916601667966,0.00028817919087647506,208,50000,False,-0.004192116107497942,0.0020055383640495607,0.0042929458054628555,False
synthetic demonstration,3,9,1,-0.002740971402704063,0.0007090537541560131,0.00012780643764787047,0.0045699086018279635,0.00030162369215615547,228,50000,True,-0.004192116107497942,0.0020055383640495607,0.0042929458054628555,False
synthetic demonstration,3,9,1,0.00099135516431589,0.000946053238306426,0.0002686659629048682,0.004509909801803964,0.00029964615598221736,225,50000,False,-0.004192116107497942,0.0020055383640495607,0.0042929458054628555,False
synthetic demonstration,3,9,1,0.004723681731335843,0.001307086320651303,0.0005480399878170505,0.004149917001659967,0.0002874901698960758,207,50000,False,-0.004192116107497942,0.0020055383640495607,0.0042929458054628555,False
synthetic demonstration,3,9,1,0.008456008298355796,0.0017921530011906404,0.0009685038799857049,0.00494990100197996,0.0003138535478197307,247,50000,False,-0.004192116107497942,0.0020055383640495607,0.0042929458054628555,False
synthetic demonstration,3,10,0,-0.010704794319419151,0.0008817616997122482,0.00026764851222194075,0.004309913801723965,0.00029295620143884144,215,50000,False,-0.002355665707455458,0.001052880096621111,0.00399256685919426,False
synthetic demonstration,3,10,0,-0.00893721280911522,0.0008053414583173084,0.0002134353830550717,0.004349913001739965,0.0002943065757300106,217,50000,False,-0.002355665707455458,0.001052880096621111,0.00399256685919426,False
synthetic demonstration,3,10,0,-0.0071696312988112874,0.0007413068837221815,0.00016907961124079662,0.004409911801763965,0.0002963203964667266,220,50000,False,-0.002355665707455458,0.001052880096621111,0.00399256685919426,False
synthetic demonstration,3,10,0,-0.005402049788507356,0.0006896579759268742,0.00013456535675471226,0.003989920201595968,0.00028191636294154607,199,50000,False,-0.002355665707455458,0.001052880096621111,0.00399256685919426,False
synthetic demonstration,3,10,0,-0.003634468278203424,0.0006503947349313752,0.0001098769861632709,0.004049919001619968,0.00028401957057454144,202,50000,False,-0.002355665707455458,0.001052880096621111,0.00399256685919426,False
synthetic demonstration,3,10,0,-0.0018668867678994921,0.0006235171607356772,9.499908012355895e-05,0.0038099238015239694,0.00027550885546173193,190,50000,True,-0.002355665707455458,0.001052880096621111,0.00399256685919426,False
synthetic demonstration,3,10,0,-9.930525759556039e-05,0.0006090252533397951,8.991644056488557e-05,0.0040699186016279676,0.0002847171310797659,203,50000,False,-0.002355665707455458,0.001052880096621111,0.00399256685919426,False
synthetic demonstration,3,10,0,0.0016682762527083714,0.000606919012743718,9.461409761646333e-05,0.004009919801603968,0.00028261919954471497,200,50000,False,-0.002355665707455458,0.001052880096621111,0.00399256685919426,False
synthetic demonstration,3,10,0,0.003435857763012304,0.0006171984389474652,0.00010907731623599481,0.004329913401731966,0.00029363217848025406,216,50000,False,-0.002355665707455458,0.001052880096621111,0.00399256685919426,False
synthetic demonstration,4,1,0,0.0016100775140960785,0.0009229988481733738,0.00031546938633586485,0.004829903401931962,0.00031004461549050577,241,50000,False,0.002800653680746278,0.0002507682079604085,0.004238227572572669,False
synthetic demonstration,4,1,0,0.0019372343698165623,0.0008146757359230627,0.00022486764725471176,0.003949921001579968,0.0002805053211328041,197,50000,False,0.002800653680746278,0.0002507682079604085,0.004238227572572669,False
synthetic demonstration,4,1,0,0.002264391225537046,0.0007296866453738676,0.00015844277215371072,0.004429911401771965,0.0002969885816764383,221,50000,False,0.002800653680746278,0.0002507682079604085,0.004238227572572669,False
synthetic demonstration,4,1,0,0.0025915480812575297,0.0006680315765257893,0.00011619738890933373,0.004509909801803964,0.00029964615598221736,225,50000,False,0.002800653680746278,0.0002507682079604085,0.004238227572572669,False
synthetic demonstration,4,1,0,0.0029187049369780137,0.0006297105293788359,9.813272406378193e-05,0.004349913001739965,0.0002943065757300106,217,50000,True,0.002800653680746278,0.0002507682079604085,0.004238227572572669,False
synthetic demonstration,4,1,0,0.003245861792698497,0.0006147235039329979,0.00010424860282753912,0.0040299194016119675,0.0002833202643823438,201,50000,False,0.002800653680746278,0.0002507682079604085,0.004238227572572669,False
synthetic demonstration,4,1,0,0.0035730186484189807,0.0006230705001882789,0.0001345434491820674,0.0043899122017559645,0.00029565067407244923,219,50000,False,0.002800653680746278,0.0002507682079604085,0.004238227572572669,False
synthetic demonstration,4,1,0,0.003900175504139465,0.0006547515181446815,0.00018901428608086857,0.0046099078018439635,0.0003029347458771259,230,50000,False,0.002800653680746278,0.0002507682079604085,0.004238227572572669,False
synthetic demonstration,4,1,0,0.004227332359859949,0.000709766557802206,0.00026765673575535054,0.004689906201875963,0.00030553966265356317,234,50000,False,0.002800653680746278,0.0002507682079604085,0.004238227572572669,False
synthetic demonstration,4,2,0,-0.0071716558527762445,0.0007360543807781185,0.00035393682866702303,0.004789904201915962,0.00030876432270709244,239,50000,False,-0.005660482387000081,0.00014750136876250664,0.0038948179164375856,False
synthetic demonstration,4,2,0,-0.006850940874517713,0.0006894589644085537,0.00026901396521805676,0.004429911401771965,0.0002969885816764383,221,50000,False,-0.005660482387000081,0.00014750136876250664,0.0038948179164375856,False
synthetic demonstration,4,2,0,-0.006530225896259182,0.0006580593418813507,0.00019869203095945753,0.0043899122017559645,0.00029565067407244923,219,50000,False,-0.005660482387000081,0.00014750136876250664,0.0038948179164375856,False
synthetic demonstration,4,2,0,-0.00620951091800065,0.0006418555131964983,0.0001429741111786953,0.0043899122017559645,0.00029565067407244923,219,50000,False,-0.005660482387000081,0.00014750136876250664,0.0038948179164375856,False
synthetic demonstration,4,2,0,-0.005888795939742119,0.0006408474783540079,0.00010186270376044693,0.0036899262014759705,0.00027115175085400605,184,50000,False,-0.005660482387000081,0.00014750136876250664,0.0038948179164375856,False
synthetic demonstration,4,2,0,-0.005568080961483588,0.0006550352373538785,7.535971904992778e-05,0.00372992540149197,0.0002726119741836128,186,50000,True,-0.005660482387000081,0.00014750136876250664,0.0038948179164375856,False
synthetic demonstration,4,2,0,-0.0052473659832250556,0.0006844187901961116,6.346647975108421e-05,0.0038099238015239694,0.00027550885546173193,190,50000,False,-0.005660482387000081,0.00014750136876250664,0.0038948179164375856,False
synthetic demonstration,4,2,0,-0.004926651004966524,0.0007289981368806968,6.61837208651983e-05,0.004489910201795964,0.00029898401714107596,224,50000,False,-0.005660482387000081,0.00014750136876250664,0.0038948179164375856,False
synthetic demonstration,4,2,0,-0.004605936026707993,0.0007887732774076455,8.351158964448047e-05,0.004289914201715966,0.0002922786336446272,214,50000,False,-0.005660482387000081,0.00014750136876250664,0.0038948179164375856,False
synthetic demonstration,4,3,0,0.01682461696235827,0.0007767122184251362,0.0002357079595697309,0.004549909001819964,0.0003009659837539242,227,50000,False,0.01857461696235827,0.0005,0.003985126520802476,False
synthetic demonstration,4,3,0,0.01707461696235827,0.0007310850114554728,0.000184117310969234,0.004149917001659967,0.0002874901698960758,207,50000,False,0.01857461696235827,0.0005,0.003985126520802476,False
synthetic demonstration,4,3,0,0.01732461696235827,0.0006946554461996693,0.00014121823297641445,0.004349913001739965,0.0002943065757300106,217,50000,False,0.01857461696235827,0.0005,0.003985126520802476,False
synthetic demonstration,4,3,0,0.01757461696235827,0.0006674235226577317,0.00010701140391233821,0.004549909001819964,0.0003009659837539242,227,50000,False,0.01857461696235827,0.0005,0.003985126520802476,False
synthetic demonstration,4,3,0,0.01782461696235827,0.0006493892408296488,8.149730956863444e-05,0.004249915001699966,0.0002909186813121501,212,50000,False,0.01857461696235827,0.0005,0.003985126520802476,False
synthetic demonstration,4,3,0,0.01807461696235827,0.0006405526007154355,6.467624317207932e-05,0.003969920601587968,0.0002812117412882392,198,50000,False,0.01857461696235827,0.0005,0.003985126520802476,False
synthetic demonstration,4,3,0,0.01832461696235827,0.0006409136023150897,5.654830533341482e-05,0.004189916201675967,0.0002888665406772565,209,50000,False,0.01857461696235827,0.0005,0.003985126520802476,False
synthetic demonstration,4,3,0,0.01857461696235827,0.0006504722456286048,5.711340402947407e-05,0.003849923001539969,0.0002769457599066764,192,50000,True,0.01857461696235827,0.0005,0.003985126520802476,False
synthetic demonstration,4,3,0,0.018824616962358272,0.0006692285306559842,6.637125456132598e-05,0.003969920601587968,0.0002812117412882392,198,50000,False,0.01857461696235827,0.0005,0.003985126520802476,False
synthetic demonstration,4,4,0,-0.00173436536215115,0.0005132618103797122,0.0005023143965615651,0.005189896202075959,0.00032133330575279194,259,50000,False,0.001207639863388843,0.00029455284115728213,0.0038289852533254926,False
synthetic demonstration,4,4,0,-0.0010776853445615727,0.00047933805348436206,0.000323762190784338,0.0040699186016279676,0.0002847171310797659,203,50000,False,0.001207639863388843,0.00029455284115728213,0.0038289852533254926,False
synthetic demonstration,4,4,0,-0.0004210053269719954,0.0004908985403940533,0.00019003306644871376,0.004149917001659967,0.0002874901698960758,207,50000,False,0.001207639863388843,0.00029455284115728213,0.0038289852533254926,False
synthetic demonstration,4,4,0,0.00023567469061758217,0.0005479432711088052,0.00010114565921637286,0.004089918201635967,0.00028541295869760044,204,50000,False,0.001207639863388843,0.00029455284115728213,0.0038289852533254926,False
synthetic demonstration,4,4,0,0.0008923547082071593,0.0006504722456286048,5.711340402947407e-05,0.0035299294014119716,0.00026522927088467257,176,50000,True,0.001207639863388843,0.00029455284115728213,0.0038289852533254926,False
synthetic demonstration,4,4,0,0.0015490347257967364,0.0007984854639534562,5.7944532238507485e-05,0.003929921401571969,0.000279797088852889,196,50000,False,0.001207639863388843,0.00029455284115728213,0.0038289852533254926,False
synthetic demonstration,4,4,0,0.0022057147433863144,0.0009919829260833586,0.00010364206954105448,0.004169916601667966,0.00028817919087647506,208,50000,False,0.001207639863388843,0.00029455284115728213,0.0038289852533254926,False
synthetic demonstration,4,4,0,0.0028623947609758916,0.0012309646320183168,0.00019420383469126445,0.004449911001779964,0.0002976552400537353,222,50000,False,0.001207639863388843,0.00029455284115728213,0.0038289852533254926,False
synthetic demonstration,4,4,0,0.0035190747785654687,0.0015154305817583207,0.00032962243902723287,0.004149917001659967,0.0002874901698960758,207,50000,False,0.001207639863388843,0.00029455284115728213,0.0038289852533254926,False
synthetic demonstration,4,5,0,0.020789095168167418,0.003397602541190784,0.0034248956584607138,0.007209855802883943,0.00037835400034059156,360,50000,False,0.03168758984158993,0.0006869925703625566,0.004393108539603549,False
synthetic demonstration,4,5,0,0.023344900131957145,0.002157514585237175,0.002027900944903349,0.005809883802323954,0.0003398793320167257,290,50000,False,0.03168758984158993,0.0006869925703625566,0.004393108539603549,False
synthetic demonstration,4,5,0,0.025900705095746872,0.0012971948092639547,0.0010001428192483175,0.005889882202355953,0.0003421975245879682,294,50000,False,0.03168758984158993,0.0006869925703625566,0.004393108539603549,False
synthetic demonstration,4,5,0,0.0284565100595366,0.000816643213271126,0.00034162450384123133,0.004769904601907962,0.00030812214245286946,238,50000,False,0.03168758984158993,0.0006869925703625566,0.004393108539603549,False
synthetic demonstration,4,5,0,0.031012315023326326,0.0007158597972586965,5.191307959773184e-05,0.005069898602027959,0.0003176158991761683,253,50000,True,0.03168758984158993,0.0006869925703625566,0.004393108539603549,False
synthetic demonstration,4,5,0,0.03356811998711605,0.000994844561226654,0.00013014278999867734,0.003629927401451971,0.000268946327889324,181,50000,False,0.03168758984158993,0.0006869925703625566,0.004393108539603549,False
synthetic demonstration,4,5,0,0.03612392495090578,0.0016535975051750018,0.0005750190365543251,0.004729905401891962,0.00030683367165215084,236,50000,False,0.03168758984158993,0.0006869925703625566,0.004393108539603549,False
synthetic demonstration,4,5,0,0.03867972991469551,0.0026921186291037355,0.0013848230547626184,0.006109877802443951,0.00034849115637304237,305,50000,False,0.03168758984158993,0.0006869925703625566,0.004393108539603549,False
synthetic demonstration,4,5,0,0.04123553487848523,0.004110407933012859,0.0025574172583805455,0.006749865002699946,0.00036617034734393023,337,50000,False,0.03168758984158993,0.0006869925703625566,0.004393108539603549,False
synthetic demonstration,4,6,0,0.0031031188787821145,0.0011825709724054263,0.00016901311810568753,0.004429911401771965,0.0002969885816764383,221,50000,False,0.006179675684798644,0.0003268231774153746,0.003705052869018323,False
synthetic demonstration,4,6,0,0.0037963227529923,0.0010570435860029611,0.00011905861626826386,0.0037699246015079698,0.00027406430075896474,188,50000,False,0.006179675684798644,0.0003268231774153746,0.003705052869018323,False
synthetic demonstration,4,6,0,0.004489526627202485,0.0009435487492738797,8.034942535917189e-05,0.004129917401651967,0.00028679946569128953,206,50000,False,0.006179675684798644,0.0003268231774153746,0.003705052869018323,False
synthetic demonstration,4,6,0,0.00518273050141267,0.0008420864622182025,5.293453943300275e-05,0.003849923001539969,0.0002769457599066764,192,50000,False,0.006179675684798644,0.0003268231774153746,0.003705052869018323,False
synthetic demonstration,4,6,0,0.005875934375622855,0.0007526567248359111,3.6863129536990336e-05,0.0035299294014119716,0.00026522927088467257,176,50000,True,0.006179675684798644,0.0003268231774153746,0.003705052869018323,False
synthetic demonstration,4,6,0,0.00656913824983304,0.0006752595371270246,3.2184527860912304e-05,0.003649927001459971,0.00026968350249731427,182,50000,False,0.006179675684798644,0.0003268231774153746,0.003705052869018323,False
synthetic demonstration,4,6,0,0.007262342124043227,0.0006098948990915233,3.894821170347118e-05,0.003969920601587968,0.0002812117412882392,198,50000,False,0.006179675684798644,0.0003268231774153746,0.003705052869018323,False
synthetic demonstration,4,6,0,0.007955545998253412,0.000556562810729414,5.7203787261372874e-05,0.003909921801563969,0.0002790870306527434,195,50000,False,0.006179675684798644,0.0003268231774153746,0.003705052869018323,False
synthetic demonstration,4,6,0,0.008648749872463597,0.0005152632720407057,8.70009732363286e-05,0.0040299194016119675,0.0002833202643823438,201,50000,False,0.006179675684798644,0.0003268231774153746,0.003705052869018323,False
synthetic demonstration,4,7,0,-0.013515412614879797,0.0007073920658089234,5.6538392129157344e-05,0.003949921001579968,0.0002805053211328041,197,50000,False,-0.010933443529474828,0.0007377054529728489,0.00407602136451243,False
synthetic demonstration,4,7,0,-0.013146559888393373,0.000705931991508217,4.707975839135514e-05,0.003889922201555969,0.00027837513256011054,194,50000,False,-0.010933443529474828,0.0007377054529728489,0.00407602136451243,False
synthetic demonstration,4,7,0,-0.012777707161906949,0.0007070903743407312,4.007254445037578e-05,0.004249915001699966,0.0002909186813121501,212,50000,False,-0.010933443529474828,0.0007377054529728489,0.00407602136451243,False
synthetic demonstration,4,7,0,-0.012408854435420525,0.0007108672143064873,3.551563178394446e-05,0.0043899122017559645,0.00029565067407244923,219,50000,False,-0.010933443529474828,0.0007377054529728489,0.00407602136451243,False
synthetic demonstration,4,7,0,-0.0120400017089341,0.0007172625114054759,3.340786500738435e-05,0.004129917401651967,0.00028679946569128953,206,50000,False,-0.010933443529474828,0.0007377054529728489,0.00407602136451243,False
synthetic demonstration,4,7,0,-0.011671148982447676,0.0007262762656376979,3.374805191724839e-05,0.004409911801763965,0.0002963203964667266,220,50000,False,-0.010933443529474828,0.0007377054529728489,0.00407602136451243,False
synthetic demonstration,4,7,0,-0.011302296255961252,0.0007379084770031582,3.653496355848773e-05,0.004189916201675967,0.0002888665406772565,209,50000,False,-0.010933443529474828,0.0007377054529728489,0.00407602136451243,False
synthetic demonstration,4,7,0,-0.010933443529474828,0.000752159145501846,4.176733426963786e-05,0.0037899242015159698,0.0002747875419183463,189,50000,True,-0.010933443529474828,0.0007377054529728489,0.00407602136451243,False
synthetic demonstration,4,7,0,-0.010564590802988404,0.0007690282711337744,4.944386174510207e-05,0.004109917801643967,0.00028610706607146857,205,50000,False,-0.010933443529474828,0.0007377054529728489,0.00407602136451243,False
synthetic demonstration,4,8,0,-0.011108321913243818,0.00096414932856116,0.0001335219999599735,0.004469910601787965,0.000298320381834683,223,50000,True,-0.010836143684819421,0.043996163503616834,0.0041895632368117875,False
synthetic demonstration,4,8,0,-0.010069373241445464,0.0008818780202192236,8.127453497352999e-05,0.0038299234015319694,0.00027622825648984575,191,50000,False,-0.010836143684819421,0.043996163503616834,0.0041895632368117875,False
synthetic demonstration,4,8,0,-0.00903042456964711,0.0008191225535953614,4.856642542705458e-05,0.004449911001779964,0.0002976552400537353,222,50000,False,-0.010836143684819421,0.043996163503616834,0.0041895632368117875,False
synthetic demonstration,4,8,0,-0.007991475897848757,0.000775882928689575,3.539805089247672e-05,0.0038299234015319694,0.00027622825648984575,191,50000,False,-0.010836143684819421,0.043996163503616834,0.0041895632368117875,False
synthetic demonstration,4,8,0,-0.006952527226050402,0.000752159145501846,4.176733426963786e-05,0.0043899122017559645,0.00029565067407244923,219,50000,False,-0.010836143684819421,0.043996163503616834,0.0041895632368117875,False
synthetic demonstration,4,8,0,-0.005913578554252048,0.0007479512040321791,6.766974297855999e-05,0.004249915001699966,0.0002909186813121501,212,50000,False,-0.010836143684819421,0.043996163503616834,0.0041895632368117875,False
synthetic demonstration,4,8,0,-0.004874629882453694,0.000763259104280583,0.00011309829079875211,0.0045699086018279635,0.00030162369215615547,228,50000,False,-0.010836143684819421,0.043996163503616834,0.0041895632368117875,False
synthetic demonstration,4,8,0,-0.003835681210655341,0.0007980828462470517,0.00017804354033790215,0.004169916601667966,0.00028817919087647506,208,50000,False,-0.010836143684819421,0.043996163503616834,0.0041895632368117875,False
synthetic demonstration,4,8,0,-0.0027967325388569856,0.0008524224299315883,0.00026249360615993034,0.004189916201675967,0.0002888665406772565,209,50000,False,-0.010836143684819421,0.043996163503616834,0.0041895632368117875,False
synthetic demonstration,4,9,0,-0.009205962017621847,0.0008919447927964676,0.0002578271087692041,0.004749905001899962,0.00030747859496882575,237,50000,False,,,,
synthetic demonstration,4,9,0,-0.00795250054009087,0.0008831517751880574,0.0002003464786091147,0.004109917801643967,0.00028610706607146857,205,50000,False,,,,
synthetic demonstration,4,9,0,-0.006699039062559895,0.0008883482530871004,0.00015780523415043213,0.004169916601667966,0.00028817919087647506,208,50000,False,,,,
synthetic demonstration,4,9,0,-0.0054455775850289195,0.0009075342264935836,0.0001303046223377624,0.004329913401731966,0.00029363217848025406,216,50000,False,,,,
synthetic demonstration,4,9,0,-0.004192116107497944,0.0009407096954075027,0.0001179456954003566,0.0040299194016119675,0.0002833202643823438,201,50000,False,,,,
synthetic demonstration,4,9,0,-0.002938654629966968,0.0009878746598288746,0.00012082927669132548,0.00372992540149197,0.0002726119741836128,186,50000,False,,,,
synthetic demonstration,4,9,0,-0.0016851931524359924,0.0010490291197576794,0.00013905592617380336,0.0038099238015239694,0.00027550885546173193,190,50000,False,,,,
synthetic demonstration,4,9,0,-0.0004317316749050167,0.001124173075193932,0.00017272590552919187,0.003909921801563969,0.0002790870306527434,195,50000,False,,,,
synthetic demonstration,4,9,0,0.0008217298026259581,0.0012133065261376117,0.00022193914292290007,0.0035899282014359712,0.0002674657937397926,179,50000,False,,,,
synthetic demonstration,4,9,1,-0.014219807927745748,0.0010670118183044857,0.0006351136120100742,0.005149897002059959,0.0003200990670433979,257,50000,False,-0.004871607528473488,0.0020964987106639327,0.004103470662697723,False
synthetic demonstration,4,9,1,-0.011712884972683796,0.0009514993145355944,0.00041720076701812214,0.004249915001699966,0.0002909186813121501,212,50000,False,-0.004871607528473488,0.0020964987106639327,0.004103470662697723,False
synthetic demonstration,4,9,1,-0.009205962017621847,0.0008919447927964676,0.0002578271087692041,0.003989920201595968,0.00028191636294154607,199,50000,False,-0.004871607528473488,0.0020964987106639327,0.004103470662697723,False
synthetic demonstration,4,9,1,-0.006699039062559895,0.0008883482530871004,0.00015780523415043213,0.0038099238015239694,0.00027550885546173193,190,50000,False,-0.004871607528473488,0.0020964987106639327,0.004103470662697723,False
synthetic demonstration,4,9,1,-0.004192116107497944,0.0009407096954075027,0.0001179456954003566,0.004349913001739965,0.0002943065757300106,217,50000,True,-0.004871607528473488,0.0020964987106639327,0.004103470662697723,False
synthetic demonstration,4,9,1,-0.0016851931524359924,0.0010490291197576794,0.00013905592617380336,0.004869902601947961,0.00031131954037236616,243,50000,False,-0.004871607528473488,0.0020964987106639327,0.004103470662697723,False
synthetic demonstration,4,9,1,0.0008217298026259572,0.0012133065261376113,0.00022193914292323313,0.004769904601907962,0.00030812214245286946,238,50000,False,-0.004871607528473488,0.0020964987106639327,0.004103470662697723,False
synthetic demonstration,4,9,1,0.0033286527576879086,0.001433541914547322,0.0003673932232718391,0.00372992540149197,0.0002726119741836128,186,50000,False,-0.004871607528473488,0.0020964987106639327,0.004103470662697723,False
synthetic demonstration,4,9,1,0.00583557571274986,0.001709735284986785,0.0005762095631803854,0.005429891402171956,0.00032863936690133823,271,50000,False,-0.004871607528473488,0.0020964987106639327,0.004103470662697723,False
synthetic demonstration,4,10,0,-0.004987865949008238,0.0009646957221172147,0.0001298762926980057,0.004109917801643967,0.00028610706607146857,205,50000,False,-0.0030137157678436543,0.0013161001207763888,0.004272975738495477,False
synthetic demonstration,4,10,0,-0.004329815888620043,0.0009511941481147296,0.00012604313527564415,0.004549909001819964,0.0003009659837539242,227,50000,False,-0.0030137157678436543,0.0013161001207763888,0.004272975738495477,False
synthetic demonstration,4,10,0,-0.0036717658282318486,0.0009394092106777083,0.00012357993889755559,0.004449911001779964,0.0002976552400537353,222,50000,False,-0.0030137157678436543,0.0013161001207763888,0.004272975738495477,False
synthetic demonstration,4,10,0,-0.0030137157678436543,0.000929340909806145,0.0001224858418040764,0.004009919801603968,0.00028261919954471497,200,50000,True,-0.0030137157678436543,0.0013161001207763888,0.004272975738495477,False
synthetic demonstration,4,10,0,-0.0023556657074554595,0.0009209892455000468,0.00012275998661870346,0.004529909401811963,0.00030030680825666165,226,50000,False,-0.0030137157678436543,0.0013161001207763888,0.004272975738495477,False
synthetic demonstration,4,10,0,-0.0016976156470672648,0.0009143542177594073,0.00012440152039838726,0.0040299194016119675,0.0002833202643823438,201,50000,False,-0.0030137157678436543,0.0013161001207763888,0.004272975738495477,False
synthetic demonstration,4,10,0,-0.0010395655866790709,0.0009094358265842414,0.0001274095946864895,0.004149917001659967,0.0002874901698960758,207,50000,False,-0.0030137157678436543,0.0013161001207763888,0.004272975738495477,False
synthetic demonstration,4,10,0,-0.00038151552629087614,0.0009062340719745145,0.00013178336556018966,0.004089918201635967,0.00028541295869760044,204,50000,False,-0.0030137157678436543,0.0013161001207763888,0.004272975738495477,False
synthetic demonstration,4,10,0,0.0002765345340973182,0.0009047489539302688,0.00013752199367367268,0.004149917001659967,0.0002874901698960758,207,50000,False,-0.0030137157678436543,0.0013161001207763888,0.004272975738495477,False
