gate,stage,attempt,iteration,infidelity,max_leakage,cz_phase_error,amplitude_curvature,smoothness,residual_norm,step,root_evaluations,accepted
same_duration_nonrobust_surrogate,nominal,1,1,0.05425009064969255,0.07283070639697375,-0.10789530527329902,149.07822911742798,0.024633094498879265,,,,
same_duration_nonrobust_surrogate,nominal,1,10,0.005694205224478943,0.00735518848784078,-0.09893755109566352,74.44616769824887,0.10712421753641692,,,,
same_duration_nonrobust_surrogate,nominal,1,20,1.2145839889399213e-13,9.992007221626409e-14,6.368388045242628e-07,88.43868294279713,0.0903170726261079,,,,
same_duration_nonrobust_surrogate,nominal,1,30,1.0297307451168081e-10,1.5497536587361083e-10,1.117208477172666e-05,88.48842872901608,0.08873170066063982,,,,
same_duration_nonrobust_surrogate,nominal,1,40,9.369949260928934e-12,7.6287864914093e-12,-5.543914471576445e-06,88.53200907466194,0.08824254823328208,,,,
same_duration_nonrobust_surrogate,nominal,1,50,5.344613640545504e-13,8.137934770502397e-13,-1.0152150175533634e-06,88.63070581453167,0.08550891080066098,,,,
same_duration_nonrobust_surrogate,nominal,1,60,2.2859492077031973e-13,3.601563491884008e-13,-1.8788910899356252e-07,88.6240063724831,0.08548551321649749,,,,
same_duration_nonrobust_surrogate,nominal,1,70,3.6376457401843254e-11,4.953881749258926e-11,-6.06820588635683e-06,88.60652873850873,0.08516457013777604,,,,
same_duration_nonrobust_surrogate,nominal,1,80,6.601830193631031e-12,6.004974295592547e-12,-4.278953917126712e-06,88.64955646833641,0.08399784979092975,,,,
same_duration_nonrobust_surrogate,nominal,1,90,1.0482725798510728e-12,1.0669243266647754e-12,1.717588935554331e-06,88.67063966126634,0.08378472897309948,,,,
same_duration_nonrobust_surrogate,nominal,1,100,6.750155989720952e-14,1.5720758028692217e-13,7.885323471957756e-08,88.67121469984286,0.0837774321167324,,,,
same_duration_nonrobust_surrogate,nominal,1,110,3.371700696419566e-10,2.359548112451648e-10,3.512254885993354e-05,88.68193707735078,0.08304605287637848,,,,
same_duration_nonrobust_surrogate,nominal,1,120,1.6897261367887495e-11,1.750688483070917e-11,1.0715679320621682e-06,88.68892667788117,0.08285394933079135,,,,
same_duration_nonrobust_surrogate,nominal,1,130,3.618216837253385e-13,4.96713781217295e-13,1.0582545807164523e-06,88.69139284370969,0.08281748347524606,,,,
same_duration_nonrobust_surrogate,nominal,1,140,1.7899459692216624e-11,5.153588666928499e-11,-1.0555693557944225e-06,88.69475530319528,0.08274529706827986,,,,
same_duration_nonrobust_surrogate,nominal,1,150,1.1154299706106485e-11,1.6122658763606523e-11,2.580816180985705e-06,88.70051439197907,0.0824072916437542,,,,
same_duration_nonrobust_surrogate,nominal,1,160,1.5116796703296131e-12,3.4861002973229915e-12,-3.3517140687989515e-07,88.70394115044382,0.08234834602063863,,,,
same_duration_nonrobust_surrogate,nominal,1,170,4.518607710224387e-13,6.166178678768119e-13,1.342112780912219e-07,88.7054632890102,0.08217812242427737,,,,
same_duration_nonrobust_surrogate,nominal,1,180,2.466915560717098e-13,3.1175062531474396e-13,-6.068461802791112e-07,88.70568718668834,0.08210474690799972,,,,
same_duration_nonrobust_surrogate,nominal,1,190,4.810596365700803e-13,6.494804694057166e-13,8.808508688014987e-07,88.70618068458673,0.08209529053218872,,,,
same_duration_nonrobust_surrogate,nominal,1,200,9.796385924687456e-12,1.6011858505748933e-11,-4.2209080190196413e-07,88.70520714806479,0.08204817131932278,,,,
same_duration_nonrobust_surrogate,nominal,1,210,6.06292793747798e-13,8.710809851208978e-13,6.167136661634989e-07,88.70522656097128,0.08196335592957028,,,,
same_duration_nonrobust_surrogate,nominal,1,220,2.9425573089270074e-11,5.0431436804387886e-11,-2.231944505206559e-06,88.70445136269791,0.0818516424617926,,,,
same_duration_nonrobust_surrogate,nominal,1,230,1.2503331703328513e-12,1.9193535649719706e-12,-1.1795230546201684e-06,88.70801495925498,0.08160012341430663,,,,
same_duration_nonrobust_surrogate,nominal,1,240,3.0520030946945553e-13,3.601563491884008e-13,-3.4813341889837357e-07,88.70874348356477,0.08159485313383481,,,,
same_duration_nonrobust_surrogate,nominal,1,250,8.031797449348232e-12,9.672929124349139e-12,-2.9361012958577986e-06,88.70749564770726,0.08154850604818385,,,,
same_duration_nonrobust_surrogate,nominal,1,260,8.102629678319317e-12,1.3011813848606835e-11,2.5184210656723946e-06,88.70756488906932,0.08149831989930646,,,,
same_duration_nonrobust_surrogate,nominal,1,270,1.6828760607268123e-12,3.000044657142098e-12,-8.382274144264519e-08,88.70879329603366,0.08146603943786102,,,,
same_duration_nonrobust_surrogate,nominal,1,280,9.884759677447619e-12,1.492783674450493e-11,-9.833571015997981e-07,88.71436851118425,0.081187096214222,,,,
same_duration_nonrobust_surrogate,nominal,1,290,3.856248653733019e-12,5.746736420064735e-12,1.0911291485143075e-06,88.71542011344718,0.08099910862831797,,,,
same_duration_nonrobust_surrogate,nominal,1,300,6.647127293035737e-12,1.1965539670200087e-11,2.42311271264873e-06,88.71623228399977,0.08094438618012545,,,,
same_duration_nonrobust_surrogate,nominal,1,310,4.405364961712621e-13,1.2010392680394943e-12,-3.612581090109767e-07,88.71623812274618,0.08093517369950239,,,,
same_duration_nonrobust_surrogate,nominal,1,320,3.5459413183502875e-12,8.645972826570869e-12,-8.705726697927149e-07,88.71518348440759,0.08089765872557485,,,,
same_duration_nonrobust_surrogate,nominal,1,330,6.5707439489415265e-12,7.077449737380448e-12,3.5616428494941533e-06,88.71991861561565,0.08057633116885943,,,,
same_duration_nonrobust_surrogate,nominal,1,340,1.0533796057643485e-12,1.2867484855405564e-12,-2.1529909866081195e-07,88.71979673523383,0.08050540484883675,,,,
same_duration_nonrobust_surrogate,nominal,1,350,3.0164759579065503e-13,7.880363028789361e-13,-1.2636804244688763e-07,88.71988638919956,0.08049107993095583,,,,
same_duration_nonrobust_surrogate,nominal,1,360,1.7738033264436126e-11,3.1112001863675687e-11,2.074197962570697e-06,88.72300320439804,0.08021605708861414,,,,
same_duration_nonrobust_surrogate,nominal,1,370,6.696865284538944e-13,1.6895373988745632e-12,4.870895972959019e-07,88.72122532406183,0.08020030307365165,,,,
same_duration_nonrobust_surrogate,nominal,1,380,2.1437296382487148e-12,2.7677860003905153e-12,-1.8130024486487775e-06,88.72009286042604,0.08018500796444906,,,,
same_duration_nonrobust_surrogate,nominal,1,390,3.9457326295178063e-13,4.4497738826976274e-13,-9.268142644464777e-07,88.72068162436607,0.08015101474478226,,,,
same_duration_nonrobust_surrogate,nominal,1,400,1.82487358557637e-12,3.588018770983581e-12,1.607464444614325e-07,88.72118204382718,0.08014185432208974,,,,
same_duration_nonrobust_surrogate,nominal,1,410,9.450218385609332e-13,8.861800182558e-13,1.184262131972221e-06,88.72180475263494,0.08013175143200094,,,,
same_duration_nonrobust_surrogate,nominal,1,420,8.282263763703668e-14,1.3944401189291966e-13,3.031249182217552e-07,88.72161838827313,0.08012572299994179,,,,
same_duration_nonrobust_surrogate,nominal,1,430,2.9058977446538847e-12,4.871658632055187e-12,-5.536264237913957e-07,88.72228938813804,0.08008791837955787,,,,
same_duration_nonrobust_surrogate,nominal,1,440,4.118927421359331e-14,5.617728504603292e-14,-2.1846460199205775e-07,88.7228306235918,0.08005045221160546,,,,
same_duration_nonrobust_surrogate,nominal,1,450,2.6109114870109806e-12,6.387779194483301e-12,-1.0698444080691035e-06,88.72210798121654,0.0799916972181764,,,,
same_duration_nonrobust_surrogate,nominal,1,460,1.20570220474292e-13,2.540190280342358e-13,3.925715815756602e-07,88.72183644566577,0.0799883790958745,,,,
same_duration_nonrobust_surrogate,nominal,1,470,7.337241925142735e-12,1.1013634448886478e-11,-3.1720407644854e-06,88.72231020770045,0.07995207885386267,,,,
same_duration_nonrobust_surrogate,nominal,1,480,3.79585252119341e-13,3.7214675785435247e-13,5.565678314615852e-07,88.72218048716479,0.07992234127449065,,,,
same_duration_nonrobust_surrogate,nominal,1,490,2.1249668691325496e-13,3.206324095117452e-13,-3.645631810046775e-07,88.72203179018334,0.07991890538825758,,,,
same_duration_nonrobust_surrogate,nominal,1,500,1.6131540547803525e-13,2.1738166822160565e-13,2.7700301624697717e-07,88.72206842663506,0.0799173790624812,,,,
same_duration_nonrobust_surrogate,nominal,2,1,0.34628852276507405,0.2367239330577453,-1.368526615548359,156.31053557216885,0.00024370847349999519,,,,
same_duration_nonrobust_surrogate,nominal,2,10,1.655218446361406e-05,2.618866951709098e-05,-0.0037142815352222643,9.966951507918395,1.760275466293352,,,,
same_duration_nonrobust_surrogate,nominal,2,20,5.9402482932569e-11,9.808798218102766e-11,-4.709672228754775e-06,9.891095937195029,1.7687006820601787,,,,
same_duration_nonrobust_surrogate,nominal,2,30,4.327503133616517e-09,5.907928368742432e-09,2.52245749977896e-06,9.300577859736103,1.7246451051755904,,,,
same_duration_nonrobust_surrogate,nominal,2,40,1.3970380408068195e-11,8.402611939573035e-12,-7.624444455610228e-06,8.73692558292112,1.7096467939579356,,,,
same_duration_nonrobust_surrogate,nominal,2,50,5.899103761031199e-09,9.629600894456303e-09,4.411845909766231e-05,8.096114694725284,1.6900921728641876,,,,
same_duration_nonrobust_surrogate,nominal,2,60,1.3519796393524075e-10,2.7543123337636644e-10,5.785630882755119e-06,7.206812172658595,1.611858745824357,,,,
same_duration_nonrobust_surrogate,nominal,2,70,2.3407153992849317e-09,3.858027231018468e-09,-1.4006228024587274e-05,7.009721031577251,1.6068655420497677,,,,
same_duration_nonrobust_surrogate,nominal,2,80,5.372907674328076e-10,7.203251328746774e-10,-6.81101805854121e-07,6.567831054195443,1.5980206389068938,,,,
same_duration_nonrobust_surrogate,nominal,2,90,1.6893264564998844e-10,2.3439650220780095e-10,5.2917757706800835e-06,6.295132054462294,1.5944164582697056,,,,
same_duration_nonrobust_surrogate,nominal,2,100,4.1731773592346144e-10,3.525775227330996e-10,3.339775073439154e-05,6.007724601868447,1.5909997406803986,,,,
same_duration_nonrobust_surrogate,nominal,2,110,1.1997529636431636e-09,1.3676604293522132e-09,-2.5391497006490743e-05,5.576719147375207,1.5733325220693006,,,,
same_duration_nonrobust_surrogate,nominal,2,120,2.791511466426755e-11,8.213119073730013e-11,-2.150317163337401e-06,5.373082884273242,1.5671492058438878,,,,
same_duration_nonrobust_surrogate,nominal,2,130,1.3478974603131633e-09,1.8690760050787958e-09,-1.5395971182547486e-05,5.164503652391883,1.5482718299388898,,,,
same_duration_nonrobust_surrogate,nominal,2,140,3.095190770352474e-11,4.5783821178702055e-11,-1.5652168605515697e-06,5.00585842311942,1.5437754691736643,,,,
same_duration_nonrobust_surrogate,nominal,2,150,2.3493351708481214e-10,3.319089447728629e-10,-1.7886747293841253e-05,5.041136852468847,1.541659841729023,,,,
same_duration_nonrobust_surrogate,nominal,2,160,3.2618118206428903e-09,3.926625691264007e-09,1.6818946492365197e-05,5.286090613724627,1.5256709790122047,,,,
same_duration_nonrobust_surrogate,nominal,2,170,8.539509099847464e-10,1.1962146828636833e-09,-1.2838709489533431e-05,5.433456819386733,1.5177488037284657,,,,
same_duration_nonrobust_surrogate,nominal,2,180,5.1553650237678994e-11,1.4734613529299168e-10,-6.4242409986867516e-06,5.683002762093371,1.5134551741423712,,,,
same_duration_nonrobust_surrogate,nominal,2,190,3.12926351497822e-11,6.47364384320781e-11,-1.0016580737141563e-06,5.792945359577914,1.512811067535934,,,,
same_duration_nonrobust_surrogate,nominal,2,200,8.901446246767364e-11,1.225741730337404e-10,-5.415233218362308e-07,5.737737489121677,1.5124376007676699,,,,
same_duration_nonrobust_surrogate,nominal,2,210,4.394531405438329e-10,6.220004511447996e-10,-2.8372004325558455e-05,5.4541360308232365,1.5046998549126551,,,,
same_duration_nonrobust_surrogate,nominal,2,220,2.9605651263864274e-11,3.366396050807907e-11,-6.066736740580603e-06,5.4096505154174634,1.504310666427316,,,,
same_duration_nonrobust_surrogate,nominal,2,230,9.923839527914424e-12,1.2490897205452711e-11,-2.8245519198530767e-06,5.403676746836299,1.5038463644506888,,,,
same_duration_nonrobust_surrogate,nominal,2,240,8.008638197054552e-11,8.66788862907697e-11,-7.230118730714112e-06,5.4387301838762685,1.5029811506606665,,,,
same_duration_nonrobust_surrogate,nominal,2,250,3.195343989403909e-11,3.6407321601927833e-11,-2.3929450797944815e-06,5.441639991830467,1.5022284345864996,,,,
same_duration_nonrobust_surrogate,nominal,2,260,9.116940535847107e-11,1.0720002663333617e-10,1.7137699477652408e-06,5.4192548125743825,1.501890210373867,,,,
same_duration_nonrobust_surrogate,nominal,2,270,7.354780118262738e-10,1.0265208683080118e-09,8.652315566166444e-06,5.352326337601885,1.4971061228533853,,,,
same_duration_nonrobust_surrogate,nominal,2,280,3.036507933984467e-09,6.5306910990159395e-09,2.802116339066336e-05,5.295445183528712,1.4798207695744012,,,,
same_duration_nonrobust_surrogate,nominal,2,290,1.7865042778453244e-11,3.150346650215852e-11,-9.075744719967619e-07,5.123169566806711,1.4734932689134828,,,,
same_duration_nonrobust_surrogate,nominal,2,300,5.177158701741291e-11,5.645617306981876e-11,8.799758732734704e-06,5.104993011673511,1.4733094834498026,,,,
same_duration_nonrobust_surrogate,nominal,2,310,1.0637920544454005e-09,1.4064871489694042e-09,3.332422933418264e-05,4.975327980729223,1.4684725537342949,,,,
same_duration_nonrobust_surrogate,nominal,2,320,2.8729241208225176e-11,4.6285197896622776e-11,-8.248049175051934e-06,4.993318043266073,1.4664662509538213,,,,
same_duration_nonrobust_surrogate,nominal,2,330,4.125022545764523e-11,6.326095203235127e-11,-4.037527335789686e-06,5.001822511608303,1.4662470331567539,,,,
same_duration_nonrobust_surrogate,nominal,2,340,6.007692121556829e-10,1.1258975973760244e-09,3.158668140118206e-06,4.921940278211838,1.4596919628158933,,,,
same_duration_nonrobust_surrogate,nominal,2,350,1.4926226921119223e-10,3.0767011161003666e-10,-1.1771036029916368e-05,4.837609329899099,1.4543839344909404,,,,
same_duration_nonrobust_surrogate,nominal,2,360,5.4548920935815204e-11,8.59647908413308e-11,-9.16393584316842e-06,4.942836876584845,1.4502362172789969,,,,
same_duration_nonrobust_surrogate,nominal,2,370,1.7132995022706154e-10,2.759399375662497e-10,-7.447449890728404e-06,4.957781288550884,1.4497310073841734,,,,
same_duration_nonrobust_surrogate,nominal,2,380,1.0872336364542434e-10,1.9985835209013203e-10,1.9931372063235713e-06,4.8747784198292345,1.4448236300743058,,,,
same_duration_nonrobust_surrogate,nominal,2,390,1.0383471860109239e-11,1.6846524175662125e-11,-1.5303001363633433e-06,4.835098221309236,1.4433720642529562,,,,
same_duration_nonrobust_surrogate,nominal,2,400,7.875700092085935e-12,1.2720713371550119e-11,-1.2441708444803856e-06,4.8056581202052815,1.4432015778108394,,,,
same_duration_nonrobust_surrogate,nominal,2,410,5.028688576658169e-11,7.298406323741347e-11,-4.4282355989752254e-06,4.800795536853046,1.4428471641800815,,,,
same_duration_nonrobust_surrogate,nominal,2,420,4.913069950873705e-12,5.56998891454441e-12,-2.9710503144077496e-06,4.796255305192337,1.4427832129330223,,,,
same_duration_nonrobust_surrogate,nominal,2,430,1.6731283025706034e-11,2.9037217075256194e-11,-4.0482177201140415e-06,4.775212545583122,1.4420043789245507,,,,
same_duration_nonrobust_surrogate,nominal,2,440,1.0384437754140663e-10,1.6658741053277026e-10,-1.2248155641348493e-05,4.773790259818464,1.4416722103916595,,,,
same_duration_nonrobust_surrogate,nominal,2,450,1.523539072678659e-10,2.440445623363985e-10,1.6207328916591963e-05,4.756459475380379,1.4401289212135073,,,,
same_duration_nonrobust_surrogate,nominal,2,460,7.325307027628014e-11,7.750688979513143e-11,-4.763258661128572e-06,4.756295291469229,1.4397624730607281,,,,
same_duration_nonrobust_surrogate,nominal,2,470,4.834910249940094e-12,6.250777673244556e-12,-3.614772020634187e-08,4.777528369992818,1.4383959712654184,,,,
same_duration_nonrobust_surrogate,nominal,2,480,9.436673664708906e-12,1.639088864635596e-11,-2.3452176724373597e-06,4.788039903422549,1.4380923786571451,,,,
same_duration_nonrobust_surrogate,nominal,2,490,1.3942069720940253e-11,1.9473755941135096e-11,-1.117859849162433e-07,4.791848584080746,1.4379769919649765,,,,
same_duration_nonrobust_surrogate,nominal,2,500,4.0134451317896946e-11,3.58153506851977e-11,8.650904664228805e-06,4.796881722697601,1.4378063462506292,,,,
same_duration_nonrobust_surrogate,nominal,3,1,0.7796814306528362,0.6620371882374674,-2.718250211931873,138.39620271538092,23.469331026272428,,,,
same_duration_nonrobust_surrogate,nominal,3,10,0.0018811297392844484,0.002484943053951638,-0.05125482467098407,93.50351146591493,7.138445313023171,,,,
same_duration_nonrobust_surrogate,nominal,3,20,3.9751047786751315e-08,1.1879231887057529e-07,-6.38614385124282e-05,92.44805494199473,7.58161717448174,,,,
same_duration_nonrobust_surrogate,nominal,3,30,9.005085122026912e-08,1.4665630398980056e-07,4.549995375279655e-05,90.98989298492387,2.9253514871560817,,,,
same_duration_nonrobust_surrogate,nominal,3,40,1.5857972712751689e-09,4.092322924975633e-09,-1.2473609730557237e-05,90.24944966407716,1.9807412855671624,,,,
same_duration_nonrobust_surrogate,nominal,3,50,8.802502193816508e-08,2.5940262782242485e-07,0.0002055800461082614,89.9190037622768,1.7116773709930893,,,,
same_duration_nonrobust_surrogate,nominal,3,60,2.9342344110006024e-09,4.962806166020073e-09,-4.437787409764364e-05,89.34143985990823,0.9774216590158613,,,,
same_duration_nonrobust_surrogate,nominal,3,70,1.2678746941219288e-10,2.4303647983003884e-10,6.403882996420927e-06,89.23438537871952,0.9666264604778945,,,,
same_duration_nonrobust_surrogate,nominal,3,80,6.098013427546789e-09,3.876543086533957e-09,0.0001659150842686631,88.73533529352316,0.6033797876364296,,,,
same_duration_nonrobust_surrogate,nominal,3,90,8.736789069985207e-12,1.1383338716086655e-11,-1.4073342516039028e-06,88.53277078014816,0.5782229340535174,,,,
same_duration_nonrobust_surrogate,nominal,3,100,7.2345684998254e-11,1.336846189303742e-10,-2.4461443646395676e-06,88.51694765761007,0.5759948556407036,,,,
same_duration_nonrobust_surrogate,nominal,3,110,4.569139955279411e-09,9.182373972294045e-09,-0.00011085296673051135,88.43403077230145,0.5550165139096076,,,,
same_duration_nonrobust_surrogate,nominal,3,120,1.7415328068537406e-09,3.77329789635894e-09,-1.9944811485616392e-05,87.97082148389046,0.4154979167312256,,,,
same_duration_nonrobust_surrogate,nominal,3,130,7.549183500543677e-12,1.0228706770476492e-11,-8.21232407756225e-07,87.86839430168502,0.3859221064017001,,,,
same_duration_nonrobust_surrogate,nominal,3,140,1.7881918168427546e-11,6.671996288787341e-11,-8.235498854830127e-07,87.86169113167468,0.38328523920753493,,,,
same_duration_nonrobust_surrogate,nominal,3,150,7.299891802148295e-10,1.2247309832957853e-09,-1.5250632766449321e-05,87.62120904181731,0.3611811934119142,,,,
same_duration_nonrobust_surrogate,nominal,3,160,1.319170328528685e-10,2.4474511306493696e-10,6.787858695984094e-06,87.43092200251408,0.3514932866550253,,,,
same_duration_nonrobust_surrogate,nominal,3,170,3.378075597026964e-12,3.5478286974921502e-12,-2.1013311493197324e-06,87.41717178238746,0.3493163609715904,,,,
same_duration_nonrobust_surrogate,nominal,3,180,8.051426192423605e-11,1.8637869025894815e-10,1.270568333188895e-05,87.42664026761868,0.3480370053706117,,,,
same_duration_nonrobust_surrogate,nominal,3,190,6.569840227399482e-10,2.095158269099784e-09,2.158182619175262e-06,87.43951875298843,0.3459894246955961,,,,
same_duration_nonrobust_surrogate,nominal,3,200,1.6366197286288298e-10,5.21291232402632e-10,1.047136471266014e-05,87.29211714597467,0.3205368159974855,,,,
same_duration_nonrobust_surrogate,nominal,3,210,4.6526626995557763e-10,6.898890347883935e-10,5.898448176854405e-06,87.18923681276083,0.2986728110067261,,,,
same_duration_nonrobust_surrogate,nominal,3,220,2.982358804359819e-11,2.3432367157738554e-11,-7.92339465701225e-06,87.15224683136891,0.29755353943325596,,,,
same_duration_nonrobust_surrogate,nominal,3,230,3.362296885356386e-09,5.237903222266027e-09,-1.0642622000301588e-06,86.87722380080584,0.2625431989052376,,,,
same_duration_nonrobust_surrogate,nominal,3,240,9.612015627880055e-10,1.3469507731400654e-09,4.647377202456552e-05,86.66762753707872,0.251755163597493,,,,
same_duration_nonrobust_surrogate,nominal,3,250,2.1308321773716443e-10,3.969378159496273e-10,6.7961811138451236e-06,86.6976715712399,0.24152441981113787,,,,
same_duration_nonrobust_surrogate,nominal,3,260,3.318056940315728e-11,5.39097655405385e-11,2.961051698695396e-06,86.72057963081176,0.23868713780042894,,,,
same_duration_nonrobust_surrogate,nominal,3,270,4.268791986561382e-10,6.355269643876227e-10,1.162568287660527e-05,86.57033001421833,0.23285048485560605,,,,
same_duration_nonrobust_surrogate,nominal,3,280,6.175422395671148e-10,1.0468217404024927e-09,-3.003614612885323e-05,86.2838431431038,0.20332997281565443,,,,
same_duration_nonrobust_surrogate,nominal,3,290,4.611089288175663e-12,8.955725050441288e-12,5.710868965555186e-07,86.22048321761311,0.2027349002061411,,,,
same_duration_nonrobust_surrogate,nominal,3,300,3.196891640300237e-10,3.7361913562961035e-10,2.19336634116489e-05,86.13161761276058,0.19269807778334067,,,,
same_duration_nonrobust_surrogate,nominal,3,310,8.005818230572004e-12,1.134869975771835e-11,-3.02229936359785e-06,85.80618142930537,0.18712275652960045,,,,
same_duration_nonrobust_surrogate,nominal,3,320,2.247828589929668e-10,2.2682544731367216e-10,-1.7384795304119133e-05,85.75843316597053,0.1846214185105144,,,,
same_duration_nonrobust_surrogate,nominal,3,330,3.056133124346161e-11,4.425393385076859e-11,-5.021827511399193e-06,85.09643759725421,0.17364301786377737,,,,
same_duration_nonrobust_surrogate,nominal,3,340,4.100053629940703e-13,5.913047829153584e-13,5.097184291318071e-08,85.22666188278329,0.17298731139253193,,,,
same_duration_nonrobust_surrogate,nominal,3,350,1.425304319013776e-12,1.617594946878853e-12,5.367973229268409e-07,85.22267812575144,0.1725822380899603,,,,
same_duration_nonrobust_surrogate,nominal,3,360,4.407607612222364e-11,1.305551222685608e-10,3.0511038541667894e-06,85.2500316695524,0.17205270449873916,,,,
same_duration_nonrobust_surrogate,nominal,3,370,1.5013545962005992e-12,2.212230398868087e-12,-9.116237520449819e-07,85.28602928705818,0.17175119422655483,,,,
same_duration_nonrobust_surrogate,nominal,3,380,3.9543923691098826e-12,3.855582519918244e-12,-2.570871865688356e-06,85.32568975349665,0.1715077794622873,,,,
same_duration_nonrobust_surrogate,nominal,3,390,5.672129432809925e-12,9.705791725878044e-12,-6.426848530655505e-07,85.35194266541218,0.17140301623091653,,,,
same_duration_nonrobust_surrogate,nominal,3,400,2.7849722528117127e-11,6.024802878812352e-11,7.067745248792375e-06,85.27898832800823,0.17099543011131624,,,,
same_duration_nonrobust_surrogate,nominal,3,410,4.923395025002719e-12,7.952527525389996e-12,-2.412487134361941e-06,85.20060694499873,0.17071655929256557,,,,
same_duration_nonrobust_surrogate,nominal,3,420,7.426859127690477e-11,1.1654588405463073e-10,4.6388282574734625e-06,85.20410770441084,0.16917479975020477,,,,
same_duration_nonrobust_surrogate,nominal,3,430,1.7315260336658866e-11,2.82007750485036e-11,4.4235560566514405e-06,85.26239346050029,0.16845871493858688,,,,
same_duration_nonrobust_surrogate,nominal,3,440,2.82417977892635e-10,6.842000299656092e-10,-1.4007402491185508e-05,85.27001954613911,0.16719982865780766,,,,
same_duration_nonrobust_surrogate,nominal,3,450,1.1540490785222346e-10,1.259379267537497e-10,-3.633617693343414e-06,84.85425260795444,0.1621700769426757,,,,
same_duration_nonrobust_surrogate,nominal,3,460,4.1927017413456724e-11,6.020917098226164e-11,2.007773778068459e-06,84.63005555835971,0.1606769329624625,,,,
same_duration_nonrobust_surrogate,nominal,3,470,3.7613134828973216e-11,8.916734017816452e-11,-4.606687998078994e-08,84.6880689882243,0.1603066080984836,,,,
same_duration_nonrobust_surrogate,nominal,3,480,1.7590151557556055e-11,2.300493129325787e-11,-1.1801621180722555e-08,84.64844257238121,0.1600946915859888,,,,
same_duration_nonrobust_surrogate,nominal,3,490,1.9373169735104057e-11,4.0534242629064465e-11,2.684753199079652e-06,84.55605009270991,0.15991197706063923,,,,
same_duration_nonrobust_surrogate,nominal,3,500,1.5672130260213635e-11,3.365774325914117e-11,3.6023766176747605e-07,84.52178979473948,0.1596208808739664,,,,
same_duration_nonrobust_surrogate,nominal,4,1,0.16031227262132286,0.25565666115296404,0.03152017371106251,120.62712867260159,26.762972989259087,,,,
same_duration_nonrobust_surrogate,nominal,4,10,3.3623361037626864e-06,3.4638109983609056e-06,0.0032927691598586242,73.36218192586915,3.9150361639390545,,,,
same_duration_nonrobust_surrogate,nominal,4,20,4.17643455374872e-08,1.1331274751835707e-07,0.00011692248392659545,73.09387005904553,3.7762940653721664,,,,
same_duration_nonrobust_surrogate,nominal,4,30,8.766986725472492e-08,2.1649148318481082e-07,0.00013463447337269986,74.99746305150714,1.2972504707743484,,,,
same_duration_nonrobust_surrogate,nominal,4,40,1.2236989199720938e-11,1.333111399048903e-11,-2.699587811968603e-06,75.62567133325966,0.9002597585592835,,,,
same_duration_nonrobust_surrogate,nominal,4,50,7.134002333319955e-08,1.811792973427373e-07,8.884776044195496e-05,76.34232882718763,0.4267291072378845,,,,
same_duration_nonrobust_surrogate,nominal,4,60,1.7924306483507735e-10,2.65418576006482e-10,9.671969963225698e-06,76.38519513778016,0.41657531120289293,,,,
same_duration_nonrobust_surrogate,nominal,4,70,2.6490276638924115e-10,3.6628056143683807e-10,-3.5534868277235594e-06,76.42394699091447,0.40806896590703223,,,,
same_duration_nonrobust_surrogate,nominal,4,80,5.020018734036569e-09,7.909213950441085e-09,-4.398892342086881e-05,76.58208765186446,0.32465308568306295,,,,
same_duration_nonrobust_surrogate,nominal,4,90,1.2372536328797423e-10,1.8775159205119962e-10,1.221853100536379e-05,76.76800417826296,0.2523483982766921,,,,
same_duration_nonrobust_surrogate,nominal,4,100,6.80172584921479e-11,8.708211929331355e-11,-5.888277995632589e-06,76.78317318932646,0.2513222938665582,,,,
same_duration_nonrobust_surrogate,nominal,4,110,4.376441986586599e-09,7.981842076176804e-09,1.80485948366029e-05,76.82549077174195,0.2367710964417724,,,,
same_duration_nonrobust_surrogate,nominal,4,120,4.428224453789653e-11,3.126299219502471e-11,1.1536077053826291e-05,76.89904677804398,0.19820449154005634,,,,
same_duration_nonrobust_surrogate,nominal,4,130,1.0313521148219706e-09,2.3521049552499562e-09,2.932686178842196e-06,76.93053471252003,0.19269425665185266,,,,
same_duration_nonrobust_surrogate,nominal,4,140,2.4670165910123387e-10,3.9243386318332796e-10,-1.1073086182986663e-05,77.00815566002319,0.18014241536497394,,,,
same_duration_nonrobust_surrogate,nominal,4,150,1.884381539696278e-12,3.639977208536038e-12,-2.9265634465923717e-07,77.00310481180813,0.17901648193683511,,,,
same_duration_nonrobust_surrogate,nominal,4,160,1.1681601241875228e-09,8.769172055167473e-10,-5.6419374166015814e-05,76.98819367937928,0.17651760943043662,,,,
same_duration_nonrobust_surrogate,nominal,4,170,5.949685188966214e-12,7.37809813244894e-12,1.6040265355029532e-06,77.00349050455182,0.1731889250488811,,,,
same_duration_nonrobust_surrogate,nominal,4,180,5.280933468299054e-10,8.776752657979614e-10,2.5314564078209576e-05,77.0863256042042,0.16439308892401366,,,,
same_duration_nonrobust_surrogate,nominal,4,190,1.1006084932319027e-11,3.628986000592249e-11,-2.106946257008526e-06,77.09252130011632,0.16408484382223962,,,,
same_duration_nonrobust_surrogate,nominal,4,200,4.908633499667303e-10,5.365694555337086e-10,1.6823390569858303e-05,77.08700502188381,0.1626345287789162,,,,
same_duration_nonrobust_surrogate,nominal,4,210,4.895607252919376e-10,6.011577902143017e-10,-4.196098185851011e-06,77.08979543364106,0.1586748242762326,,,,
same_duration_nonrobust_surrogate,nominal,4,220,1.1943779298917434e-12,1.1965983759409937e-12,-1.0080425712511403e-06,77.12614322568417,0.15677482601424134,,,,
same_duration_nonrobust_surrogate,nominal,4,230,1.7610468638906696e-11,2.719668934503261e-11,4.3322944934561495e-06,77.13544683749629,0.15550034457288067,,,,
same_duration_nonrobust_surrogate,nominal,4,240,7.62390151010095e-13,4.973799150320701e-13,1.5650921471618174e-06,77.12492150778384,0.15529548274575625,,,,
same_duration_nonrobust_surrogate,nominal,4,250,1.7417542963471533e-09,2.5410988868657114e-09,1.1376994609480335e-05,77.15921658494854,0.14793885277166086,,,,
same_duration_nonrobust_surrogate,nominal,4,260,6.426570386963704e-11,3.974132134487718e-11,1.5607307779719515e-05,77.197911834268,0.1424892244701337,,,,
same_duration_nonrobust_surrogate,nominal,4,270,1.704625329779219e-11,1.956346196152481e-11,-5.633446048260458e-06,77.22339632826554,0.13861467511276782,,,,
same_duration_nonrobust_surrogate,nominal,4,280,4.853561996753797e-12,7.835510018594505e-12,-1.9999843856216857e-06,77.22479377102388,0.1385716190893599,,,,
same_duration_nonrobust_surrogate,nominal,4,290,1.959630235859322e-10,3.398159531542433e-10,8.236484538449162e-06,77.24968118656463,0.1367798191608556,,,,
same_duration_nonrobust_surrogate,nominal,4,300,1.599231858051553e-11,1.4196643860486802e-11,5.4641016697807585e-06,77.2699011915125,0.13258100634909356,,,,
same_duration_nonrobust_surrogate,nominal,4,310,2.765565554341265e-12,2.630562434546846e-12,1.652360476953264e-06,77.27186612274821,0.13256217751563124,,,,
same_duration_nonrobust_surrogate,nominal,4,320,3.3005265187568966e-11,4.7600812180803587e-11,-6.831677980010274e-06,77.27060367871488,0.1324212422770548,,,,
same_duration_nonrobust_surrogate,nominal,4,330,7.460920770085977e-12,8.306466625640496e-12,-3.3587687154785703e-06,77.26788098259208,0.13230181802194538,,,,
same_duration_nonrobust_surrogate,nominal,4,340,1.485545020329937e-11,2.034861168453972e-11,4.185911656910082e-06,77.27713708090879,0.13133619077585587,,,,
same_duration_nonrobust_surrogate,nominal,4,350,1.9389823080473434e-11,1.3759438033389415e-11,7.577719072240842e-06,77.28142177474014,0.13126682045914542,,,,
same_duration_nonrobust_surrogate,nominal,4,360,2.4935609133081016e-13,6.608047442568932e-13,-3.735997576305845e-07,77.29169025355439,0.1309444059184204,,,,
same_duration_nonrobust_surrogate,nominal,4,370,2.5671686998407495e-12,4.837685807501657e-12,-1.3262805009862998e-07,77.29451044410513,0.13087701705190333,,,,
same_duration_nonrobust_surrogate,nominal,4,380,2.637889906509372e-13,3.490541189421492e-13,-5.342458552773216e-07,77.2925974633176,0.13082228870757734,,,,
same_duration_nonrobust_surrogate,nominal,4,390,2.2533086507792177e-12,5.5990767577895895e-12,-1.9824084561216437e-06,77.30209292569236,0.13070769646861152,,,,
same_duration_nonrobust_surrogate,nominal,4,400,4.248246199267669e-11,5.455880192073437e-11,5.499580597146841e-06,77.3084402014457,0.13059291532346937,,,,
same_duration_nonrobust_surrogate,nominal,4,410,1.2626566459061905e-12,1.5918377727075494e-12,4.6268183701130355e-07,77.30505620119703,0.13044740547787606,,,,
same_duration_nonrobust_surrogate,nominal,4,420,2.3652191316614335e-12,3.4301450568818836e-12,-1.999487956880274e-06,77.31325781456349,0.13036631514784044,,,,
same_duration_nonrobust_surrogate,nominal,4,430,4.3750225664496156e-11,5.753908460803814e-11,-3.388542915164094e-06,77.31999052027194,0.1302374068510731,,,,
same_duration_nonrobust_surrogate,nominal,4,440,1.9662049766111522e-12,2.4067414727824143e-12,-1.5345199080918375e-06,77.31652349368564,0.1301647365862328,,,,
same_duration_nonrobust_surrogate,nominal,4,450,1.3936407583514665e-11,1.1902034913191528e-11,5.594164566768335e-06,77.31383024446772,0.13000267442473892,,,,
same_duration_nonrobust_surrogate,nominal,4,460,5.092815058560518e-12,7.05724367833227e-12,-1.558775979697386e-06,77.31381092889261,0.129964127321366,,,,
same_duration_nonrobust_surrogate,nominal,4,470,1.254774062431352e-12,1.6264767310758543e-12,-2.0843310860659832e-07,77.32178575303527,0.12988868644166762,,,,
same_duration_nonrobust_surrogate,nominal,4,480,3.639577528247173e-11,4.445221968296664e-11,4.1771680895073806e-08,77.33289253070339,0.1294894509203737,,,,
same_duration_nonrobust_surrogate,nominal,4,490,4.0945025148175773e-13,5.611067166455541e-13,5.347477615717811e-07,77.33566746869538,0.12918858928033472,,,,
same_duration_nonrobust_surrogate,nominal,4,500,5.505818023721076e-12,8.69371241662975e-12,-1.9254794380232813e-06,77.33650285042683,0.12915308194849395,,,,
same_duration_nonrobust_surrogate,nominal,5,1,0.3594400391864795,0.524628519089053,-0.6057845238305528,127.8527313785529,26.59939324428214,,,,
same_duration_nonrobust_surrogate,nominal,5,10,6.091713187550418e-06,1.6247609982089628e-05,-0.0020791033908123414,95.64657275908903,18.879453208644136,,,,
same_duration_nonrobust_surrogate,nominal,5,20,5.317459134124292e-07,7.383151002793298e-07,0.0009188470740812436,95.5403021024831,17.9134486203782,,,,
same_duration_nonrobust_surrogate,nominal,5,30,3.872225093903836e-07,5.690976737637854e-07,-7.041858473511688e-05,95.69185286442627,9.957637526269833,,,,
same_duration_nonrobust_surrogate,nominal,5,40,3.162641282195011e-08,7.371361565589041e-08,0.00019888415305773394,95.47007054413785,6.59995886823247,,,,
same_duration_nonrobust_surrogate,nominal,5,50,6.048264111768731e-10,8.773746174028929e-10,1.8984081584641596e-05,95.29037652427215,5.969687879635759,,,,
same_duration_nonrobust_surrogate,nominal,5,60,1.346290212644874e-08,1.9533974104923857e-08,-0.00011432376360673478,95.10894487447497,5.73901015242544,,,,
same_duration_nonrobust_surrogate,nominal,5,70,2.1734210653434616e-08,6.59518375467627e-08,0.0001701191193211099,94.43485116911428,2.865086672284591,,,,
same_duration_nonrobust_surrogate,nominal,5,80,1.77901682274495e-08,1.4572359985365324e-08,0.0002508914730291508,94.25008940139426,2.6044938109617557,,,,
same_duration_nonrobust_surrogate,nominal,5,90,4.366251804555077e-11,1.47531764582709e-10,2.738745935357777e-06,94.12163490208606,2.5539460274599874,,,,
same_duration_nonrobust_surrogate,nominal,5,100,1.45373585835884e-07,1.9459818034750498e-07,0.0004269523453021285,93.83376366437749,1.9620725124248621,,,,
same_duration_nonrobust_surrogate,nominal,5,110,1.0966939023582256e-08,9.529104838534863e-09,0.00018106743419866707,93.5867271347049,1.5209655816101122,,,,
same_duration_nonrobust_surrogate,nominal,5,120,9.806937484313494e-10,1.0214262768926119e-09,4.3251929391690204e-05,93.35014009058482,1.408181169924911,,,,
same_duration_nonrobust_surrogate,nominal,5,130,3.8270842050991405e-10,3.800106895823774e-10,3.0401897980631093e-05,93.31336793957537,1.3999527980294415,,,,
same_duration_nonrobust_surrogate,nominal,5,140,2.3273163396453356e-09,2.5575257467380652e-09,6.318526699470878e-05,93.31922611736408,1.3753091510653197,,,,
same_duration_nonrobust_surrogate,nominal,5,150,6.774751870608497e-10,2.1882435863318506e-09,1.7995264357292397e-05,93.18963628124527,1.1945661813362989,,,,
same_duration_nonrobust_surrogate,nominal,5,160,7.4083276180303415e-09,6.451661649364837e-09,-0.00011672928747443052,92.89986502810389,1.0628232093296652,,,,
same_duration_nonrobust_surrogate,nominal,5,170,2.8898661241782975e-10,9.668223999170777e-10,7.855558895049434e-06,92.71494254074474,0.8735178955704749,,,,
same_duration_nonrobust_surrogate,nominal,5,180,2.9155011738168923e-11,3.9354963732307624e-11,-3.6959360592703764e-06,92.65302223393,0.8647573043426051,,,,
same_duration_nonrobust_surrogate,nominal,5,190,7.521581135705446e-10,1.379523384414938e-09,-7.92933884181571e-06,92.47566080831241,0.8272660115002308,,,,
same_duration_nonrobust_surrogate,nominal,5,200,1.3576222368527624e-09,2.3962238859809304e-09,6.186512866076258e-06,92.43489026423076,0.7951832736731576,,,,
same_duration_nonrobust_surrogate,nominal,5,210,3.430935535675417e-10,9.887903829053357e-10,-3.37441231563316e-06,92.349570386915,0.7898013520685345,,,,
same_duration_nonrobust_surrogate,nominal,5,220,3.0194098332714248e-09,3.723699792956836e-09,-2.87642951886975e-06,92.08361215085036,0.7277023148386652,,,,
same_duration_nonrobust_surrogate,nominal,5,230,7.86238851802068e-10,1.6401580094083101e-09,2.2721191555272432e-05,91.99443728271214,0.6545719786801404,,,,
same_duration_nonrobust_surrogate,nominal,5,240,3.3957758827085627e-10,7.328677664730776e-10,2.272491176293587e-05,92.12780585883085,0.6282603735934678,,,,
same_duration_nonrobust_surrogate,nominal,5,250,2.4653734609358935e-10,4.694327149223909e-10,-6.989085095485691e-06,92.21505902744431,0.623936809491891,,,,
same_duration_nonrobust_surrogate,nominal,5,260,5.746305320464273e-09,3.4188545328106557e-09,0.000154473952702124,92.23500110133214,0.572796471443555,,,,
same_duration_nonrobust_surrogate,nominal,5,270,9.240452847336655e-11,1.9343993074016907e-10,-2.688094766939576e-06,92.13619451070454,0.5600590954323071,,,,
same_duration_nonrobust_surrogate,nominal,5,280,2.7012706516060803e-09,4.709433509830774e-09,-4.5777979566416485e-05,92.0486604058123,0.5494073895732834,,,,
same_duration_nonrobust_surrogate,nominal,5,290,2.2172985669755008e-10,3.491362754459715e-10,1.582762694076854e-05,92.02829103383812,0.52306751083768,,,,
same_duration_nonrobust_surrogate,nominal,5,300,1.2775558388966601e-10,2.479576544089923e-10,-1.629817918264553e-05,92.101695788045,0.5159956206229015,,,,
same_duration_nonrobust_surrogate,nominal,5,310,9.485097818284771e-09,1.4056826813657608e-08,-4.110053601348843e-05,91.99200156684621,0.4396514564135899,,,,
same_duration_nonrobust_surrogate,nominal,5,320,5.14516096394857e-10,1.2315481967561936e-09,1.2901194776954006e-05,91.80018507540201,0.3963003738580906,,,,
same_duration_nonrobust_surrogate,nominal,5,330,3.3214875294618196e-11,5.298472771642082e-11,-6.7735277609537095e-06,91.76218384249977,0.3946599414268518,,,,
same_duration_nonrobust_surrogate,nominal,5,340,4.229677719180813e-10,6.487923531750539e-10,-1.2562110902956819e-05,91.78113791847889,0.3917977266944753,,,,
same_duration_nonrobust_surrogate,nominal,5,350,1.5501822048236136e-09,3.837308915066728e-09,5.126731499628323e-05,91.58422637508193,0.31584620282684206,,,,
same_duration_nonrobust_surrogate,nominal,5,360,2.666615817048523e-10,5.824254412090113e-10,2.2441424318367905e-05,91.42284062048405,0.29540661501933774,,,,
same_duration_nonrobust_surrogate,nominal,5,370,2.968847390150131e-11,4.312150636565093e-11,-3.833642206711189e-06,91.39027663184889,0.29450311795921136,,,,
same_duration_nonrobust_surrogate,nominal,5,380,2.2698953827671176e-11,8.389844374789845e-11,3.344635363818592e-07,91.40454238409482,0.2910333596738989,,,,
same_duration_nonrobust_surrogate,nominal,5,390,1.0301106079246836e-08,7.218726727487024e-09,0.00022139887376266117,91.2054903194032,0.25107020264450924,,,,
same_duration_nonrobust_surrogate,nominal,5,400,2.553196543075842e-10,8.720817401552949e-10,4.4202930416325836e-07,91.24707255613082,0.22886015414773248,,,,
same_duration_nonrobust_surrogate,nominal,5,410,1.2368273072382863e-10,3.647284696484121e-10,-4.252710539457747e-06,91.27865097437677,0.22736878831796098,,,,
same_duration_nonrobust_surrogate,nominal,5,420,5.2169379927136106e-12,4.163558386949262e-12,3.7671268511329897e-06,91.25240519390323,0.22427439130199356,,,,
same_duration_nonrobust_surrogate,nominal,5,430,9.260258115872944e-10,1.4495595834773667e-09,-1.0665334056909617e-05,91.22535825615857,0.21756116202231274,,,,
same_duration_nonrobust_surrogate,nominal,5,440,4.895306382479703e-11,5.309197526059961e-11,-9.353678860431568e-06,91.19722166939202,0.21654972909123293,,,,
same_duration_nonrobust_surrogate,nominal,5,450,2.0355495067292395e-11,2.379363372995158e-11,-8.430499537424495e-07,91.19270684004687,0.20898592474581046,,,,
same_duration_nonrobust_surrogate,nominal,5,460,1.9948953600135155e-10,3.040443452562158e-10,1.0841586048852083e-05,91.18273612190349,0.2073542480068909,,,,
same_duration_nonrobust_surrogate,nominal,5,470,2.4998780823182187e-10,3.136333415199033e-10,1.4907131458647312e-05,91.00038323402246,0.18138432249797684,,,,
same_duration_nonrobust_surrogate,nominal,5,480,2.7321922502210327e-11,5.6282978277977236e-11,-2.247870015663925e-06,90.95310793426326,0.17907726882621,,,,
same_duration_nonrobust_surrogate,nominal,5,490,1.1342260464175524e-11,1.4637180356658064e-11,-4.88095516991223e-06,90.9099145496009,0.17825029306454881,,,,
same_duration_nonrobust_surrogate,nominal,5,500,1.8895995879120164e-11,1.1579626146840383e-11,9.008763226424468e-06,90.91940646542417,0.1769092179919795,,,,
same_duration_nonrobust_surrogate,nominal,6,1,0.12268148384509736,0.13830498590359974,0.5582611152846076,108.14175795942157,25.11291971525018,,,,
same_duration_nonrobust_surrogate,nominal,6,10,8.898131963763767e-05,0.00010804203246561617,-0.003690354258393837,64.64244758905554,5.633368219580483,,,,
same_duration_nonrobust_surrogate,nominal,6,20,5.281139969781634e-09,1.211209821327941e-08,-8.657937639902005e-05,64.08498519139457,5.466169105807649,,,,
same_duration_nonrobust_surrogate,nominal,6,30,2.920418875618225e-07,3.5594320391130196e-07,0.0006338880164192775,66.90031212767076,2.305534959373832,,,,
same_duration_nonrobust_surrogate,nominal,6,40,1.8898276277212744e-09,1.569681939983525e-09,6.818118343415955e-05,68.1613455537646,1.459063520688224,,,,
same_duration_nonrobust_surrogate,nominal,6,50,6.497296367591332e-09,9.174552673130165e-09,-2.195949637207367e-05,68.37559823280932,1.4274506441294605,,,,
same_duration_nonrobust_surrogate,nominal,6,60,2.4325611525100044e-09,3.998312125830239e-09,7.159665001956542e-05,69.70972283404807,0.6947795269062963,,,,
same_duration_nonrobust_surrogate,nominal,6,70,5.220140986139654e-10,4.0857917049663683e-10,-3.501974078132122e-05,69.87715730582676,0.6807649980168706,,,,
same_duration_nonrobust_surrogate,nominal,6,80,3.7910619088421527e-10,6.29747365366029e-10,2.2757340216758765e-06,69.87183743771504,0.6787823651897364,,,,
same_duration_nonrobust_surrogate,nominal,6,90,5.118775625589933e-09,6.0381502020590005e-09,0.00010263760101218609,70.4545647269002,0.46037397751265474,,,,
same_duration_nonrobust_surrogate,nominal,6,100,2.718498759435306e-10,3.390769887090528e-10,-3.25586198706187e-06,70.66697910540137,0.4388727783338477,,,,
same_duration_nonrobust_surrogate,nominal,6,110,8.872347301291938e-12,2.4684476684910805e-11,3.026784609944152e-06,70.69597057687037,0.436848811061199,,,,
same_duration_nonrobust_surrogate,nominal,6,120,6.126107399140324e-10,1.154027318150952e-09,3.326145910968743e-05,70.6674617787839,0.43136665029633303,,,,
same_duration_nonrobust_surrogate,nominal,6,130,5.633384869696556e-10,1.0037315423261362e-09,-1.1979255699956876e-05,70.60020634703837,0.4149056410215615,,,,
same_duration_nonrobust_surrogate,nominal,6,140,2.862561410132969e-09,4.411759846334462e-09,4.3226334761288876e-05,70.6621048582339,0.40444894217475963,,,,
same_duration_nonrobust_surrogate,nominal,6,150,3.460565167756613e-12,5.028644167737184e-12,9.134243392834336e-07,70.69996118960007,0.3923697760075435,,,,
same_duration_nonrobust_surrogate,nominal,6,160,3.354688749013235e-10,2.44608777677513e-10,-2.9442998448012545e-05,70.69989169622148,0.39107144476675654,,,,
same_duration_nonrobust_surrogate,nominal,6,170,5.3786030074221e-09,6.285441500608613e-09,9.715334021505263e-05,71.11169717466343,0.3089216476900415,,,,
same_duration_nonrobust_surrogate,nominal,6,180,3.725521002806431e-10,4.695306365931629e-10,2.101367804439982e-05,71.30590789044332,0.2831869066416896,,,,
same_duration_nonrobust_surrogate,nominal,6,190,9.013878532471153e-11,1.3691137112914475e-10,7.55058102888602e-06,71.32924617106845,0.2821097199443505,,,,
same_duration_nonrobust_surrogate,nominal,6,200,6.005751451709784e-11,7.86997134127887e-11,-3.281746059792043e-06,71.34978171165959,0.2806957393079439,,,,
same_duration_nonrobust_surrogate,nominal,6,210,1.1379874820249825e-10,2.0694379543328978e-10,1.1601812469109563e-05,71.38145356685807,0.2798521877075998,,,,
same_duration_nonrobust_surrogate,nominal,6,220,7.921375777542039e-10,1.3568410839326361e-09,-2.0647274000480742e-05,71.4406222463949,0.2671402405696316,,,,
same_duration_nonrobust_surrogate,nominal,6,230,1.8622947628443853e-10,3.9269032470201637e-10,1.739630073733108e-05,71.5304140151375,0.2638213861455948,,,,
same_duration_nonrobust_surrogate,nominal,6,240,3.959499395023158e-11,8.804601492329311e-11,4.4760805110390515e-07,71.53596072365723,0.2633793293709039,,,,
same_duration_nonrobust_surrogate,nominal,6,250,2.317662728401615e-10,2.8614111080571547e-10,-1.957729567833316e-05,71.53607245673359,0.25996242726665314,,,,
same_duration_nonrobust_surrogate,nominal,6,260,1.669664406733773e-11,2.754840799923386e-11,2.464756238078754e-07,71.5070789150724,0.2588624816581598,,,,
same_duration_nonrobust_surrogate,nominal,6,270,6.04426730888008e-10,9.100338260736862e-10,-1.1222861386273177e-05,71.50785404571212,0.2572409166036727,,,,
same_duration_nonrobust_surrogate,nominal,6,280,6.120204343318392e-11,9.02315999695702e-11,2.615922488944808e-07,71.52191610830558,0.25596075676191227,,,,
same_duration_nonrobust_surrogate,nominal,6,290,6.926570428333889e-11,2.430735612790613e-10,-3.0225275148033764e-07,71.51838607280767,0.25532968418258345,,,,
same_duration_nonrobust_surrogate,nominal,6,300,5.115607937256073e-10,8.841072318688248e-10,-4.515187899012284e-06,71.48461271180363,0.25272777959488774,,,,
same_duration_nonrobust_surrogate,nominal,6,310,3.205646859072431e-11,4.4503956075914175e-11,4.601997062707641e-06,71.47661721405112,0.25016371594758113,,,,
same_duration_nonrobust_surrogate,nominal,6,320,5.776568112736413e-11,8.276757057501527e-11,-5.777324423614824e-06,71.46905549065605,0.24942677471511088,,,,
same_duration_nonrobust_surrogate,nominal,6,330,3.700839634745989e-11,5.267963842925383e-11,4.513593483068534e-06,71.4581588866733,0.24875715857363134,,,,
same_duration_nonrobust_surrogate,nominal,6,340,2.333353510408642e-10,5.378435474767684e-10,-1.7739593992523134e-05,71.47699257211625,0.24727830147409627,,,,
same_duration_nonrobust_surrogate,nominal,6,350,3.8309377892176144e-10,6.668663399267416e-10,-6.625083110264531e-06,71.50691810417764,0.24518879660764228,,,,
same_duration_nonrobust_surrogate,nominal,6,360,2.250410968684946e-11,3.604250231603601e-11,3.0290844623908753e-06,71.51558447447954,0.24428437074761158,,,,
same_duration_nonrobust_surrogate,nominal,6,370,7.251456102252973e-10,1.0328282673555123e-09,4.136968394458813e-06,71.52198296674388,0.24259043377304568,,,,
same_duration_nonrobust_surrogate,nominal,6,380,2.344573424295504e-09,2.596190151749056e-09,-6.393270900988784e-05,71.7098230273462,0.22398759013342592,,,,
same_duration_nonrobust_surrogate,nominal,6,390,1.6464607455191071e-13,2.666755705149626e-13,-6.360548854280483e-08,71.75292289416457,0.2209507115501199,,,,
same_duration_nonrobust_surrogate,nominal,6,400,2.0109511833510396e-09,3.791301272926262e-09,5.1627743152760804e-05,71.88107420778731,0.21285840296607358,,,,
same_duration_nonrobust_surrogate,nominal,6,410,1.608846389444807e-11,5.749334341942358e-11,-1.9653839817901908e-06,71.99320300685066,0.2075017970704333,,,,
same_duration_nonrobust_surrogate,nominal,6,420,1.5660139851547683e-11,2.2741808436421707e-11,-4.012370480372321e-06,72.03582524821398,0.20569716491617762,,,,
same_duration_nonrobust_surrogate,nominal,6,430,2.0514967502549553e-10,2.7032176497243654e-10,1.7379802631103945e-05,72.04897653330215,0.20163058569249362,,,,
same_duration_nonrobust_surrogate,nominal,6,440,1.8114065802876667e-11,2.4589663638607817e-11,-2.475238501141673e-06,72.03583628517995,0.2014793262520194,,,,
same_duration_nonrobust_surrogate,nominal,6,450,2.4696911182786607e-12,2.2892798767770728e-12,1.3556440720049822e-06,72.0195714644655,0.20134925823161912,,,,
same_duration_nonrobust_surrogate,nominal,6,460,5.165585736932599e-10,7.334417517768088e-10,1.2118467674863244e-05,72.04847081140247,0.2001631985415181,,,,
same_duration_nonrobust_surrogate,nominal,6,470,3.13764569881414e-11,4.504996375942483e-11,-5.271441688137607e-06,72.20082116279077,0.19532433212386147,,,,
same_duration_nonrobust_surrogate,nominal,6,480,7.87592213669086e-13,9.79216707719388e-13,9.273593317163044e-07,72.17805056630756,0.1934834705168811,,,,
same_duration_nonrobust_surrogate,nominal,6,490,2.310951430217756e-11,3.1442404235804133e-11,-8.752346796685287e-06,72.1981861458709,0.19331161964980176,,,,
same_duration_nonrobust_surrogate,nominal,6,500,7.403381241388729e-10,1.7475874081185339e-09,-2.075304246513185e-05,72.32420150723516,0.18886681745762343,,,,
robust_nominal,nominal,1,1,1.4210854715202004e-13,1.9162449405030202e-13,2.620716594015802e-07,88.722067458837,0.07991737956742538,,,,
robust_nominal,nominal,1,10,5.902167643512257e-12,1.021138729129234e-11,-1.6769962831644935e-06,88.72147063209745,0.07990311248864124,,,,
robust_nominal,nominal,1,20,5.795364188543317e-14,1.2967404927621828e-13,5.3464175087120695e-08,88.72228940390357,0.07973843915700833,,,,
robust_nominal,nominal,1,30,8.11772871145422e-12,1.1145306899607021e-11,2.5551417388695724e-06,88.72311217012336,0.07963357411095077,,,,
robust_nominal,nominal,1,40,2.608457894126559e-11,4.406941478407589e-11,-5.440378793143745e-06,88.72178738914845,0.0795709790435116,,,,
robust_nominal,nominal,1,50,3.885780586188048e-14,6.861178292183467e-14,1.6878167058421918e-08,88.72289920338339,0.07948251359549366,,,,
robust_nominal,nominal,1,60,9.638845277493147e-12,1.1179057679555626e-11,3.1739588390603235e-06,88.72352669267569,0.0794557351287489,,,,
robust_nominal,nominal,1,70,2.1696644481039584e-11,2.8077318248165284e-11,-5.922218690647711e-06,88.72252636486812,0.07934724036334753,,,,
robust_nominal,nominal,1,80,7.216449660063518e-14,1.6231460620019789e-13,-4.0601774303767054e-08,88.7236201633794,0.0793384493587092,,,,
robust_nominal,nominal,1,90,4.829470157119431e-13,6.281641873329136e-13,-5.90622817265284e-07,88.72371026086019,0.07933643852290238,,,,
robust_nominal,nominal,1,100,5.562217353372034e-13,7.7982065249671e-13,-3.095245701138023e-07,88.72377964395423,0.07933326395726478,,,,
robust_nominal,nominal,1,110,2.5202062658991053e-14,4.551914400963142e-14,-7.530535769962142e-08,88.72379575884261,0.0793317828131236,,,,
robust_nominal,nominal,1,120,7.025491299827991e-13,1.0316192344816955e-12,-8.271695511886073e-08,88.72367675668272,0.07932559347998035,,,,
robust_nominal,nominal,1,130,5.371258993136507e-13,6.969980148596733e-13,-9.203449941606012e-07,88.72421267930011,0.07928619316203227,,,,
robust_nominal,nominal,1,140,1.1144418721187321e-12,1.8667289936047382e-12,2.0674112016829006e-07,88.72456540793753,0.07926734591530872,,,,
robust_nominal,nominal,1,150,1.1153300505384323e-12,2.1096457913927225e-12,5.14522512818935e-07,88.72468807540487,0.07926260336104793,,,,
robust_nominal,nominal,1,160,4.233280392895722e-12,6.77435885165778e-12,-1.0701660102619014e-06,88.72460735740415,0.07923081525389514,,,,
robust_nominal,nominal,1,170,1.6759926779741363e-12,2.8952396036174832e-12,3.5548110524759915e-07,88.72490312981041,0.07921011295578988,,,,
robust_nominal,nominal,1,180,5.748734821509061e-13,7.009948177483238e-13,6.151784324732835e-07,88.72485696615492,0.07920798935946491,,,,
robust_nominal,nominal,1,190,8.171241461241152e-14,1.0458300891968975e-13,1.743509361884777e-07,88.72465852809184,0.07920611431417078,,,,
robust_nominal,nominal,1,200,4.5630166312093934e-14,7.904787935331115e-14,2.437731262961077e-07,88.72461147193266,0.07920222323232622,,,,
robust_nominal,nominal,1,210,9.447997939560082e-14,1.7319479184152442e-13,3.4919297298158725e-07,88.72479053692525,0.07918461971884323,,,,
robust_nominal,nominal,1,220,3.1508129438861943e-13,5.018208071305708e-13,-1.7636966920264676e-07,88.72467637712474,0.07918282636435736,,,,
robust_nominal,nominal,1,230,2.5202062658991053e-14,3.530509218307998e-14,8.227033637675926e-08,88.72490545739514,0.0791671506104152,,,,
robust_nominal,nominal,1,240,6.551426068313049e-13,7.078782005009998e-13,1.0286434503915347e-06,88.7249678025193,0.07916259845217805,,,,
robust_nominal,nominal,1,250,3.2307490016592055e-14,4.39648317751562e-14,8.747448038138319e-08,88.72489154023819,0.07916147318481946,,,,
robust_nominal,nominal,1,260,3.397282455352979e-14,5.3512749786932545e-14,-9.011766707867672e-08,88.72489631254304,0.07916084915558899,,,,
robust_nominal,nominal,1,270,1.474376176702208e-13,1.2989609388114332e-13,-6.798880620441571e-07,88.72488065236786,0.07915919750014205,,,,
robust_nominal,nominal,1,280,4.083400284571326e-13,7.30526750203353e-13,3.2392710072630034e-07,88.72485157461571,0.07915750126825384,,,,
robust_nominal,nominal,1,290,3.930189507173054e-14,5.839773109528323e-14,3.154878117084507e-08,88.72506297012981,0.07915339669046126,,,,
robust_nominal,nominal,1,300,1.566746732351021e-12,2.6565416533230746e-12,-2.7018494389103894e-07,88.72536662285353,0.07914045740370926,,,,
robust_nominal,nominal,1,310,7.65609797781508e-13,1.0664802374549254e-12,6.307400386161175e-07,88.7264977606819,0.07904633207406363,,,,
robust_nominal,nominal,1,320,2.1722623699815813e-12,2.9842794901924208e-12,2.4545634849766215e-07,88.72864551017753,0.07887351776564752,,,,
robust_nominal,nominal,1,330,1.6197043706256409e-12,2.3661073100811336e-12,-2.0798119934673603e-07,88.72874057647724,0.07885807968388882,,,,
robust_nominal,nominal,1,340,2.0872192862952943e-13,3.304023721284466e-13,3.824117944530159e-07,88.7288064987661,0.07885614881958342,,,,
robust_nominal,nominal,1,350,7.038813976123492e-14,8.681944052568724e-14,-3.1828799421100443e-07,88.72860486953597,0.0788507203272679,,,,
robust_nominal,nominal,1,360,3.858025010572419e-13,8.806289031326742e-13,4.5691557107353095e-07,88.7285926367405,0.07884276668678432,,,,
robust_nominal,nominal,1,370,1.0015321905143537e-12,1.2878587085651816e-12,1.149774729705002e-06,88.72900902358231,0.07882402791971677,,,,
robust_nominal,nominal,1,380,1.8542944957289365e-12,2.4287238886699924e-12,9.914026721549116e-07,88.72895162580376,0.07881529239120601,,,,
robust_nominal,nominal,1,390,3.674616166904343e-12,5.763833854643963e-12,9.8119322001377e-08,88.72820112148132,0.07878788419198689,,,,
robust_nominal,nominal,1,400,5.856315432595238e-12,7.006839553014288e-12,-2.3130762317723668e-06,88.72370148723176,0.07846821235474162,,,,
robust_nominal,nominal,1,410,7.37188088351104e-14,9.348077867343818e-14,3.204290522640801e-07,88.72326079839941,0.078457066816798,,,,
robust_nominal,nominal,1,420,1.1556644530230642e-11,2.1647572623351152e-11,-1.363345493197588e-07,88.72232071967022,0.07842955165374994,,,,
robust_nominal,nominal,1,430,1.2273182470323718e-11,3.905786805091793e-11,-1.0562106625402587e-06,88.71001626005037,0.07830678811416901,,,,
robust_nominal,nominal,1,440,2.042810365310288e-13,2.4558133304708463e-13,-6.721438028658555e-07,88.70682878735411,0.07829644836247208,,,,
robust_nominal,nominal,1,450,2.37698749572246e-13,3.383959779057477e-13,1.9574206991399886e-07,88.71215123500876,0.07827107376970519,,,,
robust_nominal,nominal,1,460,3.1958879986859756e-12,4.650502205549856e-12,7.863607328678288e-07,88.71398917468355,0.07823441332402378,,,,
robust_nominal,nominal,1,470,2.389199948993337e-13,3.494982081519993e-13,2.425217154601341e-07,88.7070923136719,0.07821294679549814,,,,
robust_nominal,nominal,1,480,1.832867191353671e-12,2.3743229604633598e-12,-7.033512919610632e-07,88.69847066181428,0.07818872937228619,,,,
robust_nominal,nominal,1,490,6.63269439371561e-12,5.834666083615048e-12,3.932437547915151e-06,88.68111150544132,0.07800878825996171,,,,
robust_nominal,nominal,1,500,6.441513988875158e-13,1.0249578963339445e-12,-3.2163912136492403e-07,88.68597584211707,0.07792871245339375,,,,
robust_nominal,nominal,2,1,0.05425009064969255,0.07283070639697375,-0.10789530527329902,149.07822911742798,0.024633094498879265,,,,
robust_nominal,nominal,2,10,0.005694205224478943,0.00735518848784078,-0.09893755109566352,74.44616769824887,0.10712421753641692,,,,
robust_nominal,nominal,2,20,1.2145839889399213e-13,9.992007221626409e-14,6.368388045242628e-07,88.43868294279713,0.0903170726261079,,,,
robust_nominal,nominal,2,30,1.0297307451168081e-10,1.5497536587361083e-10,1.117208477172666e-05,88.48842872901608,0.08873170066063982,,,,
robust_nominal,nominal,2,40,9.369949260928934e-12,7.6287864914093e-12,-5.543914471576445e-06,88.53200907466194,0.08824254823328208,,,,
robust_nominal,nominal,2,50,5.344613640545504e-13,8.137934770502397e-13,-1.0152150175533634e-06,88.63070581453167,0.08550891080066098,,,,
robust_nominal,nominal,2,60,2.2859492077031973e-13,3.601563491884008e-13,-1.8788910899356252e-07,88.6240063724831,0.08548551321649749,,,,
robust_nominal,nominal,2,70,3.6376457401843254e-11,4.953881749258926e-11,-6.06820588635683e-06,88.60652873850873,0.08516457013777604,,,,
robust_nominal,nominal,2,80,6.601830193631031e-12,6.004974295592547e-12,-4.278953917126712e-06,88.64955646833641,0.08399784979092975,,,,
robust_nominal,nominal,2,90,1.0482725798510728e-12,1.0669243266647754e-12,1.717588935554331e-06,88.67063966126634,0.08378472897309948,,,,
robust_nominal,nominal,2,100,6.750155989720952e-14,1.5720758028692217e-13,7.885323471957756e-08,88.67121469984286,0.0837774321167324,,,,
robust_nominal,nominal,2,110,3.371700696419566e-10,2.359548112451648e-10,3.512254885993354e-05,88.68193707735078,0.08304605287637848,,,,
robust_nominal,nominal,2,120,1.6897261367887495e-11,1.750688483070917e-11,1.0715679320621682e-06,88.68892667788117,0.08285394933079135,,,,
robust_nominal,nominal,2,130,3.618216837253385e-13,4.96713781217295e-13,1.0582545807164523e-06,88.69139284370969,0.08281748347524606,,,,
robust_nominal,nominal,2,140,1.7899459692216624e-11,5.153588666928499e-11,-1.0555693557944225e-06,88.69475530319528,0.08274529706827986,,,,
robust_nominal,nominal,2,150,1.1154299706106485e-11,1.6122658763606523e-11,2.580816180985705e-06,88.70051439197907,0.0824072916437542,,,,
robust_nominal,nominal,2,160,1.5116796703296131e-12,3.4861002973229915e-12,-3.3517140687989515e-07,88.70394115044382,0.08234834602063863,,,,
robust_nominal,nominal,2,170,4.518607710224387e-13,6.166178678768119e-13,1.342112780912219e-07,88.7054632890102,0.08217812242427737,,,,
robust_nominal,nominal,2,180,2.466915560717098e-13,3.1175062531474396e-13,-6.068461802791112e-07,88.70568718668834,0.08210474690799972,,,,
robust_nominal,nominal,2,190,4.810596365700803e-13,6.494804694057166e-13,8.808508688014987e-07,88.70618068458673,0.08209529053218872,,,,
robust_nominal,nominal,2,200,9.796385924687456e-12,1.6011858505748933e-11,-4.2209080190196413e-07,88.70520714806479,0.08204817131932278,,,,
robust_nominal,nominal,2,210,6.06292793747798e-13,8.710809851208978e-13,6.167136661634989e-07,88.70522656097128,0.08196335592957028,,,,
robust_nominal,nominal,2,220,2.9425573089270074e-11,5.0431436804387886e-11,-2.231944505206559e-06,88.70445136269791,0.0818516424617926,,,,
robust_nominal,nominal,2,230,1.2503331703328513e-12,1.9193535649719706e-12,-1.1795230546201684e-06,88.70801495925498,0.08160012341430663,,,,
robust_nominal,nominal,2,240,3.0520030946945553e-13,3.601563491884008e-13,-3.4813341889837357e-07,88.70874348356477,0.08159485313383481,,,,
robust_nominal,nominal,2,250,8.031797449348232e-12,9.672929124349139e-12,-2.9361012958577986e-06,88.70749564770726,0.08154850604818385,,,,
robust_nominal,nominal,2,260,8.102629678319317e-12,1.3011813848606835e-11,2.5184210656723946e-06,88.70756488906932,0.08149831989930646,,,,
robust_nominal,nominal,2,270,1.6828760607268123e-12,3.000044657142098e-12,-8.382274144264519e-08,88.70879329603366,0.08146603943786102,,,,
robust_nominal,nominal,2,280,9.884759677447619e-12,1.492783674450493e-11,-9.833571015997981e-07,88.71436851118425,0.081187096214222,,,,
robust_nominal,nominal,2,290,3.856248653733019e-12,5.746736420064735e-12,1.0911291485143075e-06,88.71542011344718,0.08099910862831797,,,,
robust_nominal,nominal,2,300,6.647127293035737e-12,1.1965539670200087e-11,2.42311271264873e-06,88.71623228399977,0.08094438618012545,,,,
robust_nominal,nominal,2,310,4.405364961712621e-13,1.2010392680394943e-12,-3.612581090109767e-07,88.71623812274618,0.08093517369950239,,,,
robust_nominal,nominal,2,320,3.5459413183502875e-12,8.645972826570869e-12,-8.705726697927149e-07,88.71518348440759,0.08089765872557485,,,,
robust_nominal,nominal,2,330,6.5707439489415265e-12,7.077449737380448e-12,3.5616428494941533e-06,88.71991861561565,0.08057633116885943,,,,
robust_nominal,nominal,2,340,1.0533796057643485e-12,1.2867484855405564e-12,-2.1529909866081195e-07,88.71979673523383,0.08050540484883675,,,,
robust_nominal,nominal,2,350,3.0164759579065503e-13,7.880363028789361e-13,-1.2636804244688763e-07,88.71988638919956,0.08049107993095583,,,,
robust_nominal,nominal,2,360,1.7738033264436126e-11,3.1112001863675687e-11,2.074197962570697e-06,88.72300320439804,0.08021605708861414,,,,
robust_nominal,nominal,2,370,6.696865284538944e-13,1.6895373988745632e-12,4.870895972959019e-07,88.72122532406183,0.08020030307365165,,,,
robust_nominal,nominal,2,380,2.1437296382487148e-12,2.7677860003905153e-12,-1.8130024486487775e-06,88.72009286042604,0.08018500796444906,,,,
robust_nominal,nominal,2,390,3.9457326295178063e-13,4.4497738826976274e-13,-9.268142644464777e-07,88.72068162436607,0.08015101474478226,,,,
robust_nominal,nominal,2,400,1.82487358557637e-12,3.588018770983581e-12,1.607464444614325e-07,88.72118204382718,0.08014185432208974,,,,
robust_nominal,nominal,2,410,9.450218385609332e-13,8.861800182558e-13,1.184262131972221e-06,88.72180475263494,0.08013175143200094,,,,
robust_nominal,nominal,2,420,8.282263763703668e-14,1.3944401189291966e-13,3.031249182217552e-07,88.72161838827313,0.08012572299994179,,,,
robust_nominal,nominal,2,430,2.9058977446538847e-12,4.871658632055187e-12,-5.536264237913957e-07,88.72228938813804,0.08008791837955787,,,,
robust_nominal,nominal,2,440,4.118927421359331e-14,5.617728504603292e-14,-2.1846460199205775e-07,88.7228306235918,0.08005045221160546,,,,
robust_nominal,nominal,2,450,2.6109114870109806e-12,6.387779194483301e-12,-1.0698444080691035e-06,88.72210798121654,0.0799916972181764,,,,
robust_nominal,nominal,2,460,1.20570220474292e-13,2.540190280342358e-13,3.925715815756602e-07,88.72183644566577,0.0799883790958745,,,,
robust_nominal,nominal,2,470,7.337241925142735e-12,1.1013634448886478e-11,-3.1720407644854e-06,88.72231020770045,0.07995207885386267,,,,
robust_nominal,nominal,2,480,3.79585252119341e-13,3.7214675785435247e-13,5.565678314615852e-07,88.72218048716479,0.07992234127449065,,,,
robust_nominal,nominal,2,490,2.1249668691325496e-13,3.206324095117452e-13,-3.645631810046775e-07,88.72203179018334,0.07991890538825758,,,,
robust_nominal,nominal,2,500,1.6131540547803525e-13,2.1738166822160565e-13,2.7700301624697717e-07,88.72206842663506,0.0799173790624812,,,,
robust_nominal,nominal,3,1,0.34628852276507405,0.2367239330577453,-1.368526615548359,156.31053557216885,0.00024370847349999519,,,,
robust_nominal,nominal,3,10,1.655218446361406e-05,2.618866951709098e-05,-0.0037142815352222643,9.966951507918395,1.760275466293352,,,,
robust_nominal,nominal,3,20,5.9402482932569e-11,9.808798218102766e-11,-4.709672228754775e-06,9.891095937195029,1.7687006820601787,,,,
robust_nominal,nominal,3,30,4.327503133616517e-09,5.907928368742432e-09,2.52245749977896e-06,9.300577859736103,1.7246451051755904,,,,
robust_nominal,nominal,3,40,1.3970380408068195e-11,8.402611939573035e-12,-7.624444455610228e-06,8.73692558292112,1.7096467939579356,,,,
robust_nominal,nominal,3,50,5.899103761031199e-09,9.629600894456303e-09,4.411845909766231e-05,8.096114694725284,1.6900921728641876,,,,
robust_nominal,nominal,3,60,1.3519796393524075e-10,2.7543123337636644e-10,5.785630882755119e-06,7.206812172658595,1.611858745824357,,,,
robust_nominal,nominal,3,70,2.3407153992849317e-09,3.858027231018468e-09,-1.4006228024587274e-05,7.009721031577251,1.6068655420497677,,,,
robust_nominal,nominal,3,80,5.372907674328076e-10,7.203251328746774e-10,-6.81101805854121e-07,6.567831054195443,1.5980206389068938,,,,
robust_nominal,nominal,3,90,1.6893264564998844e-10,2.3439650220780095e-10,5.2917757706800835e-06,6.295132054462294,1.5944164582697056,,,,
robust_nominal,nominal,3,100,4.1731773592346144e-10,3.525775227330996e-10,3.339775073439154e-05,6.007724601868447,1.5909997406803986,,,,
robust_nominal,nominal,3,110,1.1997529636431636e-09,1.3676604293522132e-09,-2.5391497006490743e-05,5.576719147375207,1.5733325220693006,,,,
robust_nominal,nominal,3,120,2.791511466426755e-11,8.213119073730013e-11,-2.150317163337401e-06,5.373082884273242,1.5671492058438878,,,,
robust_nominal,nominal,3,130,1.3478974603131633e-09,1.8690760050787958e-09,-1.5395971182547486e-05,5.164503652391883,1.5482718299388898,,,,
robust_nominal,nominal,3,140,3.095190770352474e-11,4.5783821178702055e-11,-1.5652168605515697e-06,5.00585842311942,1.5437754691736643,,,,
robust_nominal,nominal,3,150,2.3493351708481214e-10,3.319089447728629e-10,-1.7886747293841253e-05,5.041136852468847,1.541659841729023,,,,
robust_nominal,nominal,3,160,3.2618118206428903e-09,3.926625691264007e-09,1.6818946492365197e-05,5.286090613724627,1.5256709790122047,,,,
robust_nominal,nominal,3,170,8.539509099847464e-10,1.1962146828636833e-09,-1.2838709489533431e-05,5.433456819386733,1.5177488037284657,,,,
robust_nominal,nominal,3,180,5.1553650237678994e-11,1.4734613529299168e-10,-6.4242409986867516e-06,5.683002762093371,1.5134551741423712,,,,
robust_nominal,nominal,3,190,3.12926351497822e-11,6.47364384320781e-11,-1.0016580737141563e-06,5.792945359577914,1.512811067535934,,,,
robust_nominal,nominal,3,200,8.901446246767364e-11,1.225741730337404e-10,-5.415233218362308e-07,5.737737489121677,1.5124376007676699,,,,
robust_nominal,nominal,3,210,4.394531405438329e-10,6.220004511447996e-10,-2.8372004325558455e-05,5.4541360308232365,1.5046998549126551,,,,
robust_nominal,nominal,3,220,2.9605651263864274e-11,3.366396050807907e-11,-6.066736740580603e-06,5.4096505154174634,1.504310666427316,,,,
robust_nominal,nominal,3,230,9.923839527914424e-12,1.2490897205452711e-11,-2.8245519198530767e-06,5.403676746836299,1.5038463644506888,,,,
robust_nominal,nominal,3,240,8.008638197054552e-11,8.66788862907697e-11,-7.230118730714112e-06,5.4387301838762685,1.5029811506606665,,,,
robust_nominal,nominal,3,250,3.195343989403909e-11,3.6407321601927833e-11,-2.3929450797944815e-06,5.441639991830467,1.5022284345864996,,,,
robust_nominal,nominal,3,260,9.116940535847107e-11,1.0720002663333617e-10,1.7137699477652408e-06,5.4192548125743825,1.501890210373867,,,,
robust_nominal,nominal,3,270,7.354780118262738e-10,1.0265208683080118e-09,8.652315566166444e-06,5.352326337601885,1.4971061228533853,,,,
robust_nominal,nominal,3,280,3.036507933984467e-09,6.5306910990159395e-09,2.802116339066336e-05,5.295445183528712,1.4798207695744012,,,,
robust_nominal,nominal,3,290,1.7865042778453244e-11,3.150346650215852e-11,-9.075744719967619e-07,5.123169566806711,1.4734932689134828,,,,
robust_nominal,nominal,3,300,5.177158701741291e-11,5.645617306981876e-11,8.799758732734704e-06,5.104993011673511,1.4733094834498026,,,,
robust_nominal,nominal,3,310,1.0637920544454005e-09,1.4064871489694042e-09,3.332422933418264e-05,4.975327980729223,1.4684725537342949,,,,
robust_nominal,nominal,3,320,2.8729241208225176e-11,4.6285197896622776e-11,-8.248049175051934e-06,4.993318043266073,1.4664662509538213,,,,
robust_nominal,nominal,3,330,4.125022545764523e-11,6.326095203235127e-11,-4.037527335789686e-06,5.001822511608303,1.4662470331567539,,,,
robust_nominal,nominal,3,340,6.007692121556829e-10,1.1258975973760244e-09,3.158668140118206e-06,4.921940278211838,1.4596919628158933,,,,
robust_nominal,nominal,3,350,1.4926226921119223e-10,3.0767011161003666e-10,-1.1771036029916368e-05,4.837609329899099,1.4543839344909404,,,,
robust_nominal,nominal,3,360,5.4548920935815204e-11,8.59647908413308e-11,-9.16393584316842e-06,4.942836876584845,1.4502362172789969,,,,
robust_nominal,nominal,3,370,1.7132995022706154e-10,2.759399375662497e-10,-7.447449890728404e-06,4.957781288550884,1.4497310073841734,,,,
robust_nominal,nominal,3,380,1.0872336364542434e-10,1.9985835209013203e-10,1.9931372063235713e-06,4.8747784198292345,1.4448236300743058,,,,
robust_nominal,nominal,3,390,1.0383471860109239e-11,1.6846524175662125e-11,-1.5303001363633433e-06,4.835098221309236,1.4433720642529562,,,,
robust_nominal,nominal,3,400,7.875700092085935e-12,1.2720713371550119e-11,-1.2441708444803856e-06,4.8056581202052815,1.4432015778108394,,,,
robust_nominal,nominal,3,410,5.028688576658169e-11,7.298406323741347e-11,-4.4282355989752254e-06,4.800795536853046,1.4428471641800815,,,,
robust_nominal,nominal,3,420,4.913069950873705e-12,5.56998891454441e-12,-2.9710503144077496e-06,4.796255305192337,1.4427832129330223,,,,
robust_nominal,nominal,3,430,1.6731283025706034e-11,2.9037217075256194e-11,-4.0482177201140415e-06,4.775212545583122,1.4420043789245507,,,,
robust_nominal,nominal,3,440,1.0384437754140663e-10,1.6658741053277026e-10,-1.2248155641348493e-05,4.773790259818464,1.4416722103916595,,,,
robust_nominal,nominal,3,450,1.523539072678659e-10,2.440445623363985e-10,1.6207328916591963e-05,4.756459475380379,1.4401289212135073,,,,
robust_nominal,nominal,3,460,7.325307027628014e-11,7.750688979513143e-11,-4.763258661128572e-06,4.756295291469229,1.4397624730607281,,,,
robust_nominal,nominal,3,470,4.834910249940094e-12,6.250777673244556e-12,-3.614772020634187e-08,4.777528369992818,1.4383959712654184,,,,
robust_nominal,nominal,3,480,9.436673664708906e-12,1.639088864635596e-11,-2.3452176724373597e-06,4.788039903422549,1.4380923786571451,,,,
robust_nominal,nominal,3,490,1.3942069720940253e-11,1.9473755941135096e-11,-1.117859849162433e-07,4.791848584080746,1.4379769919649765,,,,
robust_nominal,nominal,3,500,4.0134451317896946e-11,3.58153506851977e-11,8.650904664228805e-06,4.796881722697601,1.4378063462506292,,,,
robust_nominal,nominal,4,1,0.7796814306528362,0.6620371882374674,-2.718250211931873,138.39620271538092,23.469331026272428,,,,
robust_nominal,nominal,4,10,0.0018811297392844484,0.002484943053951638,-0.05125482467098407,93.50351146591493,7.138445313023171,,,,
robust_nominal,nominal,4,20,3.9751047786751315e-08,1.1879231887057529e-07,-6.38614385124282e-05,92.44805494199473,7.58161717448174,,,,
robust_nominal,nominal,4,30,9.005085122026912e-08,1.4665630398980056e-07,4.549995375279655e-05,90.98989298492387,2.9253514871560817,,,,
robust_nominal,nominal,4,40,1.5857972712751689e-09,4.092322924975633e-09,-1.2473609730557237e-05,90.24944966407716,1.9807412855671624,,,,
robust_nominal,nominal,4,50,8.802502193816508e-08,2.5940262782242485e-07,0.0002055800461082614,89.9190037622768,1.7116773709930893,,,,
robust_nominal,nominal,4,60,2.9342344110006024e-09,4.962806166020073e-09,-4.437787409764364e-05,89.34143985990823,0.9774216590158613,,,,
robust_nominal,nominal,4,70,1.2678746941219288e-10,2.4303647983003884e-10,6.403882996420927e-06,89.23438537871952,0.9666264604778945,,,,
robust_nominal,nominal,4,80,6.098013427546789e-09,3.876543086533957e-09,0.0001659150842686631,88.73533529352316,0.6033797876364296,,,,
robust_nominal,nominal,4,90,8.736789069985207e-12,1.1383338716086655e-11,-1.4073342516039028e-06,88.53277078014816,0.5782229340535174,,,,
robust_nominal,nominal,4,100,7.2345684998254e-11,1.336846189303742e-10,-2.4461443646395676e-06,88.51694765761007,0.5759948556407036,,,,
robust_nominal,nominal,4,110,4.569139955279411e-09,9.182373972294045e-09,-0.00011085296673051135,88.43403077230145,0.5550165139096076,,,,
robust_nominal,nominal,4,120,1.7415328068537406e-09,3.77329789635894e-09,-1.9944811485616392e-05,87.97082148389046,0.4154979167312256,,,,
robust_nominal,nominal,4,130,7.549183500543677e-12,1.0228706770476492e-11,-8.21232407756225e-07,87.86839430168502,0.3859221064017001,,,,
robust_nominal,nominal,4,140,1.7881918168427546e-11,6.671996288787341e-11,-8.235498854830127e-07,87.86169113167468,0.38328523920753493,,,,
robust_nominal,nominal,4,150,7.299891802148295e-10,1.2247309832957853e-09,-1.5250632766449321e-05,87.62120904181731,0.3611811934119142,,,,
robust_nominal,nominal,4,160,1.319170328528685e-10,2.4474511306493696e-10,6.787858695984094e-06,87.43092200251408,0.3514932866550253,,,,
robust_nominal,nominal,4,170,3.378075597026964e-12,3.5478286974921502e-12,-2.1013311493197324e-06,87.41717178238746,0.3493163609715904,,,,
robust_nominal,nominal,4,180,8.051426192423605e-11,1.8637869025894815e-10,1.270568333188895e-05,87.42664026761868,0.3480370053706117,,,,
robust_nominal,nominal,4,190,6.569840227399482e-10,2.095158269099784e-09,2.158182619175262e-06,87.43951875298843,0.3459894246955961,,,,
robust_nominal,nominal,4,200,1.6366197286288298e-10,5.21291232402632e-10,1.047136471266014e-05,87.29211714597467,0.3205368159974855,,,,
robust_nominal,nominal,4,210,4.6526626995557763e-10,6.898890347883935e-10,5.898448176854405e-06,87.18923681276083,0.2986728110067261,,,,
robust_nominal,nominal,4,220,2.982358804359819e-11,2.3432367157738554e-11,-7.92339465701225e-06,87.15224683136891,0.29755353943325596,,,,
robust_nominal,nominal,4,230,3.362296885356386e-09,5.237903222266027e-09,-1.0642622000301588e-06,86.87722380080584,0.2625431989052376,,,,
robust_nominal,nominal,4,240,9.612015627880055e-10,1.3469507731400654e-09,4.647377202456552e-05,86.66762753707872,0.251755163597493,,,,
robust_nominal,nominal,4,250,2.1308321773716443e-10,3.969378159496273e-10,6.7961811138451236e-06,86.6976715712399,0.24152441981113787,,,,
robust_nominal,nominal,4,260,3.318056940315728e-11,5.39097655405385e-11,2.961051698695396e-06,86.72057963081176,0.23868713780042894,,,,
robust_nominal,nominal,4,270,4.268791986561382e-10,6.355269643876227e-10,1.162568287660527e-05,86.57033001421833,0.23285048485560605,,,,
robust_nominal,nominal,4,280,6.175422395671148e-10,1.0468217404024927e-09,-3.003614612885323e-05,86.2838431431038,0.20332997281565443,,,,
robust_nominal,nominal,4,290,4.611089288175663e-12,8.955725050441288e-12,5.710868965555186e-07,86.22048321761311,0.2027349002061411,,,,
robust_nominal,nominal,4,300,3.196891640300237e-10,3.7361913562961035e-10,2.19336634116489e-05,86.13161761276058,0.19269807778334067,,,,
robust_nominal,nominal,4,310,8.005818230572004e-12,1.134869975771835e-11,-3.02229936359785e-06,85.80618142930537,0.18712275652960045,,,,
robust_nominal,nominal,4,320,2.247828589929668e-10,2.2682544731367216e-10,-1.7384795304119133e-05,85.75843316597053,0.1846214185105144,,,,
robust_nominal,nominal,4,330,3.056133124346161e-11,4.425393385076859e-11,-5.021827511399193e-06,85.09643759725421,0.17364301786377737,,,,
robust_nominal,nominal,4,340,4.100053629940703e-13,5.913047829153584e-13,5.097184291318071e-08,85.22666188278329,0.17298731139253193,,,,
robust_nominal,nominal,4,350,1.425304319013776e-12,1.617594946878853e-12,5.367973229268409e-07,85.22267812575144,0.1725822380899603,,,,
robust_nominal,nominal,4,360,4.407607612222364e-11,1.305551222685608e-10,3.0511038541667894e-06,85.2500316695524,0.17205270449873916,,,,
robust_nominal,nominal,4,370,1.5013545962005992e-12,2.212230398868087e-12,-9.116237520449819e-07,85.28602928705818,0.17175119422655483,,,,
robust_nominal,nominal,4,380,3.9543923691098826e-12,3.855582519918244e-12,-2.570871865688356e-06,85.32568975349665,0.1715077794622873,,,,
robust_nominal,nominal,4,390,5.672129432809925e-12,9.705791725878044e-12,-6.426848530655505e-07,85.35194266541218,0.17140301623091653,,,,
robust_nominal,nominal,4,400,2.7849722528117127e-11,6.024802878812352e-11,7.067745248792375e-06,85.27898832800823,0.17099543011131624,,,,
robust_nominal,nominal,4,410,4.923395025002719e-12,7.952527525389996e-12,-2.412487134361941e-06,85.20060694499873,0.17071655929256557,,,,
robust_nominal,nominal,4,420,7.426859127690477e-11,1.1654588405463073e-10,4.6388282574734625e-06,85.20410770441084,0.16917479975020477,,,,
robust_nominal,nominal,4,430,1.7315260336658866e-11,2.82007750485036e-11,4.4235560566514405e-06,85.26239346050029,0.16845871493858688,,,,
robust_nominal,nominal,4,440,2.82417977892635e-10,6.842000299656092e-10,-1.4007402491185508e-05,85.27001954613911,0.16719982865780766,,,,
robust_nominal,nominal,4,450,1.1540490785222346e-10,1.259379267537497e-10,-3.633617693343414e-06,84.85425260795444,0.1621700769426757,,,,
robust_nominal,nominal,4,460,4.1927017413456724e-11,6.020917098226164e-11,2.007773778068459e-06,84.63005555835971,0.1606769329624625,,,,
robust_nominal,nominal,4,470,3.7613134828973216e-11,8.916734017816452e-11,-4.606687998078994e-08,84.6880689882243,0.1603066080984836,,,,
robust_nominal,nominal,4,480,1.7590151557556055e-11,2.300493129325787e-11,-1.1801621180722555e-08,84.64844257238121,0.1600946915859888,,,,
robust_nominal,nominal,4,490,1.9373169735104057e-11,4.0534242629064465e-11,2.684753199079652e-06,84.55605009270991,0.15991197706063923,,,,
robust_nominal,nominal,4,500,1.5672130260213635e-11,3.365774325914117e-11,3.6023766176747605e-07,84.52178979473948,0.1596208808739664,,,,
robust_nominal,nominal,5,1,0.16031227262132286,0.25565666115296404,0.03152017371106251,120.62712867260159,26.762972989259087,,,,
robust_nominal,nominal,5,10,3.3623361037626864e-06,3.4638109983609056e-06,0.0032927691598586242,73.36218192586915,3.9150361639390545,,,,
robust_nominal,nominal,5,20,4.17643455374872e-08,1.1331274751835707e-07,0.00011692248392659545,73.09387005904553,3.7762940653721664,,,,
robust_nominal,nominal,5,30,8.766986725472492e-08,2.1649148318481082e-07,0.00013463447337269986,74.99746305150714,1.2972504707743484,,,,
robust_nominal,nominal,5,40,1.2236989199720938e-11,1.333111399048903e-11,-2.699587811968603e-06,75.62567133325966,0.9002597585592835,,,,
robust_nominal,nominal,5,50,7.134002333319955e-08,1.811792973427373e-07,8.884776044195496e-05,76.34232882718763,0.4267291072378845,,,,
robust_nominal,nominal,5,60,1.7924306483507735e-10,2.65418576006482e-10,9.671969963225698e-06,76.38519513778016,0.41657531120289293,,,,
robust_nominal,nominal,5,70,2.6490276638924115e-10,3.6628056143683807e-10,-3.5534868277235594e-06,76.42394699091447,0.40806896590703223,,,,
robust_nominal,nominal,5,80,5.020018734036569e-09,7.909213950441085e-09,-4.398892342086881e-05,76.58208765186446,0.32465308568306295,,,,
robust_nominal,nominal,5,90,1.2372536328797423e-10,1.8775159205119962e-10,1.221853100536379e-05,76.76800417826296,0.2523483982766921,,,,
robust_nominal,nominal,5,100,6.80172584921479e-11,8.708211929331355e-11,-5.888277995632589e-06,76.78317318932646,0.2513222938665582,,,,
robust_nominal,nominal,5,110,4.376441986586599e-09,7.981842076176804e-09,1.80485948366029e-05,76.82549077174195,0.2367710964417724,,,,
robust_nominal,nominal,5,120,4.428224453789653e-11,3.126299219502471e-11,1.1536077053826291e-05,76.89904677804398,0.19820449154005634,,,,
robust_nominal,nominal,5,130,1.0313521148219706e-09,2.3521049552499562e-09,2.932686178842196e-06,76.93053471252003,0.19269425665185266,,,,
robust_nominal,nominal,5,140,2.4670165910123387e-10,3.9243386318332796e-10,-1.1073086182986663e-05,77.00815566002319,0.18014241536497394,,,,
robust_nominal,nominal,5,150,1.884381539696278e-12,3.639977208536038e-12,-2.9265634465923717e-07,77.00310481180813,0.17901648193683511,,,,
robust_nominal,nominal,5,160,1.1681601241875228e-09,8.769172055167473e-10,-5.6419374166015814e-05,76.98819367937928,0.17651760943043662,,,,
robust_nominal,nominal,5,170,5.949685188966214e-12,7.37809813244894e-12,1.6040265355029532e-06,77.00349050455182,0.1731889250488811,,,,
robust_nominal,nominal,5,180,5.280933468299054e-10,8.776752657979614e-10,2.5314564078209576e-05,77.0863256042042,0.16439308892401366,,,,
robust_nominal,nominal,5,190,1.1006084932319027e-11,3.628986000592249e-11,-2.106946257008526e-06,77.09252130011632,0.16408484382223962,,,,
robust_nominal,nominal,5,200,4.908633499667303e-10,5.365694555337086e-10,1.6823390569858303e-05,77.08700502188381,0.1626345287789162,,,,
robust_nominal,nominal,5,210,4.895607252919376e-10,6.011577902143017e-10,-4.196098185851011e-06,77.08979543364106,0.1586748242762326,,,,
robust_nominal,nominal,5,220,1.1943779298917434e-12,1.1965983759409937e-12,-1.0080425712511403e-06,77.12614322568417,0.15677482601424134,,,,
robust_nominal,nominal,5,230,1.7610468638906696e-11,2.719668934503261e-11,4.3322944934561495e-06,77.13544683749629,0.15550034457288067,,,,
robust_nominal,nominal,5,240,7.62390151010095e-13,4.973799150320701e-13,1.5650921471618174e-06,77.12492150778384,0.15529548274575625,,,,
robust_nominal,nominal,5,250,1.7417542963471533e-09,2.5410988868657114e-09,1.1376994609480335e-05,77.15921658494854,0.14793885277166086,,,,
robust_nominal,nominal,5,260,6.426570386963704e-11,3.974132134487718e-11,1.5607307779719515e-05,77.197911834268,0.1424892244701337,,,,
robust_nominal,nominal,5,270,1.704625329779219e-11,1.956346196152481e-11,-5.633446048260458e-06,77.22339632826554,0.13861467511276782,,,,
robust_nominal,nominal,5,280,4.853561996753797e-12,7.835510018594505e-12,-1.9999843856216857e-06,77.22479377102388,0.1385716190893599,,,,
robust_nominal,nominal,5,290,1.959630235859322e-10,3.398159531542433e-10,8.236484538449162e-06,77.24968118656463,0.1367798191608556,,,,
robust_nominal,nominal,5,300,1.599231858051553e-11,1.4196643860486802e-11,5.4641016697807585e-06,77.2699011915125,0.13258100634909356,,,,
robust_nominal,nominal,5,310,2.765565554341265e-12,2.630562434546846e-12,1.652360476953264e-06,77.27186612274821,0.13256217751563124,,,,
robust_nominal,nominal,5,320,3.3005265187568966e-11,4.7600812180803587e-11,-6.831677980010274e-06,77.27060367871488,0.1324212422770548,,,,
robust_nominal,nominal,5,330,7.460920770085977e-12,8.306466625640496e-12,-3.3587687154785703e-06,77.26788098259208,0.13230181802194538,,,,
robust_nominal,nominal,5,340,1.485545020329937e-11,2.034861168453972e-11,4.185911656910082e-06,77.27713708090879,0.13133619077585587,,,,
robust_nominal,nominal,5,350,1.9389823080473434e-11,1.3759438033389415e-11,7.577719072240842e-06,77.28142177474014,0.13126682045914542,,,,
robust_nominal,nominal,5,360,2.4935609133081016e-13,6.608047442568932e-13,-3.735997576305845e-07,77.29169025355439,0.1309444059184204,,,,
robust_nominal,nominal,5,370,2.5671686998407495e-12,4.837685807501657e-12,-1.3262805009862998e-07,77.29451044410513,0.13087701705190333,,,,
robust_nominal,nominal,5,380,2.637889906509372e-13,3.490541189421492e-13,-5.342458552773216e-07,77.2925974633176,0.13082228870757734,,,,
robust_nominal,nominal,5,390,2.2533086507792177e-12,5.5990767577895895e-12,-1.9824084561216437e-06,77.30209292569236,0.13070769646861152,,,,
robust_nominal,nominal,5,400,4.248246199267669e-11,5.455880192073437e-11,5.499580597146841e-06,77.3084402014457,0.13059291532346937,,,,
robust_nominal,nominal,5,410,1.2626566459061905e-12,1.5918377727075494e-12,4.6268183701130355e-07,77.30505620119703,0.13044740547787606,,,,
robust_nominal,nominal,5,420,2.3652191316614335e-12,3.4301450568818836e-12,-1.999487956880274e-06,77.31325781456349,0.13036631514784044,,,,
robust_nominal,nominal,5,430,4.3750225664496156e-11,5.753908460803814e-11,-3.388542915164094e-06,77.31999052027194,0.1302374068510731,,,,
robust_nominal,nominal,5,440,1.9662049766111522e-12,2.4067414727824143e-12,-1.5345199080918375e-06,77.31652349368564,0.1301647365862328,,,,
robust_nominal,nominal,5,450,1.3936407583514665e-11,1.1902034913191528e-11,5.594164566768335e-06,77.31383024446772,0.13000267442473892,,,,
robust_nominal,nominal,5,460,5.092815058560518e-12,7.05724367833227e-12,-1.558775979697386e-06,77.31381092889261,0.129964127321366,,,,
robust_nominal,nominal,5,470,1.254774062431352e-12,1.6264767310758543e-12,-2.0843310860659832e-07,77.32178575303527,0.12988868644166762,,,,
robust_nominal,nominal,5,480,3.639577528247173e-11,4.445221968296664e-11,4.1771680895073806e-08,77.33289253070339,0.1294894509203737,,,,
robust_nominal,nominal,5,490,4.0945025148175773e-13,5.611067166455541e-13,5.347477615717811e-07,77.33566746869538,0.12918858928033472,,,,
robust_nominal,nominal,5,500,5.505818023721076e-12,8.69371241662975e-12,-1.9254794380232813e-06,77.33650285042683,0.12915308194849395,,,,
robust_nominal,nominal,6,1,0.3594400391864795,0.524628519089053,-0.6057845238305528,127.8527313785529,26.59939324428214,,,,
robust_nominal,nominal,6,10,6.091713187550418e-06,1.6247609982089628e-05,-0.0020791033908123414,95.64657275908903,18.879453208644136,,,,
robust_nominal,nominal,6,20,5.317459134124292e-07,7.383151002793298e-07,0.0009188470740812436,95.5403021024831,17.9134486203782,,,,
robust_nominal,nominal,6,30,3.872225093903836e-07,5.690976737637854e-07,-7.041858473511688e-05,95.69185286442627,9.957637526269833,,,,
robust_nominal,nominal,6,40,3.162641282195011e-08,7.371361565589041e-08,0.00019888415305773394,95.47007054413785,6.59995886823247,,,,
robust_nominal,nominal,6,50,6.048264111768731e-10,8.773746174028929e-10,1.8984081584641596e-05,95.29037652427215,5.969687879635759,,,,
robust_nominal,nominal,6,60,1.346290212644874e-08,1.9533974104923857e-08,-0.00011432376360673478,95.10894487447497,5.73901015242544,,,,
robust_nominal,nominal,6,70,2.1734210653434616e-08,6.59518375467627e-08,0.0001701191193211099,94.43485116911428,2.865086672284591,,,,
robust_nominal,nominal,6,80,1.77901682274495e-08,1.4572359985365324e-08,0.0002508914730291508,94.25008940139426,2.6044938109617557,,,,
robust_nominal,nominal,6,90,4.366251804555077e-11,1.47531764582709e-10,2.738745935357777e-06,94.12163490208606,2.5539460274599874,,,,
robust_nominal,nominal,6,100,1.45373585835884e-07,1.9459818034750498e-07,0.0004269523453021285,93.83376366437749,1.9620725124248621,,,,
robust_nominal,nominal,6,110,1.0966939023582256e-08,9.529104838534863e-09,0.00018106743419866707,93.5867271347049,1.5209655816101122,,,,
robust_nominal,nominal,6,120,9.806937484313494e-10,1.0214262768926119e-09,4.3251929391690204e-05,93.35014009058482,1.408181169924911,,,,
robust_nominal,nominal,6,130,3.8270842050991405e-10,3.800106895823774e-10,3.0401897980631093e-05,93.31336793957537,1.3999527980294415,,,,
robust_nominal,nominal,6,140,2.3273163396453356e-09,2.5575257467380652e-09,6.318526699470878e-05,93.31922611736408,1.3753091510653197,,,,
robust_nominal,nominal,6,150,6.774751870608497e-10,2.1882435863318506e-09,1.7995264357292397e-05,93.18963628124527,1.1945661813362989,,,,
robust_nominal,nominal,6,160,7.4083276180303415e-09,6.451661649364837e-09,-0.00011672928747443052,92.89986502810389,1.0628232093296652,,,,
robust_nominal,nominal,6,170,2.8898661241782975e-10,9.668223999170777e-10,7.855558895049434e-06,92.71494254074474,0.8735178955704749,,,,
robust_nominal,nominal,6,180,2.9155011738168923e-11,3.9354963732307624e-11,-3.6959360592703764e-06,92.65302223393,0.8647573043426051,,,,
robust_nominal,nominal,6,190,7.521581135705446e-10,1.379523384414938e-09,-7.92933884181571e-06,92.47566080831241,0.8272660115002308,,,,
robust_nominal,nominal,6,200,1.3576222368527624e-09,2.3962238859809304e-09,6.186512866076258e-06,92.43489026423076,0.7951832736731576,,,,
robust_nominal,nominal,6,210,3.430935535675417e-10,9.887903829053357e-10,-3.37441231563316e-06,92.349570386915,0.7898013520685345,,,,
robust_nominal,nominal,6,220,3.0194098332714248e-09,3.723699792956836e-09,-2.87642951886975e-06,92.08361215085036,0.7277023148386652,,,,
robust_nominal,nominal,6,230,7.86238851802068e-10,1.6401580094083101e-09,2.2721191555272432e-05,91.99443728271214,0.6545719786801404,,,,
robust_nominal,nominal,6,240,3.3957758827085627e-10,7.328677664730776e-10,2.272491176293587e-05,92.12780585883085,0.6282603735934678,,,,
robust_nominal,nominal,6,250,2.4653734609358935e-10,4.694327149223909e-10,-6.989085095485691e-06,92.21505902744431,0.623936809491891,,,,
robust_nominal,nominal,6,260,5.746305320464273e-09,3.4188545328106557e-09,0.000154473952702124,92.23500110133214,0.572796471443555,,,,
robust_nominal,nominal,6,270,9.240452847336655e-11,1.9343993074016907e-10,-2.688094766939576e-06,92.13619451070454,0.5600590954323071,,,,
robust_nominal,nominal,6,280,2.7012706516060803e-09,4.709433509830774e-09,-4.5777979566416485e-05,92.0486604058123,0.5494073895732834,,,,
robust_nominal,nominal,6,290,2.2172985669755008e-10,3.491362754459715e-10,1.582762694076854e-05,92.02829103383812,0.52306751083768,,,,
robust_nominal,nominal,6,300,1.2775558388966601e-10,2.479576544089923e-10,-1.629817918264553e-05,92.101695788045,0.5159956206229015,,,,
robust_nominal,nominal,6,310,9.485097818284771e-09,1.4056826813657608e-08,-4.110053601348843e-05,91.99200156684621,0.4396514564135899,,,,
robust_nominal,nominal,6,320,5.14516096394857e-10,1.2315481967561936e-09,1.2901194776954006e-05,91.80018507540201,0.3963003738580906,,,,
robust_nominal,nominal,6,330,3.3214875294618196e-11,5.298472771642082e-11,-6.7735277609537095e-06,91.76218384249977,0.3946599414268518,,,,
robust_nominal,nominal,6,340,4.229677719180813e-10,6.487923531750539e-10,-1.2562110902956819e-05,91.78113791847889,0.3917977266944753,,,,
robust_nominal,nominal,6,350,1.5501822048236136e-09,3.837308915066728e-09,5.126731499628323e-05,91.58422637508193,0.31584620282684206,,,,
robust_nominal,nominal,6,360,2.666615817048523e-10,5.824254412090113e-10,2.2441424318367905e-05,91.42284062048405,0.29540661501933774,,,,
robust_nominal,nominal,6,370,2.968847390150131e-11,4.312150636565093e-11,-3.833642206711189e-06,91.39027663184889,0.29450311795921136,,,,
robust_nominal,nominal,6,380,2.2698953827671176e-11,8.389844374789845e-11,3.344635363818592e-07,91.40454238409482,0.2910333596738989,,,,
robust_nominal,nominal,6,390,1.0301106079246836e-08,7.218726727487024e-09,0.00022139887376266117,91.2054903194032,0.25107020264450924,,,,
robust_nominal,nominal,6,400,2.553196543075842e-10,8.720817401552949e-10,4.4202930416325836e-07,91.24707255613082,0.22886015414773248,,,,
robust_nominal,nominal,6,410,1.2368273072382863e-10,3.647284696484121e-10,-4.252710539457747e-06,91.27865097437677,0.22736878831796098,,,,
robust_nominal,nominal,6,420,5.2169379927136106e-12,4.163558386949262e-12,3.7671268511329897e-06,91.25240519390323,0.22427439130199356,,,,
robust_nominal,nominal,6,430,9.260258115872944e-10,1.4495595834773667e-09,-1.0665334056909617e-05,91.22535825615857,0.21756116202231274,,,,
robust_nominal,nominal,6,440,4.895306382479703e-11,5.309197526059961e-11,-9.353678860431568e-06,91.19722166939202,0.21654972909123293,,,,
robust_nominal,nominal,6,450,2.0355495067292395e-11,2.379363372995158e-11,-8.430499537424495e-07,91.19270684004687,0.20898592474581046,,,,
robust_nominal,nominal,6,460,1.9948953600135155e-10,3.040443452562158e-10,1.0841586048852083e-05,91.18273612190349,0.2073542480068909,,,,
robust_nominal,nominal,6,470,2.4998780823182187e-10,3.136333415199033e-10,1.4907131458647312e-05,91.00038323402246,0.18138432249797684,,,,
robust_nominal,nominal,6,480,2.7321922502210327e-11,5.6282978277977236e-11,-2.247870015663925e-06,90.95310793426326,0.17907726882621,,,,
robust_nominal,nominal,6,490,1.1342260464175524e-11,1.4637180356658064e-11,-4.88095516991223e-06,90.9099145496009,0.17825029306454881,,,,
robust_nominal,nominal,6,500,1.8895995879120164e-11,1.1579626146840383e-11,9.008763226424468e-06,90.91940646542417,0.1769092179919795,,,,
robust_nominal,nominal,7,1,0.12268148384509736,0.13830498590359974,0.5582611152846076,108.14175795942157,25.11291971525018,,,,
robust_nominal,nominal,7,10,8.898131963763767e-05,0.00010804203246561617,-0.003690354258393837,64.64244758905554,5.633368219580483,,,,
robust_nominal,nominal,7,20,5.281139969781634e-09,1.211209821327941e-08,-8.657937639902005e-05,64.08498519139457,5.466169105807649,,,,
robust_nominal,nominal,7,30,2.920418875618225e-07,3.5594320391130196e-07,0.0006338880164192775,66.90031212767076,2.305534959373832,,,,
robust_nominal,nominal,7,40,1.8898276277212744e-09,1.569681939983525e-09,6.818118343415955e-05,68.1613455537646,1.459063520688224,,,,
robust_nominal,nominal,7,50,6.497296367591332e-09,9.174552673130165e-09,-2.195949637207367e-05,68.37559823280932,1.4274506441294605,,,,
robust_nominal,nominal,7,60,2.4325611525100044e-09,3.998312125830239e-09,7.159665001956542e-05,69.70972283404807,0.6947795269062963,,,,
robust_nominal,nominal,7,70,5.220140986139654e-10,4.0857917049663683e-10,-3.501974078132122e-05,69.87715730582676,0.6807649980168706,,,,
robust_nominal,nominal,7,80,3.7910619088421527e-10,6.29747365366029e-10,2.2757340216758765e-06,69.87183743771504,0.6787823651897364,,,,
robust_nominal,nominal,7,90,5.118775625589933e-09,6.0381502020590005e-09,0.00010263760101218609,70.4545647269002,0.46037397751265474,,,,
robust_nominal,nominal,7,100,2.718498759435306e-10,3.390769887090528e-10,-3.25586198706187e-06,70.66697910540137,0.4388727783338477,,,,
robust_nominal,nominal,7,110,8.872347301291938e-12,2.4684476684910805e-11,3.026784609944152e-06,70.69597057687037,0.436848811061199,,,,
robust_nominal,nominal,7,120,6.126107399140324e-10,1.154027318150952e-09,3.326145910968743e-05,70.6674617787839,0.43136665029633303,,,,
robust_nominal,nominal,7,130,5.633384869696556e-10,1.0037315423261362e-09,-1.1979255699956876e-05,70.60020634703837,0.4149056410215615,,,,
robust_nominal,nominal,7,140,2.862561410132969e-09,4.411759846334462e-09,4.3226334761288876e-05,70.6621048582339,0.40444894217475963,,,,
robust_nominal,nominal,7,150,3.460565167756613e-12,5.028644167737184e-12,9.134243392834336e-07,70.69996118960007,0.3923697760075435,,,,
robust_nominal,nominal,7,160,3.354688749013235e-10,2.44608777677513e-10,-2.9442998448012545e-05,70.69989169622148,0.39107144476675654,,,,
robust_nominal,nominal,7,170,5.3786030074221e-09,6.285441500608613e-09,9.715334021505263e-05,71.11169717466343,0.3089216476900415,,,,
robust_nominal,nominal,7,180,3.725521002806431e-10,4.695306365931629e-10,2.101367804439982e-05,71.30590789044332,0.2831869066416896,,,,
robust_nominal,nominal,7,190,9.013878532471153e-11,1.3691137112914475e-10,7.55058102888602e-06,71.32924617106845,0.2821097199443505,,,,
robust_nominal,nominal,7,200,6.005751451709784e-11,7.86997134127887e-11,-3.281746059792043e-06,71.34978171165959,0.2806957393079439,,,,
robust_nominal,nominal,7,210,1.1379874820249825e-10,2.0694379543328978e-10,1.1601812469109563e-05,71.38145356685807,0.2798521877075998,,,,
robust_nominal,nominal,7,220,7.921375777542039e-10,1.3568410839326361e-09,-2.0647274000480742e-05,71.4406222463949,0.2671402405696316,,,,
robust_nominal,nominal,7,230,1.8622947628443853e-10,3.9269032470201637e-10,1.739630073733108e-05,71.5304140151375,0.2638213861455948,,,,
robust_nominal,nominal,7,240,3.959499395023158e-11,8.804601492329311e-11,4.4760805110390515e-07,71.53596072365723,0.2633793293709039,,,,
robust_nominal,nominal,7,250,2.317662728401615e-10,2.8614111080571547e-10,-1.957729567833316e-05,71.53607245673359,0.25996242726665314,,,,
robust_nominal,nominal,7,260,1.669664406733773e-11,2.754840799923386e-11,2.464756238078754e-07,71.5070789150724,0.2588624816581598,,,,
robust_nominal,nominal,7,270,6.04426730888008e-10,9.100338260736862e-10,-1.1222861386273177e-05,71.50785404571212,0.2572409166036727,,,,
robust_nominal,nominal,7,280,6.120204343318392e-11,9.02315999695702e-11,2.615922488944808e-07,71.52191610830558,0.25596075676191227,,,,
robust_nominal,nominal,7,290,6.926570428333889e-11,2.430735612790613e-10,-3.0225275148033764e-07,71.51838607280767,0.25532968418258345,,,,
robust_nominal,nominal,7,300,5.115607937256073e-10,8.841072318688248e-10,-4.515187899012284e-06,71.48461271180363,0.25272777959488774,,,,
robust_nominal,nominal,7,310,3.205646859072431e-11,4.4503956075914175e-11,4.601997062707641e-06,71.47661721405112,0.25016371594758113,,,,
robust_nominal,nominal,7,320,5.776568112736413e-11,8.276757057501527e-11,-5.777324423614824e-06,71.46905549065605,0.24942677471511088,,,,
robust_nominal,nominal,7,330,3.700839634745989e-11,5.267963842925383e-11,4.513593483068534e-06,71.4581588866733,0.24875715857363134,,,,
robust_nominal,nominal,7,340,2.333353510408642e-10,5.378435474767684e-10,-1.7739593992523134e-05,71.47699257211625,0.24727830147409627,,,,
robust_nominal,nominal,7,350,3.8309377892176144e-10,6.668663399267416e-10,-6.625083110264531e-06,71.50691810417764,0.24518879660764228,,,,
robust_nominal,nominal,7,360,2.250410968684946e-11,3.604250231603601e-11,3.0290844623908753e-06,71.51558447447954,0.24428437074761158,,,,
robust_nominal,nominal,7,370,7.251456102252973e-10,1.0328282673555123e-09,4.136968394458813e-06,71.52198296674388,0.24259043377304568,,,,
robust_nominal,nominal,7,380,2.344573424295504e-09,2.596190151749056e-09,-6.393270900988784e-05,71.7098230273462,0.22398759013342592,,,,
robust_nominal,nominal,7,390,1.6464607455191071e-13,2.666755705149626e-13,-6.360548854280483e-08,71.75292289416457,0.2209507115501199,,,,
robust_nominal,nominal,7,400,2.0109511833510396e-09,3.791301272926262e-09,5.1627743152760804e-05,71.88107420778731,0.21285840296607358,,,,
robust_nominal,nominal,7,410,1.608846389444807e-11,5.749334341942358e-11,-1.9653839817901908e-06,71.99320300685066,0.2075017970704333,,,,
robust_nominal,nominal,7,420,1.5660139851547683e-11,2.2741808436421707e-11,-4.012370480372321e-06,72.03582524821398,0.20569716491617762,,,,
robust_nominal,nominal,7,430,2.0514967502549553e-10,2.7032176497243654e-10,1.7379802631103945e-05,72.04897653330215,0.20163058569249362,,,,
robust_nominal,nominal,7,440,1.8114065802876667e-11,2.4589663638607817e-11,-2.475238501141673e-06,72.03583628517995,0.2014793262520194,,,,
robust_nominal,nominal,7,450,2.4696911182786607e-12,2.2892798767770728e-12,1.3556440720049822e-06,72.0195714644655,0.20134925823161912,,,,
robust_nominal,nominal,7,460,5.165585736932599e-10,7.334417517768088e-10,1.2118467674863244e-05,72.04847081140247,0.2001631985415181,,,,
robust_nominal,nominal,7,470,3.13764569881414e-11,4.504996375942483e-11,-5.271441688137607e-06,72.20082116279077,0.19532433212386147,,,,
robust_nominal,nominal,7,480,7.87592213669086e-13,9.79216707719388e-13,9.273593317163044e-07,72.17805056630756,0.1934834705168811,,,,
robust_nominal,nominal,7,490,2.310951430217756e-11,3.1442404235804133e-11,-8.752346796685287e-06,72.1981861458709,0.19331161964980176,,,,
robust_nominal,nominal,7,500,7.403381241388729e-10,1.7475874081185339e-09,-2.075304246513185e-05,72.32420150723516,0.18886681745762343,,,,
robust,branch_safe_ar_channel_root,1,1,5.207689834918483e-10,1.3379202190577644e-09,1.5370989424761008e-05,2.3416428819985516e-05,3.1321889418582387,0.0070059421480298915,,,
robust,branch_safe_ar_channel_root,1,26,7.311773408957833e-11,9.315126447972943e-11,6.077016478948643e-06,1.1235908713827232e-09,3.1444489005951417,4.099798680498158e-05,,,
robust,branch_safe_ar_channel_root,1,51,-5.329070518200751e-15,3.4638958368304884e-14,-1.0137723993608357e-11,3.129022356500797e-21,3.1444732166179215,6.840770389848494e-11,,,
,,1,,,,,,3.029784876662895,3.3047128350409435e-10,0.01,31,True
robust,branch_safe_ar_channel_root,1,1,1.9528794137357863e-09,2.6853330670206788e-09,-1.8435186166901267e-05,1.2594996263170014e-05,2.855605474188037,0.0040052611772247,,,
robust,branch_safe_ar_channel_root,1,26,9.037215420448774e-14,1.5143442055887135e-13,-2.040900781708301e-11,4.639959304974815e-20,3.0455115825741195,3.6453525489973446e-10,,,
same_duration_nonrobust_surrogate_fine,nominal,1,1,3.0391295036125143e-09,4.193724922885167e-09,6.5240664812279075e-06,88.72133896779508,0.07991750258067615,,,,
same_duration_nonrobust_surrogate_fine,nominal,1,10,1.156852391659413e-13,1.532107773982716e-13,1.100649529018036e-07,88.71979363804441,0.07992295959101915,,,,
same_duration_nonrobust_surrogate_fine,nominal,1,20,2.994138270651092e-11,6.578693145797843e-11,3.1659707607678045e-06,88.71925454577361,0.07974675914319918,,,,
same_duration_nonrobust_surrogate_fine,nominal,1,30,2.5834889783027393e-12,4.61053417666335e-12,7.614464653288196e-07,88.72029561458311,0.07973897725077418,,,,
same_duration_nonrobust_surrogate_fine,nominal,1,40,1.1257661469699087e-13,1.4854784069484595e-13,-4.072500994768219e-08,88.72062754473951,0.0795030469641109,,,,
same_duration_nonrobust_surrogate_fine,nominal,1,50,1.5185630530822891e-12,2.781552765895867e-12,-1.738333138994324e-06,88.72064263852,0.07949702232670193,,,,
same_duration_nonrobust_surrogate_fine,nominal,1,60,1.709743457922741e-12,3.1252778143198157e-12,9.71219420778803e-07,88.7209771182819,0.07948158499187076,,,,
same_duration_nonrobust_surrogate_fine,nominal,1,70,3.4766634016136777e-12,4.4366732510070506e-12,2.213851265517388e-06,88.7217562077117,0.07935322033844348,,,,
same_duration_nonrobust_surrogate_fine,nominal,1,80,3.638200851696638e-13,4.0256686872908176e-13,2.2536995566995884e-07,88.72141787652919,0.07935219581539046,,,,
same_duration_nonrobust_surrogate_fine,nominal,1,90,9.341416529196067e-13,1.1854961456947422e-12,-7.916405203326179e-07,88.7212101090018,0.07934579763067048,,,,
same_duration_nonrobust_surrogate_fine,nominal,1,100,1.4914736112814353e-12,1.056932319443149e-12,-2.3796105725945873e-06,88.72145984170358,0.07932189311388295,,,,
same_duration_nonrobust_surrogate_fine,nominal,1,110,1.6053824936079764e-13,2.0028423364237824e-13,1.4364137446159073e-07,88.72222883658286,0.07925312282614941,,,,
same_duration_nonrobust_surrogate_fine,nominal,1,120,1.2856382625159313e-13,1.6786572132332367e-13,-1.1006658268145093e-07,88.7222554174294,0.07925171387163504,,,,
same_duration_nonrobust_surrogate_fine,nominal,1,130,5.606626274357041e-13,7.542855229303314e-13,-2.121190739725754e-07,88.72206039554521,0.07925005892459897,,,,
same_duration_nonrobust_surrogate_fine,nominal,1,140,2.1249668691325496e-13,2.879918525877656e-13,-6.87441283065152e-08,88.72229964083776,0.07924606054266829,,,,
same_duration_nonrobust_surrogate_fine,nominal,1,150,2.0694557179012918e-13,2.142730437526552e-13,3.917268194266063e-07,88.72227880555901,0.07924534916048402,,,,
same_duration_nonrobust_surrogate_fine,nominal,1,160,2.0317081350640365e-13,2.688960165642129e-13,3.1434637551298765e-07,88.72232658847703,0.07924305410313925,,,,
same_duration_nonrobust_surrogate_fine,nominal,1,170,3.815836535636663e-13,4.141131881851834e-13,-8.386433294210797e-07,88.72243791023195,0.07923069132401975,,,,
same_duration_nonrobust_surrogate_fine,nominal,1,180,2.3273605265217157e-12,2.7755575615628914e-12,-1.1852919475416556e-06,88.7230067437999,0.07920966287471758,,,,
same_duration_nonrobust_surrogate_fine,nominal,1,190,1.8005597013370789e-12,1.6266987756807794e-12,2.0566349507929197e-06,88.72337212349571,0.07913654649157115,,,,
same_duration_nonrobust_surrogate_fine,nominal,1,200,2.0273782652679984e-12,3.3169023083701177e-12,-2.00439223000543e-06,88.72318649933764,0.07912072789044405,,,,
same_duration_nonrobust_surrogate_fine,nominal,1,210,2.3070434451710753e-13,2.6267876762631204e-13,-4.214217895483666e-07,88.7234956263366,0.0791032670252912,,,,
same_duration_nonrobust_surrogate_fine,nominal,1,220,2.3070434451710753e-13,2.5135449277513544e-13,-2.844278890191848e-07,88.72352558450923,0.0790997611062306,,,,
same_duration_nonrobust_surrogate_fine,nominal,1,230,1.7278400932241311e-12,2.653655073459049e-12,1.4748871112515495e-06,88.72386085778811,0.07909158620656169,,,,
same_duration_nonrobust_surrogate_fine,nominal,1,240,4.142242104876459e-13,5.45785638905727e-13,5.158494498784453e-07,88.7236003917246,0.07908933405419566,,,,
same_duration_nonrobust_surrogate_fine,nominal,1,250,1.127986593019159e-13,1.509903313490213e-13,-2.681114699699165e-08,88.72347832267981,0.07908820431784784,,,,
same_duration_nonrobust_surrogate_fine,nominal,1,260,1.6586731987899839e-13,2.020605904817785e-13,2.3721113032178982e-07,88.72373255581824,0.07908293991624729,,,,
same_duration_nonrobust_surrogate_fine,nominal,1,270,1.2878587085651816e-13,1.580957587066223e-13,2.2067823532428965e-07,88.72377213830029,0.07908047623033816,,,,
same_duration_nonrobust_surrogate_fine,nominal,1,280,1.3355982986240633e-13,1.887379141862766e-13,1.2555000278305908e-07,88.72400938569082,0.07906816961755049,,,,
same_duration_nonrobust_surrogate_fine,nominal,1,290,3.079758670310184e-13,5.058176100192213e-13,3.418866188489133e-07,88.72410485451547,0.07906488683441226,,,,
same_duration_nonrobust_surrogate_fine,nominal,1,300,2.9454216843305403e-13,3.652633751016765e-13,-1.7841794858208133e-07,88.7243326861843,0.07905980347424313,,,,
same_duration_nonrobust_surrogate_fine,nominal,1,310,1.9964807584926803e-11,2.798272724646722e-11,2.284693578026008e-06,88.72614103499801,0.07895715115584309,,,,
same_duration_nonrobust_surrogate_fine,nominal,1,320,1.4671153181211594e-11,2.7161606297454455e-11,2.2857614152371486e-06,88.72340208907927,0.07863570391001116,,,,
same_duration_nonrobust_surrogate_fine,nominal,1,330,4.74953409934642e-13,9.061640326990528e-13,3.1746458795142326e-09,88.72230565446479,0.07861579925477107,,,,
same_duration_nonrobust_surrogate_fine,nominal,1,340,6.161737786669619e-13,1.0078604617547171e-12,-2.0834772343517626e-07,88.72093033873948,0.07858617161021729,,,,
same_duration_nonrobust_surrogate_fine,nominal,1,350,3.816946758661288e-13,4.447553436648377e-13,-6.142178307082462e-07,88.72027090839816,0.0785838141569479,,,,
same_duration_nonrobust_surrogate_fine,nominal,1,360,1.089239809459741e-12,1.290967333034132e-12,2.863227509537037e-07,88.72023173462225,0.07857249020007057,,,,
same_duration_nonrobust_surrogate_fine,nominal,1,370,1.6431300764452317e-13,1.816324868286756e-13,-4.1715165030610776e-07,88.72036830957514,0.07856689265468252,,,,
same_duration_nonrobust_surrogate_fine,nominal,1,380,4.172329148843801e-12,4.2879033657072796e-12,3.45882393556599e-06,88.72025089656235,0.07855399399974433,,,,
same_duration_nonrobust_surrogate_fine,nominal,1,390,1.2161383011743965e-12,1.4079848398296235e-12,1.7228575094383182e-08,88.71840804508683,0.07852116990786051,,,,
same_duration_nonrobust_surrogate_fine,nominal,1,400,1.6706636074559356e-12,1.3573586699067164e-12,-2.524211250776914e-06,88.71330586953142,0.0784832433642617,,,,
same_duration_nonrobust_surrogate_fine,nominal,1,410,5.589972928987663e-13,9.281464485866309e-13,5.329246037250252e-07,88.71419914298069,0.07846206435104627,,,,
same_duration_nonrobust_surrogate_fine,nominal,1,420,1.1771694730100535e-12,1.0624834345662748e-12,-1.281625008178706e-06,88.71471193771175,0.07845652334903379,,,,
same_duration_nonrobust_surrogate_fine,nominal,1,430,1.8877122087701537e-12,2.5150992399858296e-12,5.759343440236269e-07,88.7162317290483,0.07838266328753586,,,,
same_duration_nonrobust_surrogate_fine,nominal,1,440,2.0937696021405827e-12,4.247047158401074e-12,-9.494344326604659e-07,88.7160638487742,0.07837100093913228,,,,
same_duration_nonrobust_surrogate_fine,nominal,1,450,4.197753256107717e-13,3.270717030545711e-13,-9.470985319344359e-07,88.71063415297267,0.07825887560173908,,,,
same_duration_nonrobust_surrogate_fine,nominal,1,460,1.3444800828210646e-13,1.7963408538435033e-13,-3.4451348857054525e-08,88.71343109276756,0.07825000977158215,,,,
same_duration_nonrobust_surrogate_fine,nominal,1,470,7.30748794808278e-13,1.1570744362643381e-12,-5.610216208270938e-08,88.71152538248121,0.07818239318620668,,,,
same_duration_nonrobust_surrogate_fine,nominal,1,480,2.3303581286882036e-13,3.694822225952521e-13,1.2455133130423684e-07,88.71360589582545,0.07817563456268649,,,,
same_duration_nonrobust_surrogate_fine,nominal,1,490,4.914513240805718e-12,8.351541680440278e-12,4.0183552197209335e-07,88.71392680666013,0.07814017664306172,,,,
same_duration_nonrobust_surrogate_fine,nominal,1,500,1.3788969965844444e-13,1.709743457922741e-13,2.0828953151147477e-07,88.71265838188413,0.07812599538900927,,,,
