L,U,Delta,delta,n,E_n,E_n_minus_E0,D_n,Delta_D_n,method
6,12.0,2.0,-0.5,0,-2.414086163945638,0.0,0.21452527246434247,0.0,full_ed
6,12.0,2.0,-0.5,1,-1.6800654269545714,0.7340207369910667,0.1492563641750334,-0.06526890828930906,full_ed
6,12.0,2.0,-0.5,2,-1.610833629068712,0.8032525348769262,0.1433792595668979,-0.07114601289744457,full_ed
6,12.0,2.0,-0.5,3,-1.610833629068709,0.803252534876929,0.14337925956689732,-0.07114601289744515,full_ed
6,12.0,2.0,-0.5,4,-0.9566337142836335,1.4574524496620045,0.08730948737052466,-0.1272157850938178,full_ed
6,12.0,2.0,-0.5,5,-0.9025445102868773,1.5115416536587607,0.08168751678784958,-0.1328377556764929,full_ed
6,12.0,2.0,-0.5,6,-0.9025445102868624,1.5115416536587758,0.08168751678784958,-0.1328377556764929,full_ed
6,12.0,2.0,-0.5,7,-0.877841911932682,1.5362442520129562,0.07984799549278898,-0.1346772769715535,full_ed
6,12.0,2.0,-0.5,8,-0.8778419119326819,1.5362442520129562,0.0798479954927888,-0.13467727697155368,full_ed
6,12.0,2.0,-0.5,9,-0.8713025303830042,1.542783633562634,0.07774587311620157,-0.1367793993481409,full_ed
6,12.0,2.0,-0.5,10,-0.826711567581182,1.587374596364456,0.07466410508105588,-0.13986116738328658,full_ed
6,12.0,2.0,-0.5,11,-0.8073783130394262,1.6067078509062118,0.07202971962349439,-0.14249555284084808,full_ed
6,12.0,2.0,-0.5,12,-0.8073783130393997,1.6067078509062385,0.07202971962349435,-0.14249555284084814,full_ed
6,12.0,2.0,-0.5,13,-0.12945050917510464,2.2846356547705335,0.014352615256152002,-0.20017265720819047,full_ed
6,12.0,2.0,-0.5,14,-0.11930027786608387,2.2947858860795542,0.013225676402498106,-0.20129959606184436,full_ed
6,12.0,2.0,-0.5,15,-0.11401732761078529,2.300068836334853,0.01262814641117738,-0.2018971260531651,full_ed
6,12.0,2.0,-0.5,16,-0.11401732761076645,2.3000688363348716,0.012628146411177339,-0.20189712605316512,full_ed
6,12.0,2.0,-0.5,17,-0.07031853283810535,2.3437676311075326,0.00775802408625435,-0.20676724837808813,full_ed
6,12.0,2.0,-0.5,18,-0.07031853283809764,2.3437676311075406,0.007758024086254331,-0.20676724837808813,full_ed
6,12.0,2.0,-0.5,19,8.986003130831421e-16,2.414086163945639,3.0775514138681247e-29,-0.21452527246434247,full_ed
6,12.0,2.0,-0.5,20,5.620113704097413,8.034199868043052,1.0846300178527764,0.8701047453884339,full_ed
6,12.0,2.0,-0.5,21,5.778768495898352,8.19285465984399,1.0791561103865477,0.8646308379222052,full_ed
6,12.0,2.0,-0.5,22,5.867715658843956,8.281801822789594,1.0825910944582646,0.8680658219939221,full_ed
6,12.0,2.0,-0.5,23,5.867715658843958,8.281801822789596,1.082591094458265,0.8680658219939226,full_ed
6,12.0,2.0,-0.5,24,5.941339045227081,8.355425209172719,1.0699581693630436,0.8554328968987011,full_ed
6,12.0,2.0,-0.5,25,5.9413390452270844,8.355425209172722,1.069958169363045,0.8554328968987026,full_ed
6,12.0,2.0,-0.5,26,6.142651076948615,8.556737240894254,1.0639508034096379,0.8494255309452954,full_ed
6,12.0,2.0,-0.5,27,6.1903645040077615,8.6044506679534,1.0573783642842087,0.8428530918198662,full_ed
6,12.0,2.0,-0.5,28,6.190364504007776,8.604450667953413,1.0573783642842085,0.842853091819866,full_ed
6,12.0,2.0,-0.5,29,6.299904424766457,8.713990588712095,1.0569399252984248,0.8424146528340823,full_ed
6,12.0,2.0,-0.5,30,6.29990442476646,8.713990588712099,1.0569399252984246,0.8424146528340821,full_ed
6,12.0,2.0,-0.5,31,6.449249324925165,8.863335488870803,1.0497111919283886,0.8351859194640461,full_ed
6,12.0,2.0,-0.5,32,6.659989505618799,9.074075669564436,1.0063652362533368,0.7918399637889943,full_ed
6,12.0,2.0,-0.5,33,6.65998950561881,9.074075669564449,1.0063652362533362,0.7918399637889937,full_ed
6,12.0,2.0,-0.5,34,6.6809356124829975,9.095021776428636,0.9938264316124181,0.7793011591480756,full_ed
6,12.0,2.0,-0.5,35,6.7037026696675355,9.117788833613174,1.0170120176767012,0.8024867452123587,full_ed
6,12.0,2.0,-0.5,36,6.7528570061366615,9.1669431700823,1.0252109018477973,0.8106856293834548,full_ed
6,12.0,2.0,-0.5,37,6.798574692101646,9.212660856047284,0.9987447042883159,0.7842194318239734,full_ed
6,12.0,2.0,-0.5,38,6.798574692101651,9.21266085604729,0.9987447042883131,0.7842194318239706,full_ed
6,12.0,2.0,-0.5,39,6.808588546860438,9.222674710806077,1.0108440250641944,0.7963187525998519,full_ed
6,12.0,2.0,-0.5,40,6.808588546860442,9.22267471080608,1.0108440250641944,0.7963187525998519,full_ed
6,12.0,2.0,-0.5,41,6.8472627493433444,9.261348913288982,1.0379567524204063,0.8234314799560638,full_ed
6,12.0,2.0,-0.5,42,6.847262749343353,9.261348913288991,1.0379567524204063,0.8234314799560638,full_ed
6,12.0,2.0,-0.5,43,6.903565645890344,9.317651809835983,1.0010925857718187,0.7865673133074762,full_ed
6,12.0,2.0,-0.5,44,6.903658442107367,9.317744606053004,1.0387343898481383,0.8242091173837958,full_ed
6,12.0,2.0,-0.5,45,6.903658442107371,9.31774460605301,1.0387343898481367,0.8242091173837942,full_ed
6,12.0,2.0,-0.5,46,6.966659067259256,9.380745231204894,1.0020842982722546,0.7875590258079121,full_ed
6,12.0,2.0,-0.5,47,7.052677640136307,9.466763804081944,1.011641839105668,0.7971165666413256,full_ed
6,12.0,2.0,-0.5,48,7.052677640136309,9.466763804081948,1.0116418391056672,0.7971165666413247,full_ed
6,12.0,2.0,-0.5,49,7.076470528630834,9.490556692576472,1.0073914073357555,0.792866134871413,full_ed
6,12.0,2.0,-0.5,50,7.076470528630836,9.490556692576474,1.0073914073357542,0.7928661348714117,full_ed
6,12.0,2.0,-0.5,51,7.126035179338119,9.540121343283758,1.0198351388451132,0.8053098663807707,full_ed
6,12.0,2.0,-0.5,52,7.158865176654747,9.572951340600385,0.9937448695012459,0.7792195970369034,full_ed
6,12.0,2.0,-0.5,53,7.158865176654755,9.572951340600394,0.9937448695012452,0.7792195970369027,full_ed
6,12.0,2.0,-0.5,54,7.184170786589715,9.598256950535353,0.991256996225678,0.7767317237613355,full_ed
6,12.0,2.0,-0.5,55,7.204168476687286,9.618254640632925,1.0,0.7854747275356575,full_ed
6,12.0,2.0,-0.5,56,7.210007769051404,9.624093932997042,0.9923982133429409,0.7778729408785984,full_ed
6,12.0,2.0,-0.5,57,7.210007769051405,9.624093932997043,0.992398213342941,0.7778729408785985,full_ed
6,12.0,2.0,-0.5,58,7.389936888469329,9.804023052414967,1.018705824087443,0.8041805516231004,full_ed
6,12.0,2.0,-0.5,59,7.59014964192167,10.004235805867308,1.0180131930944714,0.8034879206301289,full_ed
6,12.0,2.0,-0.5,60,7.596551808779646,10.010637972725284,1.0197967431470931,0.8052714706827506,full_ed
6,12.0,2.0,-0.5,61,7.5965518087796475,10.010637972725286,1.0197967431470971,0.8052714706827546,full_ed
6,12.0,2.0,-0.5,62,7.779746316636964,10.193832480582602,1.008699094206328,0.7941738217419856,full_ed
6,12.0,2.0,-0.5,63,7.817610840431392,10.23169700437703,1.0026647722808701,0.7881394998165276,full_ed
6,12.0,2.0,-0.5,64,7.817610840431395,10.231697004377033,1.0026647722808706,0.7881394998165281,full_ed
6,12.0,2.0,-0.5,65,8.316759113748574,10.730845277694213,0.954192473319613,0.7396672008552705,full_ed
6,12.0,2.0,-0.5,66,8.318680683006637,10.732766846952275,0.9570158204157667,0.7424905479514242,full_ed
6,12.0,2.0,-0.5,67,8.318680683006647,10.732766846952286,0.9570158204157653,0.7424905479514228,full_ed
6,12.0,2.0,-0.5,68,8.39123049044907,10.805316654394709,0.948632168329737,0.7341068958653945,full_ed
6,12.0,2.0,-0.5,69,8.391230490449075,10.805316654394714,0.9486321683297374,0.7341068958653949,full_ed
6,12.0,2.0,-0.5,70,8.395870959688677,10.809957123634316,0.9566191736172444,0.7420939011529019,full_ed
6,12.0,2.0,-0.5,71,8.401825224257477,10.815911388203116,0.9536064279931522,0.7390811555288097,full_ed
6,12.0,2.0,-0.5,72,8.401825224257486,10.815911388203125,0.9536064279931517,0.7390811555288092,full_ed
6,12.0,2.0,-0.5,73,8.490989380847733,10.905075544793371,0.9477829675039647,0.7332576950396222,full_ed
6,12.0,2.0,-0.5,74,10.916670939990125,13.330757103935763,1.0798483667381995,0.865323094273857,full_ed
6,12.0,2.0,-0.5,75,10.916670939990132,13.33075710393577,1.0798483667381962,0.8653230942738537,full_ed
6,12.0,2.0,-0.5,76,10.972998477887526,13.387084641833164,1.0751810551113055,0.860655782646963,full_ed
6,12.0,2.0,-0.5,77,10.97299847788753,13.387084641833168,1.075181055111305,0.8606557826469625,full_ed
6,12.0,2.0,-0.5,78,10.976085024638977,13.390171188584615,1.0758618099019117,0.8613365374375692,full_ed
6,12.0,2.0,-0.5,79,10.976085024638982,13.39017118858462,1.0758618099019133,0.8613365374375708,full_ed
6,12.0,2.0,-0.5,80,11.002944949695816,13.417031113641455,1.089404519974961,0.8748792475106184,full_ed
6,12.0,2.0,-0.5,81,11.005223090387101,13.41930925433274,1.0749960889109296,0.8604708164465871,full_ed
6,12.0,2.0,-0.5,82,11.00522309038711,13.419309254332749,1.0749960889109298,0.8604708164465873,full_ed
6,12.0,2.0,-0.5,83,11.023665004800808,13.437751168746447,1.0768883273715244,0.8623630549071819,full_ed
6,12.0,2.0,-0.5,84,11.04012117260469,13.45420733655033,1.0763241572748596,0.8617988848105171,full_ed
6,12.0,2.0,-0.5,85,11.055273572827062,13.4693597367727,1.0814557448843365,0.866930472419994,full_ed
6,12.0,2.0,-0.5,86,11.230906705723312,13.64499286966895,1.0604982105559027,0.8459729380915602,full_ed
6,12.0,2.0,-0.5,87,11.2416411469857,13.655727310931338,1.0562024989663068,0.8416772265019643,full_ed
6,12.0,2.0,-0.5,88,11.250337904652337,13.664424068597976,1.0620742030622239,0.8475489305978814,full_ed
6,12.0,2.0,-0.5,89,11.25033790465234,13.66442406859798,1.0620742030622234,0.847548930597881,full_ed
6,12.0,2.0,-0.5,90,11.261555440911923,13.675641604857562,1.0685519951712494,0.8540267227069069,full_ed
6,12.0,2.0,-0.5,91,11.287750389450403,13.701836553396042,1.0609388131813224,0.8464135407169799,full_ed
6,12.0,2.0,-0.5,92,11.28775038945041,13.70183655339605,1.0609388131813224,0.8464135407169799,full_ed
6,12.0,2.0,-0.5,93,11.306979822698231,13.72106598664387,1.063405867309871,0.8488805948455285,full_ed
6,12.0,2.0,-0.5,94,11.310449254045139,13.724535417990777,1.0632242495571076,0.8486989770927651,full_ed
6,12.0,2.0,-0.5,95,11.310449254045146,13.724535417990785,1.0632242495571083,0.8486989770927658,full_ed
6,12.0,2.0,-0.5,96,11.322779339382922,13.736865503328561,1.0627124890453217,0.8481872165809792,full_ed
6,12.0,2.0,-0.5,97,11.32277933938293,13.736865503328568,1.062712489045321,0.8481872165809785,full_ed
6,12.0,2.0,-0.5,98,11.715314317109176,14.129400481054814,1.0157760407788996,0.8012507683145571,full_ed
6,12.0,2.0,-0.5,99,11.733866865405492,14.14795302935113,0.9994428173344941,0.7849175448701516,full_ed
6,12.0,2.0,-0.5,100,11.733866865405496,14.147953029351134,0.9994428173344941,0.7849175448701516,full_ed
6,12.0,2.0,-0.5,101,11.756034098319008,14.170120262264646,1.0069948244619402,0.7924695519975977,full_ed
6,12.0,2.0,-0.5,102,11.758683048196632,14.17276921214227,1.0077874629738839,0.7932621905095414,full_ed
6,12.0,2.0,-0.5,103,11.758683048196632,14.17276921214227,1.0077874629738832,0.7932621905095407,full_ed
6,12.0,2.0,-0.5,104,11.769258205722256,14.183344369667894,0.9994662499430595,0.784940977478717,full_ed
6,12.0,2.0,-0.5,105,11.769258205722256,14.183344369667894,0.9994662499430595,0.784940977478717,full_ed
6,12.0,2.0,-0.5,106,11.779959986007377,14.194046149953016,1.007818355675454,0.7932930832111116,full_ed
6,12.0,2.0,-0.5,107,11.779959986007388,14.194046149953026,1.0078183556754539,0.7932930832111114,full_ed
6,12.0,2.0,-0.5,108,11.806961852401168,14.221048016346806,1.0074583406750819,0.7929330682107394,full_ed
6,12.0,2.0,-0.5,109,11.838594221447071,14.25268038539271,1.00494714037448,0.7904218679101376,full_ed
6,12.0,2.0,-0.5,110,11.84274646902881,14.256832632974449,1.0202338937175308,0.8057086212531883,full_ed
6,12.0,2.0,-0.5,111,11.84274646902882,14.256832632974458,1.0202338937175308,0.8057086212531883,full_ed
6,12.0,2.0,-0.5,112,11.893534326272782,14.30762049021842,1.015411871403702,0.8008865989393594,full_ed
6,12.0,2.0,-0.5,113,11.893534326272789,14.307620490218428,1.015411871403702,0.8008865989393594,full_ed
6,12.0,2.0,-0.5,114,11.899416509914833,14.313502673860471,1.0150438507458983,0.8005185782815558,full_ed
6,12.0,2.0,-0.5,115,11.923897282053195,14.337983445998834,1.0090992253641624,0.7945739528998199,full_ed
6,12.0,2.0,-0.5,116,11.923897282053197,14.337983445998836,1.009099225364163,0.7945739528998206,full_ed
6,12.0,2.0,-0.5,117,11.930692189018334,14.344778352963973,1.0086908251437494,0.7941655526794069,full_ed
6,12.0,2.0,-0.5,118,11.93264636331124,14.34673252725688,1.0080601167819048,0.7935348443175623,full_ed
6,12.0,2.0,-0.5,119,11.947262154458492,14.361348318404131,1.007916404460527,0.7933911319961846,full_ed
6,12.0,2.0,-0.5,120,11.947262154458508,14.361348318404147,1.0079164044605284,0.7933911319961859,full_ed
6,12.0,2.0,-0.5,121,11.96470789250938,14.37879405645502,1.0026077846113632,0.7880825121470207,full_ed
6,12.0,2.0,-0.5,122,11.999999999999996,14.414086163945635,0.9999999999999997,0.7854747275356572,full_ed
6,12.0,2.0,-0.5,123,12.000000000000009,14.414086163945647,1.0000000000000009,0.7854747275356584,full_ed
6,12.0,2.0,-0.5,124,12.000000000000012,14.414086163945651,1.0000000000000009,0.7854747275356584,full_ed
6,12.0,2.0,-0.5,125,12.000000000000012,14.414086163945651,0.9999999999999998,0.7854747275356573,full_ed
6,12.0,2.0,-0.5,126,12.033309912115257,14.447396076060896,1.0089218170543308,0.7943965445899883,full_ed
6,12.0,2.0,-0.5,127,12.033309912115264,14.447396076060903,1.0089218170543304,0.7943965445899879,full_ed
6,12.0,2.0,-0.5,128,12.06275180642544,14.47683797037108,1.0045062442035544,0.7899809717392119,full_ed
6,12.0,2.0,-0.5,129,12.062751806425446,14.476837970371085,1.004506244203554,0.7899809717392114,full_ed
6,12.0,2.0,-0.5,130,12.112924019766139,14.527010183711777,1.010769446057067,0.7962441735927246,full_ed
6,12.0,2.0,-0.5,131,12.112924019766139,14.527010183711777,1.0107694460570673,0.7962441735927248,full_ed
6,12.0,2.0,-0.5,132,12.138326273325236,14.552412437270874,1.0050547379379942,0.7905294654736517,full_ed
6,12.0,2.0,-0.5,133,12.138326273325239,14.552412437270878,1.0050547379379937,0.7905294654736512,full_ed
6,12.0,2.0,-0.5,134,12.162720585511927,14.576806749457566,1.0042073162318652,0.7896820437675227,full_ed
6,12.0,2.0,-0.5,135,12.16272058551193,14.57680674945757,1.0042073162318648,0.7896820437675223,full_ed
6,12.0,2.0,-0.5,136,12.162981671953808,14.577067835899447,1.0062388648429375,0.791713592378595,full_ed
6,12.0,2.0,-0.5,137,12.16298167195381,14.577067835899449,1.0062388648429363,0.7917135923785938,full_ed
6,12.0,2.0,-0.5,138,12.16539704803704,14.579483211982678,1.0115647839835091,0.7970395115191666,full_ed
6,12.0,2.0,-0.5,139,12.177207194548835,14.591293358494474,1.0044993988930804,0.7899741264287379,full_ed
6,12.0,2.0,-0.5,140,12.206650163368666,14.620736327314305,1.0052090550121495,0.790683782547807,full_ed
6,12.0,2.0,-0.5,141,12.243171302813856,14.657257466759495,0.9994987252024139,0.7849734527380714,full_ed
6,12.0,2.0,-0.5,142,12.243171302813863,14.657257466759502,0.9994987252024143,0.7849734527380718,full_ed
6,12.0,2.0,-0.5,143,12.249999719493491,14.66408588343913,1.0024073087634813,0.7878820362991388,full_ed
6,12.0,2.0,-0.5,144,12.27913907033199,14.693225234277628,0.999475330899647,0.7849500584353045,full_ed
6,12.0,2.0,-0.5,145,12.279139070332006,14.693225234277644,0.9994753308996503,0.7849500584353079,full_ed
6,12.0,2.0,-0.5,146,14.804500864436694,17.21858702838233,1.1225092458986012,0.9079839734342587,full_ed
6,12.0,2.0,-0.5,147,14.825056782466252,17.23914294641189,1.1237159956391527,0.9091907231748102,full_ed
6,12.0,2.0,-0.5,148,14.825056782466264,17.239142946411903,1.1237159956391523,0.9091907231748098,full_ed
6,12.0,2.0,-0.5,149,15.129037648357519,17.543123812303158,1.9582934910803602,1.7437682186160177,full_ed
6,12.0,2.0,-0.5,150,15.365149857429241,17.779236021374878,1.9252772461865133,1.7107519737221708,full_ed
6,12.0,2.0,-0.5,151,15.397570125296898,17.811656289242535,1.9362732364681527,1.7217479640038102,full_ed
6,12.0,2.0,-0.5,152,15.3975701252969,17.81165628924254,1.936273236468155,1.7217479640038125,full_ed
6,12.0,2.0,-0.5,153,15.405605383418475,17.819691547364112,1.9411427253292084,1.726617452864866,full_ed
6,12.0,2.0,-0.5,154,15.40560538341849,17.819691547364126,1.9411427253292075,1.726617452864865,full_ed
6,12.0,2.0,-0.5,155,15.474242534421478,17.888328698367115,1.1299437375496488,0.9154184650853063,full_ed
6,12.0,2.0,-0.5,156,15.482892866201528,17.896979030147165,1.9342856248150455,1.719760352350703,full_ed
6,12.0,2.0,-0.5,157,15.482892866201537,17.896979030147175,1.9342856248150446,1.7197603523507021,full_ed
6,12.0,2.0,-0.5,158,15.524571286680793,17.93865745062643,1.1036063338531579,0.8890810613888154,full_ed
6,12.0,2.0,-0.5,159,15.5245712866808,17.938657450626437,1.1036063338531683,0.8890810613888258,full_ed
6,12.0,2.0,-0.5,160,15.576088798400985,17.99017496234662,1.1392769808457357,0.9247517083813932,full_ed
6,12.0,2.0,-0.5,161,15.576088798401011,17.99017496234665,1.1392769808457244,0.9247517083813819,full_ed
6,12.0,2.0,-0.5,162,15.592939859699857,18.007026023645494,1.9197427420701445,1.705217469605802,full_ed
6,12.0,2.0,-0.5,163,15.621541493435313,18.03562765738095,1.867757514726771,1.6532322422624286,full_ed
6,12.0,2.0,-0.5,164,15.626728304008006,18.040814467953645,1.0518745190618826,0.8373492465975401,full_ed
6,12.0,2.0,-0.5,165,15.655863762066051,18.069949926011688,1.7949124085305852,1.5803871360662427,full_ed
6,12.0,2.0,-0.5,166,15.655863762066053,18.06994992601169,1.794912408530652,1.5803871360663095,full_ed
6,12.0,2.0,-0.5,167,16.057554486772606,18.471640650718243,1.0940450206996322,0.8795197482352897,full_ed
6,12.0,2.0,-0.5,168,16.078336359320666,18.492422523266303,1.346388957800868,1.1318636853365256,full_ed
6,12.0,2.0,-0.5,169,16.07833635932067,18.492422523266306,1.3463889578008663,1.1318636853365238,full_ed
6,12.0,2.0,-0.5,170,16.1475707700762,18.561656934021837,1.05264344750069,0.8381181750363476,full_ed
6,12.0,2.0,-0.5,171,16.14757077007621,18.561656934021848,1.0526434475006923,0.8381181750363498,full_ed
6,12.0,2.0,-0.5,172,16.164709671356388,18.578795835302024,1.0297108624425992,0.8151855899782567,full_ed
6,12.0,2.0,-0.5,173,16.19039544904655,18.60448161299219,1.0665592620190452,0.8520339895547027,full_ed
6,12.0,2.0,-0.5,174,16.21631942670731,18.63040559065295,1.1198864977036282,0.9053612252392857,full_ed
6,12.0,2.0,-0.5,175,16.216319426707322,18.63040559065296,1.11988649770361,0.9053612252392675,full_ed
6,12.0,2.0,-0.5,176,16.25899908554667,18.673085249492306,1.012090363703062,0.7975650912387195,full_ed
6,12.0,2.0,-0.5,177,16.258999085546673,18.67308524949231,1.0120903637030647,0.7975650912387222,full_ed
6,12.0,2.0,-0.5,178,16.264450618563323,18.67853678250896,0.984181752527888,0.7696564800635455,full_ed
6,12.0,2.0,-0.5,179,16.272059875431694,18.68614603937733,1.1445511822177499,0.9300259097534074,full_ed
6,12.0,2.0,-0.5,180,16.293808747662347,18.707894911607983,0.996329297493233,0.7818040250288905,full_ed
6,12.0,2.0,-0.5,181,16.293808747662354,18.70789491160799,0.9963292974932334,0.7818040250288909,full_ed
6,12.0,2.0,-0.5,182,16.342422526064414,18.75650869001005,1.025741366287824,0.8112160938234816,full_ed
6,12.0,2.0,-0.5,183,16.35493823153213,18.769024395477768,0.9843509069633439,0.7698256344990014,full_ed
6,12.0,2.0,-0.5,184,16.35493823153213,18.769024395477768,0.9843509069633434,0.7698256344990009,full_ed
6,12.0,2.0,-0.5,185,16.36319039429901,18.777276558244647,1.0665702124480827,0.8520449399837402,full_ed
6,12.0,2.0,-0.5,186,16.363190394299014,18.77727655824465,1.0665702124480858,0.8520449399837433,full_ed
6,12.0,2.0,-0.5,187,16.37032765480356,18.784413818749197,1.037384153271605,0.8228588808072625,full_ed
6,12.0,2.0,-0.5,188,16.381317948099774,18.79540411204541,1.635116948007365,1.4205916755430226,full_ed
6,12.0,2.0,-0.5,189,16.381317948099777,18.795404112045414,1.6351169480073495,1.420591675543007,full_ed
6,12.0,2.0,-0.5,190,16.57909212562966,18.993178289575297,1.816613341607841,1.6020880691434984,full_ed
6,12.0,2.0,-0.5,191,16.72243355052919,19.136519714474826,1.153399595552382,0.9388743230880394,full_ed
6,12.0,2.0,-0.5,192,16.722433550529193,19.13651971447483,1.1533995955523468,0.9388743230880043,full_ed
6,12.0,2.0,-0.5,193,16.795831523312724,19.20991768725836,0.9999999999999998,0.7854747275356573,full_ed
6,12.0,2.0,-0.5,194,16.807082481738494,19.22116864568413,1.2007023523702158,0.9861770799058733,full_ed
6,12.0,2.0,-0.5,195,16.835286482567618,19.249372646513255,1.2332358825059493,1.0187106100416068,full_ed
6,12.0,2.0,-0.5,196,16.835286482567625,19.24937264651326,1.2332358825059375,1.018710610041595,full_ed
6,12.0,2.0,-0.5,197,16.85841561012998,19.272501774075618,1.0152154277816068,0.8006901553172643,full_ed
6,12.0,2.0,-0.5,198,16.85841561012998,19.272501774075618,1.0152154277816055,0.800690155317263,full_ed
6,12.0,2.0,-0.5,199,16.894269665894576,19.308355829840213,1.013219229290491,0.7986939568261484,full_ed
6,12.0,2.0,-0.5,200,16.93350947511077,19.347595639056408,0.9971148625274675,0.782589590063125,full_ed
6,12.0,2.0,-0.5,201,16.933509475110778,19.347595639056415,0.9971148625274674,0.7825895900631249,full_ed
6,12.0,2.0,-0.5,202,16.935819336738586,19.349905500684223,1.008614673200159,0.7940894007358166,full_ed
6,12.0,2.0,-0.5,203,17.026000557928477,19.440086721874113,1.4116727802054365,1.197147507741094,full_ed
6,12.0,2.0,-0.5,204,17.034981564916485,19.449067728862122,1.4807848451663777,1.2662595727020352,full_ed
6,12.0,2.0,-0.5,205,17.034981564916492,19.44906772886213,1.4807848451663914,1.266259572702049,full_ed
6,12.0,2.0,-0.5,206,17.03555096951819,19.449637133463828,1.0103564662484892,0.7958311937841467,full_ed
6,12.0,2.0,-0.5,207,17.104858848227032,19.51894501217267,1.0142254704494964,0.7997001979851539,full_ed
6,12.0,2.0,-0.5,208,17.104858848227043,19.51894501217268,1.0142254704494973,0.7997001979851548,full_ed
6,12.0,2.0,-0.5,209,17.15153893627685,19.565625100222487,1.017010765547063,0.8024854930827205,full_ed
6,12.0,2.0,-0.5,210,17.151538936276857,19.565625100222494,1.017010765547065,0.8024854930827225,full_ed
6,12.0,2.0,-0.5,211,17.197022620823045,19.611108784768682,1.2999641547106964,1.0854388822463539,full_ed
6,12.0,2.0,-0.5,212,17.215143335755517,19.629229499701154,0.9997416213005287,0.7852163488361862,full_ed
6,12.0,2.0,-0.5,213,17.21514333575553,19.629229499701168,0.9997416213005268,0.7852163488361843,full_ed
6,12.0,2.0,-0.5,214,17.21936597209844,19.633452136044077,1.0198881257966037,0.8053628533322612,full_ed
6,12.0,2.0,-0.5,215,17.284994966464374,19.69908113041001,1.0460185692398234,0.8314932967754809,full_ed
6,12.0,2.0,-0.5,216,17.284994966464392,19.69908113041003,1.0460185692398247,0.8314932967754822,full_ed
6,12.0,2.0,-0.5,217,17.43492691848896,19.849013082434595,0.9964629752395265,0.781937702775184,full_ed
6,12.0,2.0,-0.5,218,19.035730278106257,21.449816442051894,1.9920888570628597,1.7775635845985172,full_ed
6,12.0,2.0,-0.5,219,19.035730278106268,21.449816442051905,1.9920888570628599,1.7775635845985174,full_ed
6,12.0,2.0,-0.5,220,19.040257124012538,21.454343287958174,1.9916335256828581,1.7771082532185156,full_ed
6,12.0,2.0,-0.5,221,19.042743440915714,21.45682960486135,1.9917671725517672,1.7772419000874247,full_ed
6,12.0,2.0,-0.5,222,19.04325266008424,21.457338824029875,1.9924621465060586,1.777936874041716,full_ed
6,12.0,2.0,-0.5,223,19.043252660084242,21.45733882402988,1.9924621465060603,1.7779368740417179,full_ed
6,12.0,2.0,-0.5,224,19.043289638139345,21.457375802084982,1.9920655341904696,1.7775402617261271,full_ed
6,12.0,2.0,-0.5,225,19.044315202458336,21.458401366403972,1.9912072544249386,1.7766819819605961,full_ed
6,12.0,2.0,-0.5,226,19.044315202458343,21.45840136640398,1.9912072544249382,1.7766819819605957,full_ed
6,12.0,2.0,-0.5,227,19.061259751276857,21.475345915222494,1.9917207766198963,1.7771955041555538,full_ed
6,12.0,2.0,-0.5,228,19.064667720406824,21.47875388435246,1.9913974676986579,1.7768721952343154,full_ed
6,12.0,2.0,-0.5,229,19.06466772040683,21.478753884352468,1.9913974676986559,1.7768721952343134,full_ed
6,12.0,2.0,-0.5,230,20.32486775703039,22.738953920976027,1.955246357222021,1.7407210847576784,full_ed
6,12.0,2.0,-0.5,231,20.333412532713236,22.747498696658873,1.9554932497476436,1.740967977283301,full_ed
6,12.0,2.0,-0.5,232,20.333412532713243,22.74749869665888,1.9554932497476405,1.740967977283298,full_ed
6,12.0,2.0,-0.5,233,20.358231616469148,22.772317780414784,1.952843850130009,1.7383185776656664,full_ed
6,12.0,2.0,-0.5,234,20.36002833369099,22.774114497636628,1.952282854745155,1.7377575822808125,full_ed
6,12.0,2.0,-0.5,235,20.360028333690995,22.77411449763663,1.9522828547451563,1.7377575822808138,full_ed
6,12.0,2.0,-0.5,236,20.376846090127295,22.79093225407293,1.9505436281390276,1.736018355674685,full_ed
6,12.0,2.0,-0.5,237,20.37684609012731,22.790932254072946,1.9505436281390276,1.736018355674685,full_ed
6,12.0,2.0,-0.5,238,20.376907962440907,22.790994126386543,1.950773357356097,1.7362480848917545,full_ed
6,12.0,2.0,-0.5,239,20.38703653177148,22.801122695717115,1.9507102243605976,1.736184951896255,full_ed
6,12.0,2.0,-0.5,240,20.395842505228195,22.809928669173832,1.9510228112283203,1.7364975387639778,full_ed
6,12.0,2.0,-0.5,241,20.3958425052282,22.809928669173836,1.9510228112283212,1.7364975387639787,full_ed
6,12.0,2.0,-0.5,242,20.479343273285536,22.893429437231173,1.9441372035599152,1.7296119310955727,full_ed
6,12.0,2.0,-0.5,243,20.532100001340538,22.946186165286175,1.9411803486508608,1.7266550761865183,full_ed
6,12.0,2.0,-0.5,244,20.532100001340545,22.946186165286182,1.9411803486508583,1.7266550761865158,full_ed
6,12.0,2.0,-0.5,245,20.5474412706546,22.961527434600235,1.935094567610372,1.7205692951460294,full_ed
6,12.0,2.0,-0.5,246,20.56821397281917,22.982300136764806,1.9328676073966784,1.718342334932336,full_ed
6,12.0,2.0,-0.5,247,20.568213972819187,22.982300136764824,1.9328676073966813,1.7183423349323388,full_ed
6,12.0,2.0,-0.5,248,20.576242931971795,22.99032909591743,1.9407187777772088,1.7261935053128663,full_ed
6,12.0,2.0,-0.5,249,20.589916350616733,23.00400251456237,1.9340670608525459,1.7195417883882034,full_ed
6,12.0,2.0,-0.5,250,20.59526540355368,23.009351567499316,1.9342885889885655,1.719763316524223,full_ed
6,12.0,2.0,-0.5,251,20.59526540355368,23.009351567499316,1.9342885889885668,1.7197633165242243,full_ed
6,12.0,2.0,-0.5,252,20.619640946802583,23.03372711074822,1.9278507375395095,1.713325465075167,full_ed
6,12.0,2.0,-0.5,253,20.619640946802583,23.03372711074822,1.9278507375395129,1.7133254650751704,full_ed
6,12.0,2.0,-0.5,254,22.97570058959384,25.389786753539475,2.0455163702706662,1.8309910978063237,full_ed
6,12.0,2.0,-0.5,255,22.991180538946345,25.405266702891982,2.0469649083990955,1.832439635934753,full_ed
6,12.0,2.0,-0.5,256,22.99118053894636,25.405266702891996,2.0469649083990986,1.8324396359347561,full_ed
6,12.0,2.0,-0.5,257,23.066621853810645,25.48070801775628,2.0107497024303265,1.796224429965984,full_ed
6,12.0,2.0,-0.5,258,23.069244350660703,25.48333051460634,2.0105252146172115,1.795999942152869,full_ed
6,12.0,2.0,-0.5,259,23.069244350660718,25.483330514606354,2.0105252146172132,1.7959999421528707,full_ed
6,12.0,2.0,-0.5,260,23.193821537425183,25.60790770137082,1.9829164777596073,1.7683912052952648,full_ed
6,12.0,2.0,-0.5,261,23.201691894336367,25.615778058282004,1.9825427178961086,1.768017445431766,full_ed
6,12.0,2.0,-0.5,262,23.20169189433637,25.615778058282007,1.9825427178961061,1.7680174454317636,full_ed
6,12.0,2.0,-0.5,263,23.314553594117214,25.72863975806285,2.0518310075850428,1.8373057351207003,full_ed
6,12.0,2.0,-0.5,264,23.314553594117232,25.72863975806287,2.051831007585041,1.8373057351206985,full_ed
6,12.0,2.0,-0.5,265,23.346261775456103,25.76034793940174,2.0552942280685764,1.840768955604234,full_ed
6,12.0,2.0,-0.5,266,23.456960597067145,25.87104676101278,1.981071796013227,1.7665465235488844,full_ed
6,12.0,2.0,-0.5,267,23.460053500584245,25.87413966452988,1.977949694141747,1.7634244216774044,full_ed
6,12.0,2.0,-0.5,268,23.46005350058426,25.874139664529896,1.9779496941417494,1.7634244216774069,full_ed
6,12.0,2.0,-0.5,269,23.461233017639103,25.87531918158474,1.9777377425238232,1.7632124700594807,full_ed
6,12.0,2.0,-0.5,270,23.464827606360288,25.878913770305925,1.9777831014042784,1.7632578289399359,full_ed
6,12.0,2.0,-0.5,271,23.46482760636029,25.878913770305928,1.9777831014042824,1.7632578289399399,full_ed
6,12.0,2.0,-0.5,272,23.64217219785718,26.05625836180282,1.9940015676783727,1.7794762952140302,full_ed
6,12.0,2.0,-0.5,273,23.68207933980576,26.096165503751397,1.9947978003756046,1.7802725279112621,full_ed
6,12.0,2.0,-0.5,274,23.68207933980576,26.096165503751397,1.9947978003756073,1.7802725279112648,full_ed
6,12.0,2.0,-0.5,275,23.839029719627142,26.25311588357278,1.9951340020264667,1.7806087295621242,full_ed
6,12.0,2.0,-0.5,276,23.839029719627153,26.25311588357279,1.9951340020264667,1.7806087295621242,full_ed
6,12.0,2.0,-0.5,277,23.987078934877694,26.40116509882333,1.9986263186812947,1.7841010462169522,full_ed
6,12.0,2.0,-0.5,278,23.987078934877704,26.40116509882334,1.9986263186812958,1.7841010462169533,full_ed
6,12.0,2.0,-0.5,279,23.997839632676495,26.411925796622132,1.9989399928434244,1.7844147203790819,full_ed
6,12.0,2.0,-0.5,280,23.997839632676502,26.41192579662214,1.9989399928434253,1.7844147203790828,full_ed
6,12.0,2.0,-0.5,281,23.999999999999993,26.41408616394563,2.000000000000003,1.7854747275356606,full_ed
6,12.0,2.0,-0.5,282,24.0078463660217,26.421932529967336,1.999061299935566,1.7845360274712234,full_ed
6,12.0,2.0,-0.5,283,24.007846366021724,26.42193252996736,1.999061299935565,1.7845360274712225,full_ed
6,12.0,2.0,-0.5,284,24.009158401786497,26.423244565732134,1.9991639837471427,1.7846387112828002,full_ed
6,12.0,2.0,-0.5,285,24.011124607932366,26.425210771878003,1.9990736679140533,1.7845483954497108,full_ed
6,12.0,2.0,-0.5,286,24.016787141550115,26.43087330549575,1.9986053893587692,1.7840801168944267,full_ed
6,12.0,2.0,-0.5,287,24.02036153422268,26.434447698168317,1.9990508313034423,1.7845255588390998,full_ed
6,12.0,2.0,-0.5,288,24.04130626136181,26.455392425307448,1.992362739884452,1.7778374674201094,full_ed
6,12.0,2.0,-0.5,289,24.04130626136181,26.455392425307448,1.9923627398844534,1.777837467420111,full_ed
6,12.0,2.0,-0.5,290,24.04597620097187,26.46006236491751,1.9952754569152247,1.7807501844508822,full_ed
6,12.0,2.0,-0.5,291,24.065879717679785,26.47996588162542,1.9933114568587995,1.778786184394457,full_ed
6,12.0,2.0,-0.5,292,24.068305763048595,26.482391926994232,2.0042719768953656,1.7897467044310231,full_ed
6,12.0,2.0,-0.5,293,24.068305763048595,26.482391926994232,2.0042719768953665,1.789746704431024,full_ed
6,12.0,2.0,-0.5,294,24.074882702296986,26.488968866242622,1.9952573624774768,1.7807320900131343,full_ed
6,12.0,2.0,-0.5,295,24.07488270229701,26.488968866242647,1.9952573624774752,1.7807320900131327,full_ed
6,12.0,2.0,-0.5,296,24.089468248529677,26.503554412475314,1.9899605685421848,1.7754352960778423,full_ed
6,12.0,2.0,-0.5,297,24.191102947083657,26.605189111029294,1.9873280330411092,1.7728027605767667,full_ed
6,12.0,2.0,-0.5,298,24.20866679532327,26.622752959268908,1.9886097488558752,1.7740844763915327,full_ed
6,12.0,2.0,-0.5,299,24.20866679532327,26.622752959268908,1.9886097488558747,1.7740844763915322,full_ed
6,12.0,2.0,-0.5,300,24.255047538303664,26.6691337022493,1.994706339033784,1.7801810665694415,full_ed
6,12.0,2.0,-0.5,301,24.255047538303664,26.6691337022493,1.9947063390337887,1.7801810665694462,full_ed
6,12.0,2.0,-0.5,302,24.271470661737048,26.685556825682685,1.9896509430470444,1.7751256705827019,full_ed
6,12.0,2.0,-0.5,303,24.27147066173706,26.685556825682696,1.9896509430470461,1.7751256705827037,full_ed
6,12.0,2.0,-0.5,304,24.28731666608836,26.701402830033995,1.992275099430418,1.7777498269660754,full_ed
6,12.0,2.0,-0.5,305,24.437953838537993,26.85204000248363,1.9923260814238397,1.7778008089594972,full_ed
6,12.0,2.0,-0.5,306,24.437953838538007,26.852040002483644,1.9923260814238453,1.7778008089595028,full_ed
6,12.0,2.0,-0.5,307,24.485348995574277,26.899435159519914,1.9933633381991083,1.7788380657347658,full_ed
6,12.0,2.0,-0.5,308,24.709514629021854,27.12360079296749,1.933175634155037,1.7186503616906945,full_ed
6,12.0,2.0,-0.5,309,24.709514629021857,27.123600792967494,1.9331756341550368,1.7186503616906943,full_ed
6,12.0,2.0,-0.5,310,24.750838002791014,27.16492416673665,1.9324354722933825,1.71791019982904,full_ed
6,12.0,2.0,-0.5,311,24.772468917471247,27.186555081416884,1.9310008147856885,1.716475542321346,full_ed
6,12.0,2.0,-0.5,312,24.820945024048576,27.235031187994213,1.9306065491741804,1.716081276709838,full_ed
6,12.0,2.0,-0.5,313,24.82094502404861,27.235031187994245,1.930606549174175,1.7160812767098326,full_ed
6,12.0,2.0,-0.5,314,25.252655752406348,27.666741916351985,2.187012684062971,1.9724874115986284,full_ed
6,12.0,2.0,-0.5,315,25.4029279013122,27.817014065257837,1.9456852868254608,1.7311600143611183,full_ed
6,12.0,2.0,-0.5,316,25.402927901312214,27.81701406525785,1.9456852868254615,1.731160014361119,full_ed
6,12.0,2.0,-0.5,317,25.408314269522563,27.8224004334682,1.944374872684806,1.7298496002204635,full_ed
6,12.0,2.0,-0.5,318,25.41321222055784,27.827298384503475,1.9435795026915028,1.7290542302271603,full_ed
6,12.0,2.0,-0.5,319,25.413212220557867,27.827298384503504,1.9435795026915006,1.729054230227158,full_ed
6,12.0,2.0,-0.5,320,25.44323984366569,27.857326007611327,1.9599285214999942,1.7454032490356517,full_ed
6,12.0,2.0,-0.5,321,25.443239843665694,27.85732600761133,1.9599285214999926,1.7454032490356501,full_ed
6,12.0,2.0,-0.5,322,25.4434853196463,27.857571483591936,1.9609243369383746,1.7463990644740321,full_ed
6,12.0,2.0,-0.5,323,25.576648573100655,27.990734737046292,1.9477703314145247,1.7332450589501822,full_ed
6,12.0,2.0,-0.5,324,25.576648573100663,27.9907347370463,1.9477703314145192,1.7332450589501767,full_ed
6,12.0,2.0,-0.5,325,25.584259971665517,27.998346135611154,1.9471187543881774,1.7325934819238349,full_ed
6,12.0,2.0,-0.5,326,25.812018478473657,28.226104642419294,2.579357537075525,2.3648322646111826,full_ed
6,12.0,2.0,-0.5,327,28.236032853746757,30.650119017692393,1.9915419600784192,1.7770166876140767,full_ed
6,12.0,2.0,-0.5,328,28.236032853746774,30.65011901769241,1.991541960078419,1.7770166876140765,full_ed
6,12.0,2.0,-0.5,329,28.25037341801394,30.664459581959576,1.9917029310233332,1.7771776585589907,full_ed
6,12.0,2.0,-0.5,330,28.27461036104918,30.688696524994818,1.9867809870504816,1.772255714586139,full_ed
6,12.0,2.0,-0.5,331,28.27461036104919,30.68869652499483,1.9867809870504822,1.7722557145861397,full_ed
6,12.0,2.0,-0.5,332,28.278234791937,30.692320955882636,1.984787492973194,1.7702622205088514,full_ed
6,12.0,2.0,-0.5,333,28.293330393723593,30.70741655766923,1.982991388040199,1.7684661155758565,full_ed
6,12.0,2.0,-0.5,334,28.29834044949291,30.712426613438545,1.9829681475364094,1.7684428750720669,full_ed
6,12.0,2.0,-0.5,335,28.298340449492912,30.71242661343855,1.9829681475364116,1.768442875072069,full_ed
6,12.0,2.0,-0.5,336,28.316859908412884,30.73094607235852,1.984169628862432,1.7696443563980895,full_ed
6,12.0,2.0,-0.5,337,28.324715737705123,30.73880190165076,1.983045594796185,1.7685203223318424,full_ed
6,12.0,2.0,-0.5,338,28.324715737705127,30.738801901650763,1.9830455947961847,1.7685203223318422,full_ed
6,12.0,2.0,-0.5,339,28.366697154401393,30.78078331834703,1.9809962337540714,1.766470961289729,full_ed
6,12.0,2.0,-0.5,340,28.36669715440141,30.780783318347048,1.980996233754073,1.7664709612897305,full_ed
6,12.0,2.0,-0.5,341,28.3679347638278,30.782020927773438,1.9825577146658937,1.7680324422015512,full_ed
6,12.0,2.0,-0.5,342,28.371742155836984,30.78582831978262,1.9801953146425235,1.765670042178181,full_ed
6,12.0,2.0,-0.5,343,28.37174215583699,30.785828319782627,1.9801953146425233,1.7656700421781808,full_ed
6,12.0,2.0,-0.5,344,28.38833047679075,30.802416640736386,1.9805967104065267,1.7660714379421842,full_ed
6,12.0,2.0,-0.5,345,28.39386983206893,30.807955996014567,1.9797912016777048,1.7652659292133623,full_ed
6,12.0,2.0,-0.5,346,28.393984327709113,30.80807049165475,1.9801999115906805,1.765674639126338,full_ed
6,12.0,2.0,-0.5,347,28.393984327709116,30.808070491654753,1.9801999115906783,1.7656746391263358,full_ed
6,12.0,2.0,-0.5,348,28.395485134947474,30.80957129889311,1.9792649635423487,1.7647396910780062,full_ed
6,12.0,2.0,-0.5,349,28.40739398339383,30.821480147339468,1.9788743322549731,1.7643490597906306,full_ed
6,12.0,2.0,-0.5,350,28.407393983393852,30.82148014733949,1.9788743322549687,1.7643490597906262,full_ed
6,12.0,2.0,-0.5,351,28.973672010146547,31.387758174092184,2.0149742251021854,1.8004489526378429,full_ed
6,12.0,2.0,-0.5,352,28.974615406540472,31.38870157048611,2.014552040162202,1.8000267676978596,full_ed
6,12.0,2.0,-0.5,353,28.97461540654048,31.388701570486116,2.0145520401622004,1.8000267676978579,full_ed
6,12.0,2.0,-0.5,354,29.0554102980833,31.469496462028935,1.9965116610205231,1.7819863885561806,full_ed
6,12.0,2.0,-0.5,355,29.055410298083316,31.469496462028953,1.9965116610205276,1.781986388556185,full_ed
6,12.0,2.0,-0.5,356,29.060087436663288,31.474173600608925,1.9960326383874998,1.7815073659231573,full_ed
6,12.0,2.0,-0.5,357,29.064028999833653,31.47811516377929,1.99754281903409,1.7830175465697475,full_ed
6,12.0,2.0,-0.5,358,29.06671251415142,31.480798678097056,1.9973902198043678,1.7828649473400253,full_ed
6,12.0,2.0,-0.5,359,29.066712514151426,31.480798678097063,1.9973902198043687,1.7828649473400262,full_ed
6,12.0,2.0,-0.5,360,29.075605288990076,31.489691452935713,1.9962678793346251,1.7817426068702826,full_ed
6,12.0,2.0,-0.5,361,29.07634637898257,31.490432542928207,1.9965199142121164,1.7819946417477739,full_ed
6,12.0,2.0,-0.5,362,29.076346378982603,31.49043254292824,1.9965199142121173,1.7819946417477748,full_ed
6,12.0,2.0,-0.5,363,31.924032257011188,34.338118420956825,2.0282300509660716,1.813704778501729,full_ed
6,12.0,2.0,-0.5,364,31.946202871377487,34.36028903532313,2.03053152947192,1.8160062570075775,full_ed
6,12.0,2.0,-0.5,365,31.946202871377515,34.360289035323156,2.030531529471918,1.8160062570075757,full_ed
6,12.0,2.0,-0.5,366,32.55530179700602,34.96938796095166,1.9672098465698409,1.7526845741054984,full_ed
6,12.0,2.0,-0.5,367,32.56151906836889,34.97560523231453,2.939428174789492,2.72490290232515,full_ed
6,12.0,2.0,-0.5,368,32.56174357030644,34.97582973425208,2.93939528521377,2.724870012749428,full_ed
6,12.0,2.0,-0.5,369,32.56174357030646,34.9758297342521,2.939395285213772,2.7248700127494296,full_ed
6,12.0,2.0,-0.5,370,32.6609701570251,35.07505632097074,2.919159920159187,2.704634647694845,full_ed
6,12.0,2.0,-0.5,371,32.660970157025105,35.075056320970745,2.919159920159191,2.704634647694849,full_ed
6,12.0,2.0,-0.5,372,32.66142552402594,35.07551168797158,2.9190865517422173,2.704561279277875,full_ed
6,12.0,2.0,-0.5,373,32.67296287755304,35.08704904149868,1.9640999608192071,1.7495746883548646,full_ed
6,12.0,2.0,-0.5,374,32.67296287755306,35.0870490414987,1.964099960819207,1.7495746883548644,full_ed
6,12.0,2.0,-0.5,375,33.181145087830295,35.595231251775935,2.2440409033186963,2.029515630854354,full_ed
6,12.0,2.0,-0.5,376,33.21332876761485,35.62741493156049,2.3733448506904233,2.158819578226081,full_ed
6,12.0,2.0,-0.5,377,33.213328767614854,35.627414931560494,2.3733448506904207,2.1588195782260784,full_ed
6,12.0,2.0,-0.5,378,33.27784572077348,35.69193188471912,2.1857188302277866,1.971193557763444,full_ed
6,12.0,2.0,-0.5,379,33.27784572077349,35.69193188471913,2.185718830227791,1.9711935577634485,full_ed
6,12.0,2.0,-0.5,380,33.30453605751767,35.71862222146331,2.383563208563155,2.1690379360988126,full_ed
6,12.0,2.0,-0.5,381,33.33871884781337,35.75280501175901,1.9824461476911113,1.7679208752267688,full_ed
6,12.0,2.0,-0.5,382,33.33871884781337,35.75280501175901,1.9824461476911117,1.7679208752267692,full_ed
6,12.0,2.0,-0.5,383,33.40029164783636,35.814377811782,1.9802195091249088,1.7656942366605664,full_ed
6,12.0,2.0,-0.5,384,33.460373005079816,35.87445916902546,1.976450110611683,1.7619248381473405,full_ed
6,12.0,2.0,-0.5,385,33.46037300507983,35.87445916902547,1.9764501106116785,1.761924838147336,full_ed
6,12.0,2.0,-0.5,386,33.510608210987975,35.924694374933615,1.974945112378768,1.7604198399144255,full_ed
6,12.0,2.0,-0.5,387,33.53155230227663,35.94563846622227,2.2867914170385024,2.07226614457416,full_ed
6,12.0,2.0,-0.5,388,33.53155230227663,35.94563846622227,2.286791417038507,2.0722661445741646,full_ed
6,12.0,2.0,-0.5,389,33.55705510294227,35.97114126688791,2.2201720131854445,2.0056467407211023,full_ed
6,12.0,2.0,-0.5,390,40.31876106645057,42.73284723039621,2.979876441112364,2.7653511686480217,full_ed
6,12.0,2.0,-0.5,391,40.318841412424646,42.73292757637029,2.9798603798590158,2.7653351073946735,full_ed
6,12.0,2.0,-0.5,392,40.318841412424675,42.732927576370315,2.9798603798590158,2.7653351073946735,full_ed
6,12.0,2.0,-0.5,393,40.41325930136067,42.82734546530631,2.9696943805130966,2.7551691080487544,full_ed
6,12.0,2.0,-0.5,394,40.41325930136068,42.82734546530632,2.9696943805130926,2.7551691080487504,full_ed
6,12.0,2.0,-0.5,395,40.413386403877396,42.82747256782304,2.9696610964369765,2.7551358239726342,full_ed
6,12.0,2.0,-0.5,396,41.10023302456577,43.51431918851141,2.910399842706713,2.6958745702423705,full_ed
6,12.0,2.0,-0.5,397,41.10023302456579,43.51431918851143,2.9103998427067057,2.6958745702423634,full_ed
6,12.0,2.0,-0.5,398,41.10093029607136,43.515016460017,2.910208183308111,2.6956829108437685,full_ed
6,12.0,2.0,-0.5,399,48.94980907511939,51.36389523906503,2.941065125288091,2.7265398528237488,full_ed
6,12.0,2.0,-0.25,0,-1.8427944661163498,0.0,0.17152579559119396,0.0,full_ed
6,12.0,2.0,-0.25,1,-1.3988615880460116,0.4439328780703382,0.12927484350227705,-0.04225095208891691,full_ed
6,12.0,2.0,-0.25,2,-1.2283656212798606,0.6144288448364892,0.11464707539670865,-0.05687872019448531,full_ed
6,12.0,2.0,-0.25,3,-1.228365621279857,0.6144288448364927,0.11464707539670872,-0.05687872019448524,full_ed
6,12.0,2.0,-0.25,4,-0.9838419324272408,0.858952533689109,0.09426103335906344,-0.07726476223213052,full_ed
6,12.0,2.0,-0.25,5,-0.8463570004824423,0.9964374656339074,0.08042733388879743,-0.09109846170239654,full_ed
6,12.0,2.0,-0.25,6,-0.8463570004824228,0.996437465633927,0.08042733388879744,-0.09109846170239652,full_ed
6,12.0,2.0,-0.25,7,-0.7673794941545362,1.0754149719618136,0.07369799044884454,-0.09782780514234943,full_ed
6,12.0,2.0,-0.25,8,-0.7673794941545208,1.0754149719618291,0.07369799044884441,-0.09782780514234955,full_ed
6,12.0,2.0,-0.25,9,-0.757122211505864,1.0856722546104858,0.07040713117926557,-0.10111866441192839,full_ed
6,12.0,2.0,-0.25,10,-0.6371995096834027,1.2055949564329471,0.06088472179737875,-0.11064107379381521,full_ed
6,12.0,2.0,-0.25,11,-0.6248757363708395,1.2179187297455103,0.058623063118549174,-0.11290273247264479,full_ed
6,12.0,2.0,-0.25,12,-0.6248757363708278,1.2179187297455218,0.05862306311854909,-0.11290273247264487,full_ed
6,12.0,2.0,-0.25,13,-0.25373469081212846,1.5890597753042213,0.02690332200954912,-0.14462247358164484,full_ed
6,12.0,2.0,-0.25,14,-0.22552933344719253,1.6172651326691572,0.02409789373544506,-0.1474279018557489,full_ed
6,12.0,2.0,-0.25,15,-0.21775949611839415,1.6250349699979556,0.023117970791204548,-0.14840782479998943,full_ed
6,12.0,2.0,-0.25,16,-0.21775949611838352,1.6250349699979663,0.023117970791204485,-0.14840782479998949,full_ed
6,12.0,2.0,-0.25,17,-0.1422130250296365,1.7005814410867133,0.014953594542837251,-0.1565722010483567,full_ed
6,12.0,2.0,-0.25,18,-0.14221302502958127,1.7005814410867686,0.014953594542837243,-0.15657220104835673,full_ed
6,12.0,2.0,-0.25,19,-1.087835043856719e-14,1.842794466116339,2.0823004552222952e-29,-0.17152579559119396,full_ed
6,12.0,2.0,-0.25,20,5.710217298431949,7.553011764548298,1.0810543631436125,0.9095285675524185,full_ed
6,12.0,2.0,-0.25,21,5.977044780172079,7.819839246288429,1.0667644528278406,0.8952386572366466,full_ed
6,12.0,2.0,-0.25,22,6.061846447059414,7.904640913175763,1.0770201655418203,0.9054943699506264,full_ed
6,12.0,2.0,-0.25,23,6.061846447059434,7.9046409131757835,1.077020165541821,0.905494369950627,full_ed
6,12.0,2.0,-0.25,24,6.218346863699167,8.061141329815516,1.0511456865179487,0.8796198909267547,full_ed
6,12.0,2.0,-0.25,25,6.218346863699211,8.06114132981556,1.0511456865179465,0.8796198909267525,full_ed
6,12.0,2.0,-0.25,26,6.468041503192455,8.310835969308805,1.0318699956936848,0.8603442001024908,full_ed
6,12.0,2.0,-0.25,27,6.4792753713536575,8.322069837470007,1.0364814598719891,0.8649556642807952,full_ed
6,12.0,2.0,-0.25,28,6.47927537135366,8.32206983747001,1.0364814598719863,0.8649556642807923,full_ed
6,12.0,2.0,-0.25,29,6.709471297336044,8.552265763452395,1.0112339380189697,0.8397081424277757,full_ed
6,12.0,2.0,-0.25,30,6.709471297336052,8.552265763452402,1.0112339380189688,0.8397081424277748,full_ed
6,12.0,2.0,-0.25,31,6.736642554827784,8.579437020944134,1.0310662760150842,0.8595404804238902,full_ed
6,12.0,2.0,-0.25,32,6.757469915860536,8.600264381976887,1.0259375700660605,0.8544117744748665,full_ed
6,12.0,2.0,-0.25,33,6.757469915860556,8.600264381976906,1.0259375700660587,0.8544117744748647,full_ed
6,12.0,2.0,-0.25,34,6.80162984871841,8.64442431483476,0.9885707509386049,0.817044955347411,full_ed
6,12.0,2.0,-0.25,35,6.836970410568359,8.67976487668471,1.0354905333624815,0.8639647377712876,full_ed
6,12.0,2.0,-0.25,36,6.937258698172578,8.780053164288928,0.998158322845361,0.826632527254167,full_ed
6,12.0,2.0,-0.25,37,6.937258698172584,8.780053164288933,0.9981583228453591,0.8266325272541651,full_ed
6,12.0,2.0,-0.25,38,7.002611073383026,8.845405539499376,1.0315791123240383,0.8600533167328444,full_ed
6,12.0,2.0,-0.25,39,7.0026110733830285,8.845405539499378,1.0315791123240383,0.8600533167328444,full_ed
6,12.0,2.0,-0.25,40,7.014913368151424,8.857707834267774,1.023861386258937,0.852335590667743,full_ed
6,12.0,2.0,-0.25,41,7.01491336815144,8.85770783426779,1.023861386258936,0.8523355906677421,full_ed
6,12.0,2.0,-0.25,42,7.0284498536884055,8.871244319804756,1.0214260382926175,0.8499002427014235,full_ed
6,12.0,2.0,-0.25,43,7.055108176528384,8.897902642644734,1.0018218277042366,0.8302960321130426,full_ed
6,12.0,2.0,-0.25,44,7.127595248880553,8.970389714996903,1.032736277519114,0.86121048192792,full_ed
6,12.0,2.0,-0.25,45,7.127595248880567,8.970389714996918,1.032736277519113,0.8612104819279189,full_ed
6,12.0,2.0,-0.25,46,7.207786441616726,9.050580907733076,1.0047487625630414,0.8332229669718474,full_ed
6,12.0,2.0,-0.25,47,7.281980258860704,9.124774724977055,1.009920151660901,0.8383943560697071,full_ed
6,12.0,2.0,-0.25,48,7.281980258860708,9.124774724977058,1.0099201516609013,0.8383943560697074,full_ed
6,12.0,2.0,-0.25,49,7.325616772766831,9.16841123888318,1.0111966422912508,0.8396708467000569,full_ed
6,12.0,2.0,-0.25,50,7.325616772766844,9.168411238883195,1.0111966422912508,0.8396708467000569,full_ed
6,12.0,2.0,-0.25,51,7.444783210427859,9.28757767654421,1.0000000000000002,0.8284742044088063,full_ed
6,12.0,2.0,-0.25,52,7.491769082945311,9.334563549061661,1.0056093953205836,0.8340835997293896,full_ed
6,12.0,2.0,-0.25,53,7.491769082945315,9.334563549061665,1.005609395320585,0.834083599729391,full_ed
6,12.0,2.0,-0.25,54,7.495567984295297,9.338362450411648,1.0000167298077898,0.8284909342165958,full_ed
6,12.0,2.0,-0.25,55,7.510595660713323,9.353390126829673,0.9868094759611176,0.8152836803699236,full_ed
6,12.0,2.0,-0.25,56,7.510595660713328,9.353390126829678,0.986809475961117,0.815283680369923,full_ed
6,12.0,2.0,-0.25,57,7.530771323889355,9.373565790005705,1.0124581983116179,0.8409324027204239,full_ed
6,12.0,2.0,-0.25,58,7.536625334861229,9.37941980097758,0.9793276779311217,0.8078018823399278,full_ed
6,12.0,2.0,-0.25,59,7.627419765121859,9.47021423123821,0.9953989376423543,0.8238731420511604,full_ed
6,12.0,2.0,-0.25,60,7.62741976512187,9.47021423123822,0.9953989376423549,0.8238731420511609,full_ed
6,12.0,2.0,-0.25,61,7.8194250890996955,9.662219555216046,1.0018029829147277,0.8302771873235337,full_ed
6,12.0,2.0,-0.25,62,7.853280623001664,9.696075089118015,1.0019812465196902,0.8304554509284963,full_ed
6,12.0,2.0,-0.25,63,7.950560018570112,9.793354484686462,0.9876300698755687,0.8161042742843747,full_ed
6,12.0,2.0,-0.25,64,7.950560018570128,9.793354484686478,0.9876300698755691,0.8161042742843752,full_ed
6,12.0,2.0,-0.25,65,7.990987570292612,9.833782036408962,0.9767550170573962,0.8052292214662022,full_ed
6,12.0,2.0,-0.25,66,7.990987570292614,9.833782036408964,0.9767550170573963,0.8052292214662023,full_ed
6,12.0,2.0,-0.25,67,8.011678820490904,9.854473286607254,0.9724336300975142,0.8009078345063202,full_ed
6,12.0,2.0,-0.25,68,8.131927794366346,9.974722260482697,0.9599050575500906,0.7883792619588966,full_ed
6,12.0,2.0,-0.25,69,8.13192779436635,9.9747222604827,0.9599050575500916,0.7883792619588976,full_ed
6,12.0,2.0,-0.25,70,8.134367670894827,9.977162137011177,0.9772360785977398,0.8057102830065458,full_ed
6,12.0,2.0,-0.25,71,8.177645507101417,10.020439973217767,0.9692619087315996,0.7977361131404056,full_ed
6,12.0,2.0,-0.25,72,8.177645507101424,10.020439973217774,0.9692619087315988,0.7977361131404048,full_ed
6,12.0,2.0,-0.25,73,8.376755114991099,10.219549581107449,0.9571233613390249,0.7855975657478309,full_ed
6,12.0,2.0,-0.25,74,10.925778923864161,12.768573389980512,1.077124144839954,0.90559834924876,full_ed
6,12.0,2.0,-0.25,75,10.925778923864176,12.768573389980526,1.0771241448399542,0.9055983492487603,full_ed
6,12.0,2.0,-0.25,76,11.03692370421333,12.87971817032968,1.0653651010858343,0.8938393054946403,full_ed
6,12.0,2.0,-0.25,77,11.036923704213347,12.879718170329697,1.0653651010858338,0.8938393054946399,full_ed
6,12.0,2.0,-0.25,78,11.045602626055794,12.888397092172145,1.0649813527999874,0.8934555572087934,full_ed
6,12.0,2.0,-0.25,79,11.0456026260558,12.88839709217215,1.064981352799987,0.893455557208793,full_ed
6,12.0,2.0,-0.25,80,11.072762417005775,12.915556883122125,1.091078854988902,0.9195530593977079,full_ed
6,12.0,2.0,-0.25,81,11.097626520828495,12.940420986944845,1.0635437630065863,0.8920179674153923,full_ed
6,12.0,2.0,-0.25,82,11.097626520828506,12.940420986944856,1.0635437630065852,0.8920179674153912,full_ed
6,12.0,2.0,-0.25,83,11.10580693673825,12.948601402854601,1.0620425394605522,0.8905167438693582,full_ed
6,12.0,2.0,-0.25,84,11.144149609696875,12.986944075813225,1.0639328905718226,0.8924070949806286,full_ed
6,12.0,2.0,-0.25,85,11.172164311560541,13.014958777676892,1.0732287254109754,0.9017029298197814,full_ed
6,12.0,2.0,-0.25,86,11.359252012746792,13.202046478863142,1.0324313837748327,0.8609055881836387,full_ed
6,12.0,2.0,-0.25,87,11.36223707816616,13.20503154428251,1.0445401649494324,0.8730143693582384,full_ed
6,12.0,2.0,-0.25,88,11.383224191092236,13.226018657208586,1.0356982346410326,0.8641724390498386,full_ed
6,12.0,2.0,-0.25,89,11.383224191092241,13.226018657208591,1.0356982346410324,0.8641724390498384,full_ed
6,12.0,2.0,-0.25,90,11.443416196188835,13.286210662305185,1.0343315050588782,0.8628057094676842,full_ed
6,12.0,2.0,-0.25,91,11.44341619618885,13.2862106623052,1.0343315050588773,0.8628057094676833,full_ed
6,12.0,2.0,-0.25,92,11.460474109664528,13.303268575780878,1.0545468240792226,0.8830210284880287,full_ed
6,12.0,2.0,-0.25,93,11.482700633832925,13.325495099949276,1.0428081239463136,0.8712823283551197,full_ed
6,12.0,2.0,-0.25,94,11.482700633832934,13.325495099949284,1.0428081239463172,0.8712823283551232,full_ed
6,12.0,2.0,-0.25,95,11.495006516663658,13.337800982780008,1.0412199969334692,0.8696942013422753,full_ed
6,12.0,2.0,-0.25,96,11.49500651666366,13.33780098278001,1.0412199969334661,0.8696942013422722,full_ed
6,12.0,2.0,-0.25,97,11.53701679780343,13.37981126391978,1.045410503285853,0.873884707694659,full_ed
6,12.0,2.0,-0.25,98,11.582375107721896,13.425169573838247,1.0277942038875603,0.8562684082963663,full_ed
6,12.0,2.0,-0.25,99,11.651662959806995,13.494457425923345,0.9991573121567447,0.8276315165655508,full_ed
6,12.0,2.0,-0.25,100,11.651662959806997,13.494457425923347,0.9991573121567435,0.8276315165655496,full_ed
6,12.0,2.0,-0.25,101,11.655955694910809,13.498750161027159,1.0174342934093739,0.8459084978181799,full_ed
6,12.0,2.0,-0.25,102,11.655955694910809,13.498750161027159,1.0174342934093739,0.8459084978181799,full_ed
6,12.0,2.0,-0.25,103,11.665025506228536,13.507819972344887,1.0154027060996975,0.8438769105085036,full_ed
6,12.0,2.0,-0.25,104,11.688391627133361,13.531186093249712,1.0151609708091351,0.8436351752179412,full_ed
6,12.0,2.0,-0.25,105,11.688391627133363,13.531186093249714,1.0151609708091347,0.8436351752179407,full_ed
6,12.0,2.0,-0.25,106,11.71134176196649,13.554136228082841,0.9991582965555657,0.8276325009643717,full_ed
6,12.0,2.0,-0.25,107,11.71134176196649,13.554136228082841,0.9991582965555631,0.8276325009643691,full_ed
6,12.0,2.0,-0.25,108,11.769231134933735,13.612025601050085,1.017323249824948,0.8457974542337541,full_ed
6,12.0,2.0,-0.25,109,11.79282252571003,13.63561699182638,1.0249712493766179,0.8534454537854239,full_ed
6,12.0,2.0,-0.25,110,11.796833817112715,13.639628283229065,1.0408920336509957,0.8693662380598017,full_ed
6,12.0,2.0,-0.25,111,11.796833817112722,13.639628283229072,1.040892033650997,0.8693662380598031,full_ed
6,12.0,2.0,-0.25,112,11.834340264358312,13.677134730474663,1.0097663347955868,0.8382405392043928,full_ed
6,12.0,2.0,-0.25,113,11.84547245675403,13.68826692287038,1.0171942240972862,0.8456684285060923,full_ed
6,12.0,2.0,-0.25,114,11.87087334342938,13.713667809545731,1.0358138337298761,0.8642880381386822,full_ed
6,12.0,2.0,-0.25,115,11.870873343429395,13.713667809545745,1.0358138337298777,0.8642880381386837,full_ed
6,12.0,2.0,-0.25,116,11.879845994680288,13.722640460796638,1.0149695875652034,0.8434437919740094,full_ed
6,12.0,2.0,-0.25,117,11.916823652519392,13.759618118635743,1.0171163972325148,0.8455906016413208,full_ed
6,12.0,2.0,-0.25,118,11.916823652519408,13.759618118635759,1.0171163972325155,0.8455906016413215,full_ed
6,12.0,2.0,-0.25,119,11.935012471311184,13.777806937427535,1.004859027736789,0.8333332321455951,full_ed
6,12.0,2.0,-0.25,120,11.941598210899961,13.784392677016312,1.0165714688077236,0.8450456732165297,full_ed
6,12.0,2.0,-0.25,121,11.941598210899961,13.784392677016312,1.0165714688077239,0.8450456732165299,full_ed
6,12.0,2.0,-0.25,122,11.99999999999999,13.84279446611634,0.9999999999999977,0.8284742044088037,full_ed
6,12.0,2.0,-0.25,123,11.999999999999995,13.842794466116345,1.0,0.828474204408806,full_ed
6,12.0,2.0,-0.25,124,12.000000000000004,13.842794466116354,1.0000000000000004,0.8284742044088065,full_ed
6,12.0,2.0,-0.25,125,12.000000000000007,13.842794466116358,1.0000000000000002,0.8284742044088063,full_ed
6,12.0,2.0,-0.25,126,12.044436441981382,13.887230908097733,1.013354553192944,0.84182875760175,full_ed
6,12.0,2.0,-0.25,127,12.044436441981388,13.887230908097738,1.0133545531929442,0.8418287576017502,full_ed
6,12.0,2.0,-0.25,128,12.08879514450093,13.93158961061728,1.008648533743414,0.8371227381522199,full_ed
6,12.0,2.0,-0.25,129,12.088795144500935,13.931589610617285,1.0086485337434135,0.8371227381522195,full_ed
6,12.0,2.0,-0.25,130,12.15263533512703,13.99542980124338,1.0152960838873466,0.8437702882961526,full_ed
6,12.0,2.0,-0.25,131,12.15263533512704,13.995429801243391,1.0152960838873486,0.8437702882961546,full_ed
6,12.0,2.0,-0.25,132,12.15683932706857,13.99963379318492,1.0091897136365047,0.8376639180453107,full_ed
6,12.0,2.0,-0.25,133,12.156839327068571,13.999633793184922,1.0091897136365042,0.8376639180453103,full_ed
6,12.0,2.0,-0.25,134,12.198714713361776,14.041509179478126,1.006958407716029,0.835432612124835,full_ed
6,12.0,2.0,-0.25,135,12.198714713361781,14.041509179478131,1.0069584077160285,0.8354326121248346,full_ed
6,12.0,2.0,-0.25,136,12.214949406366284,14.057743872482634,1.008114080053069,0.836588284461875,full_ed
6,12.0,2.0,-0.25,137,12.215714052995496,14.058508519111847,1.0161932809205452,0.8446674853293512,full_ed
6,12.0,2.0,-0.25,138,12.236008752152879,14.078803218269229,1.0097220373835372,0.8381962417923432,full_ed
6,12.0,2.0,-0.25,139,12.236008752152888,14.078803218269238,1.0097220373835354,0.8381962417923414,full_ed
6,12.0,2.0,-0.25,140,12.261081692296953,14.103876158413303,1.0103762118120663,0.8388504162208723,full_ed
6,12.0,2.0,-0.25,141,12.30840948225049,14.15120394836684,0.9991990498418867,0.8276732542506927,full_ed
6,12.0,2.0,-0.25,142,12.308409482250509,14.15120394836686,0.9991990498418846,0.8276732542506906,full_ed
6,12.0,2.0,-0.25,143,12.347744728373662,14.190539194490013,1.0035425111083207,0.8320167155171267,full_ed
6,12.0,2.0,-0.25,144,12.367639081431916,14.210433547548266,0.9992364051277846,0.8277106095365906,full_ed
6,12.0,2.0,-0.25,145,12.367639081431927,14.210433547548277,0.9992364051277841,0.8277106095365901,full_ed
6,12.0,2.0,-0.25,146,15.058684129945167,16.901478596061516,1.947487601057539,1.775961805466345,full_ed
6,12.0,2.0,-0.25,147,15.25742122879019,17.100215694906538,1.1117152939948443,0.9401894984036503,full_ed
6,12.0,2.0,-0.25,148,15.287069288853036,17.129863754969385,1.1320493175843924,0.9605235219931985,full_ed
6,12.0,2.0,-0.25,149,15.287069288853061,17.12986375496941,1.132049317584396,0.960523521993202,full_ed
6,12.0,2.0,-0.25,150,15.444317660246137,17.287112126362487,1.9375052169486284,1.7659794213574345,full_ed
6,12.0,2.0,-0.25,151,15.465048525029168,17.307842991145517,1.9456543131249462,1.7741285175337522,full_ed
6,12.0,2.0,-0.25,152,15.465048525029175,17.307842991145524,1.9456543131249469,1.774128517533753,full_ed
6,12.0,2.0,-0.25,153,15.487358326123921,17.33015279224027,1.9309479804716274,1.7594221848804334,full_ed
6,12.0,2.0,-0.25,154,15.487358326123928,17.330152792240277,1.930947980471623,1.759422184880429,full_ed
6,12.0,2.0,-0.25,155,15.533471887326805,17.376266353443153,1.8999177670810796,1.7283919714898857,full_ed
6,12.0,2.0,-0.25,156,15.533471887326815,17.376266353443164,1.8999177670810723,1.7283919714898783,full_ed
6,12.0,2.0,-0.25,157,15.565798942584447,17.408593408700796,1.151604438202714,0.98007864261152,full_ed
6,12.0,2.0,-0.25,158,15.695794251421928,17.53858871753828,1.8704049825854894,1.6988791869942954,full_ed
6,12.0,2.0,-0.25,159,15.69628769631813,17.53908216243448,1.0875838326402074,0.9160580370490135,full_ed
6,12.0,2.0,-0.25,160,15.696287696318155,17.539082162434504,1.087583832640209,0.916058037049015,full_ed
6,12.0,2.0,-0.25,161,15.776468506897102,17.619262973013452,1.8137175199184963,1.6421917243273023,full_ed
6,12.0,2.0,-0.25,162,15.793865451090834,17.636659917207183,1.150386299111572,0.9788605035203781,full_ed
6,12.0,2.0,-0.25,163,15.793865451090848,17.636659917207197,1.1503862991115956,0.9788605035204017,full_ed
6,12.0,2.0,-0.25,164,15.896269842539448,17.7390643086558,1.1102283698782567,0.9387025742870627,full_ed
6,12.0,2.0,-0.25,165,15.898945378362457,17.741739844478808,1.6718683237978746,1.5003425282066807,full_ed
6,12.0,2.0,-0.25,166,15.89894537836247,17.74173984447882,1.6718683237978684,1.5003425282066745,full_ed
6,12.0,2.0,-0.25,167,15.91223119673324,17.75502566284959,1.0399969169522674,0.8684711213610734,full_ed
6,12.0,2.0,-0.25,168,15.975869000716616,17.818663466832966,1.197600047846103,1.0260742522549091,full_ed
6,12.0,2.0,-0.25,169,15.975869000716617,17.818663466832966,1.1976000478461053,1.0260742522549113,full_ed
6,12.0,2.0,-0.25,170,15.982587210879196,17.825381676995544,1.0377156276138888,0.8661898320226948,full_ed
6,12.0,2.0,-0.25,171,16.028011640327286,17.870806106443634,1.0890486999087359,0.9175229043175419,full_ed
6,12.0,2.0,-0.25,172,16.028011640327286,17.870806106443634,1.089048699908731,0.917522904317537,full_ed
6,12.0,2.0,-0.25,173,16.111263006877074,17.954057472993423,1.0543603899460137,0.8828345943548197,full_ed
6,12.0,2.0,-0.25,174,16.17780276840262,18.02059723451897,1.1209087500015231,0.9493829544103292,full_ed
6,12.0,2.0,-0.25,175,16.177802768402636,18.020597234518984,1.1209087500015222,0.9493829544103283,full_ed
6,12.0,2.0,-0.25,176,16.185724058336763,18.028518524453112,0.9891174743369129,0.8175916787457189,full_ed
6,12.0,2.0,-0.25,177,16.198296629846404,18.041091095962752,1.0759451266553448,0.9044193310641508,full_ed
6,12.0,2.0,-0.25,178,16.198296629846407,18.041091095962756,1.0759451266553317,0.9044193310641377,full_ed
6,12.0,2.0,-0.25,179,16.246741683565844,18.089536149682193,1.0367059211458356,0.8651801255546416,full_ed
6,12.0,2.0,-0.25,180,16.246741683565848,18.089536149682196,1.036705921145842,0.8651801255546481,full_ed
6,12.0,2.0,-0.25,181,16.287145955507334,18.129940421623683,1.1078503539397693,0.9363245583485753,full_ed
6,12.0,2.0,-0.25,182,16.347547009695926,18.190341475812275,0.9923942588512625,0.8208684632600686,full_ed
6,12.0,2.0,-0.25,183,16.34754700969593,18.19034147581228,0.9923942588512624,0.8208684632600685,full_ed
6,12.0,2.0,-0.25,184,16.347963804460466,18.190758270576815,1.019341010740379,0.8478152151491851,full_ed
6,12.0,2.0,-0.25,185,16.3568608583478,18.19965532446415,1.0821951175612807,0.9106693219700868,full_ed
6,12.0,2.0,-0.25,186,16.356860858347815,18.199655324464164,1.0821951175612858,0.9106693219700919,full_ed
6,12.0,2.0,-0.25,187,16.36761647952875,18.210410945645098,1.679683013335241,1.508157217744047,full_ed
6,12.0,2.0,-0.25,188,16.36761647952876,18.21041094564511,1.67968301333522,1.5081572177440261,full_ed
6,12.0,2.0,-0.25,189,16.449821211383192,18.29261567749954,1.1306604231913098,0.9591346276001158,full_ed
6,12.0,2.0,-0.25,190,16.449821211383195,18.292615677499544,1.1306604231913147,0.9591346276001207,full_ed
6,12.0,2.0,-0.25,191,16.46941713223522,18.312211598351567,1.0652915251959907,0.8937657296047967,full_ed
6,12.0,2.0,-0.25,192,16.501118962811464,18.343913428927813,1.0973974242156044,0.9258716286244104,full_ed
6,12.0,2.0,-0.25,193,16.501118962811486,18.343913428927834,1.097397424215609,0.9258716286244151,full_ed
6,12.0,2.0,-0.25,194,16.54924470300446,18.39203916912081,1.1362051541982254,0.9646793586070315,full_ed
6,12.0,2.0,-0.25,195,16.553598652756275,18.396393118872624,1.3348019677728997,1.1632761721817058,full_ed
6,12.0,2.0,-0.25,196,16.553598652756282,18.39639311887263,1.3348019677729162,1.1632761721817222,full_ed
6,12.0,2.0,-0.25,197,16.55521678957214,18.398011255688488,1.0000000000000007,0.8284742044088067,full_ed
6,12.0,2.0,-0.25,198,16.577531111523122,18.42032557763947,1.017681521419921,0.8461557258287271,full_ed
6,12.0,2.0,-0.25,199,16.59127795975631,18.43407242587266,1.0917613086397708,0.9202355130485769,full_ed
6,12.0,2.0,-0.25,200,16.715870360616837,18.558664826733185,0.9928604401906475,0.8213346445994535,full_ed
6,12.0,2.0,-0.25,201,16.715870360616847,18.558664826733196,0.9928604401906462,0.8213346445994523,full_ed
6,12.0,2.0,-0.25,202,16.760348899666507,18.603143365782856,1.7935702133250113,1.6220444177338174,full_ed
6,12.0,2.0,-0.25,203,16.7787202746707,18.62151474078705,1.4237475311553747,1.2522217355641807,full_ed
6,12.0,2.0,-0.25,204,16.778720274670704,18.621514740787052,1.423747531155377,1.2522217355641831,full_ed
6,12.0,2.0,-0.25,205,16.814499692825116,18.657294158941465,1.366926845386844,1.19540104979565,full_ed
6,12.0,2.0,-0.25,206,16.84230335508254,18.685097821198887,1.0171555432886037,0.8456297476974097,full_ed
6,12.0,2.0,-0.25,207,16.93137159763507,18.77416606375142,1.0277205122098303,0.8561947166186363,full_ed
6,12.0,2.0,-0.25,208,16.93137159763509,18.774166063751437,1.02772051220983,0.8561947166186361,full_ed
6,12.0,2.0,-0.25,209,16.950584713193713,18.79337917931006,1.0233643302687414,0.8518385346775474,full_ed
6,12.0,2.0,-0.25,210,16.950584713193713,18.79337917931006,1.023364330268743,0.851838534677549,full_ed
6,12.0,2.0,-0.25,211,16.971403741552574,18.814198207668923,1.4244168707711495,1.2528910751799556,full_ed
6,12.0,2.0,-0.25,212,17.084835952379528,18.927630418495877,0.9995447232581571,0.8280189276669632,full_ed
6,12.0,2.0,-0.25,213,17.084835952379535,18.927630418495884,0.9995447232581585,0.8280189276669645,full_ed
6,12.0,2.0,-0.25,214,17.12260317186361,18.965397637979958,1.0327853096603574,0.8612595140691635,full_ed
6,12.0,2.0,-0.25,215,17.16859708870906,19.01139155482541,1.0241406697582616,0.8526148741670676,full_ed
6,12.0,2.0,-0.25,216,17.168597088709085,19.011391554825433,1.0241406697582607,0.8526148741670667,full_ed
6,12.0,2.0,-0.25,217,17.393013189459605,19.235807655575954,0.9947812822061927,0.8232554866149987,full_ed
6,12.0,2.0,-0.25,218,19.351873623771738,21.194668089888086,1.9823305418751218,1.8108047462839278,full_ed
6,12.0,2.0,-0.25,219,19.35187362377174,21.19466808988809,1.982330541875125,1.810804746283931,full_ed
6,12.0,2.0,-0.25,220,19.355206544999376,21.198001011115725,1.9829336600567293,1.8114078644655354,full_ed
6,12.0,2.0,-0.25,221,19.360986469388145,21.203780935504493,1.9811648684751633,1.8096390728839693,full_ed
6,12.0,2.0,-0.25,222,19.361454443459905,21.204248909576254,1.981394171624423,1.809868376033229,full_ed
6,12.0,2.0,-0.25,223,19.361454443459913,21.20424890957626,1.9813941716244226,1.8098683760332286,full_ed
6,12.0,2.0,-0.25,224,19.363764871239383,21.20655933735573,1.982874578309722,1.811348782718528,full_ed
6,12.0,2.0,-0.25,225,19.363764871239383,21.20655933735573,1.9828745783097244,1.8113487827185304,full_ed
6,12.0,2.0,-0.25,226,19.366260386868504,21.209054852984853,1.9819996174697674,1.8104738218785734,full_ed
6,12.0,2.0,-0.25,227,19.38500346237428,21.227797928490627,1.9832349418083,1.811709146217106,full_ed
6,12.0,2.0,-0.25,228,19.39441447555286,21.23720894166921,1.9820418438788332,1.8105160482876392,full_ed
6,12.0,2.0,-0.25,229,19.394414475552885,21.237208941669234,1.9820418438788268,1.8105160482876328,full_ed
6,12.0,2.0,-0.25,230,20.07151131408504,21.91430578020139,1.9711122438560882,1.7995864482648942,full_ed
6,12.0,2.0,-0.25,231,20.077503687613177,21.920298153729526,1.9708811218624613,1.7993553262712674,full_ed
6,12.0,2.0,-0.25,232,20.077503687613184,21.920298153729533,1.9708811218624582,1.7993553262712643,full_ed
6,12.0,2.0,-0.25,233,20.103430491789474,21.946224957905823,1.9677624250928452,1.7962366295016512,full_ed
6,12.0,2.0,-0.25,234,20.108664141293477,21.951458607409826,1.9672396817430147,1.7957138861518207,full_ed
6,12.0,2.0,-0.25,235,20.10866414129348,21.95145860740983,1.967239681743015,1.795713886151821,full_ed
6,12.0,2.0,-0.25,236,20.142581730820226,21.985376196936574,1.9633378011164377,1.7918120055252438,full_ed
6,12.0,2.0,-0.25,237,20.142581730820233,21.98537619693658,1.9633378011164375,1.7918120055252436,full_ed
6,12.0,2.0,-0.25,238,20.143850964813428,21.986645430929777,1.9632941703533218,1.7917683747621278,full_ed
6,12.0,2.0,-0.25,239,20.17145062471878,22.01424509083513,1.963173382925827,1.7916475873346331,full_ed
6,12.0,2.0,-0.25,240,20.17465843285997,22.01745289897632,1.9636709827594345,1.7921451871682406,full_ed
6,12.0,2.0,-0.25,241,20.174658432859978,22.017452898976327,1.963670982759429,1.792145187168235,full_ed
6,12.0,2.0,-0.25,242,20.309230853946435,22.152025320062783,1.9575244700245067,1.7859986744333127,full_ed
6,12.0,2.0,-0.25,243,20.42381823167721,22.26661269779356,1.9478900918742084,1.7763642962830144,full_ed
6,12.0,2.0,-0.25,244,20.423818231677224,22.266612697793573,1.9478900918742093,1.7763642962830153,full_ed
6,12.0,2.0,-0.25,245,20.45363011483858,22.29642458095493,1.9357874664516832,1.7642616708604892,full_ed
6,12.0,2.0,-0.25,246,20.49345094633552,22.33624541245187,1.9330166272229308,1.7614908316317368,full_ed
6,12.0,2.0,-0.25,247,20.49345094633552,22.33624541245187,1.9330166272229272,1.7614908316317333,full_ed
6,12.0,2.0,-0.25,248,20.50778788519681,22.350582351313157,1.9457336571668098,1.7742078615756158,full_ed
6,12.0,2.0,-0.25,249,20.528442419470462,22.37123688558681,1.9348576365714578,1.7633318409802639,full_ed
6,12.0,2.0,-0.25,250,20.53545494793356,22.378249414049908,1.9353683883878317,1.7638425927966377,full_ed
6,12.0,2.0,-0.25,251,20.535454947933573,22.37824941404992,1.9353683883878272,1.7638425927966332,full_ed
6,12.0,2.0,-0.25,252,20.577000539657504,22.419795005773853,1.9247154689940156,1.7531896734028216,full_ed
6,12.0,2.0,-0.25,253,20.577000539657504,22.419795005773853,1.9247154689940147,1.7531896734028207,full_ed
6,12.0,2.0,-0.25,254,22.980755175973524,24.823549642089873,2.0239889180422157,1.8524631224510217,full_ed
6,12.0,2.0,-0.25,255,22.997182432271384,24.839976898387732,2.025910867900372,1.8543850723091782,full_ed
6,12.0,2.0,-0.25,256,22.997182432271394,24.839976898387743,2.0259108679003694,1.8543850723091755,full_ed
6,12.0,2.0,-0.25,257,23.08437013214658,24.92716459826293,2.026314017089081,1.854788221497887,full_ed
6,12.0,2.0,-0.25,258,23.094800528842093,24.93759499495844,2.026755814393111,1.8552300188019168,full_ed
6,12.0,2.0,-0.25,259,23.094800528842093,24.93759499495844,2.0267558143931126,1.8552300188019186,full_ed
6,12.0,2.0,-0.25,260,23.258523974349462,25.10131844046581,1.9891199664077202,1.8175941708165262,full_ed
6,12.0,2.0,-0.25,261,23.290934073010156,25.133728539126505,1.9885751416873791,1.8170493460961852,full_ed
6,12.0,2.0,-0.25,262,23.29093407301017,25.13372853912652,1.9885751416873751,1.8170493460961812,full_ed
6,12.0,2.0,-0.25,263,23.575253907937693,25.41804837405404,1.9895327549715185,1.8180069593803245,full_ed
6,12.0,2.0,-0.25,264,23.591988507987523,25.43478297410387,1.9918886312689636,1.8203628356777697,full_ed
6,12.0,2.0,-0.25,265,23.591988507987534,25.434782974103882,1.9918886312689634,1.8203628356777695,full_ed
6,12.0,2.0,-0.25,266,23.599061075515447,25.441855541631796,2.016126624885338,1.844600829294144,full_ed
6,12.0,2.0,-0.25,267,23.59906107551547,25.441855541631817,2.01612662488534,1.8446008292941458,full_ed
6,12.0,2.0,-0.25,268,23.667217607160257,25.510012073276606,2.024485471641277,1.852959676050083,full_ed
6,12.0,2.0,-0.25,269,23.81906989982462,25.661864365940968,1.990706402722814,1.81918060713162,full_ed
6,12.0,2.0,-0.25,270,23.81906989982462,25.661864365940968,1.9907064027228196,1.8191806071316257,full_ed
6,12.0,2.0,-0.25,271,23.82524906287813,25.668043528994477,1.9985091662489793,1.8269833706577854,full_ed
6,12.0,2.0,-0.25,272,23.8461853043242,25.68897977044055,1.982386205889137,1.810860410297943,full_ed
6,12.0,2.0,-0.25,273,23.84618530432421,25.688979770440557,1.9823862058891373,1.8108604102979433,full_ed
6,12.0,2.0,-0.25,274,23.847750769082317,25.690545235198666,1.9800060913560382,1.8084802957648443,full_ed
6,12.0,2.0,-0.25,275,23.854669454379195,25.697463920495544,1.9804492568425571,1.8089234612513632,full_ed
6,12.0,2.0,-0.25,276,23.8546694543792,25.697463920495547,1.9804492568425585,1.8089234612513645,full_ed
6,12.0,2.0,-0.25,277,23.971107368545873,25.81390183466222,1.9969356373000215,1.8254098417088276,full_ed
6,12.0,2.0,-0.25,278,23.97110736854589,25.81390183466224,1.9969356373000169,1.825409841708823,full_ed
6,12.0,2.0,-0.25,279,24.0,25.84279446611635,2.0,1.828474204408806,full_ed
6,12.0,2.0,-0.25,280,24.002496251419608,25.845290717535956,1.9969414476040817,1.8254156520128877,full_ed
6,12.0,2.0,-0.25,281,24.002496251419615,25.845290717535963,1.996941447604081,1.825415652012887,full_ed
6,12.0,2.0,-0.25,282,24.014750373465574,25.857544839581923,1.9986604332260187,1.8271346376348248,full_ed
6,12.0,2.0,-0.25,283,24.01750304395085,25.8602975100672,1.9965165516010013,1.8249907560098073,full_ed
6,12.0,2.0,-0.25,284,24.017503043950867,25.860297510067216,1.9965165516010088,1.8249907560098149,full_ed
6,12.0,2.0,-0.25,285,24.019096128549208,25.861890594665557,1.9984115902650958,1.8268857946739019,full_ed
6,12.0,2.0,-0.25,286,24.025050883663415,25.867845349779763,1.997920477311415,1.826394681720221,full_ed
6,12.0,2.0,-0.25,287,24.088603903565296,25.931398369681645,1.991398545957641,1.8198727503664471,full_ed
6,12.0,2.0,-0.25,288,24.089245969429903,25.932040435546252,1.9942372688820282,1.8227114732908343,full_ed
6,12.0,2.0,-0.25,289,24.1098695491773,25.95266401529365,1.9817426164105187,1.8102168208193248,full_ed
6,12.0,2.0,-0.25,290,24.10986954917731,25.95266401529366,1.9817426164105185,1.8102168208193246,full_ed
6,12.0,2.0,-0.25,291,24.140454426019687,25.983248892136036,1.9899524949705776,1.8184266993793836,full_ed
6,12.0,2.0,-0.25,292,24.140454426019716,25.983248892136064,1.9899524949705794,1.8184266993793854,full_ed
6,12.0,2.0,-0.25,293,24.152330028474374,25.995124494590723,1.9843032132005085,1.8127774176093145,full_ed
6,12.0,2.0,-0.25,294,24.18181936071864,26.02461382683499,2.0084127408862615,1.8368869452950676,full_ed
6,12.0,2.0,-0.25,295,24.18181936071864,26.02461382683499,2.0084127408862633,1.8368869452950694,full_ed
6,12.0,2.0,-0.25,296,24.199066272998678,26.041860739115027,1.9788787827502472,1.8073529871590532,full_ed
6,12.0,2.0,-0.25,297,24.322024941673366,26.164819407789714,1.9741096297361174,1.8025838341449234,full_ed
6,12.0,2.0,-0.25,298,24.353701473241518,26.196495939357867,1.98789927923792,1.816373483646726,full_ed
6,12.0,2.0,-0.25,299,24.353701473241536,26.196495939357884,1.987899279237922,1.816373483646728,full_ed
6,12.0,2.0,-0.25,300,24.356354907958266,26.199149374074615,1.9816957520550829,1.810169956463889,full_ed
6,12.0,2.0,-0.25,301,24.35635490795827,26.19914937407462,1.9816957520550837,1.8101699564638898,full_ed
6,12.0,2.0,-0.25,302,24.436257638307822,26.27905210442417,1.9817124581858654,1.8101866625946714,full_ed
6,12.0,2.0,-0.25,303,24.436257638307826,26.279052104424174,1.981712458185866,1.810186662594672,full_ed
6,12.0,2.0,-0.25,304,24.43676191956627,26.279556385682618,1.9540364582483527,1.7825106626571587,full_ed
6,12.0,2.0,-0.25,305,24.43676191956627,26.279556385682618,1.9540364582483516,1.7825106626571576,full_ed
6,12.0,2.0,-0.25,306,24.437894401876083,26.28068886799243,1.993913502860443,1.8223877072692491,full_ed
6,12.0,2.0,-0.25,307,24.504059104059863,26.34685357017621,1.951169986384833,1.7796441907936391,full_ed
6,12.0,2.0,-0.25,308,24.542957283595864,26.385751749712213,1.948707042834922,1.777181247243728,full_ed
6,12.0,2.0,-0.25,309,24.647327898482807,26.490122364599156,1.9508856783025887,1.7793598827113948,full_ed
6,12.0,2.0,-0.25,310,24.647327898482807,26.490122364599156,1.9508856783025716,1.7793598827113777,full_ed
6,12.0,2.0,-0.25,311,24.657826778816194,26.500621244932542,1.979585012312105,1.808059216720911,full_ed
6,12.0,2.0,-0.25,312,24.657826778816215,26.500621244932564,1.979585012312078,1.808059216720884,full_ed
6,12.0,2.0,-0.25,313,24.68545359774106,26.528248063857408,1.9852800962527424,1.8137543006615484,full_ed
6,12.0,2.0,-0.25,314,24.79313979116375,26.6359342572801,2.066544840445798,1.8950190448546038,full_ed
6,12.0,2.0,-0.25,315,24.897950619905643,26.74074508602199,1.952331538995571,1.7808057434043771,full_ed
6,12.0,2.0,-0.25,316,24.897950619905643,26.74074508602199,1.9523315389955722,1.7808057434043782,full_ed
6,12.0,2.0,-0.25,317,24.92608591750795,26.7688803836243,1.9493436608872234,1.7778178652960295,full_ed
6,12.0,2.0,-0.25,318,24.92708357919051,26.769878045306857,1.9486032694738702,1.7770774738826762,full_ed
6,12.0,2.0,-0.25,319,24.92708357919053,26.76987804530688,1.9486032694738695,1.7770774738826756,full_ed
6,12.0,2.0,-0.25,320,24.981693262364814,26.824487728481163,1.9858484095057967,1.8143226139146027,full_ed
6,12.0,2.0,-0.25,321,24.98169326236483,26.824487728481177,1.985848409505793,1.8143226139145991,full_ed
6,12.0,2.0,-0.25,322,25.000505288304037,26.843299754420386,1.9902229017321167,1.8186971061409227,full_ed
6,12.0,2.0,-0.25,323,25.241592227305997,27.084386693422346,1.9602693718349813,1.7887435762437873,full_ed
6,12.0,2.0,-0.25,324,25.241592227306015,27.084386693422363,1.9602693718349793,1.7887435762437853,full_ed
6,12.0,2.0,-0.25,325,25.270924535922738,27.113719002039087,1.9589841445797038,1.7874583489885099,full_ed
6,12.0,2.0,-0.25,326,25.592711690852262,27.43550615696861,2.6973629465652724,2.5258371509740787,full_ed
6,12.0,2.0,-0.25,327,28.15442795382912,29.99722241994547,2.0037972249402376,1.8322714293490436,full_ed
6,12.0,2.0,-0.25,328,28.154427953829124,29.997222419945473,2.003797224940236,1.8322714293490419,full_ed
6,12.0,2.0,-0.25,329,28.181662434848835,30.024456900965184,2.003830254606481,1.832304459015287,full_ed
6,12.0,2.0,-0.25,330,28.21880160325154,30.061596069367887,1.9927237235413493,1.8211979279501553,full_ed
6,12.0,2.0,-0.25,331,28.218801603251542,30.06159606936789,1.9927237235413555,1.8211979279501616,full_ed
6,12.0,2.0,-0.25,332,28.22431818712579,30.067112653242138,1.989207381972425,1.817681586381231,full_ed
6,12.0,2.0,-0.25,333,28.25023093134973,30.09302539746608,1.985678005706799,1.8141522101156051,full_ed
6,12.0,2.0,-0.25,334,28.264099071725433,30.10689353784178,1.9854070687355025,1.8138812731443086,full_ed
6,12.0,2.0,-0.25,335,28.264099071725454,30.106893537841803,1.9854070687354974,1.8138812731443035,full_ed
6,12.0,2.0,-0.25,336,28.304713490305275,30.147507956421624,1.9858439627230853,1.8143181671318913,full_ed
6,12.0,2.0,-0.25,337,28.304713490305282,30.14750795642163,1.985843962723091,1.814318167131897,full_ed
6,12.0,2.0,-0.25,338,28.305430997081785,30.148225463198134,1.988533159527516,1.817007363936322,full_ed
6,12.0,2.0,-0.25,339,28.33588409741595,30.178678563532298,1.9899670603248312,1.8184412647336372,full_ed
6,12.0,2.0,-0.25,340,28.33804030916964,30.180834775285987,1.987162185852435,1.8156363902612411,full_ed
6,12.0,2.0,-0.25,341,28.33804030916965,30.180834775285998,1.9871621858524333,1.8156363902612394,full_ed
6,12.0,2.0,-0.25,342,28.344213865998253,30.1870083321146,1.9868695022341893,1.8153437066429954,full_ed
6,12.0,2.0,-0.25,343,28.34421386599827,30.18700833211462,1.9868695022341887,1.8153437066429947,full_ed
6,12.0,2.0,-0.25,344,28.36442348528585,30.2072179514022,1.9857241017495104,1.8141983061583165,full_ed
6,12.0,2.0,-0.25,345,28.37338387192018,30.216178338036528,1.9878813008427931,1.8163555052515992,full_ed
6,12.0,2.0,-0.25,346,28.378167616487264,30.220962082603613,1.987065853261959,1.815540057670765,full_ed
6,12.0,2.0,-0.25,347,28.378167616487268,30.220962082603616,1.9870658532619598,1.8155400576707659,full_ed
6,12.0,2.0,-0.25,348,28.394227989009874,30.237022455126223,1.9841481559033562,1.8126223603121623,full_ed
6,12.0,2.0,-0.25,349,28.410019262953675,30.252813729070024,1.9833667021457853,1.8118409065545913,full_ed
6,12.0,2.0,-0.25,350,28.41001926295371,30.25281372907006,1.9833667021457857,1.8118409065545917,full_ed
6,12.0,2.0,-0.25,351,28.72136778086503,30.56416224698138,2.0216257847594212,1.8500999891682273,full_ed
6,12.0,2.0,-0.25,352,28.724908351921933,30.56770281803828,2.0207403146857508,1.8492145190945568,full_ed
6,12.0,2.0,-0.25,353,28.724908351921947,30.567702818038295,2.0207403146857486,1.8492145190945546,full_ed
6,12.0,2.0,-0.25,354,28.862906231772428,30.705700697888776,1.992804898195778,1.821279102604584,full_ed
6,12.0,2.0,-0.25,355,28.862906231772453,30.7057006978888,1.9928048981957809,1.821279102604587,full_ed
6,12.0,2.0,-0.25,356,28.8722756310151,30.71507009713145,1.9915633197328357,1.8200375241416418,full_ed
6,12.0,2.0,-0.25,357,28.87543592784813,30.71823039396448,1.9949589632819866,1.8234331676907927,full_ed
6,12.0,2.0,-0.25,358,28.88038796127556,30.723182427391908,1.9946383162941403,1.8231125207029464,full_ed
6,12.0,2.0,-0.25,359,28.88038796127557,30.72318242739192,1.9946383162941403,1.8231125207029464,full_ed
6,12.0,2.0,-0.25,360,28.899552905120515,30.742347371236864,1.992784214117924,1.82125841852673,full_ed
6,12.0,2.0,-0.25,361,28.899552905120526,30.742347371236875,1.9927842141179202,1.8212584185267262,full_ed
6,12.0,2.0,-0.25,362,28.9009182042429,30.743712670359248,1.9920562910147022,1.8205304954235082,full_ed
6,12.0,2.0,-0.25,363,32.11637716851158,33.959171634627936,2.0144353217201543,1.8429095261289603,full_ed
6,12.0,2.0,-0.25,364,32.172034114147905,34.01482858026426,2.0201097056419477,1.8485839100507537,full_ed
6,12.0,2.0,-0.25,365,32.17203411414792,34.01482858026427,2.0201097056419433,1.8485839100507493,full_ed
6,12.0,2.0,-0.25,366,32.39972407497531,34.24251854109166,1.9774343665354395,1.8059085709442455,full_ed
6,12.0,2.0,-0.25,367,32.500503002905205,34.34329746902156,2.9421986228141925,2.770672827222999,full_ed
6,12.0,2.0,-0.25,368,32.50083763407112,34.34363210018747,2.9421995229068747,2.770673727315681,full_ed
6,12.0,2.0,-0.25,369,32.50083763407112,34.34363210018747,2.942199522906873,2.770673727315679,full_ed
6,12.0,2.0,-0.25,370,32.61699030273597,34.45978476885232,1.9734584216236595,1.8019326260324655,full_ed
6,12.0,2.0,-0.25,371,32.61699030273598,34.45978476885233,1.9734584216236621,1.8019326260324682,full_ed
6,12.0,2.0,-0.25,372,32.692977103850176,34.53577156996653,2.8397771050182183,2.668251309427024,full_ed
6,12.0,2.0,-0.25,373,32.69441831071754,34.53721277683389,2.868037974627697,2.696512179036503,full_ed
6,12.0,2.0,-0.25,374,32.69441831071754,34.53721277683389,2.8680379746276907,2.696512179036497,full_ed
6,12.0,2.0,-0.25,375,32.85874462448645,34.7015390906028,2.1558902648862803,1.9843644692950864,full_ed
6,12.0,2.0,-0.25,376,32.868057643821295,34.71085210993765,2.0335782487508793,1.8620524531596854,full_ed
6,12.0,2.0,-0.25,377,32.86805764382131,34.71085210993766,2.033578248750857,1.8620524531596632,full_ed
6,12.0,2.0,-0.25,378,32.975485056957254,34.818279523073606,2.6778637144749005,2.5063379188837063,full_ed
6,12.0,2.0,-0.25,379,32.97548505695727,34.81827952307362,2.677863714474927,2.506337918883733,full_ed
6,12.0,2.0,-0.25,380,33.00456534041009,34.84735980652644,2.6358876793886346,2.464361883797441,full_ed
6,12.0,2.0,-0.25,381,33.09460473042792,34.93739919654427,1.984481068543871,1.812955272952677,full_ed
6,12.0,2.0,-0.25,382,33.09460473042795,34.937399196544305,1.9844810685438692,1.8129552729526752,full_ed
6,12.0,2.0,-0.25,383,33.23873618922868,35.081530655345034,1.9810338727149628,1.8095080771237688,full_ed
6,12.0,2.0,-0.25,384,33.270641491970366,35.11343595808672,1.9783858761643462,1.8068600805731523,full_ed
6,12.0,2.0,-0.25,385,33.27064149197037,35.113435958086725,1.9783858761643471,1.8068600805731532,full_ed
6,12.0,2.0,-0.25,386,33.32875776192313,35.17155222803948,2.211860835681413,2.040335040090219,full_ed
6,12.0,2.0,-0.25,387,33.32875776192313,35.17155222803948,2.2118608356814207,2.040335040090227,full_ed
6,12.0,2.0,-0.25,388,33.33344584370724,35.17624030982359,1.9768543610043405,1.8053285654131466,full_ed
6,12.0,2.0,-0.25,389,33.3636638032185,35.20645826933485,2.1647310424338593,1.9932052468426653,full_ed
6,12.0,2.0,-0.25,390,40.270686600166876,42.11348106628323,2.9827084315010177,2.811182635909824,full_ed
6,12.0,2.0,-0.25,391,40.27080140356176,42.113595869678115,2.9826841322314905,2.811158336640297,full_ed
6,12.0,2.0,-0.25,392,40.27080140356177,42.11359586967812,2.982684132231495,2.8111583366403012,full_ed
6,12.0,2.0,-0.25,393,40.47944663612575,42.3222411022421,2.9612238865057785,2.7896980909145848,full_ed
6,12.0,2.0,-0.25,394,40.479446636125765,42.32224110224212,2.9612238865057696,2.789698090914576,full_ed
6,12.0,2.0,-0.25,395,40.479685701360566,42.32248016747692,2.9611534238909223,2.789627628299728,full_ed
6,12.0,2.0,-0.25,396,40.82646419910374,42.66925866522009,2.9307676763830153,2.759241880791821,full_ed
6,12.0,2.0,-0.25,397,40.826464199103796,42.66925866522015,2.930767676383013,2.7592418807918193,full_ed
6,12.0,2.0,-0.25,398,40.827373809281305,42.67016827539766,2.930511542512691,2.758985746921497,full_ed
6,12.0,2.0,-0.25,399,48.80207446049772,50.64486892661407,2.950339225034012,2.7788134294428177,full_ed
6,12.0,2.0,0.0,0,-1.552277365508794,0.0,0.14872944579993808,0.0,full_ed
6,12.0,2.0,0.0,1,-1.2985203037450224,0.25375706176377166,0.12197733902887734,-0.02675210677106074,full_ed
6,12.0,2.0,0.0,2,-1.0880153587741153,0.46426200673467877,0.10479547741579945,-0.04393396838413863,full_ed
6,12.0,2.0,0.0,3,-1.008043490509375,0.5442338749994191,0.09732726748286055,-0.051402178317077524,full_ed
6,12.0,2.0,0.0,4,-1.0080434905093623,0.5442338749994318,0.09732726748286079,-0.05140217831707729,full_ed
6,12.0,2.0,0.0,5,-0.903495071732259,0.6487822937765351,0.08641970709646257,-0.062309738703475503,full_ed
6,12.0,2.0,0.0,6,-0.9034950717322542,0.6487822937765398,0.08641970709646232,-0.06230973870347575,full_ed
6,12.0,2.0,0.0,7,-0.7305802649884372,0.8216971005203568,0.07169118523688035,-0.07703826056305772,full_ed
6,12.0,2.0,0.0,8,-0.7305802649884329,0.8216971005203612,0.07169118523688038,-0.0770382605630577,full_ed
6,12.0,2.0,0.0,9,-0.718896222153559,0.833381143355235,0.0679457031026848,-0.08078374269725327,full_ed
6,12.0,2.0,0.0,10,-0.5443852626631598,1.0078921028456342,0.05253954826475962,-0.09618989753517845,full_ed
6,12.0,2.0,0.0,11,-0.5443852626631062,1.007892102845688,0.05253954826475968,-0.0961898975351784,full_ed
6,12.0,2.0,0.0,12,-0.5069668205990765,1.0453105449097175,0.05022692599621231,-0.09850251980372576,full_ed
6,12.0,2.0,0.0,13,-0.3719318810931635,1.1803454844156305,0.03816966791164446,-0.11055977788829362,full_ed
6,12.0,2.0,0.0,14,-0.2691871582230112,1.2830902072857828,0.02802167623126718,-0.1207077695686709,full_ed
6,12.0,2.0,0.0,15,-0.26918715822300754,1.2830902072857864,0.028021676231267147,-0.12070776956867094,full_ed
6,12.0,2.0,0.0,16,-0.2623513039954722,1.289926061513322,0.027700867571486175,-0.1210285782284519,full_ed
6,12.0,2.0,0.0,17,-0.18583913830105936,1.3664382272077347,0.019002904721323433,-0.12972654107861464,full_ed
6,12.0,2.0,0.0,18,-0.18583913830105284,1.366438227207741,0.01900290472132344,-0.12972654107861464,full_ed
6,12.0,2.0,0.0,19,-6.0577021429518925e-15,1.552277365508788,1.6727177344217528e-29,-0.14872944579993808,full_ed
6,12.0,2.0,0.0,20,5.735386414303091,7.287663779811885,1.080039056255333,0.931309610455395,full_ed
6,12.0,2.0,0.0,21,6.042699428107509,7.594976793616303,1.0616059160093596,0.9128764702094215,full_ed
6,12.0,2.0,0.0,22,6.1232306577876825,7.6755080232964765,1.0752381991250717,0.9265087533251336,full_ed
6,12.0,2.0,0.0,23,6.123230657787713,7.675508023296507,1.0752381991250695,0.9265087533251314,full_ed
6,12.0,2.0,0.0,24,6.3324874746374125,7.8847648401462065,1.0391256528273314,0.8903962070273933,full_ed
6,12.0,2.0,0.0,25,6.332487474637435,7.884764840146229,1.0391256528273294,0.8903962070273913,full_ed
6,12.0,2.0,0.0,26,6.535254390287108,8.0875317557959,1.038838276865887,0.890108831065949,full_ed
6,12.0,2.0,0.0,27,6.535254390287109,8.087531755795904,1.038838276865887,0.890108831065949,full_ed
6,12.0,2.0,0.0,28,6.608636680720713,8.160914046229507,1.0056789654864229,0.8569495196864848,full_ed
6,12.0,2.0,0.0,29,6.738252858290533,8.290530223799326,1.0065176773161493,0.8577882315162112,full_ed
6,12.0,2.0,0.0,30,6.738252858290537,8.290530223799331,1.00651767731615,0.8577882315162119,full_ed
6,12.0,2.0,0.0,31,6.7616526086860285,8.313929974194822,1.0355090604999377,0.8867796146999997,full_ed
6,12.0,2.0,0.0,32,6.842189472582057,8.394466838090851,1.0520754277815463,0.9033459819816082,full_ed
6,12.0,2.0,0.0,33,6.847664082869414,8.399941448378208,0.9860911335297815,0.8373616877298434,full_ed
6,12.0,2.0,0.0,34,6.933579700969633,8.485857066478427,1.002575596383499,0.853846150583561,full_ed
6,12.0,2.0,0.0,35,6.933579700969634,8.485857066478427,1.0025755963835001,0.8538461505835621,full_ed
6,12.0,2.0,0.0,36,6.98665420518633,8.538931570695123,0.9979700047697749,0.8492405589698369,full_ed
6,12.0,2.0,0.0,37,6.986654205186332,8.538931570695127,0.9979700047697769,0.8492405589698389,full_ed
6,12.0,2.0,0.0,38,7.057357098591161,8.609634464099955,1.0417623721019658,0.8930329263020277,full_ed
6,12.0,2.0,0.0,39,7.05735709859117,8.609634464099965,1.0417623721019638,0.8930329263020257,full_ed
6,12.0,2.0,0.0,40,7.106893018653048,8.659170384161843,1.0021209453033362,0.8533914995033981,full_ed
6,12.0,2.0,0.0,41,7.139530675906394,8.691808041415188,1.0311358648924411,0.8824064190925031,full_ed
6,12.0,2.0,0.0,42,7.139530675906394,8.691808041415188,1.031135864892444,0.882406419092506,full_ed
6,12.0,2.0,0.0,43,7.2823155029657425,8.834592868474537,1.0290649443894133,0.8803354985894752,full_ed
6,12.0,2.0,0.0,44,7.282315502965747,8.834592868474541,1.029064944389415,0.880335498589477,full_ed
6,12.0,2.0,0.0,45,7.358295395233792,8.910572760742586,1.0106539542941557,0.8619245084942176,full_ed
6,12.0,2.0,0.0,46,7.358295395233795,8.910572760742589,1.0106539542941564,0.8619245084942183,full_ed
6,12.0,2.0,0.0,47,7.367887902164343,8.920165267673138,1.0087947885120974,0.8600653427121593,full_ed
6,12.0,2.0,0.0,48,7.427168737110611,8.979446102619406,0.999176244171367,0.8504467983714289,full_ed
6,12.0,2.0,0.0,49,7.4312483632494235,8.983525728758217,1.0074445629078799,0.8587151171079418,full_ed
6,12.0,2.0,0.0,50,7.440224741719048,8.992502107227843,1.0072926026826554,0.8585631568827173,full_ed
6,12.0,2.0,0.0,51,7.4402247417190495,8.992502107227843,1.007292602682657,0.8585631568827189,full_ed
6,12.0,2.0,0.0,52,7.4578933766253215,9.010170742134115,1.0107841927150796,0.8620547469151415,full_ed
6,12.0,2.0,0.0,53,7.457893376625324,9.010170742134118,1.0107841927150805,0.8620547469151424,full_ed
6,12.0,2.0,0.0,54,7.527864045000418,9.080141410509212,1.0000000000000007,0.8512705542000626,full_ed
6,12.0,2.0,0.0,55,7.540478613706208,9.092755979215003,1.0012232148378764,0.8524937690379383,full_ed
6,12.0,2.0,0.0,56,7.74508871008218,9.297366075590974,0.968645184756454,0.8199157389565159,full_ed
6,12.0,2.0,0.0,57,7.765610834059972,9.317888199568767,0.9881522907447757,0.8394228449448377,full_ed
6,12.0,2.0,0.0,58,7.765610834059977,9.31788819956877,0.9881522907447755,0.8394228449448374,full_ed
6,12.0,2.0,0.0,59,7.771752700257287,9.324030065766081,0.9693786168325753,0.8206491710326372,full_ed
6,12.0,2.0,0.0,60,7.781189198787095,9.33346656429589,0.9881419897706099,0.8394125439706718,full_ed
6,12.0,2.0,0.0,61,7.781189198787103,9.333466564295897,0.988141989770609,0.8394125439706709,full_ed
6,12.0,2.0,0.0,62,7.8646387953176635,9.416916160826457,0.9656692921083421,0.816939846308404,full_ed
6,12.0,2.0,0.0,63,7.864638795317682,9.416916160826476,0.9656692921083425,0.8169398463084044,full_ed
6,12.0,2.0,0.0,64,7.869819535070194,9.422096900578989,0.997988138914167,0.849258693114229,full_ed
6,12.0,2.0,0.0,65,7.869819535070198,9.422096900578993,0.997988138914167,0.849258693114229,full_ed
6,12.0,2.0,0.0,66,7.885970360945233,9.438247726454026,1.0116854802853819,0.8629560344854438,full_ed
6,12.0,2.0,0.0,67,7.891089875479807,9.4433672409886,0.9599893602252557,0.8112599144253176,full_ed
6,12.0,2.0,0.0,68,7.891089875479813,9.443367240988607,0.9599893602252552,0.8112599144253171,full_ed
6,12.0,2.0,0.0,69,7.905437982332556,9.45771534784135,0.995949520219523,0.8472200744195849,full_ed
6,12.0,2.0,0.0,70,8.030295166751637,9.582572532260432,0.9926686267668475,0.8439391809669095,full_ed
6,12.0,2.0,0.0,71,8.08719714381252,9.639474509321314,0.978272701123152,0.8295432553232139,full_ed
6,12.0,2.0,0.0,72,8.087197143812535,9.639474509321328,0.9782727011231515,0.8295432553232134,full_ed
6,12.0,2.0,0.0,73,8.332965909804178,9.885243275312973,0.960968353162641,0.8122389073627029,full_ed
6,12.0,2.0,0.0,74,10.918618426820254,12.470895792329049,1.077696672747123,0.928967226947185,full_ed
6,12.0,2.0,0.0,75,10.918618426820261,12.470895792329056,1.077696672747122,0.9289672269471839,full_ed
6,12.0,2.0,0.0,76,11.056022072873814,12.608299438382609,1.0620369697583305,0.9133075239583924,full_ed
6,12.0,2.0,0.0,77,11.056022072873821,12.608299438382616,1.0620369697583305,0.9133075239583924,full_ed
6,12.0,2.0,0.0,78,11.067716516993265,12.619993882502058,1.060703829506907,0.9119743837069688,full_ed
6,12.0,2.0,0.0,79,11.067716516993269,12.619993882502062,1.0607038295069076,0.9119743837069695,full_ed
6,12.0,2.0,0.0,80,11.093174684454317,12.645452049963112,1.0933530494462034,0.9446236036462653,full_ed
6,12.0,2.0,0.0,81,11.126660800451818,12.678938165960613,1.0554092121295109,0.9066797663295728,full_ed
6,12.0,2.0,0.0,82,11.129504905789693,12.681782271298488,1.05913028501333,0.9104008392133919,full_ed
6,12.0,2.0,0.0,83,11.129504905789698,12.681782271298491,1.0591302850133277,0.9104008392133897,full_ed
6,12.0,2.0,0.0,84,11.181681139670328,12.733958505179121,1.0589517894610987,0.9102223436611606,full_ed
6,12.0,2.0,0.0,85,11.215199648305507,12.7674770138143,1.0701490465607801,0.9214196007608421,full_ed
6,12.0,2.0,0.0,86,11.391721077430269,12.943998442939062,1.0216466245482876,0.8729171787483495,full_ed
6,12.0,2.0,0.0,87,11.426136231694354,12.978413597203147,1.0217653351949716,0.8730358893950335,full_ed
6,12.0,2.0,0.0,88,11.426136231694361,12.978413597203154,1.0217653351949714,0.8730358893950333,full_ed
6,12.0,2.0,0.0,89,11.459432338190963,13.011709703699758,1.0243895870222808,0.8756601412223427,full_ed
6,12.0,2.0,0.0,90,11.475445112759957,13.02772247826875,1.048169749665979,0.8994403038660409,full_ed
6,12.0,2.0,0.0,91,11.495283443409283,13.047560808918078,1.020594598819262,0.8718651530193239,full_ed
6,12.0,2.0,0.0,92,11.495283443409292,13.047560808918085,1.0205945988192622,0.8718651530193241,full_ed
6,12.0,2.0,0.0,93,11.550287898304495,13.10256526381329,1.0286742809700913,0.8799448351701532,full_ed
6,12.0,2.0,0.0,94,11.550287898304497,13.10256526381329,1.0286742809700897,0.8799448351701517,full_ed
6,12.0,2.0,0.0,95,11.568056454450794,13.120333819959587,1.0319272108116808,0.8831977650117427,full_ed
6,12.0,2.0,0.0,96,11.568056454450808,13.120333819959601,1.0319272108116802,0.8831977650117421,full_ed
6,12.0,2.0,0.0,97,11.583069887609355,13.135347253118148,1.0469167425184134,0.8981872967184753,full_ed
6,12.0,2.0,0.0,98,11.600186580267195,13.152463945775988,1.0244465778774745,0.8757171320775364,full_ed
6,12.0,2.0,0.0,99,11.6001865802672,13.152463945775995,1.0244465778774747,0.8757171320775367,full_ed
6,12.0,2.0,0.0,100,11.622297735306198,13.174575100814991,0.999053844396992,0.8503243985970539,full_ed
6,12.0,2.0,0.0,101,11.62229773530621,13.174575100815005,0.9990538443969927,0.8503243985970547,full_ed
6,12.0,2.0,0.0,102,11.627726080780077,13.180003446288872,1.0210817283323361,0.872352282532398,full_ed
6,12.0,2.0,0.0,103,11.635345446205104,13.187622811713897,1.0218968115788685,0.8731673657789304,full_ed
6,12.0,2.0,0.0,104,11.635345446205108,13.1876228117139,1.0218968115788685,0.8731673657789304,full_ed
6,12.0,2.0,0.0,105,11.692027099210303,13.244304464719097,0.9990397704410149,0.8503103246410768,full_ed
6,12.0,2.0,0.0,106,11.692027099210307,13.2443044647191,0.9990397704410157,0.8503103246410776,full_ed
6,12.0,2.0,0.0,107,11.697467367545473,13.249744733054268,1.031199295871616,0.882469850071678,full_ed
6,12.0,2.0,0.0,108,11.700754125331752,13.253031490840545,1.0335179341815137,0.8847884883815756,full_ed
6,12.0,2.0,0.0,109,11.729727379264181,13.282004744772976,1.0260914046036689,0.8773619588037308,full_ed
6,12.0,2.0,0.0,110,11.75971049503062,13.311987860539414,1.0223190293151507,0.8735895835152127,full_ed
6,12.0,2.0,0.0,111,11.782240100736685,13.33451746624548,1.0523090090181706,0.9035795632182325,full_ed
6,12.0,2.0,0.0,112,11.782240100736686,13.33451746624548,1.0523090090181717,0.9035795632182336,full_ed
6,12.0,2.0,0.0,113,11.84268901184041,13.394966377349203,1.0114265580065462,0.8626971122066082,full_ed
6,12.0,2.0,0.0,114,11.858480689067491,13.410758054576284,1.0171118339182086,0.8683823881182705,full_ed
6,12.0,2.0,0.0,115,11.863301191365828,13.415578556874621,1.0479745958914766,0.8992451500915385,full_ed
6,12.0,2.0,0.0,116,11.863301191365833,13.415578556874628,1.0479745958914775,0.8992451500915394,full_ed
6,12.0,2.0,0.0,117,11.921156467439078,13.473433832947872,1.005920760624727,0.8571913148247888,full_ed
6,12.0,2.0,0.0,118,11.925512308187272,13.477789673696066,1.0209974171824068,0.8722679713824687,full_ed
6,12.0,2.0,0.0,119,11.925512308187272,13.477789673696066,1.0209974171824057,0.8722679713824676,full_ed
6,12.0,2.0,0.0,120,11.93664692191852,13.488924287427313,1.021310826135394,0.872581380335456,full_ed
6,12.0,2.0,0.0,121,11.936646921918523,13.488924287427317,1.0213108261353931,0.8725813803354551,full_ed
6,12.0,2.0,0.0,122,11.999999999999993,13.552277365508786,1.0000000000000004,0.8512705542000624,full_ed
6,12.0,2.0,0.0,123,11.999999999999996,13.55227736550879,0.9999999999999996,0.8512705542000615,full_ed
6,12.0,2.0,0.0,124,12.000000000000002,13.552277365508797,0.9999999999999996,0.8512705542000615,full_ed
6,12.0,2.0,0.0,125,12.00000000000001,13.552277365508804,0.9999999999999999,0.8512705542000618,full_ed
6,12.0,2.0,0.0,126,12.055775163059366,13.608052528568159,1.0125731371934932,0.8638436913935551,full_ed
6,12.0,2.0,0.0,127,12.055775163059366,13.608052528568159,1.0125731371934934,0.8638436913935553,full_ed
6,12.0,2.0,0.0,128,12.09940724619971,13.651684611708504,1.0125437827773016,0.8638143369773635,full_ed
6,12.0,2.0,0.0,129,12.099407246199716,13.65168461170851,1.012543782777302,0.863814336977364,full_ed
6,12.0,2.0,0.0,130,12.160609663843392,13.712887029352185,1.0106482773069787,0.8619188315070406,full_ed
6,12.0,2.0,0.0,131,12.160609663843399,13.712887029352192,1.01064827730698,0.861918831507042,full_ed
6,12.0,2.0,0.0,132,12.169196618715226,13.72147398422402,1.0163834346012628,0.8676539888013247,full_ed
6,12.0,2.0,0.0,133,12.169196618715228,13.721473984224023,1.0163834346012626,0.8676539888013245,full_ed
6,12.0,2.0,0.0,134,12.208377420429684,13.760654785938478,1.008306191665425,0.8595767458654869,full_ed
6,12.0,2.0,0.0,135,12.208377420429699,13.760654785938492,1.0083061916654252,0.8595767458654872,full_ed
6,12.0,2.0,0.0,136,12.22633176648841,13.778609131997204,1.0097721765973873,0.8610427307974492,full_ed
6,12.0,2.0,0.0,137,12.240647347877513,13.792924713386306,1.0157414519404426,0.8670120061405046,full_ed
6,12.0,2.0,0.0,138,12.266342947987358,13.818620313496151,1.0110297605160339,0.8623003147160958,full_ed
6,12.0,2.0,0.0,139,12.266342947987358,13.818620313496151,1.0110297605160365,0.8623003147160985,full_ed
6,12.0,2.0,0.0,140,12.275981583698599,13.828258949207392,1.0140213338767738,0.8652918880768358,full_ed
6,12.0,2.0,0.0,141,12.330566629276877,13.88284399478567,0.9990819782715663,0.8503525324716282,full_ed
6,12.0,2.0,0.0,142,12.330566629276877,13.88284399478567,0.999081978271565,0.8503525324716269,full_ed
6,12.0,2.0,0.0,143,12.386015488737954,13.938292854246747,1.0038087854867668,0.8550793396868287,full_ed
6,12.0,2.0,0.0,144,12.39923699394041,13.951514359449202,0.9991536672348879,0.8504242214349498,full_ed
6,12.0,2.0,0.0,145,12.399236993940413,13.951514359449206,0.9991536672348887,0.8504242214349507,full_ed
6,12.0,2.0,0.0,146,15.033476448410447,16.58575381391924,1.9611587603850285,1.8124293145850903,full_ed
6,12.0,2.0,0.0,147,15.474940439678328,17.02721780518712,1.954539050425111,1.805809604625173,full_ed
6,12.0,2.0,0.0,148,15.487682713398097,17.03996007890689,1.9489605535814907,1.8002311077815527,full_ed
6,12.0,2.0,0.0,149,15.487682713398115,17.03996007890691,1.9489605535814878,1.8002311077815496,full_ed
6,12.0,2.0,0.0,150,15.512356473544015,17.06463383905281,1.9272248607442484,1.7784954149443104,full_ed
6,12.0,2.0,0.0,151,15.51235647354402,17.064633839052814,1.9272248607442544,1.7784954149443162,full_ed
6,12.0,2.0,0.0,152,15.512928546813583,17.065205912322376,1.849915306314776,1.7011858605148378,full_ed
6,12.0,2.0,0.0,153,15.512928546813585,17.06520591232238,1.8499153063147746,1.7011858605148364,full_ed
6,12.0,2.0,0.0,154,15.604576678813746,17.15685404432254,1.1530654480183635,1.0043360022184253,full_ed
6,12.0,2.0,0.0,155,15.62887356294784,17.181150928456635,1.1609559454432112,1.012226499643273,full_ed
6,12.0,2.0,0.0,156,15.648927216137011,17.201204581645804,1.1223186223140889,0.9735891765141508,full_ed
6,12.0,2.0,0.0,157,15.648927216137015,17.201204581645808,1.1223186223140798,0.9735891765141417,full_ed
6,12.0,2.0,0.0,158,15.656516846689128,17.208794212197922,1.0892833701959834,0.9405539243960453,full_ed
6,12.0,2.0,0.0,159,15.739600186453394,17.291877551962187,1.722809242523919,1.5740797967239808,full_ed
6,12.0,2.0,0.0,160,15.816119551559924,17.36839691706872,1.0465988560333086,0.8978694102333705,full_ed
6,12.0,2.0,0.0,161,15.816119551559925,17.36839691706872,1.046598856033305,0.897869410233367,full_ed
6,12.0,2.0,0.0,162,15.826281010532062,17.378558376040857,1.1575559609964965,1.0088265151965583,full_ed
6,12.0,2.0,0.0,163,15.826281010532064,17.378558376040857,1.1575559609964903,1.008826515196552,full_ed
6,12.0,2.0,0.0,164,15.835148205457482,17.387425570966276,1.7780475924830426,1.6293181466831044,full_ed
6,12.0,2.0,0.0,165,15.877201536858204,17.429478902367,1.1295382858950442,0.9808088400951062,full_ed
6,12.0,2.0,0.0,166,15.945674510713124,17.49795187622192,1.0617676760988832,0.9130382302989452,full_ed
6,12.0,2.0,0.0,167,15.94567451071313,17.497951876221926,1.0617676760988866,0.9130382302989485,full_ed
6,12.0,2.0,0.0,168,15.959624871756235,17.51190223726503,1.4276527206381135,1.2789232748381756,full_ed
6,12.0,2.0,0.0,169,15.959624871756242,17.511902237265037,1.4276527206380478,1.2789232748381099,full_ed
6,12.0,2.0,0.0,170,16.005789820576908,17.5580671860857,1.1960013668704688,1.0472719210705308,full_ed
6,12.0,2.0,0.0,171,16.005789820576915,17.558067186085708,1.1960013668704477,1.0472719210705095,full_ed
6,12.0,2.0,0.0,172,16.065661414543705,17.617938780052498,1.051741262457407,0.9030118166574689,full_ed
6,12.0,2.0,0.0,173,16.135777141475337,17.68805450698413,1.0526959417593205,0.9039664959593824,full_ed
6,12.0,2.0,0.0,174,16.13577714147534,17.688054506984134,1.0526959417593178,0.9039664959593797,full_ed
6,12.0,2.0,0.0,175,16.158104008945255,17.710381374454048,0.9908065363322112,0.8420770905322731,full_ed
6,12.0,2.0,0.0,176,16.160615101894415,17.712892467403208,1.1479274714511678,0.9991980256512297,full_ed
6,12.0,2.0,0.0,177,16.160615101894425,17.71289246740322,1.1479274714511751,0.999198025651237,full_ed
6,12.0,2.0,0.0,178,16.21555606838819,17.767833433896982,1.2021342576292666,1.0534048118293287,full_ed
6,12.0,2.0,0.0,179,16.215556068388196,17.76783343389699,1.2021342576292922,1.053404811829354,full_ed
6,12.0,2.0,0.0,180,16.216950532799743,17.769227898308536,1.0277019958768947,0.8789725500769566,full_ed
6,12.0,2.0,0.0,181,16.2370274424256,17.789304807934393,1.3221869776758528,1.1734575318759148,full_ed
6,12.0,2.0,0.0,182,16.237027442425607,17.7893048079344,1.322186977675852,1.173457531875914,full_ed
6,12.0,2.0,0.0,183,16.248482173008483,17.800759538517276,1.0291146019351032,0.8803851561351651,full_ed
6,12.0,2.0,0.0,184,16.29551220705739,17.84778957256618,1.0364490337575571,0.8877195879576191,full_ed
6,12.0,2.0,0.0,185,16.295512207057396,17.84778957256619,1.036449033757557,0.8877195879576188,full_ed
6,12.0,2.0,0.0,186,16.324736717096663,17.877014082605456,1.09430830538367,0.9455788595837319,full_ed
6,12.0,2.0,0.0,187,16.356810381931336,17.90908774744013,0.9973021813580556,0.8485727355581175,full_ed
6,12.0,2.0,0.0,188,16.356810381931346,17.90908774744014,0.9973021813580568,0.8485727355581187,full_ed
6,12.0,2.0,0.0,189,16.368740856788254,17.921018222297047,1.517242283688724,1.3685128378887859,full_ed
6,12.0,2.0,0.0,190,16.368740856788257,17.92101822229705,1.5172422836887414,1.3685128378888032,full_ed
6,12.0,2.0,0.0,191,16.38303013792545,17.93530750343424,1.0378721018093917,0.8891426560094536,full_ed
6,12.0,2.0,0.0,192,16.409933114474796,17.96221047998359,1.6455149141081846,1.4967854683082464,full_ed
6,12.0,2.0,0.0,193,16.409933114474804,17.962210479983597,1.6455149141081726,1.4967854683082344,full_ed
6,12.0,2.0,0.0,194,16.429656285359712,17.981933650868505,1.124872019336009,0.976142573536071,full_ed
6,12.0,2.0,0.0,195,16.44817863473773,18.000456000246523,1.0740183354245647,0.9252888896246266,full_ed
6,12.0,2.0,0.0,196,16.472135954999587,18.02441332050838,1.0000000000000002,0.8512705542000621,full_ed
6,12.0,2.0,0.0,197,16.55524882181202,18.107526187320815,1.174380798867542,1.025651353067604,full_ed
6,12.0,2.0,0.0,198,16.555248821812032,18.107526187320826,1.1743807988675463,1.0256513530676084,full_ed
6,12.0,2.0,0.0,199,16.577634315163557,18.12991168067235,1.0765719180854,0.927842472285462,full_ed
6,12.0,2.0,0.0,200,16.631760657936688,18.18403802344548,0.9892635798781044,0.8405341340781664,full_ed
6,12.0,2.0,0.0,201,16.63176065793671,18.184038023445503,0.9892635798781052,0.8405341340781671,full_ed
6,12.0,2.0,0.0,202,16.651378460627196,18.20365582613599,1.2409335796534209,1.0922041338534827,full_ed
6,12.0,2.0,0.0,203,16.651378460627196,18.20365582613599,1.2409335796534435,1.0922041338535053,full_ed
6,12.0,2.0,0.0,204,16.724668015270705,18.276945380779498,1.0557103044702472,0.9069808586703091,full_ed
6,12.0,2.0,0.0,205,16.7731305729108,18.325407938419595,1.0199530765763076,0.8712236307763696,full_ed
6,12.0,2.0,0.0,206,16.80409363199547,18.356370997504264,1.038375725664565,0.8896462798646269,full_ed
6,12.0,2.0,0.0,207,16.804093631995475,18.356370997504268,1.0383757256645654,0.8896462798646273,full_ed
6,12.0,2.0,0.0,208,16.833263022439155,18.385540387947948,1.8311214876693618,1.6823920418694236,full_ed
6,12.0,2.0,0.0,209,16.835666808786293,18.387944174295086,1.7388254587759318,1.5900960129759936,full_ed
6,12.0,2.0,0.0,210,16.900947872927283,18.453225238436076,1.0273434682126612,0.8786140224127231,full_ed
6,12.0,2.0,0.0,211,16.900947872927283,18.453225238436076,1.0273434682126608,0.8786140224127227,full_ed
6,12.0,2.0,0.0,212,17.038591623909078,18.59086898941787,0.9994611706676544,0.8507317248677163,full_ed
6,12.0,2.0,0.0,213,17.0385916239091,18.590868989417892,0.9994611706676542,0.8507317248677161,full_ed
6,12.0,2.0,0.0,214,17.092478536974173,18.644755902482967,1.034506293673327,0.8857768478733888,full_ed
6,12.0,2.0,0.0,215,17.130072024704454,18.682349390213247,1.0205033262531147,0.8717738804531766,full_ed
6,12.0,2.0,0.0,216,17.13007202470446,18.682349390213254,1.0205033262531134,0.8717738804531753,full_ed
6,12.0,2.0,0.0,217,17.380162220534714,18.932439586043508,0.9941882738726822,0.8454588280727441,full_ed
6,12.0,2.0,0.0,218,19.525803280809765,21.078080646318558,1.975539955758578,1.8268105099586398,full_ed
6,12.0,2.0,0.0,219,19.538430655534647,21.09070802104344,1.9726361414044815,1.8239066956045433,full_ed
6,12.0,2.0,0.0,220,19.538430655534654,21.090708021043447,1.9726361414044793,1.823906695604541,full_ed
6,12.0,2.0,0.0,221,19.541965643017637,21.09424300852643,1.9706763076573282,1.82194686185739,full_ed
6,12.0,2.0,0.0,222,19.541965643017647,21.09424300852644,1.9706763076573273,1.821946861857389,full_ed
6,12.0,2.0,0.0,223,19.553343313474674,21.105620678983467,1.9721432545876005,1.8234138087876626,full_ed
6,12.0,2.0,0.0,224,19.55334331347469,21.105620678983485,1.9721432545876023,1.8234138087876643,full_ed
6,12.0,2.0,0.0,225,19.553496959216528,21.10577432472532,1.9690719289010787,1.8203424831011406,full_ed
6,12.0,2.0,0.0,226,19.558733004069044,21.111010369577837,1.9764383824425518,1.8277089366426136,full_ed
6,12.0,2.0,0.0,227,19.561443259276718,21.11372062478551,1.970236950546592,1.8215075047466538,full_ed
6,12.0,2.0,0.0,228,19.575907591765123,21.128184957273916,1.9738452535689976,1.8251158077690595,full_ed
6,12.0,2.0,0.0,229,19.57590759176513,21.128184957273923,1.9738452535690003,1.8251158077690621,full_ed
6,12.0,2.0,0.0,230,19.905645582509553,21.457922948018346,1.9838722535293067,1.8351428077293686,full_ed
6,12.0,2.0,0.0,231,19.90839147289954,21.460668838408335,1.9843360058747754,1.8356065600748375,full_ed
6,12.0,2.0,0.0,232,19.90839147289954,21.460668838408335,1.98433600587478,1.835606560074842,full_ed
6,12.0,2.0,0.0,233,19.932879229517162,21.485156595025956,1.9813201592167329,1.8325907134167947,full_ed
6,12.0,2.0,0.0,234,19.942097354021577,21.49437471953037,1.9798542444570497,1.8311247986571115,full_ed
6,12.0,2.0,0.0,235,19.94209735402159,21.494374719530384,1.9798542444570502,1.831124798657112,full_ed
6,12.0,2.0,0.0,236,19.99402553977315,21.546302905281944,1.9729857282775771,1.8242562824776392,full_ed
6,12.0,2.0,0.0,237,19.99402553977315,21.546302905281944,1.9729857282775722,1.8242562824776343,full_ed
6,12.0,2.0,0.0,238,20.00055196507244,21.552829330581233,1.9718642706847531,1.8231348248848152,full_ed
6,12.0,2.0,0.0,239,20.032124012228017,21.58440137773681,1.9728893476570715,1.8241599018571333,full_ed
6,12.0,2.0,0.0,240,20.032124012228035,21.584401377736828,1.9728893476570706,1.8241599018571324,full_ed
6,12.0,2.0,0.0,241,20.03730086101623,21.589578226525024,1.9712617945336064,1.8225323487336684,full_ed
6,12.0,2.0,0.0,242,20.235089664057423,21.787367029566216,1.9649908656182955,1.8162614198183573,full_ed
6,12.0,2.0,0.0,243,20.383257924585024,21.935535290093817,1.9506103211011008,1.8018808753011628,full_ed
6,12.0,2.0,0.0,244,20.383257924585028,21.93553529009382,1.9506103211010979,1.8018808753011597,full_ed
6,12.0,2.0,0.0,245,20.41971515928807,21.971992524796864,1.9358428896492188,1.7871134438492806,full_ed
6,12.0,2.0,0.0,246,20.46790598246972,22.020183347978513,1.9329092712176035,1.7841798254176653,full_ed
6,12.0,2.0,0.0,247,20.467905982469723,22.020183347978517,1.9329092712176048,1.7841798254176666,full_ed
6,12.0,2.0,0.0,248,20.48429232629121,22.036569691800004,1.9475236878682713,1.7987942420683334,full_ed
6,12.0,2.0,0.0,249,20.50755887529045,22.059836240799243,1.9350058510225734,1.7862764052226354,full_ed
6,12.0,2.0,0.0,250,20.51541868995781,22.0676960554666,1.9356126304187558,1.7868831846188176,full_ed
6,12.0,2.0,0.0,251,20.51541868995782,22.067696055466612,1.9356126304187566,1.7868831846188185,full_ed
6,12.0,2.0,0.0,252,20.563650902479512,22.115928267988306,1.9233261180122616,1.7745966722123234,full_ed
6,12.0,2.0,0.0,253,20.563650902479516,22.11592826798831,1.9233261180122583,1.7745966722123203,full_ed
6,12.0,2.0,0.0,254,22.977407936044337,24.52968530155313,2.01875749457784,1.8700280487779017,full_ed
6,12.0,2.0,0.0,255,22.99325310679322,24.545530472302012,2.022071576109721,1.873342130309783,full_ed
6,12.0,2.0,0.0,256,22.993253106793226,24.54553047230202,2.022071576109723,1.8733421303097848,full_ed
6,12.0,2.0,0.0,257,23.087153414474404,24.639430779983197,2.029676769657307,1.8809473238573688,full_ed
6,12.0,2.0,0.0,258,23.101457533937698,24.65373489944649,2.0290103726546977,1.8802809268547596,full_ed
6,12.0,2.0,0.0,259,23.10145753393773,24.653734899446523,2.0290103726547004,1.8802809268547622,full_ed
6,12.0,2.0,0.0,260,23.270678692035673,24.822956057544467,1.9914095633308841,1.842680117530946,full_ed
6,12.0,2.0,0.0,261,23.321264053884995,24.87354141939379,1.9916097224424134,1.8428802766424752,full_ed
6,12.0,2.0,0.0,262,23.321264053884995,24.87354141939379,1.991609722442413,1.8428802766424748,full_ed
6,12.0,2.0,0.0,263,23.567026505625872,25.119303871134665,1.9874825857976304,1.8387531399976922,full_ed
6,12.0,2.0,0.0,264,23.56791983515121,25.12019720066,1.98943902909602,1.840709583296082,full_ed
6,12.0,2.0,0.0,265,23.567919835151212,25.120197200660005,1.9894390290960173,1.8407095832960794,full_ed
6,12.0,2.0,0.0,266,23.719930692229592,25.272208057738386,1.9986821143442608,1.8499526685443226,full_ed
6,12.0,2.0,0.0,267,23.71993069222961,25.272208057738403,1.9986821143442621,1.849952668544324,full_ed
6,12.0,2.0,0.0,268,23.791319960497894,25.343597326006687,2.0132188801048914,1.8644894343049532,full_ed
6,12.0,2.0,0.0,269,23.821770554706504,25.374047920215297,1.9906577097489764,1.8419282639490384,full_ed
6,12.0,2.0,0.0,270,23.821770554706504,25.374047920215297,1.9906577097489748,1.8419282639490366,full_ed
6,12.0,2.0,0.0,271,23.946843382071282,25.499120747580076,1.9942554163118769,1.8455259705119387,full_ed
6,12.0,2.0,0.0,272,23.9468433820713,25.499120747580093,1.9942554163118769,1.8455259705119387,full_ed
6,12.0,2.0,0.0,273,23.978267687123495,25.530545052632288,2.0016574005249765,1.8529279547250384,full_ed
6,12.0,2.0,0.0,274,23.9782676871235,25.53054505263229,2.0016574005249774,1.8529279547250392,full_ed
6,12.0,2.0,0.0,275,24.000000000000004,25.552277365508797,2.0000000000000004,1.8512705542000623,full_ed
6,12.0,2.0,0.0,276,24.01048182745805,25.562759192966844,1.9982893477236643,1.849559901923726,full_ed
6,12.0,2.0,0.0,277,24.01048182745807,25.562759192966862,1.9982893477236605,1.8495599019237225,full_ed
6,12.0,2.0,0.0,278,24.0169556844768,25.569233049985595,1.9984626534147698,1.8497332076148316,full_ed
6,12.0,2.0,0.0,279,24.022698517910214,25.574975883419008,1.9981132393599799,1.8493837935600417,full_ed
6,12.0,2.0,0.0,280,24.027724662456475,25.580002027965268,1.9976984356571783,1.8489689898572403,full_ed
6,12.0,2.0,0.0,281,24.0768710997749,25.62914846528369,1.992228948271245,1.8434995024713068,full_ed
6,12.0,2.0,0.0,282,24.107249749512654,25.659527115021447,2.021966036589729,1.8732365907897908,full_ed
6,12.0,2.0,0.0,283,24.109232126861034,25.661509492369827,1.9781273310179817,1.8293978852180435,full_ed
6,12.0,2.0,0.0,284,24.10923212686104,25.661509492369834,1.978127331017983,1.8293978852180448,full_ed
6,12.0,2.0,0.0,285,24.139530356988065,25.691807722496858,1.98982178897389,1.841092343173952,full_ed
6,12.0,2.0,0.0,286,24.139530356988065,25.691807722496858,1.9898217889738885,1.8410923431739503,full_ed
6,12.0,2.0,0.0,287,24.145069729951626,25.69734709546042,1.9855002442010505,1.8367707984011123,full_ed
6,12.0,2.0,0.0,288,24.22665662815028,25.778933993659074,1.985519086600251,1.8367896408003128,full_ed
6,12.0,2.0,0.0,289,24.230229579200717,25.78250694470951,1.9840087910608455,1.8352793452609073,full_ed
6,12.0,2.0,0.0,290,24.23022957920072,25.782506944709514,1.9840087910608444,1.8352793452609064,full_ed
6,12.0,2.0,0.0,291,24.258179804348234,25.810457169857028,1.976781565453634,1.8280521196536959,full_ed
6,12.0,2.0,0.0,292,24.26794634411325,25.82022370962204,1.9709817172134012,1.822252271413463,full_ed
6,12.0,2.0,0.0,293,24.26794634411325,25.82022370962204,1.9709817172134008,1.8222522714134626,full_ed
6,12.0,2.0,0.0,294,24.303994327374802,25.856271692883595,1.973478891741237,1.8247494459412987,full_ed
6,12.0,2.0,0.0,295,24.303994327374802,25.856271692883595,1.973478891741238,1.8247494459413,full_ed
6,12.0,2.0,0.0,296,24.323486574405635,25.875763939914428,1.9782601424676771,1.8295306966677392,full_ed
6,12.0,2.0,0.0,297,24.323486574405642,25.875763939914435,1.9782601424676773,1.8295306966677392,full_ed
6,12.0,2.0,0.0,298,24.34374598413686,25.896023349645652,1.9654113784438567,1.8166819326439185,full_ed
6,12.0,2.0,0.0,299,24.353670842752166,25.90594820826096,1.9738200420743164,1.8250905962743782,full_ed
6,12.0,2.0,0.0,300,24.354058140063955,25.90633550557275,1.9791631809287926,1.8304337351288544,full_ed
6,12.0,2.0,0.0,301,24.354058140063962,25.906335505572756,1.9791631809287924,1.8304337351288544,full_ed
6,12.0,2.0,0.0,302,24.357784356747224,25.910061722256017,1.9643675907304758,1.8156381449305377,full_ed
6,12.0,2.0,0.0,303,24.36262995603968,25.914907321548473,2.0028127159560354,1.8540832701560972,full_ed
6,12.0,2.0,0.0,304,24.362629956039687,25.91490732154848,2.0028127159560345,1.8540832701560963,full_ed
6,12.0,2.0,0.0,305,24.378536825221914,25.930814190730707,1.961141241721644,1.8124117959217059,full_ed
6,12.0,2.0,0.0,306,24.408029505229564,25.960306870738357,2.0065807910540263,1.8578513452540881,full_ed
6,12.0,2.0,0.0,307,24.495534291291712,26.047811656800505,1.9687768147015647,1.8200473689016268,full_ed
6,12.0,2.0,0.0,308,24.495534291291712,26.047811656800505,1.9687768147015625,1.8200473689016246,full_ed
6,12.0,2.0,0.0,309,24.515152558305118,26.06742992381391,1.9865146173926735,1.8377851715927354,full_ed
6,12.0,2.0,0.0,310,24.530779542130862,26.083056907639655,1.952870367219592,1.8041409214196538,full_ed
6,12.0,2.0,0.0,311,24.558414450459217,26.11069181596801,1.9577584006152229,1.8090289548152847,full_ed
6,12.0,2.0,0.0,312,24.558414450459253,26.110691815968046,1.9577584006152173,1.8090289548152794,full_ed
6,12.0,2.0,0.0,313,24.566847267222233,26.119124632731026,1.9629206637215713,1.8141912179216333,full_ed
6,12.0,2.0,0.0,314,24.566847267222236,26.11912463273103,1.9629206637215684,1.8141912179216302,full_ed
6,12.0,2.0,0.0,315,24.581493612492892,26.133770978001685,1.9525679844520043,1.8038385386520663,full_ed
6,12.0,2.0,0.0,316,24.5814936124929,26.133770978001692,1.9525679844520054,1.8038385386520672,full_ed
6,12.0,2.0,0.0,317,24.718109824244692,26.270387189753485,2.0020925346848726,1.8533630888849344,full_ed
6,12.0,2.0,0.0,318,24.718109824244706,26.2703871897535,2.002092534684874,1.8533630888849357,full_ed
6,12.0,2.0,0.0,319,24.806792917359836,26.35907028286863,2.004124346294841,1.8553949004949026,full_ed
6,12.0,2.0,0.0,320,24.87591770324119,26.428195068749982,1.9696635076299747,1.8209340618300365,full_ed
6,12.0,2.0,0.0,321,24.88618750232524,26.438464867834032,1.9636461629589277,1.8149167171589897,full_ed
6,12.0,2.0,0.0,322,24.88618750232524,26.438464867834032,1.9636461629589277,1.8149167171589897,full_ed
6,12.0,2.0,0.0,323,25.012601168263174,26.564878533771967,1.97528701715401,1.8265575713540718,full_ed
6,12.0,2.0,0.0,324,25.012601168263178,26.56487853377197,1.975287017154007,1.8265575713540687,full_ed
6,12.0,2.0,0.0,325,25.09651254400127,26.648789909510064,1.9681543749269084,1.8194249291269702,full_ed
6,12.0,2.0,0.0,326,25.51170210099679,27.063979466505582,2.7441947254688466,2.5954652796689084,full_ed
6,12.0,2.0,0.0,327,28.12681052743409,29.67908789294288,2.0092678974337472,1.860538451633809,full_ed
6,12.0,2.0,0.0,328,28.126810527434092,29.679087892942885,2.0092678974337486,1.8605384516338104,full_ed
6,12.0,2.0,0.0,329,28.16111650600396,29.713393871512753,2.0092429496587636,1.8605135038588254,full_ed
6,12.0,2.0,0.0,330,28.200643343005368,29.75292070851416,1.9948350593114275,1.8461056135114893,full_ed
6,12.0,2.0,0.0,331,28.20064334300538,29.75292070851417,1.9948350593114288,1.8461056135114906,full_ed
6,12.0,2.0,0.0,332,28.20691137984969,29.759188745358482,1.9906550309283948,1.8419255851284566,full_ed
6,12.0,2.0,0.0,333,28.237398780418555,29.78967614592735,1.9862482058315978,1.8375187600316596,full_ed
6,12.0,2.0,0.0,334,28.25604911409453,29.808326479603323,1.9854685801021792,1.836739134302241,full_ed
6,12.0,2.0,0.0,335,28.25604911409453,29.808326479603323,1.98546858010218,1.836739134302242,full_ed
6,12.0,2.0,0.0,336,28.302032266159422,29.854309631668215,1.9860628070225204,1.8373333612225822,full_ed
6,12.0,2.0,0.0,337,28.302032266159447,29.85430963166824,1.9860628070225181,1.83733336122258,full_ed
6,12.0,2.0,0.0,338,28.325013674866174,29.877291040374967,1.9871087757243269,1.838379329924389,full_ed
6,12.0,2.0,0.0,339,28.329131559827516,29.88140892533631,1.993749016688171,1.8450195708882329,full_ed
6,12.0,2.0,0.0,340,28.334676549821907,29.8869539153307,1.9902158155023861,1.841486369702448,full_ed
6,12.0,2.0,0.0,341,28.334676549821914,29.886953915330707,1.9902158155023855,1.8414863697024475,full_ed
6,12.0,2.0,0.0,342,28.33862156098985,29.890898926498643,1.9918324891568262,1.843103043356888,full_ed
6,12.0,2.0,0.0,343,28.3390293513609,29.891306716869693,1.9907951353771238,1.8420656895771859,full_ed
6,12.0,2.0,0.0,344,28.339029351360917,29.89130671686971,1.990795135377124,1.8420656895771859,full_ed
6,12.0,2.0,0.0,345,28.37303920412254,29.925316569631335,1.9917396117583985,1.8430101659584603,full_ed
6,12.0,2.0,0.0,346,28.377227319741955,29.92950468525075,1.9911095968102395,1.8423801510103015,full_ed
6,12.0,2.0,0.0,347,28.377227319741962,29.929504685250755,1.9911095968102375,1.8423801510102993,full_ed
6,12.0,2.0,0.0,348,28.403265374315787,29.95554273982458,1.986562235164972,1.837832789365034,full_ed
6,12.0,2.0,0.0,349,28.419925963468433,29.972203328977226,1.9856797654214298,1.8369503196214918,full_ed
6,12.0,2.0,0.0,350,28.419925963468447,29.97220332897724,1.9856797654214295,1.8369503196214914,full_ed
6,12.0,2.0,0.0,351,28.619690008363076,30.17196737387187,2.0230263754285094,1.8742969296285712,full_ed
6,12.0,2.0,0.0,352,28.624627930390186,30.17690529589898,2.0220495635034457,1.8733201177035075,full_ed
6,12.0,2.0,0.0,353,28.62462793039021,30.176905295899004,2.022049563503444,1.8733201177035057,full_ed
6,12.0,2.0,0.0,354,28.78938482126296,30.341662186771753,1.9905521397768673,1.8418226939769293,full_ed
6,12.0,2.0,0.0,355,28.78938482126297,30.341662186771764,1.9905521397768666,1.8418226939769284,full_ed
6,12.0,2.0,0.0,356,28.80184051138516,30.35411787689395,1.98881532463651,1.8400858788365717,full_ed
6,12.0,2.0,0.0,357,28.801893930102448,30.35417129561124,1.993376136932698,1.84464669113276,full_ed
6,12.0,2.0,0.0,358,28.807904692215267,30.36018205772406,1.9929851101852873,1.8442556643853494,full_ed
6,12.0,2.0,0.0,359,28.80790469221527,30.360182057724064,1.992985110185288,1.8442556643853498,full_ed
6,12.0,2.0,0.0,360,28.833266183164316,30.38554354867311,1.9905398213435772,1.841810375543639,full_ed
6,12.0,2.0,0.0,361,28.833266183164326,30.38554354867312,1.990539821343582,1.841810375543644,full_ed
6,12.0,2.0,0.0,362,28.83640474119206,30.388682106700852,1.9895428488109517,1.8408134030110137,full_ed
6,12.0,2.0,0.0,363,32.251377806125575,33.80365517163437,1.9994602339335348,1.8507307881335966,full_ed
6,12.0,2.0,0.0,364,32.343449742895835,33.89572710840463,1.9809709628549141,1.832241517054976,full_ed
6,12.0,2.0,0.0,365,32.367004200482405,33.9192815659912,2.0090638490763406,1.8603344032764024,full_ed
6,12.0,2.0,0.0,366,32.36700420048243,33.91928156599122,2.0090638490763375,1.8603344032763993,full_ed
6,12.0,2.0,0.0,367,32.48017031702958,34.032447682538375,2.942917720516512,2.7941882747165736,full_ed
6,12.0,2.0,0.0,368,32.48057052271402,34.03284788822281,2.9430489856209863,2.794319539821048,full_ed
6,12.0,2.0,0.0,369,32.480570522714025,34.03284788822282,2.943048985620986,2.7943195398210476,full_ed
6,12.0,2.0,0.0,370,32.60824423945995,34.16052160496874,1.9773403475037794,1.8286109017038412,full_ed
6,12.0,2.0,0.0,371,32.608244239459964,34.16052160496876,1.977340347503778,1.8286109017038399,full_ed
6,12.0,2.0,0.0,372,32.622322736010304,34.1746001015191,2.017219299572844,1.868489853772906,full_ed
6,12.0,2.0,0.0,373,32.62232273601033,34.174600101519125,2.0172192995728446,1.8684898537729064,full_ed
6,12.0,2.0,0.0,374,32.648599820404655,34.20087718591345,2.191891077626214,2.0431616318262757,full_ed
6,12.0,2.0,0.0,375,32.74331799671742,34.295595362226216,2.741001730350135,2.5922722845501966,full_ed
6,12.0,2.0,0.0,376,32.74331799671744,34.29559536222623,2.7410017303501153,2.592272284550177,full_ed
6,12.0,2.0,0.0,377,32.797960108886556,34.35023747439535,2.6026622794609544,2.453932833661016,full_ed
6,12.0,2.0,0.0,378,32.85130161979416,34.40357898530295,2.900954931127462,2.7522254853275236,full_ed
6,12.0,2.0,0.0,379,32.859282604744365,34.41155997025316,2.89975584208403,2.7510263962840917,full_ed
6,12.0,2.0,0.0,380,32.85928260474437,34.411559970253165,2.899755842084031,2.7510263962840926,full_ed
6,12.0,2.0,0.0,381,33.003117743978144,34.55539510948694,1.9844525959987207,1.8357231501987825,full_ed
6,12.0,2.0,0.0,382,33.003117743978166,34.55539510948696,1.9844525959987207,1.8357231501987825,full_ed
6,12.0,2.0,0.0,383,33.18894385103833,34.741221216547125,1.9812367236943884,1.8325072778944502,full_ed
6,12.0,2.0,0.0,384,33.206123718167426,34.75840108367622,1.9790488305061964,1.8303193847062582,full_ed
6,12.0,2.0,0.0,385,33.20612371816746,34.758401083676254,1.9790488305061964,1.8303193847062582,full_ed
6,12.0,2.0,0.0,386,33.2495361754306,34.80181354093939,2.1496238079622185,2.0008943621622803,full_ed
6,12.0,2.0,0.0,387,33.249536175430606,34.8018135409394,2.1496238079622305,2.0008943621622923,full_ed
6,12.0,2.0,0.0,388,33.27284213452345,34.825119500032244,1.9774816655127938,1.8287522197128556,full_ed
6,12.0,2.0,0.0,389,33.28959794952064,34.841875315029434,2.120965385335099,1.9722359395351607,full_ed
6,12.0,2.0,0.0,390,40.25471915706321,41.806996522572,2.983644655976015,2.8349152101760766,full_ed
6,12.0,2.0,0.0,391,40.25484575320504,41.80712311871383,2.9836173098056413,2.834887864005703,full_ed
6,12.0,2.0,0.0,392,40.254845753205075,41.80712311871387,2.983617309805642,2.834887864005704,full_ed
6,12.0,2.0,0.0,393,40.609951610674784,42.16222897618358,2.9494483082129914,2.8007188624130532,full_ed
6,12.0,2.0,0.0,394,40.61349459036939,42.165771955878185,2.948921288635251,2.800191842835313,full_ed
6,12.0,2.0,0.0,395,40.61349459036941,42.165771955878206,2.948921288635253,2.8001918428353147,full_ed
6,12.0,2.0,0.0,396,40.623321165018716,42.17559853052751,2.946979070843571,2.7982496250436326,full_ed
6,12.0,2.0,0.0,397,40.62332116501875,42.175598530527544,2.946979070843578,2.7982496250436397,full_ed
6,12.0,2.0,0.0,398,40.62811796815044,42.180395333659234,2.9460897014828964,2.797360255682958,full_ed
6,12.0,2.0,0.0,399,48.752846560424246,50.30512392593304,2.9534415925000768,2.8047121467001386,full_ed
6,12.0,2.0,0.25,0,-1.8427944661163356,0.0,0.1715257955911943,0.0,full_ed
6,12.0,2.0,0.25,1,-1.3988615880460034,0.4439328780703322,0.12927484350227708,-0.042250952088917215,full_ed
6,12.0,2.0,0.25,2,-1.2283656212798606,0.614428844836475,0.11464707539670835,-0.05687872019448595,full_ed
6,12.0,2.0,0.25,3,-1.2283656212798535,0.6144288448364821,0.11464707539670864,-0.05687872019448566,full_ed
6,12.0,2.0,0.25,4,-0.9838419324272503,0.8589525336890853,0.09426103335906352,-0.07726476223213077,full_ed
6,12.0,2.0,0.25,5,-0.8463570004824362,0.9964374656338993,0.08042733388879733,-0.09109846170239697,full_ed
6,12.0,2.0,0.25,6,-0.8463570004824207,0.9964374656339149,0.08042733388879751,-0.09109846170239679,full_ed
6,12.0,2.0,0.25,7,-0.7673794941545373,1.0754149719617982,0.07369799044884444,-0.09782780514234986,full_ed
6,12.0,2.0,0.25,8,-0.7673794941545207,1.075414971961815,0.07369799044884448,-0.09782780514234982,full_ed
6,12.0,2.0,0.25,9,-0.7571222115058794,1.085672254610456,0.07040713117926557,-0.10111866441192872,full_ed
6,12.0,2.0,0.25,10,-0.637199509683406,1.2055949564329296,0.06088472179737862,-0.11064107379381569,full_ed
6,12.0,2.0,0.25,11,-0.6248757363708428,1.2179187297454928,0.05862306311854909,-0.1129027324726452,full_ed
6,12.0,2.0,0.25,12,-0.6248757363708117,1.2179187297455238,0.05862306311854902,-0.11290273247264528,full_ed
6,12.0,2.0,0.25,13,-0.2537346908121102,1.5890597753042255,0.026903322009548966,-0.14462247358164532,full_ed
6,12.0,2.0,0.25,14,-0.22552933344720694,1.6172651326691287,0.024097893735445103,-0.1474279018557492,full_ed
6,12.0,2.0,0.25,15,-0.21775949611840933,1.6250349699979263,0.023117970791204527,-0.14840782479998976,full_ed
6,12.0,2.0,0.25,16,-0.21775949611837944,1.625034969997956,0.023117970791204576,-0.1484078247999897,full_ed
6,12.0,2.0,0.25,17,-0.14221302502963232,1.7005814410867033,0.014953594542837205,-0.1565722010483571,full_ed
6,12.0,2.0,0.25,18,-0.14221302502961575,1.7005814410867197,0.01495359454283729,-0.156572201048357,full_ed
6,12.0,2.0,0.25,19,2.2219584398125254e-14,1.8427944661163578,1.1991321154736366e-28,-0.1715257955911943,full_ed
6,12.0,2.0,0.25,20,5.710217298431937,7.553011764548272,1.0810543631436125,0.9095285675524182,full_ed
6,12.0,2.0,0.25,21,5.977044780172078,7.819839246288414,1.0667644528278413,0.895238657236647,full_ed
6,12.0,2.0,0.25,22,6.061846447059397,7.904640913175732,1.077020165541821,0.9054943699506267,full_ed
6,12.0,2.0,0.25,23,6.061846447059407,7.904640913175743,1.0770201655418217,0.9054943699506274,full_ed
6,12.0,2.0,0.25,24,6.218346863699158,8.061141329815493,1.0511456865179483,0.879619890926754,full_ed
6,12.0,2.0,0.25,25,6.218346863699161,8.061141329815497,1.0511456865179465,0.8796198909267522,full_ed
6,12.0,2.0,0.25,26,6.468041503192476,8.310835969308812,1.031869995693686,0.8603442001024918,full_ed
6,12.0,2.0,0.25,27,6.479275371353643,8.322069837469979,1.0364814598719896,0.8649556642807953,full_ed
6,12.0,2.0,0.25,28,6.479275371353649,8.322069837469984,1.0364814598719874,0.8649556642807931,full_ed
6,12.0,2.0,0.25,29,6.7094712973360435,8.552265763452379,1.011233938018968,0.8397081424277738,full_ed
6,12.0,2.0,0.25,30,6.7094712973360515,8.552265763452388,1.011233938018973,0.8397081424277787,full_ed
6,12.0,2.0,0.25,31,6.736642554827782,8.579437020944118,1.031066276015082,0.8595404804238876,full_ed
6,12.0,2.0,0.25,32,6.7574699158605505,8.600264381976887,1.0259375700660596,0.8544117744748653,full_ed
6,12.0,2.0,0.25,33,6.757469915860551,8.600264381976887,1.0259375700660582,0.8544117744748639,full_ed
6,12.0,2.0,0.25,34,6.801629848718394,8.64442431483473,0.988570750938605,0.8170449553474107,full_ed
6,12.0,2.0,0.25,35,6.836970410568367,8.679764876684702,1.0354905333624802,0.8639647377712859,full_ed
6,12.0,2.0,0.25,36,6.937258698172571,8.780053164288907,0.9981583228453592,0.8266325272541649,full_ed
6,12.0,2.0,0.25,37,6.93725869817258,8.780053164288915,0.9981583228453585,0.8266325272541643,full_ed
6,12.0,2.0,0.25,38,7.00261107338303,8.845405539499366,1.031579112324038,0.8600533167328438,full_ed
6,12.0,2.0,0.25,39,7.002611073383035,8.845405539499371,1.0315791123240372,0.8600533167328429,full_ed
6,12.0,2.0,0.25,40,7.014913368151437,8.857707834267773,1.023861386258937,0.8523355906677427,full_ed
6,12.0,2.0,0.25,41,7.01491336815144,8.857707834267776,1.023861386258936,0.8523355906677418,full_ed
6,12.0,2.0,0.25,42,7.0284498536884135,8.871244319804749,1.021426038292617,0.8499002427014227,full_ed
6,12.0,2.0,0.25,43,7.055108176528404,8.89790264264474,1.0018218277042363,0.830296032113042,full_ed
6,12.0,2.0,0.25,44,7.127595248880562,8.970389714996898,1.0327362775191133,0.861210481927919,full_ed
6,12.0,2.0,0.25,45,7.127595248880566,8.970389714996902,1.0327362775191127,0.8612104819279184,full_ed
6,12.0,2.0,0.25,46,7.207786441616731,9.050580907733067,1.004748762563041,0.8332229669718466,full_ed
6,12.0,2.0,0.25,47,7.281980258860702,9.124774724977037,1.0099201516609015,0.8383943560697072,full_ed
6,12.0,2.0,0.25,48,7.281980258860714,9.12477472497705,1.0099201516609013,0.838394356069707,full_ed
6,12.0,2.0,0.25,49,7.325616772766839,9.168411238883175,1.0111966422912517,0.8396708467000574,full_ed
6,12.0,2.0,0.25,50,7.325616772766842,9.168411238883177,1.0111966422912497,0.8396708467000554,full_ed
6,12.0,2.0,0.25,51,7.444783210427847,9.287577676544183,0.9999999999999991,0.8284742044088048,full_ed
6,12.0,2.0,0.25,52,7.491769082945319,9.334563549061654,1.005609395320583,0.8340835997293886,full_ed
6,12.0,2.0,0.25,53,7.491769082945328,9.334563549061663,1.0056093953205796,0.8340835997293853,full_ed
6,12.0,2.0,0.25,54,7.495567984295299,9.338362450411635,1.0000167298077896,0.8284909342165953,full_ed
6,12.0,2.0,0.25,55,7.510595660713321,9.353390126829657,0.9868094759611163,0.815283680369922,full_ed
6,12.0,2.0,0.25,56,7.510595660713324,9.35339012682966,0.9868094759611168,0.8152836803699225,full_ed
6,12.0,2.0,0.25,57,7.530771323889347,9.373565790005683,1.0124581983116154,0.8409324027204211,full_ed
6,12.0,2.0,0.25,58,7.536625334861222,9.379419800977558,0.979327677931122,0.8078018823399277,full_ed
6,12.0,2.0,0.25,59,7.627419765121873,9.47021423123821,0.9953989376423565,0.8238731420511622,full_ed
6,12.0,2.0,0.25,60,7.627419765121875,9.470214231238211,0.9953989376423557,0.8238731420511614,full_ed
6,12.0,2.0,0.25,61,7.819425089099679,9.662219555216014,1.001802982914728,0.8302771873235336,full_ed
6,12.0,2.0,0.25,62,7.853280623001656,9.696075089117992,1.00198124651969,0.8304554509284957,full_ed
6,12.0,2.0,0.25,63,7.9505600185701155,9.793354484686452,0.9876300698755689,0.8161042742843746,full_ed
6,12.0,2.0,0.25,64,7.950560018570117,9.793354484686454,0.9876300698755675,0.8161042742843732,full_ed
6,12.0,2.0,0.25,65,7.990987570292622,9.833782036408957,0.9767550170573969,0.8052292214662026,full_ed
6,12.0,2.0,0.25,66,7.99098757029263,9.833782036408966,0.9767550170573961,0.8052292214662018,full_ed
6,12.0,2.0,0.25,67,8.011678820490916,9.854473286607252,0.9724336300975145,0.8009078345063202,full_ed
6,12.0,2.0,0.25,68,8.131927794366346,9.974722260482682,0.9599050575500914,0.7883792619588971,full_ed
6,12.0,2.0,0.25,69,8.131927794366353,9.97472226048269,0.9599050575500926,0.7883792619588983,full_ed
6,12.0,2.0,0.25,70,8.134367670894822,9.977162137011158,0.9772360785977408,0.8057102830065465,full_ed
6,12.0,2.0,0.25,71,8.177645507101431,10.020439973217767,0.9692619087316028,0.7977361131404085,full_ed
6,12.0,2.0,0.25,72,8.177645507101433,10.02043997321777,0.9692619087316001,0.7977361131404058,full_ed
6,12.0,2.0,0.25,73,8.376755114991102,10.219549581107438,0.9571233613390248,0.7855975657478305,full_ed
6,12.0,2.0,0.25,74,10.925778923864147,12.768573389980483,1.0771241448399542,0.9055983492487599,full_ed
6,12.0,2.0,0.25,75,10.925778923864154,12.76857338998049,1.0771241448399542,0.9055983492487599,full_ed
6,12.0,2.0,0.25,76,11.036923704213326,12.879718170329662,1.0653651010858332,0.8938393054946389,full_ed
6,12.0,2.0,0.25,77,11.03692370421334,12.879718170329676,1.065365101085834,0.8938393054946397,full_ed
6,12.0,2.0,0.25,78,11.045602626055803,12.88839709217214,1.0649813527999878,0.8934555572087935,full_ed
6,12.0,2.0,0.25,79,11.045602626055807,12.888397092172143,1.0649813527999872,0.8934555572087929,full_ed
6,12.0,2.0,0.25,80,11.072762417005762,12.915556883122099,1.0910788549889023,0.919553059397708,full_ed
6,12.0,2.0,0.25,81,11.097626520828488,12.940420986944824,1.0635437630065876,0.8920179674153933,full_ed
6,12.0,2.0,0.25,82,11.097626520828488,12.940420986944824,1.0635437630065887,0.8920179674153944,full_ed
6,12.0,2.0,0.25,83,11.105806936738247,12.948601402854583,1.062042539460552,0.8905167438693576,full_ed
6,12.0,2.0,0.25,84,11.144149609696882,12.986944075813218,1.0639328905718213,0.892407094980627,full_ed
6,12.0,2.0,0.25,85,11.17216431156055,13.014958777676886,1.0732287254109762,0.901702929819782,full_ed
6,12.0,2.0,0.25,86,11.359252012746797,13.202046478863133,1.0324313837748313,0.860905588183637,full_ed
6,12.0,2.0,0.25,87,11.362237078166162,13.205031544282498,1.044540164949432,0.8730143693582376,full_ed
6,12.0,2.0,0.25,88,11.383224191092232,13.226018657208568,1.035698234641032,0.8641724390498376,full_ed
6,12.0,2.0,0.25,89,11.383224191092232,13.226018657208568,1.0356982346410324,0.8641724390498381,full_ed
6,12.0,2.0,0.25,90,11.44341619618884,13.286210662305177,1.0343315050588777,0.8628057094676834,full_ed
6,12.0,2.0,0.25,91,11.443416196188851,13.286210662305187,1.0343315050588773,0.862805709467683,full_ed
6,12.0,2.0,0.25,92,11.460474109664515,13.303268575780852,1.0545468240792224,0.8830210284880281,full_ed
6,12.0,2.0,0.25,93,11.482700633832927,13.325495099949263,1.0428081239463138,0.8712823283551195,full_ed
6,12.0,2.0,0.25,94,11.482700633832936,13.325495099949272,1.0428081239463154,0.8712823283551211,full_ed
6,12.0,2.0,0.25,95,11.495006516663658,13.337800982779994,1.0412199969334681,0.8696942013422738,full_ed
6,12.0,2.0,0.25,96,11.49500651666366,13.337800982779996,1.0412199969334683,0.869694201342274,full_ed
6,12.0,2.0,0.25,97,11.537016797803435,13.379811263919771,1.0454105032858538,0.8738847076946595,full_ed
6,12.0,2.0,0.25,98,11.582375107721894,13.42516957383823,1.0277942038875603,0.856268408296366,full_ed
6,12.0,2.0,0.25,99,11.651662959806995,13.494457425923331,0.9991573121567439,0.8276315165655496,full_ed
6,12.0,2.0,0.25,100,11.651662959806998,13.494457425923335,0.9991573121567437,0.8276315165655495,full_ed
6,12.0,2.0,0.25,101,11.655955694910816,13.498750161027152,1.0174342934093732,0.8459084978181789,full_ed
6,12.0,2.0,0.25,102,11.655955694910816,13.498750161027152,1.0174342934093723,0.845908497818178,full_ed
6,12.0,2.0,0.25,103,11.665025506228545,13.507819972344882,1.0154027060996973,0.843876910508503,full_ed
6,12.0,2.0,0.25,104,11.688391627133365,13.531186093249701,1.0151609708091347,0.8436351752179404,full_ed
6,12.0,2.0,0.25,105,11.688391627133367,13.531186093249703,1.0151609708091343,0.84363517521794,full_ed
6,12.0,2.0,0.25,106,11.711341761966489,13.554136228082825,0.9991582965555659,0.8276325009643716,full_ed
6,12.0,2.0,0.25,107,11.71134176196649,13.554136228082827,0.9991582965555651,0.8276325009643708,full_ed
6,12.0,2.0,0.25,108,11.769231134933742,13.612025601050078,1.017323249824948,0.8457974542337537,full_ed
6,12.0,2.0,0.25,109,11.792822525710022,13.635616991826359,1.0249712493766165,0.8534454537854222,full_ed
6,12.0,2.0,0.25,110,11.796833817112717,13.639628283229053,1.0408920336509973,0.869366238059803,full_ed
6,12.0,2.0,0.25,111,11.796833817112724,13.63962828322906,1.0408920336509981,0.8693662380598038,full_ed
6,12.0,2.0,0.25,112,11.834340264358305,13.677134730474641,1.0097663347955894,0.8382405392043951,full_ed
6,12.0,2.0,0.25,113,11.845472456754035,13.68826692287037,1.017194224097285,0.8456684285060908,full_ed
6,12.0,2.0,0.25,114,11.870873343429382,13.713667809545719,1.0358138337298768,0.8642880381386825,full_ed
6,12.0,2.0,0.25,115,11.870873343429395,13.713667809545731,1.035813833729879,0.8642880381386847,full_ed
6,12.0,2.0,0.25,116,11.879845994680275,13.722640460796612,1.014969587565203,0.8434437919740086,full_ed
6,12.0,2.0,0.25,117,11.916823652519387,13.759618118635723,1.0171163972325137,0.8455906016413194,full_ed
6,12.0,2.0,0.25,118,11.9168236525194,13.759618118635736,1.0171163972325141,0.8455906016413198,full_ed
6,12.0,2.0,0.25,119,11.935012471311179,13.777806937427515,1.0048590277367906,0.8333332321455963,full_ed
6,12.0,2.0,0.25,120,11.941598210899967,13.784392677016303,1.016571468807724,0.8450456732165298,full_ed
6,12.0,2.0,0.25,121,11.941598210899969,13.784392677016305,1.0165714688077232,0.8450456732165289,full_ed
6,12.0,2.0,0.25,122,11.999999999999998,13.842794466116334,1.0,0.8284742044088057,full_ed
6,12.0,2.0,0.25,123,12.000000000000002,13.842794466116338,1.0000000000000004,0.8284742044088061,full_ed
6,12.0,2.0,0.25,124,12.000000000000004,13.84279446611634,1.0000000000000002,0.8284742044088059,full_ed
6,12.0,2.0,0.25,125,12.000000000000007,13.842794466116343,1.000000000000001,0.8284742044088068,full_ed
6,12.0,2.0,0.25,126,12.044436441981382,13.887230908097719,1.013354553192943,0.8418287576017488,full_ed
6,12.0,2.0,0.25,127,12.044436441981388,13.887230908097724,1.0133545531929438,0.8418287576017495,full_ed
6,12.0,2.0,0.25,128,12.088795144500924,13.93158961061726,1.0086485337434137,0.8371227381522194,full_ed
6,12.0,2.0,0.25,129,12.088795144500931,13.931589610617268,1.0086485337434137,0.8371227381522194,full_ed
6,12.0,2.0,0.25,130,12.15263533512703,13.995429801243366,1.0152960838873464,0.8437702882961521,full_ed
6,12.0,2.0,0.25,131,12.152635335127043,13.995429801243379,1.0152960838873484,0.8437702882961541,full_ed
6,12.0,2.0,0.25,132,12.15683932706857,13.999633793184906,1.0091897136365038,0.8376639180453095,full_ed
6,12.0,2.0,0.25,133,12.156839327068571,13.999633793184907,1.0091897136365044,0.8376639180453102,full_ed
6,12.0,2.0,0.25,134,12.198714713361769,14.041509179478105,1.0069584077160285,0.8354326121248342,full_ed
6,12.0,2.0,0.25,135,12.19871471336177,14.041509179478107,1.0069584077160285,0.8354326121248342,full_ed
6,12.0,2.0,0.25,136,12.214949406366284,14.05774387248262,1.00811408005307,0.8365882844618756,full_ed
6,12.0,2.0,0.25,137,12.215714052995494,14.05850851911183,1.016193280920545,0.8446674853293507,full_ed
6,12.0,2.0,0.25,138,12.236008752152882,14.078803218269218,1.0097220373835363,0.838196241792342,full_ed
6,12.0,2.0,0.25,139,12.236008752152884,14.07880321826922,1.0097220373835385,0.8381962417923442,full_ed
6,12.0,2.0,0.25,140,12.261081692296951,14.103876158413287,1.010376211812067,0.8388504162208726,full_ed
6,12.0,2.0,0.25,141,12.308409482250495,14.151203948366831,0.9991990498418868,0.8276732542506925,full_ed
6,12.0,2.0,0.25,142,12.3084094822505,14.151203948366836,0.9991990498418883,0.827673254250694,full_ed
6,12.0,2.0,0.25,143,12.34774472837367,14.190539194490006,1.0035425111083205,0.8320167155171262,full_ed
6,12.0,2.0,0.25,144,12.367639081431914,14.21043354754825,0.9992364051277837,0.8277106095365894,full_ed
6,12.0,2.0,0.25,145,12.367639081431925,14.210433547548261,0.9992364051277834,0.8277106095365891,full_ed
6,12.0,2.0,0.25,146,15.058684129945162,16.901478596061498,1.94748760105754,1.7759618054663457,full_ed
6,12.0,2.0,0.25,147,15.257421228790193,17.100215694906527,1.111715293994842,0.9401894984036477,full_ed
6,12.0,2.0,0.25,148,15.28706928885305,17.129863754969385,1.1320493175843946,0.9605235219932003,full_ed
6,12.0,2.0,0.25,149,15.287069288853065,17.1298637549694,1.1320493175844042,0.9605235219932099,full_ed
6,12.0,2.0,0.25,150,15.444317660246137,17.287112126362473,1.9375052169486255,1.7659794213574314,full_ed
6,12.0,2.0,0.25,151,15.465048525029157,17.307842991145492,1.9456543131249466,1.7741285175337524,full_ed
6,12.0,2.0,0.25,152,15.46504852502917,17.307842991145506,1.945654313124947,1.774128517533753,full_ed
6,12.0,2.0,0.25,153,15.487358326123903,17.330152792240238,1.9309479804716183,1.7594221848804241,full_ed
6,12.0,2.0,0.25,154,15.48735832612392,17.330152792240256,1.9309479804716254,1.7594221848804312,full_ed
6,12.0,2.0,0.25,155,15.5334718873268,17.376266353443135,1.899917767081072,1.7283919714898777,full_ed
6,12.0,2.0,0.25,156,15.533471887326812,17.376266353443146,1.8999177670810758,1.7283919714898817,full_ed
6,12.0,2.0,0.25,157,15.56579894258446,17.408593408700796,1.1516044382027348,0.9800786426115405,full_ed
6,12.0,2.0,0.25,158,15.695794251421919,17.538588717538254,1.8704049825854838,1.6988791869942896,full_ed
6,12.0,2.0,0.25,159,15.696287696318162,17.539082162434497,1.0875838326402052,0.9160580370490109,full_ed
6,12.0,2.0,0.25,160,15.696287696318173,17.539082162434507,1.0875838326402043,0.91605803704901,full_ed
6,12.0,2.0,0.25,161,15.776468506897096,17.61926297301343,1.8137175199184792,1.6421917243272848,full_ed
6,12.0,2.0,0.25,162,15.793865451090845,17.63665991720718,1.150386299111624,0.9788605035204297,full_ed
6,12.0,2.0,0.25,163,15.793865451090848,17.636659917207183,1.1503862991116323,0.978860503520438,full_ed
6,12.0,2.0,0.25,164,15.89626984253944,17.739064308655774,1.1102283698782627,0.9387025742870684,full_ed
6,12.0,2.0,0.25,165,15.89894537836246,17.741739844478797,1.6718683237978462,1.500342528206652,full_ed
6,12.0,2.0,0.25,166,15.898945378362468,17.741739844478804,1.6718683237978262,1.500342528206632,full_ed
6,12.0,2.0,0.25,167,15.912231196733234,17.75502566284957,1.039996916952268,0.8684711213610737,full_ed
6,12.0,2.0,0.25,168,15.975869000716616,17.81866346683295,1.1976000478461053,1.0260742522549111,full_ed
6,12.0,2.0,0.25,169,15.975869000716623,17.81866346683296,1.197600047846107,1.0260742522549129,full_ed
6,12.0,2.0,0.25,170,15.982587210879203,17.825381676995537,1.0377156276138852,0.866189832022691,full_ed
6,12.0,2.0,0.25,171,16.028011640327286,17.87080610644362,1.0890486999087288,0.9175229043175345,full_ed
6,12.0,2.0,0.25,172,16.028011640327293,17.870806106443627,1.0890486999087141,0.9175229043175198,full_ed
6,12.0,2.0,0.25,173,16.11126300687707,17.954057472993405,1.0543603899460132,0.8828345943548189,full_ed
6,12.0,2.0,0.25,174,16.177802768402625,18.02059723451896,1.1209087500015285,0.9493829544103342,full_ed
6,12.0,2.0,0.25,175,16.177802768402632,18.020597234518966,1.120908750001513,0.9493829544103186,full_ed
6,12.0,2.0,0.25,176,16.185724058336778,18.028518524453112,0.9891174743369148,0.8175916787457205,full_ed
6,12.0,2.0,0.25,177,16.198296629846404,18.041091095962738,1.0759451266553417,0.9044193310641474,full_ed
6,12.0,2.0,0.25,178,16.198296629846404,18.041091095962738,1.0759451266553384,0.9044193310641441,full_ed
6,12.0,2.0,0.25,179,16.246741683565837,18.08953614968217,1.036705921145836,0.8651801255546417,full_ed
6,12.0,2.0,0.25,180,16.246741683565848,18.089536149682182,1.036705921145838,0.8651801255546437,full_ed
6,12.0,2.0,0.25,181,16.287145955507327,18.12994042162366,1.107850353939773,0.9363245583485788,full_ed
6,12.0,2.0,0.25,182,16.347547009695937,18.19034147581227,0.9923942588512611,0.8208684632600668,full_ed
6,12.0,2.0,0.25,183,16.347547009695944,18.19034147581228,0.9923942588512632,0.8208684632600689,full_ed
6,12.0,2.0,0.25,184,16.347963804460456,18.19075827057679,1.019341010740379,0.8478152151491848,full_ed
6,12.0,2.0,0.25,185,16.356860858347805,18.19965532446414,1.0821951175612807,0.9106693219700864,full_ed
6,12.0,2.0,0.25,186,16.35686085834781,18.199655324464146,1.0821951175613038,0.9106693219701095,full_ed
6,12.0,2.0,0.25,187,16.36761647952876,18.210410945645094,1.679683013335231,1.5081572177440368,full_ed
6,12.0,2.0,0.25,188,16.36761647952876,18.210410945645094,1.6796830133352156,1.5081572177440212,full_ed
6,12.0,2.0,0.25,189,16.449821211383195,18.29261567749953,1.130660423191309,0.9591346276001148,full_ed
6,12.0,2.0,0.25,190,16.4498212113832,18.292615677499533,1.1306604231913142,0.9591346276001199,full_ed
6,12.0,2.0,0.25,191,16.469417132235222,18.312211598351556,1.065291525195998,0.8937657296048037,full_ed
6,12.0,2.0,0.25,192,16.50111896281148,18.343913428927813,1.0973974242156181,0.9258716286244238,full_ed
6,12.0,2.0,0.25,193,16.501118962811482,18.343913428927817,1.097397424215615,0.9258716286244207,full_ed
6,12.0,2.0,0.25,194,16.549244703004465,18.3920391691208,1.1362051541982199,0.9646793586070256,full_ed
6,12.0,2.0,0.25,195,16.553598652756282,18.396393118872616,1.3348019677728913,1.163276172181697,full_ed
6,12.0,2.0,0.25,196,16.553598652756282,18.396393118872616,1.3348019677729022,1.1632761721817078,full_ed
6,12.0,2.0,0.25,197,16.555216789572146,18.39801125568848,1.0000000000000007,0.8284742044088064,full_ed
6,12.0,2.0,0.25,198,16.57753111152312,18.420325577639453,1.0176815214199206,0.8461557258287263,full_ed
6,12.0,2.0,0.25,199,16.591277959756304,18.43407242587264,1.0917613086397586,0.9202355130485643,full_ed
6,12.0,2.0,0.25,200,16.715870360616844,18.558664826733178,0.992860440190648,0.8213346445994537,full_ed
6,12.0,2.0,0.25,201,16.715870360616847,18.55866482673318,0.9928604401906451,0.8213346445994508,full_ed
6,12.0,2.0,0.25,202,16.7603488996665,18.603143365782834,1.7935702133250242,1.62204441773383,full_ed
6,12.0,2.0,0.25,203,16.778720274670704,18.62151474078704,1.4237475311553818,1.2522217355641874,full_ed
6,12.0,2.0,0.25,204,16.778720274670704,18.62151474078704,1.4237475311553758,1.2522217355641816,full_ed
6,12.0,2.0,0.25,205,16.814499692825112,18.657294158941447,1.3669268453868424,1.195401049795648,full_ed
6,12.0,2.0,0.25,206,16.84230335508254,18.685097821198873,1.0171555432886046,0.8456297476974103,full_ed
6,12.0,2.0,0.25,207,16.93137159763509,18.774166063751423,1.0277205122098287,0.8561947166186344,full_ed
6,12.0,2.0,0.25,208,16.93137159763509,18.774166063751423,1.02772051220983,0.8561947166186358,full_ed
6,12.0,2.0,0.25,209,16.95058471319371,18.793379179310044,1.0233643302687425,0.8518385346775482,full_ed
6,12.0,2.0,0.25,210,16.95058471319371,18.793379179310044,1.023364330268742,0.8518385346775478,full_ed
6,12.0,2.0,0.25,211,16.97140374155257,18.814198207668905,1.4244168707711478,1.2528910751799534,full_ed
6,12.0,2.0,0.25,212,17.084835952379525,18.92763041849586,0.999544723258157,0.8280189276669627,full_ed
6,12.0,2.0,0.25,213,17.084835952379525,18.92763041849586,0.9995447232581569,0.8280189276669626,full_ed
6,12.0,2.0,0.25,214,17.12260317186361,18.965397637979944,1.0327853096603583,0.861259514069164,full_ed
6,12.0,2.0,0.25,215,17.168597088709067,19.0113915548254,1.024140669758261,0.8526148741670666,full_ed
6,12.0,2.0,0.25,216,17.168597088709074,19.01139155482541,1.0241406697582605,0.8526148741670662,full_ed
6,12.0,2.0,0.25,217,17.39301318945962,19.235807655575954,0.9947812822061906,0.8232554866149963,full_ed
6,12.0,2.0,0.25,218,19.35187362377173,21.194668089888065,1.9823305418751231,1.810804746283929,full_ed
6,12.0,2.0,0.25,219,19.35187362377174,21.194668089888076,1.982330541875126,1.8108047462839316,full_ed
6,12.0,2.0,0.25,220,19.355206544999387,21.19800101111572,1.9829336600567333,1.8114078644655391,full_ed
6,12.0,2.0,0.25,221,19.360986469388138,21.203780935504472,1.9811648684751646,1.8096390728839702,full_ed
6,12.0,2.0,0.25,222,19.36145444345991,21.204248909576243,1.981394171624423,1.8098683760332288,full_ed
6,12.0,2.0,0.25,223,19.361454443459913,21.204248909576247,1.9813941716244265,1.8098683760332324,full_ed
6,12.0,2.0,0.25,224,19.363764871239372,21.206559337355706,1.9828745783097257,1.8113487827185315,full_ed
6,12.0,2.0,0.25,225,19.36376487123938,21.206559337355714,1.9828745783097235,1.8113487827185293,full_ed
6,12.0,2.0,0.25,226,19.366260386868507,21.209054852984842,1.981999617469766,1.8104738218785719,full_ed
6,12.0,2.0,0.25,227,19.385003462374293,21.227797928490627,1.9832349418082982,1.8117091462171038,full_ed
6,12.0,2.0,0.25,228,19.39441447555288,21.237208941669213,1.9820418438788363,1.8105160482876421,full_ed
6,12.0,2.0,0.25,229,19.394414475552885,21.23720894166922,1.9820418438788336,1.8105160482876395,full_ed
6,12.0,2.0,0.25,230,20.07151131408503,21.914305780201364,1.9711122438560893,1.7995864482648951,full_ed
6,12.0,2.0,0.25,231,20.077503687613174,21.920298153729508,1.970881121862459,1.7993553262712645,full_ed
6,12.0,2.0,0.25,232,20.07750368761318,21.920298153729515,1.9708811218624578,1.7993553262712636,full_ed
6,12.0,2.0,0.25,233,20.10343049178946,21.946224957905795,1.9677624250928494,1.7962366295016552,full_ed
6,12.0,2.0,0.25,234,20.10866414129348,21.951458607409815,1.9672396817430164,1.7957138861518223,full_ed
6,12.0,2.0,0.25,235,20.10866414129348,21.951458607409815,1.967239681743015,1.7957138861518205,full_ed
6,12.0,2.0,0.25,236,20.142581730820215,21.98537619693655,1.96333780111644,1.7918120055252458,full_ed
6,12.0,2.0,0.25,237,20.14258173082022,21.985376196936553,1.9633378011164377,1.7918120055252436,full_ed
6,12.0,2.0,0.25,238,20.143850964813414,21.986645430929748,1.9632941703533204,1.791768374762126,full_ed
6,12.0,2.0,0.25,239,20.171450624718776,22.01424509083511,1.963173382925828,1.7916475873346336,full_ed
6,12.0,2.0,0.25,240,20.17465843285997,22.017452898976305,1.9636709827594363,1.792145187168242,full_ed
6,12.0,2.0,0.25,241,20.17465843285997,22.017452898976305,1.9636709827594303,1.7921451871682361,full_ed
6,12.0,2.0,0.25,242,20.30923085394643,22.152025320062766,1.957524470024505,1.7859986744333107,full_ed
6,12.0,2.0,0.25,243,20.423818231677217,22.26661269779355,1.9478900918742093,1.776364296283015,full_ed
6,12.0,2.0,0.25,244,20.423818231677227,22.266612697793562,1.9478900918742101,1.776364296283016,full_ed
6,12.0,2.0,0.25,245,20.453630114838596,22.29642458095493,1.9357874664516812,1.764261670860487,full_ed
6,12.0,2.0,0.25,246,20.493450946335518,22.336245412451852,1.933016627222929,1.7614908316317348,full_ed
6,12.0,2.0,0.25,247,20.493450946335532,22.336245412451866,1.9330166272229299,1.7614908316317357,full_ed
6,12.0,2.0,0.25,248,20.507787885196812,22.350582351313147,1.945733657166812,1.7742078615756176,full_ed
6,12.0,2.0,0.25,249,20.52844241947046,22.371236885586793,1.9348576365714574,1.7633318409802632,full_ed
6,12.0,2.0,0.25,250,20.535454947933545,22.37824941404988,1.935368388387829,1.7638425927966348,full_ed
6,12.0,2.0,0.25,251,20.53545494793355,22.378249414049886,1.9353683883878319,1.7638425927966375,full_ed
6,12.0,2.0,0.25,252,20.577000539657526,22.41979500577386,1.9247154689940156,1.7531896734028214,full_ed
6,12.0,2.0,0.25,253,20.57700053965753,22.419795005773864,1.9247154689940142,1.75318967340282,full_ed
6,12.0,2.0,0.25,254,22.98075517597352,24.823549642089855,2.0239889180422157,1.8524631224510215,full_ed
6,12.0,2.0,0.25,255,22.997182432271394,24.83997689838773,2.025910867900369,1.8543850723091748,full_ed
6,12.0,2.0,0.25,256,22.997182432271398,24.839976898387732,2.0259108679003703,1.8543850723091762,full_ed
6,12.0,2.0,0.25,257,23.08437013214659,24.927164598262923,2.026314017089078,1.8547882214978837,full_ed
6,12.0,2.0,0.25,258,23.094800528842093,24.937594994958427,2.026755814393115,1.8552300188019206,full_ed
6,12.0,2.0,0.25,259,23.094800528842093,24.937594994958427,2.0267558143931135,1.8552300188019193,full_ed
6,12.0,2.0,0.25,260,23.258523974349462,25.101318440465796,1.9891199664077193,1.817594170816525,full_ed
6,12.0,2.0,0.25,261,23.29093407301015,25.133728539126484,1.9885751416873771,1.8170493460961827,full_ed
6,12.0,2.0,0.25,262,23.29093407301016,25.133728539126494,1.9885751416873776,1.8170493460961832,full_ed
6,12.0,2.0,0.25,263,23.575253907937697,25.41804837405403,1.9895327549715216,1.8180069593803272,full_ed
6,12.0,2.0,0.25,264,23.591988507987516,25.43478297410385,1.9918886312689654,1.8203628356777712,full_ed
6,12.0,2.0,0.25,265,23.59198850798753,25.434782974103864,1.9918886312689636,1.8203628356777695,full_ed
6,12.0,2.0,0.25,266,23.59906107551545,25.441855541631785,2.01612662488534,1.8446008292941456,full_ed
6,12.0,2.0,0.25,267,23.599061075515458,25.441855541631792,2.0161266248853384,1.8446008292941443,full_ed
6,12.0,2.0,0.25,268,23.667217607160254,25.510012073276588,2.024485471641277,1.8529596760500828,full_ed
6,12.0,2.0,0.25,269,23.81906989982462,25.661864365940954,1.9907064027228176,1.8191806071316234,full_ed
6,12.0,2.0,0.25,270,23.819069899824626,25.66186436594096,1.9907064027228187,1.8191806071316243,full_ed
6,12.0,2.0,0.25,271,23.82524906287813,25.668043528994463,1.9985091662489776,1.8269833706577834,full_ed
6,12.0,2.0,0.25,272,23.84618530432419,25.688979770440525,1.9823862058891368,1.8108604102979426,full_ed
6,12.0,2.0,0.25,273,23.84618530432421,25.688979770440543,1.9823862058891382,1.810860410297944,full_ed
6,12.0,2.0,0.25,274,23.847750769082303,25.690545235198638,1.9800060913560404,1.8084802957648463,full_ed
6,12.0,2.0,0.25,275,23.854669454379188,25.697463920495522,1.980449256842554,1.8089234612513598,full_ed
6,12.0,2.0,0.25,276,23.854669454379206,25.69746392049554,1.9804492568425558,1.8089234612513616,full_ed
6,12.0,2.0,0.25,277,23.971107368545873,25.813901834662207,1.9969356373000182,1.825409841708824,full_ed
6,12.0,2.0,0.25,278,23.97110736854588,25.813901834662214,1.9969356373000222,1.825409841708828,full_ed
6,12.0,2.0,0.25,279,24.0,25.842794466116334,2.0000000000000018,1.8284742044088076,full_ed
6,12.0,2.0,0.25,280,24.002496251419604,25.84529071753594,1.996941447604081,1.8254156520128868,full_ed
6,12.0,2.0,0.25,281,24.002496251419608,25.845290717535942,1.996941447604079,1.8254156520128846,full_ed
6,12.0,2.0,0.25,282,24.014750373465553,25.857544839581887,1.9986604332260147,1.8271346376348205,full_ed
6,12.0,2.0,0.25,283,24.01750304395088,25.860297510067216,1.996516551601006,1.8249907560098118,full_ed
6,12.0,2.0,0.25,284,24.01750304395089,25.860297510067223,1.9965165516010077,1.8249907560098135,full_ed
6,12.0,2.0,0.25,285,24.019096128549208,25.861890594665542,1.9984115902650954,1.8268857946739012,full_ed
6,12.0,2.0,0.25,286,24.02505088366341,25.867845349779746,1.9979204773114156,1.8263946817202212,full_ed
6,12.0,2.0,0.25,287,24.088603903565286,25.93139836968162,1.9913985459576398,1.8198727503664456,full_ed
6,12.0,2.0,0.25,288,24.08924596942989,25.932040435546224,1.9942372688820276,1.8227114732908332,full_ed
6,12.0,2.0,0.25,289,24.10986954917731,25.952664015293646,1.981742616410516,1.810216820819322,full_ed
6,12.0,2.0,0.25,290,24.10986954917731,25.952664015293646,1.9817426164105154,1.810216820819321,full_ed
6,12.0,2.0,0.25,291,24.14045442601969,25.983248892136025,1.9899524949705771,1.818426699379383,full_ed
6,12.0,2.0,0.25,292,24.140454426019694,25.98324889213603,1.9899524949705754,1.8184266993793812,full_ed
6,12.0,2.0,0.25,293,24.152330028474374,25.99512449459071,1.984303213200507,1.8127774176093125,full_ed
6,12.0,2.0,0.25,294,24.181819360718634,26.02461382683497,2.0084127408862615,1.8368869452950674,full_ed
6,12.0,2.0,0.25,295,24.18181936071864,26.024613826834976,2.00841274088626,1.836886945295066,full_ed
6,12.0,2.0,0.25,296,24.199066272998667,26.041860739115002,1.978878782750245,1.8073529871590508,full_ed
6,12.0,2.0,0.25,297,24.32202494167337,26.164819407789704,1.9741096297361178,1.8025838341449236,full_ed
6,12.0,2.0,0.25,298,24.353701473241514,26.19649593935785,1.9878992792379213,1.8163734836467271,full_ed
6,12.0,2.0,0.25,299,24.35370147324153,26.196495939357863,1.9878992792379235,1.8163734836467293,full_ed
6,12.0,2.0,0.25,300,24.35635490795823,26.199149374074565,1.9816957520550802,1.810169956463886,full_ed
6,12.0,2.0,0.25,301,24.35635490795825,26.199149374074583,1.9816957520550795,1.8101699564638851,full_ed
6,12.0,2.0,0.25,302,24.436257638307847,26.27905210442418,1.9817124581858625,1.8101866625946683,full_ed
6,12.0,2.0,0.25,303,24.436257638307847,26.27905210442418,1.9817124581858658,1.8101866625946714,full_ed
6,12.0,2.0,0.25,304,24.436761919566262,26.279556385682596,1.9540364582483511,1.782510662657157,full_ed
6,12.0,2.0,0.25,305,24.436761919566283,26.279556385682618,1.9540364582483547,1.7825106626571605,full_ed
6,12.0,2.0,0.25,306,24.437894401876093,26.280688867992428,1.9939135028604407,1.8223877072692463,full_ed
6,12.0,2.0,0.25,307,24.504059104059856,26.34685357017619,1.9511699863848317,1.7796441907936376,full_ed
6,12.0,2.0,0.25,308,24.542957283595882,26.385751749712217,1.9487070428349207,1.7771812472437265,full_ed
6,12.0,2.0,0.25,309,24.64732789848282,26.490122364599156,1.9508856783025808,1.7793598827113866,full_ed
6,12.0,2.0,0.25,310,24.64732789848283,26.490122364599163,1.9508856783025732,1.779359882711379,full_ed
6,12.0,2.0,0.25,311,24.657826778816197,26.500621244932532,1.9795850123120844,1.8080592167208902,full_ed
6,12.0,2.0,0.25,312,24.657826778816208,26.500621244932542,1.9795850123120986,1.8080592167209044,full_ed
6,12.0,2.0,0.25,313,24.685453597741073,26.528248063857408,1.9852800962527424,1.813754300661548,full_ed
6,12.0,2.0,0.25,314,24.79313979116375,26.635934257280084,2.0665448404458004,1.8950190448546063,full_ed
6,12.0,2.0,0.25,315,24.897950619905643,26.740745086021978,1.952331538995571,1.7808057434043767,full_ed
6,12.0,2.0,0.25,316,24.897950619905647,26.74074508602198,1.9523315389955722,1.780805743404378,full_ed
6,12.0,2.0,0.25,317,24.92608591750795,26.768880383624285,1.949343660887223,1.7778178652960288,full_ed
6,12.0,2.0,0.25,318,24.927083579190494,26.76987804530683,1.948603269473871,1.777077473882677,full_ed
6,12.0,2.0,0.25,319,24.927083579190512,26.769878045306847,1.9486032694738706,1.7770774738826765,full_ed
6,12.0,2.0,0.25,320,24.9816932623648,26.824487728481134,1.985848409505789,1.8143226139145945,full_ed
6,12.0,2.0,0.25,321,24.98169326236482,26.824487728481156,1.9858484095057918,1.8143226139145976,full_ed
6,12.0,2.0,0.25,322,25.000505288304034,26.843299754420368,1.9902229017321151,1.8186971061409207,full_ed
6,12.0,2.0,0.25,323,25.24159222730598,27.084386693422314,1.9602693718349804,1.7887435762437862,full_ed
6,12.0,2.0,0.25,324,25.241592227305993,27.084386693422328,1.9602693718349786,1.7887435762437844,full_ed
6,12.0,2.0,0.25,325,25.270924535922738,27.113719002039073,1.9589841445797047,1.7874583489885105,full_ed
6,12.0,2.0,0.25,326,25.59271169085225,27.435506156968586,2.6973629465652644,2.5258371509740702,full_ed
6,12.0,2.0,0.25,327,28.15442795382911,29.997222419945444,2.003797224940236,1.8322714293490416,full_ed
6,12.0,2.0,0.25,328,28.154427953829114,29.997222419945448,2.0037972249402376,1.8322714293490434,full_ed
6,12.0,2.0,0.25,329,28.18166243484882,30.024456900965156,2.0038302546064797,1.8323044590152855,full_ed
6,12.0,2.0,0.25,330,28.21880160325151,30.061596069367845,1.9927237235413549,1.8211979279501604,full_ed
6,12.0,2.0,0.25,331,28.218801603251546,30.06159606936788,1.9927237235413544,1.82119792795016,full_ed
6,12.0,2.0,0.25,332,28.224318187125775,30.06711265324211,1.9892073819724216,1.8176815863812275,full_ed
6,12.0,2.0,0.25,333,28.250230931349737,30.09302539746607,1.9856780057067966,1.8141522101156022,full_ed
6,12.0,2.0,0.25,334,28.26409907172546,30.106893537841795,1.9854070687354985,1.8138812731443044,full_ed
6,12.0,2.0,0.25,335,28.264099071725465,30.1068935378418,1.9854070687354937,1.8138812731442995,full_ed
6,12.0,2.0,0.25,336,28.30471349030528,30.147507956421613,1.9858439627230904,1.814318167131896,full_ed
6,12.0,2.0,0.25,337,28.30471349030529,30.147507956421624,1.9858439627230873,1.8143181671318929,full_ed
6,12.0,2.0,0.25,338,28.3054309970818,30.148225463198134,1.9885331595275166,1.8170073639363222,full_ed
6,12.0,2.0,0.25,339,28.335884097415956,30.17867856353229,1.989967060324834,1.8184412647336399,full_ed
6,12.0,2.0,0.25,340,28.338040309169635,30.18083477528597,1.9871621858524335,1.8156363902612394,full_ed
6,12.0,2.0,0.25,341,28.338040309169642,30.180834775285977,1.987162185852434,1.8156363902612398,full_ed
6,12.0,2.0,0.25,342,28.34421386599829,30.187008332114626,1.9868695022341893,1.8153437066429952,full_ed
6,12.0,2.0,0.25,343,28.3442138659983,30.187008332114633,1.98686950223419,1.8153437066429956,full_ed
6,12.0,2.0,0.25,344,28.364423485285855,30.20721795140219,1.9857241017495153,1.8141983061583211,full_ed
6,12.0,2.0,0.25,345,28.37338387192019,30.216178338036524,1.9878813008427931,1.816355505251599,full_ed
6,12.0,2.0,0.25,346,28.378167616487275,30.22096208260361,1.9870658532619618,1.8155400576707676,full_ed
6,12.0,2.0,0.25,347,28.378167616487275,30.22096208260361,1.987065853261962,1.8155400576707676,full_ed
6,12.0,2.0,0.25,348,28.394227989009874,30.23702245512621,1.984148155903356,1.8126223603121616,full_ed
6,12.0,2.0,0.25,349,28.410019262953696,30.25281372907003,1.983366702145789,1.8118409065545946,full_ed
6,12.0,2.0,0.25,350,28.4100192629537,30.252813729070034,1.9833667021457926,1.8118409065545982,full_ed
6,12.0,2.0,0.25,351,28.721367780865044,30.56416224698138,2.021625784759423,1.8500999891682288,full_ed
6,12.0,2.0,0.25,352,28.724908351921925,30.56770281803826,2.020740314685751,1.849214519094557,full_ed
6,12.0,2.0,0.25,353,28.724908351921947,30.56770281803828,2.020740314685753,1.8492145190945588,full_ed
6,12.0,2.0,0.25,354,28.862906231772435,30.70570069788877,1.9928048981957802,1.8212791026045858,full_ed
6,12.0,2.0,0.25,355,28.862906231772442,30.705700697888776,1.9928048981957844,1.8212791026045902,full_ed
6,12.0,2.0,0.25,356,28.872275631015093,30.715070097131427,1.9915633197328304,1.820037524141636,full_ed
6,12.0,2.0,0.25,357,28.875435927848116,30.71823039396445,1.9949589632819853,1.8234331676907911,full_ed
6,12.0,2.0,0.25,358,28.88038796127556,30.723182427391894,1.9946383162941368,1.8231125207029426,full_ed
6,12.0,2.0,0.25,359,28.880387961275563,30.723182427391897,1.9946383162941375,1.823112520702943,full_ed
6,12.0,2.0,0.25,360,28.89955290512049,30.742347371236825,1.9927842141179226,1.8212584185267282,full_ed
6,12.0,2.0,0.25,361,28.89955290512053,30.742347371236864,1.9927842141179268,1.8212584185267326,full_ed
6,12.0,2.0,0.25,362,28.90091820424288,30.743712670359216,1.9920562910147002,1.820530495423506,full_ed
6,12.0,2.0,0.25,363,32.11637716851156,33.9591716346279,2.014435321720152,1.8429095261289579,full_ed
6,12.0,2.0,0.25,364,32.17203411414789,34.01482858026423,2.0201097056419437,1.8485839100507495,full_ed
6,12.0,2.0,0.25,365,32.17203411414789,34.01482858026423,2.0201097056419424,1.8485839100507482,full_ed
6,12.0,2.0,0.25,366,32.399724074975275,34.24251854109161,1.9774343665354346,1.8059085709442404,full_ed
6,12.0,2.0,0.25,367,32.500503002905184,34.34329746902152,2.9421986228141974,2.7706728272230032,full_ed
6,12.0,2.0,0.25,368,32.500837634071104,34.34363210018744,2.9421995229068796,2.7706737273156854,full_ed
6,12.0,2.0,0.25,369,32.50083763407111,34.34363210018745,2.942199522906875,2.770673727315681,full_ed
6,12.0,2.0,0.25,370,32.61699030273597,34.45978476885231,1.9734584216236555,1.8019326260324613,full_ed
6,12.0,2.0,0.25,371,32.61699030273598,34.459784768852316,1.9734584216236553,1.8019326260324608,full_ed
6,12.0,2.0,0.25,372,32.69297710385019,34.53577156996653,2.839777105018234,2.6682513094270397,full_ed
6,12.0,2.0,0.25,373,32.69441831071754,34.537212776833876,2.8680379746277085,2.6965121790365143,full_ed
6,12.0,2.0,0.25,374,32.69441831071755,34.53721277683389,2.8680379746277,2.696512179036506,full_ed
6,12.0,2.0,0.25,375,32.858744624486434,34.70153909060277,2.15589026488633,1.9843644692951359,full_ed
6,12.0,2.0,0.25,376,32.86805764382129,34.710852109937626,2.033578248750871,1.8620524531596767,full_ed
6,12.0,2.0,0.25,377,32.868057643821324,34.71085210993766,2.0335782487508705,1.8620524531596763,full_ed
6,12.0,2.0,0.25,378,32.97548505695726,34.8182795230736,2.6778637144749076,2.5063379188837134,full_ed
6,12.0,2.0,0.25,379,32.97548505695728,34.81827952307362,2.6778637144748885,2.5063379188836943,full_ed
6,12.0,2.0,0.25,380,33.00456534041007,34.847359806526406,2.6358876793885995,2.4643618837974053,full_ed
6,12.0,2.0,0.25,381,33.094604730427925,34.93739919654426,1.9844810685438716,1.8129552729526774,full_ed
6,12.0,2.0,0.25,382,33.09460473042796,34.9373991965443,1.9844810685438639,1.8129552729526694,full_ed
6,12.0,2.0,0.25,383,33.23873618922869,35.08153065534503,1.9810338727149646,1.8095080771237702,full_ed
6,12.0,2.0,0.25,384,33.27064149197039,35.113435958086725,1.9783858761643445,1.8068600805731503,full_ed
6,12.0,2.0,0.25,385,33.2706414919704,35.11343595808674,1.978385876164348,1.8068600805731538,full_ed
6,12.0,2.0,0.25,386,33.32875776192313,35.17155222803947,2.211860835681418,2.040335040090224,full_ed
6,12.0,2.0,0.25,387,33.32875776192313,35.17155222803947,2.211860835681427,2.0403350400902327,full_ed
6,12.0,2.0,0.25,388,33.333445843707246,35.176240309823584,1.9768543610043456,1.8053285654131512,full_ed
6,12.0,2.0,0.25,389,33.36366380321851,35.206458269334846,2.164731042433839,1.9932052468426447,full_ed
6,12.0,2.0,0.25,390,40.270686600166876,42.113481066283214,2.98270843150102,2.8111826359098258,full_ed
6,12.0,2.0,0.25,391,40.27080140356173,42.113595869678065,2.9826841322314888,2.8111583366402946,full_ed
6,12.0,2.0,0.25,392,40.27080140356176,42.1135958696781,2.9826841322314928,2.8111583366402986,full_ed
6,12.0,2.0,0.25,393,40.47944663612574,42.32224110224208,2.9612238865057696,2.7896980909145754,full_ed
6,12.0,2.0,0.25,394,40.47944663612576,42.322241102242096,2.961223886505772,2.7896980909145777,full_ed
6,12.0,2.0,0.25,395,40.479685701360566,42.322480167476904,2.9611534238909267,2.7896276282997325,full_ed
6,12.0,2.0,0.25,396,40.82646419910377,42.669258665220106,2.9307676763830224,2.759241880791828,full_ed
6,12.0,2.0,0.25,397,40.82646419910377,42.669258665220106,2.9307676763830175,2.7592418807918233,full_ed
6,12.0,2.0,0.25,398,40.82737380928129,42.67016827539763,2.9305115425126957,2.7589857469215016,full_ed
6,12.0,2.0,0.25,399,48.80207446049771,50.644868926614045,2.9503392250340155,2.7788134294428213,full_ed
6,12.0,2.0,0.5,0,-2.4140861639456417,0.0,0.21452527246434386,0.0,full_ed
6,12.0,2.0,0.5,1,-1.680065426954591,0.7340207369910507,0.1492563641750334,-0.06526890828931045,full_ed
6,12.0,2.0,0.5,2,-1.6108336290687326,0.8032525348769091,0.14337925956689784,-0.07114601289744601,full_ed
6,12.0,2.0,0.5,3,-1.6108336290687202,0.8032525348769215,0.14337925956689818,-0.07114601289744568,full_ed
6,12.0,2.0,0.5,4,-0.9566337142836374,1.4574524496620043,0.08730948737052452,-0.12721578509381934,full_ed
6,12.0,2.0,0.5,5,-0.9025445102868744,1.5115416536587674,0.08168751678784958,-0.13283775567649428,full_ed
6,12.0,2.0,0.5,6,-0.9025445102868661,1.5115416536587756,0.08168751678784948,-0.13283775567649436,full_ed
6,12.0,2.0,0.5,7,-0.8778419119327107,1.536244252012931,0.07984799549278906,-0.1346772769715548,full_ed
6,12.0,2.0,0.5,8,-0.877841911932691,1.5362442520129507,0.07984799549278879,-0.13467727697155507,full_ed
6,12.0,2.0,0.5,9,-0.8713025303829952,1.5427836335626464,0.07774587311620179,-0.13677939934814207,full_ed
6,12.0,2.0,0.5,10,-0.826711567581196,1.5873745963644457,0.07466410508105589,-0.13986116738328797,full_ed
6,12.0,2.0,0.5,11,-0.8073783130394158,1.606707850906226,0.07202971962349441,-0.14249555284084944,full_ed
6,12.0,2.0,0.5,12,-0.8073783130394058,1.6067078509062358,0.07202971962349458,-0.14249555284084928,full_ed
6,12.0,2.0,0.5,13,-0.12945050917510106,2.2846356547705406,0.014352615256151972,-0.20017265720819188,full_ed
6,12.0,2.0,0.5,14,-0.11930027786605765,2.294785886079584,0.013225676402498134,-0.20129959606184572,full_ed
6,12.0,2.0,0.5,15,-0.11401732761077876,2.300068836334863,0.012628146411177398,-0.20189712605316645,full_ed
6,12.0,2.0,0.5,16,-0.11401732761077582,2.300068836334866,0.012628146411177387,-0.20189712605316648,full_ed
6,12.0,2.0,0.5,17,-0.07031853283810174,2.34376763110754,0.007758024086254329,-0.20676724837808952,full_ed
6,12.0,2.0,0.5,18,-0.07031853283808118,2.3437676311075606,0.007758024086254345,-0.20676724837808952,full_ed
6,12.0,2.0,0.5,19,-2.3507557154382828e-15,2.4140861639456395,3.388082659737674e-29,-0.21452527246434386,full_ed
6,12.0,2.0,0.5,20,5.6201137040974105,8.034199868043052,1.0846300178527755,0.8701047453884316,full_ed
6,12.0,2.0,0.5,21,5.778768495898365,8.192854659844008,1.0791561103865464,0.8646308379222025,full_ed
6,12.0,2.0,0.5,22,5.86771565884395,8.28180182278959,1.0825910944582684,0.8680658219939246,full_ed
6,12.0,2.0,0.5,23,5.867715658843958,8.2818018227896,1.082591094458265,0.8680658219939212,full_ed
6,12.0,2.0,0.5,24,5.9413390452270844,8.355425209172726,1.0699581693630458,0.8554328968987019,full_ed
6,12.0,2.0,0.5,25,5.941339045227096,8.355425209172738,1.0699581693630469,0.855432896898703,full_ed
6,12.0,2.0,0.5,26,6.142651076948608,8.55673724089425,1.063950803409638,0.8494255309452943,full_ed
6,12.0,2.0,0.5,27,6.190364504007758,8.6044506679534,1.0573783642842092,0.8428530918198653,full_ed
6,12.0,2.0,0.5,28,6.19036450400777,8.604450667953412,1.0573783642842118,0.842853091819868,full_ed
6,12.0,2.0,0.5,29,6.299904424766432,8.713990588712074,1.0569399252984266,0.8424146528340828,full_ed
6,12.0,2.0,0.5,30,6.299904424766458,8.7139905887121,1.0569399252984253,0.8424146528340815,full_ed
6,12.0,2.0,0.5,31,6.449249324925164,8.863335488870806,1.0497111919283895,0.8351859194640456,full_ed
6,12.0,2.0,0.5,32,6.659989505618807,9.074075669564449,1.0063652362533366,0.7918399637889928,full_ed
6,12.0,2.0,0.5,33,6.6599895056188165,9.074075669564458,1.0063652362533353,0.7918399637889915,full_ed
6,12.0,2.0,0.5,34,6.680935612483011,9.095021776428652,0.9938264316124192,0.7793011591480754,full_ed
6,12.0,2.0,0.5,35,6.703702669667545,9.117788833613186,1.0170120176767028,0.802486745212359,full_ed
6,12.0,2.0,0.5,36,6.752857006136655,9.166943170082297,1.0252109018477975,0.8106856293834537,full_ed
6,12.0,2.0,0.5,37,6.79857469210165,9.212660856047291,0.9987447042883117,0.7842194318239679,full_ed
6,12.0,2.0,0.5,38,6.798574692101652,9.212660856047293,0.9987447042883129,0.784219431823969,full_ed
6,12.0,2.0,0.5,39,6.808588546860443,9.222674710806084,1.0108440250641946,0.7963187525998507,full_ed
6,12.0,2.0,0.5,40,6.808588546860445,9.222674710806087,1.0108440250641952,0.7963187525998514,full_ed
6,12.0,2.0,0.5,41,6.84726274934336,9.261348913289002,1.0379567524203992,0.8234314799560554,full_ed
6,12.0,2.0,0.5,42,6.847262749343363,9.261348913289005,1.0379567524204059,0.823431479956062,full_ed
6,12.0,2.0,0.5,43,6.903565645890324,9.317651809835965,1.0010925857718216,0.7865673133074778,full_ed
6,12.0,2.0,0.5,44,6.903658442107368,9.31774460605301,1.0387343898481427,0.8242091173837989,full_ed
6,12.0,2.0,0.5,45,6.903658442107372,9.317744606053013,1.0387343898481363,0.8242091173837924,full_ed
6,12.0,2.0,0.5,46,6.966659067259263,9.380745231204905,1.002084298272254,0.7875590258079102,full_ed
6,12.0,2.0,0.5,47,7.052677640136309,9.466763804081952,1.0116418391056663,0.7971165666413225,full_ed
6,12.0,2.0,0.5,48,7.052677640136313,9.466763804081955,1.011641839105668,0.7971165666413242,full_ed
6,12.0,2.0,0.5,49,7.076470528630835,9.490556692576476,1.007391407335751,0.7928661348714072,full_ed
6,12.0,2.0,0.5,50,7.0764705286308445,9.490556692576487,1.0073914073357542,0.7928661348714103,full_ed
6,12.0,2.0,0.5,51,7.12603517933812,9.540121343283761,1.019835138845116,0.8053098663807721,full_ed
6,12.0,2.0,0.5,52,7.158865176654748,9.57295134060039,0.9937448695012436,0.7792195970368998,full_ed
6,12.0,2.0,0.5,53,7.158865176654761,9.572951340600403,0.993744869501245,0.7792195970369011,full_ed
6,12.0,2.0,0.5,54,7.1841707865897195,9.598256950535362,0.9912569962256792,0.7767317237613354,full_ed
6,12.0,2.0,0.5,55,7.204168476687283,9.618254640632925,1.0000000000000004,0.7854747275356566,full_ed
6,12.0,2.0,0.5,56,7.210007769051401,9.624093932997043,0.9923982133429404,0.7778729408785966,full_ed
6,12.0,2.0,0.5,57,7.210007769051405,9.624093932997047,0.9923982133429406,0.7778729408785968,full_ed
6,12.0,2.0,0.5,58,7.3899368884693315,9.804023052414973,1.0187058240874436,0.8041805516230998,full_ed
6,12.0,2.0,0.5,59,7.590149641921671,10.004235805867312,1.0180131930944705,0.8034879206301266,full_ed
6,12.0,2.0,0.5,60,7.596551808779655,10.010637972725297,1.0197967431470947,0.8052714706827508,full_ed
6,12.0,2.0,0.5,61,7.596551808779669,10.010637972725311,1.0197967431470958,0.805271470682752,full_ed
6,12.0,2.0,0.5,62,7.779746316636956,10.193832480582598,1.0086990942063276,0.7941738217419838,full_ed
6,12.0,2.0,0.5,63,7.817610840431389,10.23169700437703,1.0026647722808693,0.7881394998165254,full_ed
6,12.0,2.0,0.5,64,7.8176108404313895,10.23169700437703,1.0026647722808688,0.788139499816525,full_ed
6,12.0,2.0,0.5,65,8.316759113748574,10.730845277694216,0.9541924733196123,0.7396672008552685,full_ed
6,12.0,2.0,0.5,66,8.318680683006635,10.732766846952277,0.9570158204157656,0.7424905479514218,full_ed
6,12.0,2.0,0.5,67,8.318680683006642,10.732766846952284,0.9570158204157654,0.7424905479514216,full_ed
6,12.0,2.0,0.5,68,8.391230490449075,10.805316654394717,0.9486321683297367,0.7341068958653929,full_ed
6,12.0,2.0,0.5,69,8.391230490449075,10.805316654394717,0.9486321683297367,0.7341068958653929,full_ed
6,12.0,2.0,0.5,70,8.395870959688676,10.809957123634318,0.9566191736172432,0.7420939011528994,full_ed
6,12.0,2.0,0.5,71,8.401825224257486,10.815911388203128,0.9536064279931503,0.7390811555288065,full_ed
6,12.0,2.0,0.5,72,8.401825224257497,10.815911388203139,0.9536064279931511,0.7390811555288073,full_ed
6,12.0,2.0,0.5,73,8.490989380847731,10.905075544793373,0.947782967503967,0.7332576950396231,full_ed
6,12.0,2.0,0.5,74,10.916670939990132,13.330757103935774,1.0798483667381973,0.8653230942738535,full_ed
6,12.0,2.0,0.5,75,10.916670939990137,13.33075710393578,1.0798483667381957,0.8653230942738519,full_ed
6,12.0,2.0,0.5,76,10.972998477887527,13.38708464183317,1.0751810551113037,0.8606557826469599,full_ed
6,12.0,2.0,0.5,77,10.97299847788753,13.387084641833171,1.075181055111305,0.8606557826469612,full_ed
6,12.0,2.0,0.5,78,10.976085024638975,13.390171188584617,1.0758618099019124,0.8613365374375686,full_ed
6,12.0,2.0,0.5,79,10.976085024638987,13.39017118858463,1.0758618099019122,0.8613365374375683,full_ed
6,12.0,2.0,0.5,80,11.00294494969581,13.417031113641452,1.0894045199749602,0.8748792475106164,full_ed
6,12.0,2.0,0.5,81,11.005223090387107,13.419309254332749,1.0749960889109302,0.8604708164465864,full_ed
6,12.0,2.0,0.5,82,11.005223090387108,13.41930925433275,1.0749960889109285,0.8604708164465846,full_ed
6,12.0,2.0,0.5,83,11.023665004800813,13.437751168746455,1.0768883273715237,0.8623630549071799,full_ed
6,12.0,2.0,0.5,84,11.040121172604682,13.454207336550324,1.0763241572748594,0.8617988848105156,full_ed
6,12.0,2.0,0.5,85,11.055273572827065,13.469359736772708,1.0814557448843363,0.8669304724199924,full_ed
6,12.0,2.0,0.5,86,11.230906705723305,13.644992869668947,1.0604982105559038,0.8459729380915599,full_ed
6,12.0,2.0,0.5,87,11.241641146985693,13.655727310931335,1.056202498966306,0.8416772265019621,full_ed
6,12.0,2.0,0.5,88,11.250337904652339,13.664424068597981,1.0620742030622219,0.8475489305978781,full_ed
6,12.0,2.0,0.5,89,11.25033790465235,13.664424068597992,1.062074203062222,0.8475489305978783,full_ed
6,12.0,2.0,0.5,90,11.261555440911938,13.67564160485758,1.0685519951712492,0.8540267227069054,full_ed
6,12.0,2.0,0.5,91,11.2877503894504,13.701836553396042,1.0609388131813222,0.8464135407169784,full_ed
6,12.0,2.0,0.5,92,11.287750389450418,13.70183655339606,1.060938813181322,0.8464135407169782,full_ed
6,12.0,2.0,0.5,93,11.306979822698235,13.721065986643877,1.0634058673098696,0.8488805948455258,full_ed
6,12.0,2.0,0.5,94,11.31044925404513,13.724535417990772,1.0632242495571085,0.8486989770927647,full_ed
6,12.0,2.0,0.5,95,11.310449254045135,13.724535417990777,1.063224249557109,0.8486989770927651,full_ed
6,12.0,2.0,0.5,96,11.322779339382919,13.736865503328561,1.062712489045321,0.8481872165809772,full_ed
6,12.0,2.0,0.5,97,11.32277933938292,13.736865503328563,1.0627124890453228,0.848187216580979,full_ed
6,12.0,2.0,0.5,98,11.715314317109174,14.129400481054816,1.0157760407788996,0.8012507683145558,full_ed
6,12.0,2.0,0.5,99,11.733866865405489,14.14795302935113,0.9994428173344949,0.7849175448701511,full_ed
6,12.0,2.0,0.5,100,11.733866865405489,14.14795302935113,0.9994428173344961,0.7849175448701523,full_ed
6,12.0,2.0,0.5,101,11.756034098319004,14.170120262264646,1.0069948244619402,0.7924695519975964,full_ed
6,12.0,2.0,0.5,102,11.758683048196625,14.172769212142267,1.0077874629738823,0.7932621905095385,full_ed
6,12.0,2.0,0.5,103,11.75868304819663,14.172769212142272,1.0077874629738839,0.79326219050954,full_ed
6,12.0,2.0,0.5,104,11.769258205722249,14.183344369667891,0.9994662499430599,0.784940977478716,full_ed
6,12.0,2.0,0.5,105,11.769258205722252,14.183344369667894,0.9994662499430578,0.7849409774787139,full_ed
6,12.0,2.0,0.5,106,11.77995998600737,14.194046149953012,1.0078183556754539,0.79329308321111,full_ed
6,12.0,2.0,0.5,107,11.779959986007375,14.194046149953017,1.0078183556754525,0.7932930832111087,full_ed
6,12.0,2.0,0.5,108,11.80696185240116,14.221048016346803,1.0074583406750817,0.7929330682107378,full_ed
6,12.0,2.0,0.5,109,11.838594221447082,14.252680385392724,1.0049471403744814,0.7904218679101376,full_ed
6,12.0,2.0,0.5,110,11.842746469028814,14.256832632974456,1.02023389371753,0.8057086212531861,full_ed
6,12.0,2.0,0.5,111,11.842746469028818,14.25683263297446,1.0202338937175301,0.8057086212531863,full_ed
6,12.0,2.0,0.5,112,11.893534326272793,14.307620490218435,1.0154118714037024,0.8008865989393585,full_ed
6,12.0,2.0,0.5,113,11.893534326272796,14.307620490218438,1.015411871403703,0.8008865989393592,full_ed
6,12.0,2.0,0.5,114,11.899416509914838,14.31350267386048,1.0150438507459023,0.8005185782815585,full_ed
6,12.0,2.0,0.5,115,11.923897282053193,14.337983445998836,1.0090992253641629,0.794573952899819,full_ed
6,12.0,2.0,0.5,116,11.9238972820532,14.337983445998843,1.0090992253641617,0.7945739528998179,full_ed
6,12.0,2.0,0.5,117,11.930692189018348,14.34477835296399,1.008690825143749,0.7941655526794051,full_ed
6,12.0,2.0,0.5,118,11.93264636331125,14.346732527256892,1.0080601167819054,0.7935348443175616,full_ed
6,12.0,2.0,0.5,119,11.947262154458492,14.361348318404135,1.0079164044605284,0.7933911319961846,full_ed
6,12.0,2.0,0.5,120,11.947262154458492,14.361348318404135,1.007916404460528,0.7933911319961842,full_ed
6,12.0,2.0,0.5,121,11.964707892509391,14.378794056455034,1.002607784611363,0.7880825121470192,full_ed
6,12.0,2.0,0.5,122,11.999999999999993,14.414086163945635,0.9999999999999996,0.7854747275356557,full_ed
6,12.0,2.0,0.5,123,11.999999999999996,14.414086163945639,1.000000000000001,0.7854747275356573,full_ed
6,12.0,2.0,0.5,124,12.0,14.414086163945642,1.0000000000000024,0.7854747275356586,full_ed
6,12.0,2.0,0.5,125,12.000000000000009,14.414086163945651,1.0000000000000007,0.7854747275356568,full_ed
6,12.0,2.0,0.5,126,12.033309912115255,14.447396076060897,1.0089218170543326,0.7943965445899888,full_ed
6,12.0,2.0,0.5,127,12.033309912115257,14.4473960760609,1.008921817054332,0.7943965445899881,full_ed
6,12.0,2.0,0.5,128,12.062751806425439,14.476837970371081,1.0045062442035537,0.7899809717392099,full_ed
6,12.0,2.0,0.5,129,12.06275180642544,14.476837970371083,1.0045062442035544,0.7899809717392106,full_ed
6,12.0,2.0,0.5,130,12.112924019766137,14.527010183711779,1.010769446057067,0.7962441735927233,full_ed
6,12.0,2.0,0.5,131,12.112924019766139,14.52701018371178,1.010769446057066,0.7962441735927221,full_ed
6,12.0,2.0,0.5,132,12.138326273325237,14.55241243727088,1.005054737937992,0.7905294654736481,full_ed
6,12.0,2.0,0.5,133,12.138326273325239,14.552412437270881,1.0050547379379935,0.7905294654736497,full_ed
6,12.0,2.0,0.5,134,12.162720585511916,14.576806749457559,1.0042073162318645,0.7896820437675207,full_ed
6,12.0,2.0,0.5,135,12.162720585511925,14.576806749457567,1.004207316231864,0.7896820437675203,full_ed
6,12.0,2.0,0.5,136,12.162981671953798,14.57706783589944,1.006238864842938,0.7917135923785941,full_ed
6,12.0,2.0,0.5,137,12.162981671953803,14.577067835899445,1.0062388648429375,0.7917135923785936,full_ed
6,12.0,2.0,0.5,138,12.165397048037045,14.579483211982687,1.0115647839835074,0.7970395115191635,full_ed
6,12.0,2.0,0.5,139,12.177207194548824,14.591293358494466,1.0044993988930797,0.7899741264287359,full_ed
6,12.0,2.0,0.5,140,12.206650163368668,14.62073632731431,1.0052090550121493,0.7906837825478055,full_ed
6,12.0,2.0,0.5,141,12.24317130281385,14.657257466759493,0.9994987252024148,0.784973452738071,full_ed
6,12.0,2.0,0.5,142,12.243171302813865,14.657257466759507,0.9994987252024146,0.7849734527380707,full_ed
6,12.0,2.0,0.5,143,12.249999719493502,14.664085883439144,1.0024073087634808,0.787882036299137,full_ed
6,12.0,2.0,0.5,144,12.279139070332006,14.693225234277648,0.9994753308996485,0.7849500584353046,full_ed
6,12.0,2.0,0.5,145,12.279139070332015,14.693225234277657,0.9994753308996491,0.7849500584353053,full_ed
6,12.0,2.0,0.5,146,14.804500864436685,17.218587028382327,1.1225092458986048,0.907983973434261,full_ed
6,12.0,2.0,0.5,147,14.825056782466252,17.239142946411892,1.1237159956391516,0.9091907231748078,full_ed
6,12.0,2.0,0.5,148,14.825056782466257,17.2391429464119,1.1237159956391516,0.9091907231748078,full_ed
6,12.0,2.0,0.5,149,15.129037648357519,17.54312381230316,1.9582934910803593,1.7437682186160155,full_ed
6,12.0,2.0,0.5,150,15.365149857429245,17.779236021374885,1.92527724618652,1.7107519737221761,full_ed
6,12.0,2.0,0.5,151,15.397570125296891,17.81165628924253,1.9362732364681534,1.7217479640038096,full_ed
6,12.0,2.0,0.5,152,15.397570125296898,17.81165628924254,1.9362732364681499,1.721747964003806,full_ed
6,12.0,2.0,0.5,153,15.405605383418477,17.81969154736412,1.9411427253292066,1.7266174528648628,full_ed
6,12.0,2.0,0.5,154,15.405605383418482,17.819691547364123,1.9411427253292084,1.7266174528648646,full_ed
6,12.0,2.0,0.5,155,15.474242534421474,17.888328698367115,1.1299437375496295,0.9154184650852857,full_ed
6,12.0,2.0,0.5,156,15.48289286620153,17.896979030147172,1.934285624815045,1.7197603523507012,full_ed
6,12.0,2.0,0.5,157,15.48289286620154,17.896979030147182,1.934285624815046,1.7197603523507021,full_ed
6,12.0,2.0,0.5,158,15.52457128668079,17.93865745062643,1.103606333853182,0.8890810613888382,full_ed
6,12.0,2.0,0.5,159,15.524571286680796,17.938657450626437,1.1036063338531794,0.8890810613888356,full_ed
6,12.0,2.0,0.5,160,15.576088798400987,17.99017496234663,1.13927698084574,0.9247517083813961,full_ed
6,12.0,2.0,0.5,161,15.576088798400992,17.990174962346632,1.1392769808457368,0.924751708381393,full_ed
6,12.0,2.0,0.5,162,15.592939859699865,18.007026023645505,1.9197427420701432,1.7052174696057993,full_ed
6,12.0,2.0,0.5,163,15.621541493435313,18.035627657380953,1.8677575147267862,1.6532322422624424,full_ed
6,12.0,2.0,0.5,164,15.626728304008015,18.040814467953656,1.0518745190618826,0.8373492465975387,full_ed
6,12.0,2.0,0.5,165,15.655863762066037,18.069949926011677,1.7949124085305992,1.5803871360662554,full_ed
6,12.0,2.0,0.5,166,15.655863762066048,18.069949926011688,1.794912408530592,1.5803871360662483,full_ed
6,12.0,2.0,0.5,167,16.057554486772606,18.471640650718246,1.0940450206996302,0.8795197482352863,full_ed
6,12.0,2.0,0.5,168,16.078336359320673,18.492422523266313,1.346388957800876,1.1318636853365323,full_ed
6,12.0,2.0,0.5,169,16.07833635932069,18.49242252326633,1.3463889578008859,1.131863685336542,full_ed
6,12.0,2.0,0.5,170,16.1475707700762,18.56165693402184,1.0526434475006918,0.838118175036348,full_ed
6,12.0,2.0,0.5,171,16.14757077007622,18.561656934021862,1.0526434475006925,0.8381181750363487,full_ed
6,12.0,2.0,0.5,172,16.164709671356384,18.578795835302024,1.0297108624426032,0.8151855899782594,full_ed
6,12.0,2.0,0.5,173,16.190395449046555,18.604481612992195,1.0665592620190458,0.852033989554702,full_ed
6,12.0,2.0,0.5,174,16.216319426707308,18.63040559065295,1.1198864977036267,0.9053612252392829,full_ed
6,12.0,2.0,0.5,175,16.216319426707315,18.630405590652956,1.1198864977036163,0.9053612252392724,full_ed
6,12.0,2.0,0.5,176,16.258999085546673,18.673085249492313,1.0120903637030625,0.7975650912387187,full_ed
6,12.0,2.0,0.5,177,16.25899908554668,18.67308524949232,1.0120903637030665,0.7975650912387227,full_ed
6,12.0,2.0,0.5,178,16.264450618563327,18.678536782508967,0.9841817525278875,0.7696564800635437,full_ed
6,12.0,2.0,0.5,179,16.2720598754317,18.68614603937734,1.1445511822177568,0.9300259097534129,full_ed
6,12.0,2.0,0.5,180,16.293808747662354,18.707894911607994,0.9963292974932343,0.7818040250288905,full_ed
6,12.0,2.0,0.5,181,16.293808747662354,18.707894911607994,0.9963292974932341,0.7818040250288902,full_ed
6,12.0,2.0,0.5,182,16.34242252606441,18.75650869001005,1.025741366287821,0.8112160938234771,full_ed
6,12.0,2.0,0.5,183,16.35493823153213,18.76902439547777,0.9843509069633425,0.7698256344989987,full_ed
6,12.0,2.0,0.5,184,16.354938231532135,18.769024395477775,0.9843509069633432,0.7698256344989993,full_ed
6,12.0,2.0,0.5,185,16.363190394299004,18.777276558244644,1.0665702124480845,0.8520449399837406,full_ed
6,12.0,2.0,0.5,186,16.36319039429901,18.77727655824465,1.0665702124480854,0.8520449399837415,full_ed
6,12.0,2.0,0.5,187,16.370327654803557,18.784413818749197,1.0373841532716077,0.8228588808072639,full_ed
6,12.0,2.0,0.5,188,16.38131794809977,18.79540411204541,1.6351169480073406,1.4205916755429968,full_ed
6,12.0,2.0,0.5,189,16.381317948099777,18.795404112045418,1.635116948007342,1.4205916755429981,full_ed
6,12.0,2.0,0.5,190,16.579092125629682,18.993178289575322,1.8166133416078278,1.602088069143484,full_ed
6,12.0,2.0,0.5,191,16.722433550529168,19.136519714474808,1.1533995955523464,0.9388743230880026,full_ed
6,12.0,2.0,0.5,192,16.72243355052918,19.13651971447482,1.1533995955523446,0.9388743230880008,full_ed
6,12.0,2.0,0.5,193,16.795831523312714,19.209917687258354,1.0000000000000013,0.7854747275356575,full_ed
6,12.0,2.0,0.5,194,16.807082481738483,19.221168645684124,1.2007023523702303,0.9861770799058864,full_ed
6,12.0,2.0,0.5,195,16.835286482567614,19.249372646513255,1.2332358825059597,1.018710610041616,full_ed
6,12.0,2.0,0.5,196,16.835286482567618,19.249372646513258,1.2332358825059546,1.0187106100416108,full_ed
6,12.0,2.0,0.5,197,16.85841561012998,19.27250177407562,1.0152154277816074,0.8006901553172636,full_ed
6,12.0,2.0,0.5,198,16.858415610129992,19.272501774075632,1.0152154277816074,0.8006901553172636,full_ed
6,12.0,2.0,0.5,199,16.89426966589458,19.30835582984022,1.0132192292904907,0.7986939568261469,full_ed
6,12.0,2.0,0.5,200,16.93350947511076,19.3475956390564,0.9971148625274661,0.7825895900631222,full_ed
6,12.0,2.0,0.5,201,16.933509475110768,19.347595639056408,0.9971148625274673,0.7825895900631235,full_ed
6,12.0,2.0,0.5,202,16.935819336738575,19.349905500684216,1.00861467320016,0.7940894007358161,full_ed
6,12.0,2.0,0.5,203,17.026000557928462,19.440086721874103,1.4116727802054378,1.197147507741094,full_ed
6,12.0,2.0,0.5,204,17.034981564916485,19.449067728862126,1.4807848451663885,1.2662595727020447,full_ed
6,12.0,2.0,0.5,205,17.034981564916485,19.449067728862126,1.4807848451663856,1.2662595727020418,full_ed
6,12.0,2.0,0.5,206,17.03555096951819,19.44963713346383,1.0103564662484905,0.7958311937841467,full_ed
6,12.0,2.0,0.5,207,17.10485884822703,19.51894501217267,1.0142254704494977,0.7997001979851539,full_ed
6,12.0,2.0,0.5,208,17.104858848227035,19.518945012172676,1.014225470449498,0.7997001979851541,full_ed
6,12.0,2.0,0.5,209,17.151538936276857,19.565625100222498,1.0170107655470613,0.8024854930827174,full_ed
6,12.0,2.0,0.5,210,17.151538936276857,19.565625100222498,1.0170107655470626,0.8024854930827188,full_ed
6,12.0,2.0,0.5,211,17.197022620823038,19.61110878476868,1.2999641547106853,1.0854388822463414,full_ed
6,12.0,2.0,0.5,212,17.215143335755524,19.629229499701164,0.9997416213005271,0.7852163488361833,full_ed
6,12.0,2.0,0.5,213,17.215143335755535,19.629229499701175,0.9997416213005279,0.7852163488361841,full_ed
6,12.0,2.0,0.5,214,17.219365972098434,19.633452136044074,1.019888125796604,0.8053628533322601,full_ed
6,12.0,2.0,0.5,215,17.284994966464367,19.699081130410008,1.0460185692398276,0.8314932967754838,full_ed
6,12.0,2.0,0.5,216,17.28499496646439,19.69908113041003,1.0460185692398265,0.8314932967754827,full_ed
6,12.0,2.0,0.5,217,17.434926918488955,19.849013082434595,0.9964629752395271,0.7819377027751833,full_ed
6,12.0,2.0,0.5,218,19.035730278106264,21.449816442051905,1.9920888570628597,1.7775635845985158,full_ed
6,12.0,2.0,0.5,219,19.035730278106268,21.449816442051908,1.9920888570628594,1.7775635845985156,full_ed
6,12.0,2.0,0.5,220,19.040257124012527,21.454343287958167,1.9916335256828595,1.7771082532185156,full_ed
6,12.0,2.0,0.5,221,19.04274344091569,21.45682960486133,1.9917671725517705,1.7772419000874267,full_ed
6,12.0,2.0,0.5,222,19.043252660084235,21.457338824029875,1.9924621465060555,1.7779368740417116,full_ed
6,12.0,2.0,0.5,223,19.043252660084242,21.457338824029883,1.9924621465060546,1.7779368740417107,full_ed
6,12.0,2.0,0.5,224,19.043289638139356,21.457375802084997,1.9920655341904712,1.7775402617261273,full_ed
6,12.0,2.0,0.5,225,19.04431520245832,21.45840136640396,1.9912072544249386,1.7766819819605948,full_ed
6,12.0,2.0,0.5,226,19.044315202458332,21.458401366403972,1.9912072544249413,1.7766819819605975,full_ed
6,12.0,2.0,0.5,227,19.06125975127685,21.47534591522249,1.9917207766198954,1.7771955041555516,full_ed
6,12.0,2.0,0.5,228,19.06466772040682,21.47875388435246,1.9913974676986568,1.776872195234313,full_ed
6,12.0,2.0,0.5,229,19.06466772040683,21.47875388435247,1.9913974676986574,1.7768721952343136,full_ed
6,12.0,2.0,0.5,230,20.32486775703039,22.73895392097603,1.9552463572220244,1.7407210847576806,full_ed
6,12.0,2.0,0.5,231,20.333412532713236,22.747498696658877,1.9554932497476412,1.7409679772832973,full_ed
6,12.0,2.0,0.5,232,20.333412532713243,22.747498696658884,1.955493249747641,1.740967977283297,full_ed
6,12.0,2.0,0.5,233,20.358231616469148,22.772317780414788,1.9528438501300083,1.7383185776656644,full_ed
6,12.0,2.0,0.5,234,20.36002833369099,22.77411449763663,1.952282854745155,1.7377575822808111,full_ed
6,12.0,2.0,0.5,235,20.360028333690998,22.77411449763664,1.9522828547451565,1.7377575822808127,full_ed
6,12.0,2.0,0.5,236,20.37684609012729,22.79093225407293,1.9505436281390256,1.7360183556746818,full_ed
6,12.0,2.0,0.5,237,20.376846090127295,22.790932254072935,1.9505436281390307,1.7360183556746869,full_ed
6,12.0,2.0,0.5,238,20.376907962440903,22.790994126386543,1.9507733573560984,1.7362480848917545,full_ed
6,12.0,2.0,0.5,239,20.387036531771475,22.801122695717115,1.9507102243605927,1.7361849518962489,full_ed
6,12.0,2.0,0.5,240,20.395842505228178,22.809928669173818,1.9510228112283192,1.7364975387639754,full_ed
6,12.0,2.0,0.5,241,20.3958425052282,22.80992866917384,1.9510228112283197,1.7364975387639758,full_ed
6,12.0,2.0,0.5,242,20.479343273285522,22.893429437231163,1.944137203559917,1.729611931095573,full_ed
6,12.0,2.0,0.5,243,20.532100001340552,22.946186165286193,1.9411803486508572,1.7266550761865134,full_ed
6,12.0,2.0,0.5,244,20.53210000134056,22.9461861652862,1.9411803486508594,1.7266550761865156,full_ed
6,12.0,2.0,0.5,245,20.54744127065461,22.96152743460025,1.9350945676103712,1.7205692951460274,full_ed
6,12.0,2.0,0.5,246,20.568213972819166,22.982300136764806,1.9328676073966793,1.7183423349323355,full_ed
6,12.0,2.0,0.5,247,20.56821397281918,22.98230013676482,1.9328676073966793,1.7183423349323355,full_ed
6,12.0,2.0,0.5,248,20.576242931971805,22.990329095917446,1.9407187777772084,1.7261935053128645,full_ed
6,12.0,2.0,0.5,249,20.589916350616747,23.004002514562387,1.9340670608525485,1.7195417883882047,full_ed
6,12.0,2.0,0.5,250,20.59526540355367,23.009351567499312,1.9342885889885635,1.7197633165242197,full_ed
6,12.0,2.0,0.5,251,20.595265403553697,23.009351567499337,1.9342885889885686,1.7197633165242248,full_ed
6,12.0,2.0,0.5,252,20.61964094680258,23.03372711074822,1.9278507375395086,1.7133254650751648,full_ed
6,12.0,2.0,0.5,253,20.619640946802594,23.033727110748234,1.92785073753951,1.7133254650751661,full_ed
6,12.0,2.0,0.5,254,22.97570058959384,25.38978675353948,2.045516370270663,1.8309910978063193,full_ed
6,12.0,2.0,0.5,255,22.991180538946338,25.40526670289198,2.0469649083990933,1.8324396359347495,full_ed
6,12.0,2.0,0.5,256,22.991180538946352,25.405266702891993,2.0469649083990946,1.8324396359347508,full_ed
6,12.0,2.0,0.5,257,23.066621853810645,25.480708017756285,2.0107497024303234,1.7962244299659795,full_ed
6,12.0,2.0,0.5,258,23.069244350660707,25.483330514606347,2.0105252146172123,1.7959999421528685,full_ed
6,12.0,2.0,0.5,259,23.06924435066071,25.48333051460635,2.01052521461721,1.7959999421528663,full_ed
6,12.0,2.0,0.5,260,23.193821537425183,25.607907701370824,1.9829164777596064,1.7683912052952626,full_ed
6,12.0,2.0,0.5,261,23.201691894336367,25.615778058282007,1.9825427178961053,1.7680174454317614,full_ed
6,12.0,2.0,0.5,262,23.20169189433638,25.61577805828202,1.9825427178961057,1.7680174454317619,full_ed
6,12.0,2.0,0.5,263,23.314553594117207,25.728639758062847,2.0518310075850428,1.837305735120699,full_ed
6,12.0,2.0,0.5,264,23.314553594117235,25.728639758062876,2.051831007585041,1.8373057351206972,full_ed
6,12.0,2.0,0.5,265,23.346261775456103,25.760347939401743,2.0552942280685755,1.8407689556042317,full_ed
6,12.0,2.0,0.5,266,23.456960597067148,25.87104676101279,1.9810717960132245,1.7665465235488806,full_ed
6,12.0,2.0,0.5,267,23.460053500584213,25.874139664529853,1.9779496941417514,1.7634244216774075,full_ed
6,12.0,2.0,0.5,268,23.460053500584237,25.874139664529878,1.9779496941417478,1.763424421677404,full_ed
6,12.0,2.0,0.5,269,23.461233017639096,25.875319181584736,1.9777377425238218,1.763212470059478,full_ed
6,12.0,2.0,0.5,270,23.464827606360284,25.878913770305925,1.977783101404278,1.763257828939934,full_ed
6,12.0,2.0,0.5,271,23.464827606360288,25.878913770305928,1.9777831014042753,1.7632578289399314,full_ed
6,12.0,2.0,0.5,272,23.642172197857185,26.056258361802826,1.9940015676783749,1.779476295214031,full_ed
6,12.0,2.0,0.5,273,23.68207933980576,26.0961655037514,1.9947978003756046,1.7802725279112608,full_ed
6,12.0,2.0,0.5,274,23.682079339805764,26.096165503751404,1.9947978003756042,1.7802725279112603,full_ed
6,12.0,2.0,0.5,275,23.83902971962714,26.25311588357278,1.9951340020264627,1.780608729562119,full_ed
6,12.0,2.0,0.5,276,23.839029719627153,26.253115883572793,1.9951340020264619,1.780608729562118,full_ed
6,12.0,2.0,0.5,277,23.987078934877708,26.40116509882335,1.998626318681294,1.7841010462169502,full_ed
6,12.0,2.0,0.5,278,23.987078934877708,26.40116509882335,1.998626318681298,1.7841010462169542,full_ed
6,12.0,2.0,0.5,279,23.997839632676484,26.411925796622125,1.9989399928434255,1.7844147203790817,full_ed
6,12.0,2.0,0.5,280,23.997839632676495,26.411925796622135,1.9989399928434222,1.7844147203790783,full_ed
6,12.0,2.0,0.5,281,24.000000000000007,26.414086163945647,2.0000000000000004,1.7854747275356566,full_ed
6,12.0,2.0,0.5,282,24.0078463660217,26.42193252996734,1.999061299935567,1.7845360274712232,full_ed
6,12.0,2.0,0.5,283,24.0078463660217,26.42193252996734,1.9990612999355646,1.7845360274712208,full_ed
6,12.0,2.0,0.5,284,24.009158401786486,26.423244565732126,1.999163983747143,1.7846387112827993,full_ed
6,12.0,2.0,0.5,285,24.011124607932356,26.425210771877996,1.9990736679140502,1.7845483954497063,full_ed
6,12.0,2.0,0.5,286,24.016787141550115,26.430873305495755,1.998605389358764,1.7840801168944203,full_ed
6,12.0,2.0,0.5,287,24.02036153422268,26.43444769816832,1.9990508313034412,1.7845255588390974,full_ed
6,12.0,2.0,0.5,288,24.0413062613618,26.45539242530744,1.9923627398844497,1.7778374674201058,full_ed
6,12.0,2.0,0.5,289,24.0413062613618,26.45539242530744,1.992362739884453,1.7778374674201092,full_ed
6,12.0,2.0,0.5,290,24.045976200971857,26.460062364917498,1.9952754569152265,1.7807501844508826,full_ed
6,12.0,2.0,0.5,291,24.065879717679785,26.479965881625425,1.9933114568587966,1.7787861843944528,full_ed
6,12.0,2.0,0.5,292,24.068305763048592,26.482391926994232,2.0042719768953647,1.789746704431021,full_ed
6,12.0,2.0,0.5,293,24.068305763048592,26.482391926994232,2.0042719768953647,1.789746704431021,full_ed
6,12.0,2.0,0.5,294,24.07488270229697,26.48896886624261,1.9952573624774732,1.7807320900131294,full_ed
6,12.0,2.0,0.5,295,24.074882702296986,26.488968866242626,1.9952573624774774,1.7807320900131336,full_ed
6,12.0,2.0,0.5,296,24.08946824852969,26.50355441247533,1.9899605685421826,1.7754352960778388,full_ed
6,12.0,2.0,0.5,297,24.191102947083657,26.605189111029297,1.9873280330411067,1.772802760576763,full_ed
6,12.0,2.0,0.5,298,24.20866679532326,26.6227529592689,1.9886097488558712,1.7740844763915273,full_ed
6,12.0,2.0,0.5,299,24.208666795323268,26.622752959268908,1.9886097488558727,1.7740844763915289,full_ed
6,12.0,2.0,0.5,300,24.255047538303643,26.669133702249283,1.9947063390337925,1.7801810665694486,full_ed
6,12.0,2.0,0.5,301,24.255047538303675,26.669133702249315,1.9947063390337851,1.7801810665694413,full_ed
6,12.0,2.0,0.5,302,24.27147066173706,26.6855568256827,1.9896509430470468,1.775125670582703,full_ed
6,12.0,2.0,0.5,303,24.27147066173707,26.68555682568271,1.98965094304705,1.775125670582706,full_ed
6,12.0,2.0,0.5,304,24.28731666608836,26.701402830034,1.9922750994304181,1.7777498269660743,full_ed
6,12.0,2.0,0.5,305,24.437953838537982,26.852040002483623,1.9923260814238413,1.7778008089594974,full_ed
6,12.0,2.0,0.5,306,24.437953838538014,26.852040002483655,1.99232608142384,1.777800808959496,full_ed
6,12.0,2.0,0.5,307,24.48534899557427,26.89943515951991,1.9933633381991114,1.7788380657347675,full_ed
6,12.0,2.0,0.5,308,24.70951462902184,27.12360079296748,1.9331756341550357,1.7186503616906919,full_ed
6,12.0,2.0,0.5,309,24.709514629021847,27.123600792967487,1.9331756341550363,1.7186503616906925,full_ed
6,12.0,2.0,0.5,310,24.750838002791014,27.164924166736654,1.9324354722933843,1.7179101998290405,full_ed
6,12.0,2.0,0.5,311,24.77246891747123,27.18655508141687,1.9310008147856852,1.7164755423213414,full_ed
6,12.0,2.0,0.5,312,24.820945024048587,27.235031187994228,1.9306065491741777,1.716081276709834,full_ed
6,12.0,2.0,0.5,313,24.820945024048605,27.235031187994245,1.9306065491741773,1.7160812767098335,full_ed
6,12.0,2.0,0.5,314,25.25265575240635,27.66674191635199,2.1870126840629647,1.9724874115986208,full_ed
6,12.0,2.0,0.5,315,25.402927901312196,27.817014065257837,1.9456852868254604,1.7311600143611166,full_ed
6,12.0,2.0,0.5,316,25.4029279013122,27.81701406525784,1.94568528682546,1.731160014361116,full_ed
6,12.0,2.0,0.5,317,25.408314269522556,27.822400433468196,1.9443748726848058,1.729849600220462,full_ed
6,12.0,2.0,0.5,318,25.41321222055784,27.82729838450348,1.9435795026915001,1.7290542302271563,full_ed
6,12.0,2.0,0.5,319,25.413212220557853,27.827298384503493,1.9435795026914966,1.7290542302271528,full_ed
6,12.0,2.0,0.5,320,25.44323984366567,27.85732600761131,1.9599285214999913,1.7454032490356475,full_ed
6,12.0,2.0,0.5,321,25.44323984366569,27.85732600761133,1.9599285214999949,1.745403249035651,full_ed
6,12.0,2.0,0.5,322,25.443485319646303,27.857571483591943,1.9609243369383762,1.7463990644740324,full_ed
6,12.0,2.0,0.5,323,25.576648573100634,27.990734737046274,1.9477703314145214,1.7332450589501776,full_ed
6,12.0,2.0,0.5,324,25.57664857310067,27.99073473704631,1.9477703314145278,1.733245058950184,full_ed
6,12.0,2.0,0.5,325,25.584259971665496,27.998346135611136,1.9471187543881785,1.7325934819238347,full_ed
6,12.0,2.0,0.5,326,25.812018478473654,28.226104642419294,2.5793575370755337,2.3648322646111897,full_ed
6,12.0,2.0,0.5,327,28.236032853746767,30.650119017692408,1.991541960078418,1.7770166876140743,full_ed
6,12.0,2.0,0.5,328,28.236032853746767,30.650119017692408,1.9915419600784212,1.7770166876140774,full_ed
6,12.0,2.0,0.5,329,28.25037341801395,30.66445958195959,1.9917029310233345,1.7771776585589907,full_ed
6,12.0,2.0,0.5,330,28.274610361049174,30.688696524994814,1.9867809870504862,1.7722557145861424,full_ed
6,12.0,2.0,0.5,331,28.274610361049206,30.688696524994846,1.9867809870504853,1.7722557145861415,full_ed
6,12.0,2.0,0.5,332,28.278234791936974,30.692320955882614,1.9847874929731935,1.7702622205088496,full_ed
6,12.0,2.0,0.5,333,28.2933303937236,30.70741655766924,1.9829913880402028,1.768466115575859,full_ed
6,12.0,2.0,0.5,334,28.298340449492922,30.712426613438563,1.9829681475364112,1.7684428750720673,full_ed
6,12.0,2.0,0.5,335,28.298340449492933,30.712426613438573,1.9829681475364125,1.7684428750720687,full_ed
6,12.0,2.0,0.5,336,28.31685990841288,30.73094607235852,1.984169628862434,1.7696443563980901,full_ed
6,12.0,2.0,0.5,337,28.32471573770512,30.73880190165076,1.9830455947961831,1.7685203223318393,full_ed
6,12.0,2.0,0.5,338,28.324715737705127,30.738801901650767,1.9830455947961858,1.768520322331842,full_ed
6,12.0,2.0,0.5,339,28.36669715440141,30.78078331834705,1.9809962337540763,1.7664709612897325,full_ed
6,12.0,2.0,0.5,340,28.366697154401418,30.78078331834706,1.980996233754077,1.7664709612897331,full_ed
6,12.0,2.0,0.5,341,28.367934763827833,30.782020927773473,1.9825577146658946,1.7680324422015508,full_ed
6,12.0,2.0,0.5,342,28.371742155836976,30.785828319782617,1.980195314642523,1.7656700421781792,full_ed
6,12.0,2.0,0.5,343,28.371742155836998,30.785828319782638,1.9801953146425275,1.7656700421781837,full_ed
6,12.0,2.0,0.5,344,28.388330476790745,30.802416640736386,1.9805967104065276,1.7660714379421838,full_ed
6,12.0,2.0,0.5,345,28.393869832068937,30.807955996014577,1.9797912016777048,1.765265929213361,full_ed
6,12.0,2.0,0.5,346,28.393984327709116,30.808070491654757,1.9801999115906805,1.7656746391263367,full_ed
6,12.0,2.0,0.5,347,28.393984327709127,30.808070491654767,1.9801999115906774,1.7656746391263336,full_ed
6,12.0,2.0,0.5,348,28.395485134947474,30.809571298893115,1.9792649635423503,1.7647396910780064,full_ed
6,12.0,2.0,0.5,349,28.407393983393842,30.821480147339482,1.9788743322549687,1.7643490597906248,full_ed
6,12.0,2.0,0.5,350,28.407393983393842,30.821480147339482,1.978874332254971,1.764349059790627,full_ed
6,12.0,2.0,0.5,351,28.97367201014656,31.387758174092202,2.0149742251021823,1.8004489526378384,full_ed
6,12.0,2.0,0.5,352,28.97461540654045,31.38870157048609,2.014552040162198,1.8000267676978543,full_ed
6,12.0,2.0,0.5,353,28.974615406540455,31.388701570486095,2.0145520401621986,1.8000267676978547,full_ed
6,12.0,2.0,0.5,354,29.05541029808329,31.469496462028932,1.9965116610205234,1.7819863885561795,full_ed
6,12.0,2.0,0.5,355,29.05541029808331,31.46949646202895,1.9965116610205316,1.7819863885561877,full_ed
6,12.0,2.0,0.5,356,29.06008743666328,31.47417360060892,1.9960326383874998,1.781507365923156,full_ed
6,12.0,2.0,0.5,357,29.06402899983364,31.47811516377928,1.9975428190340931,1.7830175465697493,full_ed
6,12.0,2.0,0.5,358,29.0667125141514,31.48079867809704,1.99739021980437,1.7828649473400262,full_ed
6,12.0,2.0,0.5,359,29.066712514151426,31.480798678097067,1.9973902198043698,1.782864947340026,full_ed
6,12.0,2.0,0.5,360,29.075605288990065,31.489691452935705,1.9962678793346262,1.7817426068702824,full_ed
6,12.0,2.0,0.5,361,29.076346378982564,31.490432542928204,1.996519914212119,1.7819946417477752,full_ed
6,12.0,2.0,0.5,362,29.076346378982567,31.490432542928207,1.99651991421212,1.781994641747776,full_ed
6,12.0,2.0,0.5,363,31.9240322570112,34.33811842095684,2.028230050966072,1.8137047785017282,full_ed
6,12.0,2.0,0.5,364,31.94620287137752,34.36028903532316,2.0305315294719213,1.8160062570075775,full_ed
6,12.0,2.0,0.5,365,31.946202871377523,34.36028903532316,2.030531529471923,1.8160062570075792,full_ed
6,12.0,2.0,0.5,366,32.555301797006024,34.969387960951664,1.9672098465698418,1.752684574105498,full_ed
6,12.0,2.0,0.5,367,32.56151906836891,34.97560523231455,2.93942817478949,2.724902902325146,full_ed
6,12.0,2.0,0.5,368,32.56174357030645,34.97582973425209,2.9393952852137746,2.7248700127494305,full_ed
6,12.0,2.0,0.5,369,32.56174357030647,34.97582973425211,2.93939528521377,2.724870012749426,full_ed
6,12.0,2.0,0.5,370,32.660970157025076,35.07505632097072,2.9191599201591854,2.7046346476948413,full_ed
6,12.0,2.0,0.5,371,32.6609701570251,35.07505632097074,2.919159920159192,2.704634647694848,full_ed
6,12.0,2.0,0.5,372,32.66142552402592,35.07551168797156,2.9190865517422093,2.7045612792778653,full_ed
6,12.0,2.0,0.5,373,32.67296287755307,35.08704904149871,1.964099960819211,1.749574688354867,full_ed
6,12.0,2.0,0.5,374,32.672962877553076,35.087049041498716,1.9640999608192096,1.7495746883548657,full_ed
6,12.0,2.0,0.5,375,33.18114508783029,35.59523125177593,2.2440409033187265,2.0295156308543825,full_ed
6,12.0,2.0,0.5,376,33.213328767614854,35.627414931560494,2.3733448506904162,2.158819578226072,full_ed
6,12.0,2.0,0.5,377,33.21332876761487,35.62741493156051,2.373344850690482,2.158819578226138,full_ed
6,12.0,2.0,0.5,378,33.2778457207735,35.69193188471914,2.1857188302277395,1.9711935577633957,full_ed
6,12.0,2.0,0.5,379,33.27784572077351,35.69193188471915,2.185718830227802,1.9711935577634583,full_ed
6,12.0,2.0,0.5,380,33.30453605751766,35.7186222214633,2.383563208563145,2.169037936098801,full_ed
6,12.0,2.0,0.5,381,33.338718847813354,35.752805011758994,1.9824461476911108,1.767920875226767,full_ed
6,12.0,2.0,0.5,382,33.33871884781337,35.75280501175901,1.9824461476911153,1.7679208752267714,full_ed
6,12.0,2.0,0.5,383,33.40029164783635,35.81437781178199,1.9802195091249082,1.7656942366605644,full_ed
6,12.0,2.0,0.5,384,33.46037300507982,35.874459169025464,1.9764501106116794,1.7619248381473356,full_ed
6,12.0,2.0,0.5,385,33.46037300507983,35.87445916902547,1.97645011061168,1.7619248381473362,full_ed
6,12.0,2.0,0.5,386,33.51060821098801,35.92469437493365,1.9749451123787716,1.7604198399144277,full_ed
6,12.0,2.0,0.5,387,33.53155230227662,35.94563846622226,2.2867914170384913,2.0722661445741473,full_ed
6,12.0,2.0,0.5,388,33.53155230227663,35.94563846622227,2.2867914170385015,2.0722661445741575,full_ed
6,12.0,2.0,0.5,389,33.55705510294227,35.97114126688791,2.220172013185427,2.0056467407210827,full_ed
6,12.0,2.0,0.5,390,40.31876106645057,42.73284723039621,2.97987644111237,2.765351168648026,full_ed
6,12.0,2.0,0.5,391,40.31884141242465,42.732927576370294,2.9798603798590193,2.7653351073946753,full_ed
6,12.0,2.0,0.5,392,40.31884141242466,42.7329275763703,2.9798603798590237,2.7653351073946797,full_ed
6,12.0,2.0,0.5,393,40.413259301360654,42.827345465306294,2.9696943805131006,2.7551691080487566,full_ed
6,12.0,2.0,0.5,394,40.41325930136068,42.82734546530632,2.9696943805130878,2.7551691080487437,full_ed
6,12.0,2.0,0.5,395,40.413386403877396,42.82747256782304,2.969661096436978,2.755135823972634,full_ed
6,12.0,2.0,0.5,396,41.10023302456577,43.51431918851141,2.9103998427067137,2.6958745702423696,full_ed
6,12.0,2.0,0.5,397,41.10023302456577,43.51431918851141,2.910399842706712,2.695874570242368,full_ed
6,12.0,2.0,0.5,398,41.10093029607135,43.51501646001699,2.910208183308111,2.6956829108437668,full_ed
6,12.0,2.0,0.5,399,48.9498090751194,51.36389523906504,2.9410651252880986,2.7265398528237546,full_ed
